{"type":"FeatureCollection","features":[{"type":"Feature","properties":{"district":"Ahmednagar","name":"Ahmednagar District","layerType":"district","_id":"district-mh-all-ahmednagar-0"},"geometry":{"type":"Polygon","coordinates":[[[74.4727277,19.9951879],[74.4820417,19.9928401],[74.479222,19.9640163],[74.4919806,19.9622243],[74.4937771,19.9685627],[74.5077825,19.9726616],[74.5116359,19.9682935],[74.5187397,19.9667492],[74.5228969,19.9765816],[74.5544584,19.9678498],[74.5701559,19.954347],[74.6710071,19.9467977],[74.6720068,19.9325972],[74.6770182,19.9307249],[74.6770253,19.9261154],[74.6493116,19.920123],[74.6459879,19.9092873],[74.6484776,19.8958237],[74.6446273,19.8615378],[74.6597717,19.8569945],[74.6572681,19.8360465],[74.6034551,19.8469384],[74.6000071,19.8067909],[74.5894609,19.7847182],[74.5923229,19.7758252],[74.6118916,19.7699458],[74.6229203,19.7870071],[74.6367835,19.7930442],[74.6483364,19.7858908],[74.6539184,19.7762201],[74.667932,19.7761383],[74.6771424,19.7667369],[74.6897219,19.7664303],[74.6890609,19.7572069],[74.6938578,19.7549948],[74.705173,19.7624573],[74.7006956,19.7755558],[74.7079353,19.7818987],[74.7144288,19.7801481],[74.7194377,19.7723984],[74.7181091,19.7604359],[74.7236674,19.7538069],[74.7305151,19.7564421],[74.7353185,19.764909],[74.7494295,19.748644],[74.7599241,19.7535385],[74.7652476,19.7525504],[74.7676099,19.7367323],[74.7833321,19.7350994],[74.7865411,19.7154001],[74.8043748,19.7022283],[74.8141215,19.7030667],[74.8144448,19.6984732],[74.8086582,19.6900087],[74.8108659,19.6851833],[74.8178387,19.6806796],[74.8243528,19.6670084],[74.8366623,19.6633362],[74.8487903,19.6463663],[74.884547,19.6541873],[74.8850212,19.6409769],[74.8879661,19.6390447],[74.9137709,19.6482044],[74.9200523,19.6455754],[74.927705,19.6469444],[74.9297051,19.6377563],[74.9332765,19.6376018],[74.941673,19.645096],[74.9622381,19.6471634],[74.9825236,19.6395508],[74.9854079,19.6334007],[74.9986659,19.6240197],[75.0262708,19.623301],[75.0377637,19.625844],[75.0417503,19.6222099],[75.0387317,19.6159484],[75.0591646,19.6057022],[75.0870818,19.6127544],[75.0985921,19.603982],[75.1161021,19.6035967],[75.1268331,19.5946023],[75.14041,19.5981083],[75.1509249,19.5893554],[75.1639381,19.5981794],[75.1743494,19.6004315],[75.1925167,19.5953058],[75.2055619,19.5821209],[75.2036554,19.5662684],[75.2063323,19.5621582],[75.2175196,19.5587748],[75.2300637,19.5413189],[75.2568195,19.5232526],[75.2674465,19.5543359],[75.272952,19.5544774],[75.2804031,19.5415853],[75.2733901,19.5161689],[75.3001157,19.5120618],[75.3010635,19.5031565],[75.3086947,19.5007372],[75.3113008,19.4961145],[75.3226153,19.4972717],[75.326171,19.5009969],[75.3250068,19.5070372],[75.3297666,19.5072408],[75.3274434,19.483773],[75.3353372,19.4847608],[75.3409108,19.5016396],[75.3505309,19.504747],[75.3565451,19.5017413],[75.3612283,19.4861227],[75.3581546,19.4829835],[75.3442129,19.4854677],[75.3393803,19.4687408],[75.3231997,19.4657283],[75.3225515,19.4535708],[75.3268508,19.4394997],[75.3472347,19.4486381],[75.3570317,19.4319586],[75.3367614,19.4075762],[75.3651396,19.3969068],[75.3813347,19.4105331],[75.3863759,19.4095642],[75.392572,19.4148505],[75.4066428,19.4181601],[75.4249747,19.4157591],[75.4294985,19.4202616],[75.4349057,19.4193869],[75.440194,19.4266642],[75.4426245,19.4140421],[75.4663711,19.4143495],[75.4754363,19.4233379],[75.4878183,19.4167701],[75.4822507,19.3842303],[75.4853014,19.3813693],[75.4968713,19.3783582],[75.5159076,19.3841592],[75.518324,19.3804493],[75.5320688,19.3769176],[75.5172153,19.3309099],[75.5353959,19.3296419],[75.5431427,19.3245621],[75.5388195,19.3177449],[75.5383397,19.3070596],[75.5253655,19.2974443],[75.5201833,19.2792703],[75.5107527,19.2747197],[75.5057267,19.2682494],[75.4744123,19.259041],[75.473041,19.2528539],[75.4580409,19.2496183],[75.4528866,19.2331981],[75.4425165,19.2177686],[75.4336132,19.2218468],[75.4231956,19.221325],[75.4140811,19.2099496],[75.4053565,19.2050226],[75.4015415,19.1971712],[75.4195517,19.1831713],[75.4266792,19.1727642],[75.4449944,19.172184],[75.4493247,19.1639624],[75.4536575,19.1446275],[75.4495881,19.1413337],[75.4244276,19.1394372],[75.4309678,19.1184306],[75.4365151,19.116384],[75.4419803,19.1235911],[75.4636585,19.1272527],[75.4640563,19.1301526],[75.4837075,19.1279278],[75.4844791,19.1056303],[75.4649701,19.0901093],[75.448489,19.0835811],[75.444385,19.0930148],[75.4292477,19.0895396],[75.4177678,19.0924009],[75.4132294,19.0875011],[75.4130427,19.0816969],[75.4059195,19.0802544],[75.3820007,19.0779212],[75.3760565,19.0835816],[75.3678541,19.0824125],[75.3654641,19.0886892],[75.3802429,19.1027658],[75.3920999,19.1260361],[75.4044339,19.123537],[75.4087176,19.128627],[75.4105426,19.132793],[75.407616,19.1406755],[75.3942485,19.1420247],[75.3899952,19.1363547],[75.3806319,19.1343703],[75.3759645,19.1290243],[75.3616669,19.1328697],[75.3587429,19.1272492],[75.352148,19.1270438],[75.3521545,19.1472492],[75.339941,19.1552924],[75.3301444,19.1510636],[75.3307802,19.1335248],[75.3345897,19.1283716],[75.3499282,19.1235851],[75.3515293,19.11408],[75.3607969,19.1086293],[75.3647506,19.0987036],[75.362983,19.079596],[75.3363589,19.0811979],[75.3219794,19.0946425],[75.3077558,19.0985705],[75.2950306,19.0850963],[75.2808758,19.0849816],[75.2806196,19.0805881],[75.2926125,19.0762928],[75.2913483,19.0612005],[75.2833801,19.0352646],[75.3140252,19.0319443],[75.3279145,19.0346805],[75.3390099,19.0293548],[75.3438737,19.0224533],[75.3406306,18.9900427],[75.3137804,18.9806505],[75.2888478,18.9819145],[75.284379,18.9876297],[75.2742894,18.9919393],[75.2699274,18.9965415],[75.2646907,19.0180041],[75.256139,19.0257412],[75.2669509,19.0336626],[75.2683093,19.0532573],[75.2614676,19.0699461],[75.2332311,19.0614748],[75.2245319,19.0657797],[75.2281972,19.0807551],[75.2266069,19.0954833],[75.2236996,19.1015042],[75.219748,19.1006354],[75.2189119,19.1119992],[75.2121214,19.1102174],[75.2115107,19.1050765],[75.2036181,19.1035134],[75.1986204,19.0955161],[75.1921483,19.097297],[75.1877209,19.0928166],[75.193032,19.0862662],[75.1919816,19.0742338],[75.1966103,19.0672995],[75.186745,19.0532933],[75.2065946,19.0368419],[75.2096991,19.0296674],[75.208122,19.0206698],[75.1831323,19.0117909],[75.1682869,19.0214593],[75.1678168,19.0358085],[75.1566638,19.036399],[75.146764,19.0420612],[75.1422371,19.0400374],[75.1445569,19.0360707],[75.1346001,19.0351169],[75.1321014,19.0385582],[75.1119337,19.0434413],[75.1090968,19.0428349],[75.1109438,19.0407717],[75.0989623,19.0431643],[75.0931512,19.0484802],[75.0758032,19.052176],[75.0703307,19.0570834],[75.0748988,19.068582],[75.0814392,19.0658936],[75.0821075,19.0692325],[75.0906362,19.0675394],[75.0833606,19.0713405],[75.0784002,19.0773205],[75.0793004,19.0801912],[75.0970221,19.077859],[75.0990216,19.1019551],[75.1103826,19.1122307],[75.1093558,19.1248606],[75.1048565,19.1268553],[75.1026289,19.1237882],[75.0965275,19.1243136],[75.0905262,19.1277917],[75.0879559,19.1206737],[75.068981,19.1213519],[75.0756908,19.1189616],[75.0700614,19.1130534],[75.0705568,19.1080659],[75.0749793,19.108846],[75.0735921,19.1024484],[75.0656308,19.1062217],[75.0586101,19.0987545],[75.0539198,19.0996585],[75.0525943,19.1052713],[75.0361352,19.1026028],[75.0444915,19.1097119],[75.0378167,19.1062831],[75.0312173,19.1080263],[75.0245563,19.1026821],[75.0235535,19.1149373],[75.019475,19.1052386],[75.0075982,19.1051447],[74.9967133,19.1124801],[74.989531,19.1097682],[74.9791402,19.1162034],[74.9787261,19.1117463],[74.9738023,19.1109858],[74.9563406,19.1203225],[74.9424636,19.1332398],[74.933738,19.1182194],[74.9325066,19.1088999],[74.9208338,19.0947509],[74.9144134,19.0375063],[74.9196315,19.0362547],[74.9269861,19.0423564],[74.9197911,19.0331083],[74.9212783,19.0314262],[74.9496094,19.032833],[74.9485256,19.0057428],[74.959326,18.9993103],[74.9539259,18.9878628],[74.9525617,18.9715137],[74.9433119,18.9700321],[74.9360685,18.9763036],[74.9180447,18.9685529],[74.9172523,18.9592042],[74.9135913,18.9588953],[74.9036982,18.9651385],[74.9037449,18.9732754],[74.9001771,18.9792698],[74.8723114,18.9842952],[74.8547737,18.9742867],[74.8360774,18.9699387],[74.8236144,18.9892626],[74.808356,18.9747722],[74.8105949,18.9638708],[74.8143073,18.9609],[74.8281293,18.962393],[74.8316201,18.9549761],[74.8350911,18.9544737],[74.833811,18.9391628],[74.8249744,18.9328727],[74.8424075,18.9230825],[74.8450899,18.9120298],[74.8606035,18.8984663],[74.8647611,18.8976111],[74.8739792,18.911716],[74.8838671,18.9141385],[74.886526,18.9041545],[74.8836327,18.8865101],[74.8881284,18.885759],[74.8957625,18.8769949],[74.894689,18.8467184],[74.9078267,18.8462695],[74.918214,18.8531235],[74.9270024,18.8436738],[74.9197346,18.8315295],[74.9260347,18.8264867],[74.9432042,18.8273117],[74.9589437,18.8198178],[74.9745829,18.8270833],[74.9720363,18.8122724],[74.9860682,18.7975657],[74.9959963,18.7977281],[74.9983624,18.8056271],[75.0007198,18.7981777],[75.0017694,18.8047756],[75.0090538,18.8044557],[75.0086698,18.7936276],[75.0046174,18.7868744],[75.012657,18.775172],[75.0321934,18.7686857],[75.0402866,18.762717],[75.0438375,18.751726],[75.0538175,18.7466083],[75.0566781,18.7363413],[75.0673264,18.7313974],[75.0770358,18.7143737],[75.1036605,18.7020059],[75.1100131,18.6896153],[75.1197341,18.6846477],[75.1177998,18.679035],[75.1232703,18.6788022],[75.1382146,18.6659568],[75.1417949,18.6534273],[75.1569281,18.6424993],[75.1640049,18.6685705],[75.1637811,18.6960046],[75.1749928,18.7090137],[75.1730704,18.7365532],[75.2081621,18.7387808],[75.2250089,18.7279522],[75.2549502,18.7202124],[75.278861,18.7334271],[75.2918112,18.7658215],[75.2993566,18.7703037],[75.3261977,18.8009735],[75.3399766,18.7851242],[75.3488082,18.7840579],[75.3598257,18.7893701],[75.3605351,18.7860234],[75.3662065,18.7854068],[75.3648564,18.7816411],[75.3710572,18.7750161],[75.3752931,18.7780439],[75.3765963,18.7746083],[75.3722842,18.772513],[75.3759331,18.7682969],[75.3809506,18.7728116],[75.3864251,18.772438],[75.3919927,18.8196769],[75.3992603,18.8314408],[75.4162485,18.8217575],[75.4201283,18.8139016],[75.4391087,18.797181],[75.446568,18.7559581],[75.450559,18.7511492],[75.4558018,18.7498306],[75.4621717,18.7535148],[75.468686,18.7514565],[75.471092,18.7470963],[75.4905728,18.7372146],[75.4906051,18.7295004],[75.5060511,18.7236922],[75.5144784,18.7245196],[75.5265516,18.7332373],[75.5242558,18.7511051],[75.526663,18.7520315],[75.5550739,18.736823],[75.552226,18.7260312],[75.5532196,18.7083771],[75.5637173,18.7030728],[75.5728022,18.703691],[75.5765717,18.6981899],[75.5829288,18.6979341],[75.5811951,18.6838788],[75.5641102,18.6855747],[75.5444137,18.6815264],[75.5394499,18.6642132],[75.5414168,18.6564428],[75.5464513,18.6562756],[75.5461364,18.6449716],[75.5389902,18.6392581],[75.5195598,18.6381338],[75.5172185,18.632082],[75.4994134,18.6212993],[75.4882029,18.6263025],[75.4861357,18.6193362],[75.4616434,18.6056869],[75.4588903,18.5947675],[75.4523814,18.5969531],[75.4524773,18.5919801],[75.4453512,18.5844752],[75.434693,18.5525941],[75.416116,18.5319516],[75.4100726,18.5311747],[75.3944942,18.5437263],[75.34392,18.5608599],[75.3306267,18.5392319],[75.3285012,18.5233986],[75.2887065,18.520685],[75.2711628,18.5140909],[75.2665264,18.5084601],[75.2593666,18.5084082],[75.2434205,18.5261399],[75.2392611,18.5404705],[75.222712,18.5443398],[75.2153603,18.5535396],[75.2128415,18.5533746],[75.2018247,18.5315047],[75.1819844,18.5305263],[75.1803523,18.5267866],[75.1588482,18.5199251],[75.1345895,18.5264963],[75.1217228,18.494278],[75.1052777,18.4901132],[75.0995793,18.4779843],[75.0905186,18.4513447],[75.0902275,18.4313395],[75.0805399,18.428426],[75.0778676,18.4235289],[75.0600052,18.4195908],[75.050168,18.4296797],[75.0162794,18.4370124],[75.0053872,18.4033397],[74.9791,18.3997955],[74.9650055,18.3852192],[74.9600641,18.3883611],[74.9497264,18.3882862],[74.9224108,18.3781093],[74.9146828,18.3786251],[74.908412,18.3580366],[74.8682925,18.3530606],[74.8648459,18.3370999],[74.8549274,18.3349043],[74.8504707,18.3298711],[74.8349376,18.3345811],[74.8314734,18.3433729],[74.8155857,18.3417133],[74.7980571,18.3533359],[74.8034423,18.3740447],[74.8095811,18.3836995],[74.7933946,18.4019819],[74.7774688,18.4099801],[74.7521936,18.3965407],[74.7395284,18.3971145],[74.7307572,18.4013115],[74.7261864,18.4141265],[74.7170556,18.4226589],[74.7160871,18.4320997],[74.7228417,18.4467794],[74.7272124,18.4832585],[74.7076217,18.5042807],[74.6983835,18.5060338],[74.6820195,18.4965837],[74.6597745,18.4900965],[74.6560563,18.4825641],[74.6575242,18.4719359],[74.6621242,18.4688678],[74.6722444,18.4687672],[74.6737891,18.461241],[74.6470262,18.4501685],[74.6315213,18.4538438],[74.613821,18.4680895],[74.5811399,18.4725202],[74.555573,18.4952262],[74.5475727,18.5089776],[74.5658381,18.5247186],[74.5706513,18.5392824],[74.5685213,18.5435268],[74.5710463,18.5456583],[74.5748511,18.5435836],[74.5775932,18.5474161],[74.5658105,18.5561563],[74.553267,18.5743325],[74.5408628,18.58226],[74.5434205,18.5999392],[74.5525839,18.6076286],[74.5488302,18.6128227],[74.5379231,18.6180964],[74.5186508,18.6133409],[74.5081644,18.613919],[74.5047178,18.6240605],[74.4815663,18.630744],[74.4713645,18.6417312],[74.4726576,18.6490022],[74.4850708,18.646833],[74.489778,18.6559718],[74.5010342,18.6591526],[74.5096239,18.6687951],[74.5035936,18.6777633],[74.4944364,18.6797253],[74.4883721,18.6766153],[74.476949,18.6853915],[74.4739333,18.6960131],[74.4793937,18.6997934],[74.480924,18.7051704],[74.4759038,18.7224959],[74.4703392,18.7267818],[74.4473709,18.7202406],[74.441054,18.7218166],[74.4373345,18.7299449],[74.4317266,18.7327959],[74.4368745,18.7380325],[74.425144,18.7466453],[74.4095619,18.7413709],[74.3983603,18.7420291],[74.3936296,18.7675359],[74.4000161,18.7758884],[74.3893735,18.7834635],[74.3843887,18.8049404],[74.398287,18.8215923],[74.3972882,18.8283485],[74.3891585,18.8329394],[74.3778769,18.832069],[74.3470913,18.8456506],[74.3395467,18.8368056],[74.3278993,18.8369605],[74.3080861,18.8534133],[74.3068856,18.8698426],[74.3018764,18.8731019],[74.3016889,18.879971],[74.294733,18.8898127],[74.2947585,18.903512],[74.2873284,18.9050314],[74.2818826,18.9090799],[74.2807992,18.914548],[74.2708533,18.9186855],[74.2604203,18.9377882],[74.2520651,18.9460213],[74.2491488,18.9548731],[74.2360757,18.9531049],[74.2390767,18.9575096],[74.23619,18.9607682],[74.2368706,18.9687871],[74.2222397,18.9705514],[74.2205649,18.9765724],[74.2250806,18.9872423],[74.2208262,18.9955594],[74.2119409,18.9939121],[74.2145297,19.0023323],[74.2121942,19.0093047],[74.2007032,19.0053236],[74.1987211,19.0148577],[74.1896316,19.015705],[74.1885092,19.0233722],[74.1750962,19.0306412],[74.1764996,19.0340575],[74.1721759,19.0408825],[74.1916576,19.0622757],[74.1912529,19.0787205],[74.2017815,19.088452],[74.197564,19.102441],[74.2115945,19.1287818],[74.2243806,19.1296072],[74.2282013,19.1220696],[74.2344023,19.122629],[74.2439562,19.1444915],[74.2563416,19.1520604],[74.2579421,19.1587631],[74.2668412,19.1630952],[74.2648645,19.1796499],[74.273614,19.1857628],[74.2947738,19.1864732],[74.2943457,19.1886864],[74.3006464,19.1895105],[74.3086275,19.1984516],[74.3095752,19.2040682],[74.3159327,19.2072498],[74.2949229,19.2169907],[74.2758206,19.21902],[74.2603487,19.2264632],[74.2615847,19.2240651],[74.2562289,19.21972],[74.2470203,19.2192664],[74.2434391,19.2139898],[74.2333582,19.2107567],[74.2306778,19.2057052],[74.2193815,19.2031333],[74.1892777,19.2096387],[74.1693206,19.2236811],[74.1641245,19.2157581],[74.1635497,19.2063446],[74.1587949,19.2049386],[74.1512964,19.2257296],[74.1251227,19.2228216],[74.1160805,19.2286845],[74.1142966,19.2264476],[74.084015,19.2386871],[74.084586,19.2335695],[74.0930913,19.2279589],[74.0895732,19.2281706],[74.0772241,19.2359012],[74.0715931,19.2354528],[74.0602722,19.2458626],[74.0540363,19.2415786],[74.0492491,19.2455229],[74.0451868,19.2614909],[74.0325999,19.250441],[74.0328208,19.2579845],[74.0232574,19.2666985],[74.0298043,19.2826618],[74.0226172,19.2878673],[74.0179135,19.2853828],[74.0159825,19.2937752],[74.0063478,19.2925415],[74.00817,19.2969528],[74.004754,19.3038172],[74.0102727,19.3042513],[74.0114375,19.3008516],[74.0199748,19.2970825],[74.0242014,19.3018208],[74.0199284,19.3096105],[74.025226,19.3118499],[74.018079,19.3153227],[74.0181338,19.3219566],[74.0099373,19.3367955],[74.0028731,19.3408137],[73.9994188,19.3594371],[73.9950382,19.3524315],[73.9737721,19.3494679],[73.9690695,19.3540386],[73.9660417,19.3504121],[73.9535831,19.34754],[73.9544442,19.3427874],[73.9506755,19.3403541],[73.9468335,19.3426887],[73.9440767,19.3401285],[73.9435133,19.3445374],[73.937742,19.3390539],[73.9332039,19.3412351],[73.9276343,19.3387022],[73.9130312,19.3621908],[73.9037967,19.3621981],[73.8911204,19.3722097],[73.8856481,19.3735892],[73.8743514,19.3590746],[73.8667351,19.355308],[73.8534773,19.3555516],[73.8407645,19.3663141],[73.8429575,19.3709543],[73.8377236,19.3760377],[73.8065686,19.3934574],[73.7992733,19.3944003],[73.7714406,19.3864752],[73.7680735,19.3925681],[73.753379,19.3970849],[73.7516745,19.405647],[73.7448708,19.4088905],[73.735921,19.4075427],[73.7294185,19.4211807],[73.728787,19.430871],[73.7106979,19.4316921],[73.7078244,19.4293986],[73.7013138,19.435096],[73.6931404,19.4335658],[73.684602,19.4448023],[73.6847705,19.4650316],[73.6951158,19.4702232],[73.6957334,19.4781423],[73.7047849,19.4789712],[73.7130885,19.484319],[73.7066364,19.4973683],[73.6877472,19.499805],[73.6897932,19.5064756],[73.6806366,19.5178629],[73.6741368,19.5096729],[73.6660611,19.5126704],[73.657276,19.5362066],[73.6413651,19.5390482],[73.6329193,19.5327077],[73.6319603,19.5403509],[73.6235293,19.5424883],[73.6275557,19.5561944],[73.6258906,19.5659659],[73.6284617,19.5685014],[73.6184899,19.5806341],[73.6144281,19.5767301],[73.615606,19.5845287],[73.6305666,19.5946041],[73.6412638,19.5899167],[73.6647409,19.5865906],[73.6691263,19.5899851],[73.6693898,19.5860819],[73.6868902,19.5925793],[73.6961884,19.5914445],[73.7050976,19.5960614],[73.7125146,19.616528],[73.7248092,19.6213969],[73.7369948,19.6180571],[73.7440765,19.6237094],[73.7495584,19.622007],[73.7606384,19.6291334],[73.775704,19.6284965],[73.7757341,19.6396617],[73.7915675,19.6415659],[73.777619,19.6521994],[73.7814128,19.6591424],[73.7887332,19.6625838],[73.7894525,19.6688679],[73.7956033,19.6759527],[73.8057664,19.6769628],[73.7939438,19.6874392],[73.8049461,19.6894819],[73.8097078,19.6839537],[73.81461,19.6898153],[73.8135787,19.7007095],[73.8194182,19.7138923],[73.8393277,19.72339],[73.8401302,19.7337444],[73.8367567,19.7404568],[73.8492304,19.7453168],[73.8575509,19.7432345],[73.8556619,19.7459638],[73.8578496,19.7474016],[73.8633417,19.7482307],[73.8679874,19.7413228],[73.8805196,19.7385189],[73.8805584,19.741051],[73.8841539,19.7406479],[73.8884508,19.7519569],[73.890627,19.7473456],[73.8988737,19.7465118],[73.8951528,19.7160887],[73.9044894,19.7042527],[73.9108941,19.700975],[73.9122178,19.6942435],[73.9073841,19.6971073],[73.9040916,19.694406],[73.9085362,19.6827049],[73.9255149,19.6721922],[73.9271603,19.6752257],[73.9303255,19.6707329],[73.949425,19.6726954],[73.9559639,19.6690654],[73.960632,19.673942],[73.970111,19.6710698],[73.9716829,19.6746905],[73.9780231,19.6753057],[73.9950479,19.6678115],[74.021053,19.6738397],[74.0358797,19.666187],[74.0709389,19.6608173],[74.0960179,19.6410177],[74.1011568,19.6481078],[74.1197243,19.6426075],[74.1343043,19.6672992],[74.1448285,19.6735292],[74.1367234,19.6839694],[74.1356775,19.693148],[74.1433849,19.6926878],[74.1503392,19.6854001],[74.1663875,19.7299138],[74.1832878,19.7322733],[74.1886556,19.739235],[74.2197979,19.7378596],[74.2236204,19.7420802],[74.245488,19.744412],[74.2473733,19.7517938],[74.2690505,19.7605641],[74.2761872,19.7770208],[74.2871949,19.7764052],[74.3163673,19.7651327],[74.3242699,19.7714345],[74.3226594,19.7793472],[74.3269069,19.7953186],[74.3425217,19.7987157],[74.3518516,19.7956077],[74.3669523,19.80522],[74.374003,19.8018208],[74.3671741,19.811173],[74.3690347,19.8341519],[74.362802,19.8351552],[74.3631459,19.8714374],[74.3391264,19.872574],[74.3357698,19.8860563],[74.2903924,19.8983956],[74.2897911,19.9026475],[74.2763534,19.9060791],[74.2727413,19.9327202],[74.2484365,19.9354808],[74.2478385,19.9629781],[74.2727413,19.9622521],[74.281085,19.9572692],[74.2872505,19.9855979],[74.302968,19.9667087],[74.3076399,19.9680561],[74.318856,19.9853233],[74.3470443,19.9845104],[74.3495289,19.9674707],[74.3609279,19.9653958],[74.3647183,19.9747813],[74.3765757,19.9722297],[74.3842444,19.980779],[74.4404623,19.9735455],[74.4519711,19.97949],[74.4576834,19.994983],[74.4727277,19.9951879]]]}},{"type":"Feature","properties":{"district":"Akola","name":"Akola District","layerType":"district","_id":"district-mh-all-akola-1"},"geometry":{"type":"Polygon","coordinates":[[[77.0488479,21.2377267],[77.0511457,21.2331331],[77.0596973,21.2314351],[77.0666039,21.2201588],[77.076804,21.2207722],[77.0799007,21.2165206],[77.0944914,21.2263314],[77.1105855,21.2188105],[77.1239289,21.2246385],[77.1303085,21.2203822],[77.148705,21.2275479],[77.1531447,21.2343738],[77.1648186,21.2362996],[77.1665757,21.2434069],[77.1894752,21.2427435],[77.1934822,21.2370406],[77.1913607,21.2300642],[77.174384,21.2236361],[77.1778206,21.2193176],[77.1772662,21.207771],[77.1819588,21.207639],[77.182978,21.1998034],[77.1793133,21.1920018],[77.1733738,21.1915186],[77.1722471,21.1868915],[77.166996,21.1858748],[77.1617995,21.1688891],[77.1673083,21.1626032],[77.160616,21.1465237],[77.1658259,21.1429472],[77.1648933,21.13591],[77.1832025,21.134438],[77.1962537,21.1389416],[77.1961485,21.1205275],[77.1717268,21.1186261],[77.1716995,21.0940453],[77.1769482,21.084466],[77.1755656,21.0732974],[77.151649,21.0722026],[77.1500988,21.0698761],[77.1519996,21.0614453],[77.1495676,21.0339731],[77.1615429,21.0296696],[77.1605187,21.0265585],[77.1719093,21.0238044],[77.1722996,21.0186983],[77.1658201,20.998355],[77.1682108,20.9982731],[77.1676758,20.9887084],[77.1335483,20.988888],[77.1330244,20.9771412],[77.1588612,20.9715497],[77.1533277,20.9607712],[77.1444958,20.9224035],[77.1380822,20.922021],[77.1353874,20.9183777],[77.1367815,20.8812659],[77.131622,20.8797469],[77.1295478,20.8632225],[77.1347511,20.8613293],[77.142637,20.8638211],[77.1553371,20.8595316],[77.1558524,20.8670443],[77.1604154,20.8702025],[77.1695559,20.8609441],[77.1704775,20.8539393],[77.1801313,20.8504235],[77.1960951,20.8540984],[77.2115304,20.8485336],[77.2161017,20.8578649],[77.2232348,20.8583055],[77.2471713,20.8529362],[77.2518324,20.8554527],[77.2580372,20.8457272],[77.2710898,20.8531309],[77.2858512,20.8463739],[77.2892344,20.8497602],[77.3027822,20.8492338],[77.3134371,20.8575295],[77.3184315,20.8559266],[77.3180429,20.8522734],[77.3207167,20.8515119],[77.3194698,20.8554086],[77.324468,20.854343],[77.3276849,20.8488673],[77.3380605,20.8434236],[77.3628344,20.8477556],[77.3747387,20.8428262],[77.3892505,20.8452544],[77.3924704,20.8408679],[77.3995074,20.8461324],[77.4120922,20.8458701],[77.4140861,20.8425668],[77.4244418,20.8475784],[77.4317691,20.8468928],[77.4352825,20.8431908],[77.4370372,20.8531511],[77.4467608,20.8523957],[77.453466,20.8607858],[77.4545608,20.8582171],[77.4595843,20.86673],[77.4579416,20.870259],[77.4634679,20.8733878],[77.4624169,20.8772151],[77.4734389,20.8762214],[77.4778241,20.8792736],[77.4755606,20.8611271],[77.499498,20.8601334],[77.500816,20.8565177],[77.5265917,20.8500942],[77.5329053,20.850335],[77.533072,20.8546555],[77.5490061,20.8548347],[77.5534989,20.8247404],[77.5594454,20.8241069],[77.5606201,20.8197321],[77.5652816,20.8186382],[77.5691049,20.8085696],[77.5925604,20.8103957],[77.5928376,20.8056849],[77.6100812,20.7983365],[77.6111947,20.7798727],[77.6194144,20.7794248],[77.6147596,20.7608693],[77.6193406,20.7535498],[77.6128698,20.7364778],[77.6106909,20.7187168],[77.5989741,20.7182812],[77.5873811,20.7267482],[77.5778859,20.7269157],[77.5730449,20.7053724],[77.5652785,20.7074895],[77.5637314,20.7020453],[77.5605913,20.7013183],[77.5497386,20.703901],[77.5247288,20.6991787],[77.5236063,20.6974838],[77.5395613,20.6965349],[77.5432301,20.6785687],[77.5150336,20.6816413],[77.5145052,20.6713986],[77.5112462,20.6652697],[77.5068674,20.6646711],[77.5041689,20.6648593],[77.5008679,20.6743664],[77.493528,20.681837],[77.4820559,20.6818669],[77.4848663,20.6582492],[77.4788143,20.6552372],[77.4693015,20.6569132],[77.4605597,20.6655142],[77.4535827,20.6634456],[77.4526846,20.6576959],[77.4308869,20.6622577],[77.438702,20.6523109],[77.4385184,20.6429854],[77.4641868,20.628609],[77.4670596,20.6129096],[77.464719,20.6112044],[77.431034,20.6122954],[77.4108825,20.6069238],[77.4143952,20.6029087],[77.4092593,20.5870738],[77.4001126,20.5855887],[77.3956785,20.5798101],[77.3656875,20.5833338],[77.3599903,20.5678658],[77.339443,20.5752645],[77.3354865,20.5505403],[77.3406375,20.5447719],[77.3363372,20.525784],[77.3627313,20.5186621],[77.3658637,20.5190917],[77.3683279,20.5254883],[77.3948758,20.5254666],[77.388981,20.5016967],[77.380791,20.4826744],[77.369028,20.4802876],[77.3680527,20.4965299],[77.3274765,20.4979742],[77.3251662,20.4879433],[77.3441231,20.480538],[77.3434502,20.4718004],[77.3332097,20.4725679],[77.3263109,20.4648135],[77.3254669,20.4503362],[77.3156829,20.4520881],[77.2980343,20.4458669],[77.2940623,20.4209995],[77.2818322,20.4189324],[77.2777649,20.4305933],[77.2721593,20.4355843],[77.2663229,20.4585283],[77.2468149,20.4597405],[77.2467897,20.4723685],[77.2295718,20.4733946],[77.2239667,20.4476251],[77.2134761,20.4477958],[77.2095456,20.4449601],[77.1993843,20.449421],[77.1857834,20.4475576],[77.1828621,20.4317289],[77.1886367,20.4299643],[77.1909436,20.4238183],[77.1960898,20.4237837],[77.197079,20.4172394],[77.1914431,20.4022917],[77.1850666,20.3984085],[77.1716036,20.4011499],[77.1527496,20.3993152],[77.1512753,20.3909641],[77.1420568,20.380152],[77.1369791,20.3904706],[77.1321971,20.3903754],[77.1303963,20.3988949],[77.1210803,20.403852],[77.1202115,20.4111011],[77.1158929,20.4079985],[77.1132402,20.4116226],[77.1052492,20.4109891],[77.0796115,20.423858],[77.0731361,20.4014759],[77.0745035,20.3936113],[77.080824,20.3882376],[77.0607343,20.382079],[77.0453342,20.3865507],[77.0508693,20.4070463],[77.047105,20.4193072],[77.0596589,20.4394351],[77.0590242,20.4453718],[77.0447875,20.449663],[77.022838,20.4499885],[77.0141165,20.433239],[77.0144603,20.4133085],[77.0051751,20.4143186],[76.9934084,20.408688],[76.9910117,20.4043439],[76.9954769,20.3940274],[76.9884271,20.3935158],[76.9821138,20.3885271],[76.9816193,20.3813705],[76.9744645,20.380373],[76.9779851,20.3703485],[76.9533094,20.3634675],[76.9430763,20.3653742],[76.9361724,20.3706121],[76.9319924,20.3570392],[76.9209905,20.3593881],[76.896821,20.3345254],[76.8915732,20.316952],[76.9077414,20.3134082],[76.8811774,20.2944141],[76.8776391,20.2880351],[76.8821227,20.2849617],[76.8803544,20.2803346],[76.874372,20.2761709],[76.8701136,20.2770584],[76.8658426,20.2820461],[76.8659064,20.2901183],[76.8620629,20.2967281],[76.8524028,20.3001774],[76.8377579,20.2960466],[76.8380096,20.2890773],[76.829803,20.2814242],[76.8133715,20.2784593],[76.8062592,20.2875105],[76.7911253,20.2868582],[76.7861907,20.2893599],[76.7886217,20.3098829],[76.7923456,20.3141653],[76.7680129,20.3216871],[76.7655934,20.316349],[76.7539121,20.3265374],[76.7426428,20.3287899],[76.7448506,20.3300957],[76.7438188,20.3374825],[76.7352191,20.3398838],[76.7270906,20.3373541],[76.7283681,20.3428759],[76.700247,20.351876],[76.7090356,20.3837634],[76.7233716,20.3895925],[76.7265316,20.4070676],[76.7191937,20.4178075],[76.7128982,20.4185779],[76.7136867,20.4377915],[76.6930725,20.4591287],[76.6996494,20.4712334],[76.7109829,20.4727262],[76.7062288,20.4790043],[76.705747,20.487339],[76.7148736,20.5139555],[76.7260185,20.5166021],[76.7275041,20.5125875],[76.7354309,20.5113834],[76.73739,20.4949731],[76.7340178,20.4932905],[76.7366191,20.4933141],[76.7516919,20.5019315],[76.7519478,20.5101679],[76.7601999,20.5101041],[76.7691616,20.5168564],[76.7725775,20.5468471],[76.7825211,20.5710663],[76.7690103,20.5744037],[76.7765254,20.5865082],[76.7878083,20.5872757],[76.7888797,20.5952282],[76.7817776,20.6033108],[76.7610494,20.6028822],[76.7705885,20.6263138],[76.7499448,20.6301389],[76.7591193,20.6516959],[76.7548247,20.655879],[76.7331077,20.6556286],[76.7388319,20.6663994],[76.7393798,20.6872077],[76.7232499,20.6898793],[76.7257206,20.7002447],[76.7327408,20.6963344],[76.7352511,20.7154486],[76.7493247,20.7154348],[76.7632541,20.7217654],[76.7624252,20.7269751],[76.7556807,20.7304091],[76.7540137,20.7386465],[76.7578241,20.7524465],[76.7702973,20.762805],[76.7726207,20.7777602],[76.762493,20.7948435],[76.7444967,20.7969335],[76.7457327,20.8223433],[76.753147,20.8244815],[76.7516871,20.8362878],[76.7553124,20.8389933],[76.7553782,20.8462624],[76.7607324,20.8492667],[76.7604091,20.8538115],[76.7643473,20.8564448],[76.7556071,20.8641046],[76.7539894,20.8726302],[76.7459014,20.8723164],[76.7445849,20.8872759],[76.7334348,20.888874],[76.7300629,20.8840842],[76.7257178,20.8843079],[76.7185883,20.8906931],[76.7185088,20.8976363],[76.7076438,20.9018161],[76.7078498,20.9070397],[76.6968354,20.9062623],[76.69866,20.9121084],[76.6917572,20.9172969],[76.6991398,20.92057],[76.7119047,20.9209687],[76.7170675,20.917447],[76.7320641,20.9203254],[76.7356665,20.9249124],[76.7464939,20.9281434],[76.7536169,20.9210715],[76.7634137,20.9232173],[76.774442,20.9212207],[76.7801404,20.9151293],[76.7752572,20.9089643],[76.7841354,20.9080559],[76.7902458,20.9160621],[76.7873671,20.9194059],[76.7881152,20.9279176],[76.775969,20.9300001],[76.7812306,20.9395289],[76.7870278,20.9418893],[76.789018,20.9610768],[76.8091613,20.956578],[76.8112196,20.9614389],[76.8082204,20.9653293],[76.8117273,20.9676236],[76.8045505,20.9724],[76.7853115,20.972562],[76.7841539,20.9891787],[76.775624,20.9916265],[76.7773163,20.999041],[76.7961843,21.0040365],[76.7984993,21.0189978],[76.7917091,21.027542],[76.7796936,21.0282797],[76.7772333,21.0240527],[76.7728898,21.0240269],[76.7713931,21.036398],[76.7636187,21.0373341],[76.774599,21.0462231],[76.7751011,21.0511597],[76.7813391,21.0512782],[76.7849583,21.0716232],[76.7756767,21.0743779],[76.7731845,21.0833005],[76.776175,21.0885499],[76.7829406,21.0910829],[76.7888636,21.1044615],[76.7876413,21.1149601],[76.7903829,21.1193816],[76.7904903,21.1227107],[76.7834136,21.127195],[76.7817899,21.1359067],[76.7756947,21.1405197],[76.7783722,21.1499984],[76.7717719,21.1491773],[76.7778958,21.1646913],[76.7713862,21.1781934],[76.7723411,21.1842946],[76.7837885,21.1884142],[76.7897749,21.1836181],[76.8154306,21.1872208],[76.8339118,21.1854431],[76.8463672,21.1922272],[76.8543807,21.1870293],[76.9095511,21.2004291],[76.9413624,21.1995186],[76.9547729,21.1954204],[76.9730945,21.1971554],[76.9746481,21.1995287],[76.9980619,21.1958405],[76.9981971,21.2024562],[77.0057953,21.206772],[77.0037608,21.2182749],[77.0061269,21.2290602],[77.0136467,21.2374585],[77.0204124,21.2364401],[77.0244618,21.2454307],[77.0331167,21.2480313],[77.0445956,21.2438272],[77.0488479,21.2377267]]]}},{"type":"Feature","properties":{"district":"Amravati","name":"Amravati District","layerType":"district","_id":"district-mh-all-amravati-2"},"geometry":{"type":"Polygon","coordinates":[[[77.4821718,21.7638455],[77.4779539,21.7628302],[77.480758,21.7532868],[77.4909576,21.7469126],[77.5014104,21.7465692],[77.504539,21.7394414],[77.5213262,21.7244696],[77.5247428,21.7244882],[77.5249595,21.7118959],[77.5332232,21.7113497],[77.5424901,21.7055835],[77.5509708,21.6807814],[77.5614529,21.6659686],[77.5641661,21.6418847],[77.5753826,21.6211751],[77.5730596,21.6094693],[77.5769642,21.5772852],[77.5742974,21.565954],[77.5774607,21.554692],[77.5967477,21.5579844],[77.6072088,21.5492278],[77.6108509,21.5405065],[77.5981124,21.5276335],[77.5761686,21.5266506],[77.54895,21.5360775],[77.5203595,21.54132],[77.5053027,21.5516375],[77.4726359,21.5496242],[77.4680849,21.5527866],[77.4551856,21.5538416],[77.4556779,21.5455336],[77.4493351,21.541396],[77.4407152,21.5446347],[77.4255574,21.5377404],[77.4223058,21.5174799],[77.4428045,21.4878559],[77.4397229,21.4775872],[77.4419833,21.4704583],[77.4608267,21.4658764],[77.4729382,21.4553309],[77.4716533,21.4361254],[77.4874572,21.4063401],[77.4879253,21.3747749],[77.5143696,21.375919],[77.5165013,21.3831023],[77.5230176,21.3884754],[77.524596,21.4018335],[77.5315454,21.4190606],[77.5469294,21.411356],[77.5479346,21.4065357],[77.5608535,21.3972075],[77.5626083,21.3909925],[77.5568725,21.3839767],[77.5633317,21.3703225],[77.5744439,21.3700871],[77.5871111,21.3628396],[77.6073631,21.3643132],[77.6049656,21.3907346],[77.6138965,21.3920483],[77.6172566,21.3871248],[77.6212418,21.3867772],[77.6438364,21.3870019],[77.6489991,21.3918605],[77.6539821,21.3911682],[77.6559247,21.3861385],[77.6664836,21.3840482],[77.6643806,21.3745079],[77.6708594,21.3700155],[77.6917085,21.3971297],[77.6970761,21.3927146],[77.6965648,21.3759268],[77.7072373,21.3743454],[77.709219,21.3586809],[77.7371076,21.3622023],[77.7493451,21.38231],[77.761223,21.3851735],[77.763881,21.3814023],[77.7967675,21.3890106],[77.7981306,21.403922],[77.8021451,21.4094909],[77.8226193,21.4073315],[77.84728,21.3925002],[77.8819473,21.3847442],[77.8847238,21.383234],[77.8829867,21.3766592],[77.9054712,21.3775775],[77.92669,21.3857111],[77.9411888,21.3857716],[77.9425938,21.3966086],[77.9651187,21.4022051],[77.984228,21.403092],[78.0022432,21.414734],[78.0289142,21.4216821],[78.0456108,21.4334966],[78.0660555,21.4379667],[78.0831815,21.4460236],[78.0987277,21.4586471],[78.1251189,21.4695692],[78.1755129,21.4992924],[78.1744742,21.5079798],[78.1826281,21.5117465],[78.1716137,21.5250019],[78.1751569,21.5302921],[78.1730767,21.540247],[78.1742063,21.5472564],[78.1814143,21.5569937],[78.223279,21.5531573],[78.2395768,21.5630691],[78.248703,21.562582],[78.2728241,21.5694836],[78.2610672,21.5790789],[78.2613722,21.5867355],[78.2664754,21.5917326],[78.2745319,21.5918668],[78.282808,21.5850438],[78.3029716,21.5837419],[78.3062348,21.5698063],[78.3266055,21.575004],[78.3427498,21.5890555],[78.3454203,21.5817573],[78.3545955,21.5740857],[78.3640174,21.5755361],[78.3769596,21.5829928],[78.3816154,21.5920375],[78.3738117,21.6134938],[78.3911772,21.6144368],[78.395764,21.6074323],[78.4080006,21.6083741],[78.4169898,21.6009121],[78.4264151,21.5997896],[78.4214966,21.590737],[78.4189851,21.5720289],[78.4248034,21.5703427],[78.4278877,21.5594274],[78.4246383,21.5434923],[78.4347319,21.5337124],[78.4300185,21.5262268],[78.4384126,21.5180278],[78.4323878,21.5132116],[78.4355969,21.5013521],[78.4307446,21.4978411],[78.433012,21.4922102],[78.4281203,21.4773679],[78.4378811,21.4713505],[78.4364639,21.4658582],[78.439912,21.4630812],[78.4383878,21.4583391],[78.4428396,21.446538],[78.4385237,21.4397958],[78.4414102,21.4354686],[78.4417963,21.4220671],[78.449195,21.4106412],[78.4480428,21.4037021],[78.424477,21.3970773],[78.4214527,21.3995595],[78.4164939,21.3942903],[78.4201319,21.3943734],[78.4185436,21.3901681],[78.4068028,21.3876699],[78.4069138,21.3817046],[78.3949846,21.3851307],[78.3901414,21.3909441],[78.3801996,21.3876394],[78.3728341,21.3957492],[78.3647599,21.3932517],[78.3623801,21.3826504],[78.3466967,21.3800116],[78.3446758,21.3852987],[78.3385112,21.3748889],[78.3266504,21.3682903],[78.318058,21.3674998],[78.3087875,21.3619061],[78.3075917,21.3577667],[78.2866991,21.3504123],[78.2739368,21.352116],[78.2696696,21.3464947],[78.2520576,21.3394801],[78.2471065,21.3298159],[78.2342671,21.3275577],[78.2126645,21.3336851],[78.1558335,21.33162],[78.1512882,21.3339672],[78.151435,21.3399558],[78.1479772,21.3432736],[78.1236063,21.3470083],[78.1039165,21.3563097],[78.0976938,21.3541129],[78.0863479,21.3591048],[78.0803535,21.3576648],[78.0735602,21.3517046],[78.0793518,21.3273127],[78.0687196,21.3008229],[78.0795861,21.2893896],[78.0804636,21.2815857],[78.0760192,21.2764612],[78.0615772,21.2774503],[78.0528122,21.2582764],[78.0581516,21.2395737],[78.0686481,21.2396075],[78.0722797,21.2353493],[78.0732495,21.2306265],[78.0695636,21.2251676],[78.0712929,21.2207936],[78.0873683,21.2102507],[78.0959723,21.1997509],[78.0985863,21.1896099],[78.0922158,21.1787686],[78.1437509,21.1377407],[78.1373564,21.1322032],[78.1284255,21.1154827],[78.1310881,21.1063889],[78.1446848,21.1032613],[78.1505371,21.0740648],[78.1466053,21.05845],[78.1492476,21.047178],[78.145725,21.0412501],[78.1362035,21.0381798],[78.1439482,21.0291216],[78.1447119,21.0234776],[78.1357402,21.0112789],[78.1356114,21.001207],[78.1444031,20.9926291],[78.1481333,20.9834643],[78.148821,20.9676463],[78.1426011,20.9538129],[78.1682373,20.9418747],[78.1698044,20.9297146],[78.176418,20.9228321],[78.1746284,20.9143929],[78.1814713,20.9045871],[78.1993939,20.8993111],[78.2077675,20.9000366],[78.2130732,20.90859],[78.2219447,20.9003031],[78.2570925,20.8870683],[78.2626922,20.8714977],[78.2755233,20.861287],[78.2797692,20.8429067],[78.2929043,20.8400671],[78.2923802,20.8279167],[78.2985115,20.827761],[78.3076611,20.8346795],[78.3128887,20.8314617],[78.3167627,20.8182076],[78.3102511,20.8127978],[78.2987937,20.8124568],[78.2939804,20.800792],[78.2956237,20.793989],[78.2926597,20.7759622],[78.3054834,20.7652998],[78.308551,20.7558903],[78.3047958,20.7455046],[78.3115912,20.7381818],[78.3056893,20.7212239],[78.2997299,20.7151041],[78.3004832,20.7047673],[78.2973991,20.6993488],[78.292436,20.7009911],[78.2944266,20.7065628],[78.290612,20.7095824],[78.2833389,20.6998228],[78.2768136,20.6967917],[78.2588957,20.6979909],[78.2536646,20.6835111],[78.2410922,20.6849787],[78.2287307,20.6927534],[78.2134645,20.6925492],[78.2100034,20.6789983],[78.2037864,20.6752866],[78.1822081,20.6779993],[78.1770891,20.6677848],[78.1720335,20.6700109],[78.1585785,20.6668067],[78.1573727,20.6571419],[78.1271832,20.6630925],[78.1244626,20.6594444],[78.1314811,20.6542181],[78.1299581,20.6489498],[78.1139399,20.6477477],[78.1080017,20.6403219],[78.0949218,20.6418852],[78.0994252,20.6647709],[78.0885727,20.6716291],[78.0838073,20.6720957],[78.0801347,20.6649763],[78.0655913,20.6728357],[78.0631933,20.6701347],[78.0365821,20.6659005],[78.0366741,20.6595285],[78.0289625,20.6584739],[78.0202181,20.6423534],[78.0256742,20.6342972],[78.0192031,20.6304673],[78.0211205,20.6267881],[77.9950092,20.6232352],[77.9900117,20.6130853],[77.985746,20.6137216],[77.9771644,20.6040648],[77.9770795,20.5941726],[77.9733461,20.5880759],[77.9518077,20.576075],[77.9460852,20.5803467],[77.9346048,20.5780363],[77.9247018,20.5591348],[77.922291,20.5599911],[77.9244336,20.5652449],[77.9128435,20.5646923],[77.9118051,20.5672733],[77.9184745,20.5870408],[77.9143128,20.5904554],[77.9175815,20.6066962],[77.8948029,20.625829],[77.886095,20.6249629],[77.8786574,20.6114094],[77.8685299,20.6120144],[77.8660282,20.5948086],[77.8464235,20.5880239],[77.8477758,20.5706627],[77.8396024,20.5649358],[77.8218307,20.580209],[77.8107181,20.5847512],[77.8047939,20.5644318],[77.7913863,20.5605003],[77.7800987,20.5381257],[77.7700903,20.5388156],[77.7686749,20.5436509],[77.751454,20.5451391],[77.7418232,20.560759],[77.732173,20.5597361],[77.7162383,20.5656175],[77.6997767,20.5664388],[77.6913263,20.5705284],[77.691003,20.5775816],[77.6675215,20.5801027],[77.659209,20.5639446],[77.6280728,20.5666031],[77.6448561,20.6049312],[77.647091,20.60466],[77.6476278,20.6200648],[77.6586399,20.636467],[77.659688,20.6460339],[77.6497644,20.6482205],[77.6542857,20.6611734],[77.6346658,20.658229],[77.6361973,20.6700465],[77.6331576,20.674478],[77.637718,20.6927408],[77.6313915,20.7014549],[77.6348732,20.7115756],[77.6106139,20.7178122],[77.6120343,20.729542],[77.6218502,20.7302511],[77.6255619,20.7372579],[77.6314669,20.7380712],[77.63391,20.7556947],[77.614235,20.7593855],[77.6189149,20.7780001],[77.6113183,20.7786275],[77.6083642,20.7998936],[77.5926457,20.8047615],[77.5927697,20.8094847],[77.5707521,20.8085813],[77.5662991,20.8170234],[77.5532017,20.8263572],[77.5506601,20.8545966],[77.533072,20.8546555],[77.5329053,20.850335],[77.5268777,20.8500537],[77.4991322,20.8570003],[77.4973403,20.8604576],[77.4770021,20.8608123],[77.4791468,20.8777623],[77.4755973,20.8796408],[77.4749534,20.8767013],[77.4660356,20.8762275],[77.4663338,20.8786217],[77.4614186,20.876469],[77.4631149,20.8723541],[77.4577555,20.8713767],[77.4602688,20.8668509],[77.4580286,20.8674058],[77.4551008,20.8586625],[77.4542566,20.8604853],[77.4479998,20.8524831],[77.4375142,20.8538591],[77.4336885,20.8424896],[77.4324593,20.8466072],[77.4262505,20.8474636],[77.4133311,20.842616],[77.4013877,20.8463078],[77.394293,20.8409095],[77.3873168,20.8457279],[77.3747387,20.8428262],[77.3603855,20.8478035],[77.3363001,20.8435949],[77.324468,20.854343],[77.3195673,20.8554381],[77.3207167,20.8515119],[77.318187,20.8513513],[77.3153159,20.8577731],[77.3027822,20.8492338],[77.2900087,20.8497848],[77.286447,20.8464272],[77.2710898,20.8531309],[77.2580372,20.8457272],[77.2518324,20.8554527],[77.2448174,20.8529447],[77.2217149,20.8585344],[77.2152895,20.8567585],[77.2103332,20.848614],[77.1960951,20.8540984],[77.1801313,20.8504235],[77.1704775,20.8539393],[77.1695559,20.8609441],[77.1605084,20.8701803],[77.1564474,20.8688544],[77.15819,20.8632021],[77.1535516,20.8592146],[77.142637,20.8638211],[77.1347511,20.8613293],[77.1297808,20.8638811],[77.131622,20.8797469],[77.1369479,20.8793109],[77.1353522,20.9183785],[77.1441269,20.9216287],[77.1538784,20.9626988],[77.156303,20.9624478],[77.1591523,20.969645],[77.1345182,20.9759051],[77.1335483,20.988888],[77.1676758,20.9887084],[77.1682108,20.9982731],[77.1658201,20.998355],[77.1727881,21.0235555],[77.161026,21.0262264],[77.1617918,21.029503],[77.1504583,21.033703],[77.1500772,21.0720435],[77.1753992,21.071852],[77.1768903,21.0842943],[77.1716995,21.0940453],[77.1717268,21.1186261],[77.1961485,21.1205275],[77.1944299,21.1391356],[77.1907548,21.1353169],[77.1832025,21.134438],[77.1648933,21.13591],[77.1661924,21.1440998],[77.1603947,21.1447342],[77.1673083,21.1626032],[77.1664664,21.1664993],[77.1609925,21.1676194],[77.1662072,21.1844264],[77.1728169,21.1904208],[77.1796776,21.1910262],[77.1785258,21.1954963],[77.1836451,21.2013358],[77.181994,21.2074388],[77.1772662,21.207771],[77.1778206,21.2193176],[77.174384,21.2236361],[77.1906481,21.2286718],[77.1924862,21.2413593],[77.1647731,21.2432239],[77.1663426,21.2375677],[77.1627569,21.2347818],[77.1535874,21.2345609],[77.148705,21.2275479],[77.1318877,21.2215207],[77.119303,21.2244351],[77.116932,21.2196465],[77.1090958,21.2188672],[77.0931329,21.2263305],[77.0806529,21.2164432],[77.0751661,21.2213826],[77.0666039,21.2201588],[77.0562289,21.2334487],[77.0511457,21.2331331],[77.0445956,21.2438272],[77.0345418,21.2478603],[77.0244618,21.2454307],[77.0204124,21.2364401],[77.0136467,21.2374585],[77.0061269,21.2290602],[77.0037608,21.2182749],[77.0061107,21.2073555],[77.0041928,21.2033905],[76.9982727,21.2024815],[76.9984931,21.195884],[76.9721395,21.2003417],[76.9736097,21.1971922],[76.9621384,21.1952256],[76.9413624,21.1995186],[76.9095511,21.2004291],[76.8558154,21.187739],[76.8477646,21.1927861],[76.8341261,21.1855626],[76.8161923,21.1872605],[76.7900912,21.1829674],[76.7817588,21.1886056],[76.7820799,21.1940121],[76.7685871,21.1910373],[76.7610497,21.2198828],[76.7572548,21.2216711],[76.7534207,21.2189807],[76.7466001,21.222641],[76.7479201,21.2268916],[76.7411863,21.2405553],[76.7483995,21.2504275],[76.7418642,21.2604101],[76.7374882,21.2603991],[76.7329974,21.2757266],[76.7259753,21.2809639],[76.7232403,21.2875057],[76.719077,21.2891485],[76.7173826,21.285263],[76.7119611,21.284467],[76.6851023,21.2885078],[76.6770474,21.283062],[76.6626792,21.2806939],[76.6217473,21.3322914],[76.6828231,21.3784063],[76.7391741,21.4103639],[76.738948,21.4297689],[76.7442538,21.4396258],[76.7618107,21.4523042],[76.7840199,21.4623735],[76.7878477,21.4774916],[76.7937698,21.4796458],[76.7955765,21.4893578],[76.7812052,21.5052347],[76.771841,21.5074052],[76.7635458,21.5205072],[76.7679732,21.5259604],[76.7803581,21.5288744],[76.7893265,21.5363785],[76.7818537,21.5511842],[76.7815214,21.5655004],[76.7968078,21.5946222],[76.8329054,21.5889541],[76.8401167,21.5946241],[76.8440754,21.60671],[76.8539464,21.6132599],[76.9008555,21.5965138],[76.9078083,21.601941],[76.9131067,21.6119372],[76.9532329,21.6421343],[76.9717655,21.650996],[77.0059286,21.6787463],[77.062761,21.7074758],[77.0752094,21.7198456],[77.0881549,21.7145356],[77.1295735,21.7222429],[77.14027,21.7189773],[77.1477152,21.712523],[77.1631988,21.7108049],[77.1696372,21.7142857],[77.1708567,21.7237953],[77.1771141,21.7254997],[77.1914526,21.7207516],[77.1881239,21.7020403],[77.2104244,21.6896451],[77.2126525,21.6947518],[77.2176203,21.6939417],[77.2277492,21.6995283],[77.2269109,21.7167926],[77.2602686,21.7121905],[77.2700615,21.7276717],[77.2867971,21.7219337],[77.2911701,21.7322306],[77.285746,21.7356159],[77.2872946,21.7447186],[77.2796538,21.7506399],[77.2801731,21.75792],[77.2828574,21.7588687],[77.290207,21.7603507],[77.2993568,21.7559602],[77.3157947,21.7565714],[77.3237292,21.7529983],[77.3456841,21.7577785],[77.3590302,21.7541486],[77.4017487,21.7523306],[77.4553054,21.760118],[77.4790941,21.7699869],[77.4832984,21.7666304],[77.4821718,21.7638455]]]}},{"type":"Feature","properties":{"district":"Aurangabad","name":"Aurangabad District","layerType":"district","_id":"district-mh-all-aurangabad-3"},"geometry":{"type":"MultiPolygon","coordinates":[[[[74.7312197,20.0869212],[74.7285462,20.0855088],[74.7285373,20.0877975],[74.7312197,20.0869212]]],[[[76.0062546,20.6448693],[76.0169421,20.6427363],[76.0211796,20.6455454],[76.0242213,20.6391938],[76.0316984,20.6347129],[76.0308635,20.6222192],[76.0400978,20.6062809],[76.0366711,20.5875359],[76.0428543,20.5791104],[76.0364858,20.5718196],[76.036291,20.5547489],[76.0172795,20.551368],[76.0180702,20.5302246],[76.0105337,20.5326477],[76.0090651,20.5384065],[76.0004643,20.5295073],[75.9922285,20.5356803],[75.991464,20.5325883],[75.9812072,20.5296487],[75.9709835,20.5327655],[75.9712113,20.5362116],[75.9557476,20.530091],[75.9405764,20.5355405],[75.9397455,20.5408305],[75.930304,20.5491581],[75.93234,20.5866464],[75.9483032,20.5818094],[75.9485946,20.5748513],[75.9458214,20.5732811],[75.9489509,20.5689789],[75.9639186,20.5695917],[75.9654706,20.5809192],[75.9728228,20.580415],[75.974628,20.5866143],[75.9712795,20.5904936],[75.9710653,20.5984073],[75.9667031,20.5968043],[75.9588834,20.6051589],[75.9555966,20.5990949],[75.9532865,20.6007055],[75.9546823,20.6193031],[75.9888951,20.6169908],[75.9894078,20.6209017],[76.0069394,20.6321759],[76.0062546,20.6448693]]],[[[75.6826516,20.6646502],[75.7035834,20.6588281],[75.6953456,20.6230886],[75.6991194,20.6148364],[75.7121993,20.6142118],[75.7209023,20.6198786],[75.7327662,20.6074479],[75.7413902,20.6077496],[75.7430672,20.6110713],[75.7542432,20.6134075],[75.7542893,20.6105575],[75.7587356,20.6105005],[75.7569113,20.5739727],[75.7718786,20.5745124],[75.7763979,20.581418],[75.7920646,20.5814625],[75.7864244,20.5629492],[75.797029,20.5635804],[75.7968674,20.5613837],[75.8058775,20.566349],[75.8169124,20.5589598],[75.8314711,20.5578304],[75.8300384,20.556227],[75.8433025,20.5622546],[75.8465678,20.5650326],[75.8281425,20.5712024],[75.8326398,20.5740932],[75.8325403,20.5918898],[75.8415072,20.591999],[75.8370263,20.613635],[75.853348,20.6127324],[75.85418,20.6203235],[75.8569113,20.6216554],[75.8675021,20.6195358],[75.8687291,20.597847],[75.8765421,20.5977432],[75.8867697,20.5922947],[75.8868696,20.5698001],[75.8829232,20.5607436],[75.8773078,20.5580171],[75.8765739,20.5525438],[75.8604706,20.5607469],[75.8836752,20.5270243],[75.8810421,20.5232867],[75.8702899,20.5280225],[75.8614532,20.5239654],[75.8590115,20.5037835],[75.8499268,20.5008988],[75.8474566,20.4882832],[75.8492035,20.483057],[75.8586296,20.4814265],[75.8613039,20.4666911],[75.8710052,20.4601955],[75.871165,20.4542651],[75.8935574,20.4458706],[75.8818198,20.4449439],[75.8775984,20.4374083],[75.8626614,20.4398981],[75.8644385,20.4472018],[75.8551227,20.460218],[75.8409721,20.4575728],[75.8302933,20.4676246],[75.8197122,20.4720839],[75.811194,20.4632404],[75.7967676,20.4612534],[75.7945668,20.4502352],[75.7777626,20.4550313],[75.7639761,20.4519843],[75.7553533,20.4233894],[75.7390696,20.4200326],[75.7326262,20.4071314],[75.7456896,20.4037163],[75.7488255,20.4000905],[75.7505926,20.3900914],[75.7457196,20.371601],[75.7573776,20.3684274],[75.7581281,20.3591429],[75.7703972,20.3371667],[75.7652079,20.3362104],[75.7588666,20.3275304],[75.7507094,20.3255577],[75.7437194,20.3261085],[75.7424569,20.3349271],[75.7332498,20.3326919],[75.7286996,20.3275825],[75.7164309,20.3304087],[75.7065891,20.3122089],[75.683123,20.3068566],[75.6819452,20.3026893],[75.6946519,20.2829891],[75.6904997,20.2672484],[75.6799881,20.2585181],[75.6740138,20.2320741],[75.6802112,20.2281578],[75.6813444,20.2123346],[75.6811407,20.1988412],[75.6770171,20.1873914],[75.6704364,20.1836739],[75.6455897,20.1873944],[75.6375437,20.1400869],[75.62478,20.1018832],[75.6167514,20.0990249],[75.5865932,20.0979225],[75.5886705,20.0635816],[75.5983674,20.0618301],[75.5971953,20.0584162],[75.6043244,20.0533766],[75.5885488,20.024106],[75.5921117,20.0082401],[75.6011664,19.9998678],[75.6279558,20.0021334],[75.6334299,20.0115973],[75.6444744,20.0069788],[75.6436813,19.9768223],[75.6556347,19.9641634],[75.6513432,19.9493054],[75.6574668,19.945377],[75.6629578,19.949116],[75.6692058,19.9440233],[75.6805475,19.9230672],[75.6781703,19.9169437],[75.6579992,19.9124997],[75.6527176,19.8784199],[75.648149,19.8714446],[75.6449477,19.8429055],[75.6559095,19.8409496],[75.6577151,19.8296568],[75.6600025,19.8292087],[75.6584987,19.8225185],[75.6535846,19.8133587],[75.6335959,19.8114586],[75.6405327,19.794609],[75.6449466,19.7931352],[75.6444229,19.7800565],[75.6357141,19.7782522],[75.6331021,19.7723814],[75.624091,19.7725713],[75.6233277,19.7702101],[75.6252382,19.736373],[75.6319513,19.7348658],[75.6296308,19.7077538],[75.6254323,19.6994239],[75.6313975,19.6762686],[75.6294446,19.6610572],[75.6254079,19.6559361],[75.6059433,19.6577621],[75.6038556,19.6452982],[75.5856224,19.6383344],[75.5888201,19.6220285],[75.5938904,19.6159524],[75.5918164,19.6100801],[75.5976585,19.6014501],[75.6239167,19.5958413],[75.6492089,19.5954358],[75.650266,19.5784317],[75.6558575,19.5663798],[75.6467585,19.5405208],[75.64286,19.5388766],[75.6399429,19.5213017],[75.6415605,19.4962195],[75.6315413,19.4646361],[75.6293728,19.460277],[75.6264636,19.4605944],[75.6149433,19.4670688],[75.6089219,19.4528124],[75.6054802,19.4522106],[75.603152,19.4295153],[75.6125206,19.4230076],[75.6066656,19.3846378],[75.595219,19.3857445],[75.5882377,19.3784714],[75.5476877,19.3880942],[75.5373884,19.3963664],[75.5194985,19.4023892],[75.5161391,19.4079686],[75.5162781,19.4182766],[75.5071985,19.4252383],[75.5078107,19.4305632],[75.4964965,19.4331515],[75.4858982,19.442395],[75.479214,19.4385047],[75.4729605,19.4218604],[75.4663711,19.4143495],[75.4426245,19.4140421],[75.440194,19.4266642],[75.4345768,19.4189489],[75.4289774,19.4199586],[75.4254919,19.4162841],[75.4066428,19.4181601],[75.3926809,19.414796],[75.3863759,19.4095642],[75.3813347,19.4105331],[75.3655262,19.3970293],[75.339423,19.4060127],[75.3369441,19.409047],[75.3569581,19.4316692],[75.3472347,19.4486381],[75.3421394,19.4485043],[75.3273691,19.4386859],[75.322853,19.4519069],[75.3231997,19.4657283],[75.3388569,19.4687559],[75.3435733,19.4835909],[75.3569713,19.4829953],[75.3605646,19.4854431],[75.3615495,19.4901751],[75.3565451,19.5017413],[75.3505309,19.504747],[75.3387738,19.500634],[75.3351692,19.483832],[75.3289276,19.4835606],[75.3288843,19.5084271],[75.3239667,19.5053096],[75.3252398,19.4989655],[75.3117996,19.4957539],[75.3010635,19.5031565],[75.301341,19.5121696],[75.274997,19.5151962],[75.2740119,19.5211757],[75.2805662,19.5440873],[75.272952,19.5544774],[75.2674919,19.5546079],[75.2568195,19.5232526],[75.2300637,19.5413189],[75.2175196,19.5587748],[75.2063323,19.5621582],[75.2036554,19.5662684],[75.2055619,19.5821209],[75.1971786,19.5880055],[75.1940504,19.5948537],[75.1743494,19.6004315],[75.1649964,19.5983851],[75.1509249,19.5893554],[75.14041,19.5981083],[75.1268331,19.5946023],[75.1161021,19.6035967],[75.0985921,19.603982],[75.0870818,19.6127544],[75.0591646,19.6057022],[75.0387317,19.6159484],[75.0417503,19.6222099],[75.0377637,19.625844],[75.0262708,19.623301],[74.9986659,19.6240197],[74.9854079,19.6334007],[74.9825236,19.6395508],[74.9627745,19.6471367],[74.941673,19.645096],[74.93118,19.6369051],[74.927705,19.6469444],[74.9200523,19.6455754],[74.9137709,19.6482044],[74.8879661,19.6390447],[74.8850212,19.6409769],[74.884547,19.6541873],[74.8732253,19.6498182],[74.8675893,19.6514616],[74.8590827,19.6468549],[74.8475066,19.6469454],[74.8366623,19.6633362],[74.8243528,19.6670084],[74.8178387,19.6806796],[74.8084487,19.6885034],[74.8141215,19.7030667],[74.8043748,19.7022283],[74.7865411,19.7154001],[74.7842736,19.7343365],[74.7676099,19.7367323],[74.7652476,19.7525504],[74.7611042,19.7540289],[74.7509322,19.7483106],[74.7451937,19.7514126],[74.7365961,19.7643889],[74.7324775,19.7632775],[74.7281251,19.7544123],[74.7214714,19.7546585],[74.7173937,19.7627392],[74.7194377,19.7723984],[74.7144288,19.7801481],[74.7079353,19.7818987],[74.7011259,19.7760851],[74.705173,19.7624573],[74.6952734,19.7550058],[74.6890609,19.7572069],[74.6897219,19.7664303],[74.6747225,19.7683189],[74.667932,19.7761383],[74.6539184,19.7762201],[74.6494606,19.7849019],[74.6355527,19.7931481],[74.6229203,19.7870071],[74.6118916,19.7699458],[74.5923229,19.7758252],[74.5891768,19.7837558],[74.5996115,19.8054712],[74.6030161,19.8460229],[74.6575134,19.8368185],[74.6597717,19.8569945],[74.6453936,19.8600482],[74.6449432,19.8635462],[74.6484776,19.8958237],[74.6459879,19.9092873],[74.6490286,19.9184847],[74.6770253,19.9261154],[74.6771229,19.9296657],[74.6720519,19.9314787],[74.6715398,19.9611904],[74.6738546,19.9649089],[74.6848685,19.9687324],[74.6817958,19.9892182],[74.6884178,19.9954635],[74.6866636,20.0002295],[74.6893244,20.0107671],[74.694537,20.0162541],[74.7178214,20.0180893],[74.7068192,20.0404235],[74.7189792,20.0532973],[74.7095401,20.0799246],[74.7362606,20.0807499],[74.7303358,20.1144261],[74.7038014,20.1146663],[74.709901,20.122655],[74.7057233,20.1233083],[74.7109196,20.1283011],[74.708473,20.134216],[74.7126593,20.1336466],[74.7172945,20.1508516],[74.7172554,20.1592989],[74.7115781,20.1731932],[74.7207954,20.1869677],[74.7191249,20.1927918],[74.7311629,20.1928774],[74.7335805,20.1970421],[74.7357459,20.1963273],[74.7345647,20.1905131],[74.7461255,20.1856764],[74.7601025,20.1844885],[74.7566516,20.1985998],[74.7619445,20.2047651],[74.78288,20.2061594],[74.8000036,20.232669],[74.785654,20.2284838],[74.7818217,20.2290135],[74.7818194,20.2342991],[74.7870681,20.2339968],[74.7938305,20.238692],[74.8019112,20.2381983],[74.8069962,20.2466225],[74.816704,20.2499532],[74.8284347,20.2462281],[74.8292843,20.2353814],[74.8553763,20.2303621],[74.8519625,20.2138744],[74.8549747,20.2064414],[74.8546269,20.1796842],[74.8936174,20.1802462],[74.8967349,20.179135],[74.8984309,20.1690596],[74.9069772,20.1675896],[74.908978,20.1550195],[74.9260995,20.1548053],[74.9299009,20.1594788],[74.9248073,20.1652327],[74.9226181,20.1797427],[74.9281165,20.1847618],[74.9284335,20.2159643],[74.9077934,20.219097],[74.9048891,20.2458095],[74.9329014,20.2511905],[74.9350756,20.2694301],[74.9473452,20.2741429],[74.9541881,20.2718318],[74.9449301,20.2878319],[74.9660817,20.3068097],[74.9834058,20.3056409],[74.9839569,20.2946295],[75.0046841,20.2937826],[74.9944106,20.3280275],[74.9990639,20.3354911],[75.0201466,20.3245181],[75.0249793,20.3185735],[75.0548761,20.3060462],[75.0559956,20.3333394],[75.0585835,20.3371735],[75.0744462,20.338525],[75.0895624,20.3322602],[75.082264,20.321486],[75.0818233,20.3155716],[75.0904904,20.3129788],[75.0944302,20.3149153],[75.1033328,20.3077994],[75.110889,20.3101898],[75.1111616,20.3172188],[75.1150123,20.318103],[75.1166957,20.3228741],[75.1224095,20.3632929],[75.1162103,20.3921741],[75.1105465,20.3949244],[75.1067909,20.4122475],[75.1228027,20.4232379],[75.1245608,20.4304526],[75.1533261,20.4328267],[75.1625913,20.4403532],[75.1744786,20.4431227],[75.1712882,20.4488366],[75.1728811,20.4563872],[75.1581676,20.455511],[75.1597983,20.4764819],[75.1738764,20.4779372],[75.1737906,20.4757507],[75.1855989,20.4730846],[75.1980309,20.4756775],[75.1966048,20.4922474],[75.208614,20.4920404],[75.2050537,20.4989678],[75.2264611,20.4944142],[75.2231143,20.5020093],[75.2259718,20.5175128],[75.2378952,20.5208992],[75.2348536,20.5354595],[75.2443337,20.5360322],[75.2415474,20.5499277],[75.2490194,20.5510064],[75.2530968,20.5678205],[75.2588596,20.5765026],[75.26434,20.5673025],[75.2760945,20.5692735],[75.2901156,20.5666279],[75.2935073,20.5695962],[75.2927213,20.5732141],[75.3067028,20.5765369],[75.3164222,20.5745998],[75.3147422,20.5886253],[75.3185337,20.5909838],[75.3349239,20.5916828],[75.334837,20.5891783],[75.3524772,20.5881066],[75.3562209,20.5895682],[75.3544123,20.5919151],[75.3581081,20.5957086],[75.3646027,20.576123],[75.388679,20.5778095],[75.3918842,20.5345189],[75.3955841,20.5210881],[75.4061083,20.5219079],[75.4162239,20.5139614],[75.4286768,20.5116109],[75.424113,20.5294032],[75.4461345,20.5372832],[75.4518508,20.5178638],[75.4559429,20.5139426],[75.4601013,20.5189895],[75.4557986,20.5507648],[75.4638207,20.5495441],[75.4663986,20.5429802],[75.4803298,20.5417801],[75.4812306,20.535008],[75.4929946,20.5236422],[75.494037,20.5381637],[75.5049825,20.5400177],[75.5042959,20.5510211],[75.5123576,20.5490064],[75.5161773,20.5523585],[75.5156053,20.5571381],[75.5276361,20.5563446],[75.5213531,20.5882564],[75.5315444,20.5910302],[75.5363849,20.6009807],[75.5349954,20.6048623],[75.5395066,20.6059831],[75.5522118,20.5980142],[75.5562478,20.6002416],[75.5558964,20.6073018],[75.5934011,20.6000578],[75.6120539,20.602683],[75.6053465,20.6216573],[75.6213293,20.6220997],[75.6307107,20.6164593],[75.6458327,20.6167366],[75.6499199,20.6246757],[75.6598101,20.6243163],[75.658764,20.639141],[75.6612009,20.6423983],[75.6588379,20.6496859],[75.6540553,20.649534],[75.6558711,20.6594396],[75.6592381,20.6639019],[75.6691654,20.6677129],[75.6826516,20.6646502]],[[75.575808,19.9675474],[75.5644308,19.9659991],[75.5582645,19.960535],[75.5640651,19.9519492],[75.5620712,19.9398028],[75.5680433,19.9357002],[75.5898067,19.9410188],[75.5954985,19.951908],[75.596031,19.9594799],[75.575808,19.9675474]]]]}},{"type":"Feature","properties":{"district":"Bhandara","name":"Bhandara District","layerType":"district","_id":"district-mh-all-bhandara-4"},"geometry":{"type":"Polygon","coordinates":[[[79.7684807,21.5924196],[79.7920707,21.5865897],[79.8215079,21.5615439],[79.8312491,21.5469248],[79.8507026,21.5408232],[79.8650338,21.5302805],[79.8822445,21.5262166],[79.8912446,21.5181866],[79.8970028,21.5243771],[79.9178021,21.5244101],[79.926411,21.5126596],[79.9281111,21.4969421],[79.925297,21.4908716],[79.9172666,21.4798963],[79.8905803,21.4560511],[79.8795242,21.4385169],[79.8794878,21.4251888],[79.8484599,21.4120644],[79.8262298,21.3946921],[79.8033942,21.3835883],[79.7961245,21.3744682],[79.8000381,21.3576035],[79.8126569,21.35564],[79.8130193,21.3216573],[79.8258667,21.3189808],[79.8337223,21.3069353],[79.8282127,21.2986451],[79.8289033,21.2936592],[79.8344322,21.291056],[79.83759,21.2851441],[79.826091,21.2785282],[79.8313007,21.2634076],[79.8499848,21.2591754],[79.859231,21.2615657],[79.8639294,21.2518635],[79.8536674,21.2516107],[79.8533469,21.2549775],[79.8410155,21.2568939],[79.8401065,21.2538374],[79.8557217,21.2448528],[79.859386,21.2477477],[79.8627461,21.2445725],[79.8673424,21.2498501],[79.8871756,21.2554172],[79.8892311,21.2556319],[79.886749,21.2505254],[79.901914,21.2512255],[79.9056963,21.245044],[79.9206771,21.2557492],[79.9385225,21.2550256],[79.9560618,21.2379378],[79.9660507,21.232728],[79.9901372,21.2331925],[80.0021631,21.2185162],[80.01096,21.2199168],[80.0231156,21.2286453],[80.0259024,21.2216613],[80.0244896,21.2130153],[80.0431014,21.2101337],[80.0501548,21.2065182],[80.053386,21.2008876],[80.067823,21.196265],[80.0728358,21.1870377],[80.0689778,21.1829613],[80.0706212,21.1745913],[80.0671462,21.172788],[80.0720757,21.1555663],[80.0804958,21.1478196],[80.0784378,21.1378134],[80.0735514,21.1348838],[80.0726457,21.1210482],[80.0818328,21.1189091],[80.0707746,21.1136349],[80.0610144,21.0991797],[80.0750155,21.0983495],[80.0761234,21.0930494],[80.0696973,21.0815903],[80.084279,21.0736824],[80.0802752,21.063794],[80.0696086,21.0608546],[80.0799349,21.0512673],[80.0799539,21.0464822],[80.0763495,21.0385547],[80.0641753,21.0309548],[80.0761289,21.028555],[80.0845602,21.0352383],[80.0964278,21.0313597],[80.0945189,21.0277272],[80.0979637,21.0258089],[80.0990134,21.0198456],[80.0939948,21.0080923],[80.1021136,20.9905124],[80.0937601,20.9919095],[80.0839445,20.986673],[80.0763668,20.9896659],[80.082392,20.9867786],[80.0797449,20.9767118],[80.0748162,20.9652067],[80.0707188,20.963705],[80.0709273,20.9565631],[80.0579007,20.9582471],[80.062053,20.9491624],[80.0373491,20.9648944],[80.038633,20.9581993],[80.0454863,20.9571397],[80.0303741,20.9451783],[80.0337136,20.9517105],[80.0324204,20.9576143],[80.0096345,20.9538468],[80.0039367,20.9492598],[79.9874545,20.9526155],[79.9768761,20.9471657],[79.9715566,20.9528958],[79.9643142,20.9535867],[79.9536208,20.9443273],[79.9561735,20.939256],[79.9689601,20.9399747],[79.9690826,20.9344712],[79.9636503,20.9319989],[79.9618159,20.9173633],[79.97012,20.9099106],[79.9717716,20.8911682],[79.9771012,20.8903681],[79.9740161,20.886314],[79.9650459,20.8876011],[79.964529,20.8821748],[79.9694327,20.8809052],[79.9701483,20.8758828],[79.9654803,20.8548836],[79.9697702,20.8554431],[79.9743521,20.839931],[79.9797707,20.8359539],[79.9863798,20.8481052],[79.9809657,20.8552831],[79.982567,20.862106],[79.9878098,20.854915],[79.9987445,20.8487333],[79.9878344,20.8269656],[79.9719349,20.8243332],[79.9675858,20.8256538],[79.9674692,20.8310359],[79.9649271,20.8311018],[79.9524662,20.8261359],[79.9594779,20.8139979],[79.956205,20.8082648],[79.9405442,20.801372],[79.9416997,20.7883904],[79.9490892,20.7887007],[79.9472895,20.7799366],[79.9673874,20.7828679],[79.9793576,20.7732811],[79.9556586,20.7660474],[79.9565511,20.7536454],[79.9714341,20.7450708],[79.9677817,20.7371117],[79.9625212,20.7379183],[79.956118,20.7313722],[79.9570746,20.7281779],[79.9474633,20.7289728],[79.9444793,20.7211471],[79.9475666,20.7179577],[79.9547268,20.7201579],[79.969259,20.7153185],[79.9703239,20.7071288],[79.9644351,20.6940484],[79.9469408,20.6820494],[79.9361076,20.6790596],[79.9314392,20.6689225],[79.9057294,20.6769128],[79.8871429,20.688821],[79.8690238,20.6873495],[79.852812,20.6810828],[79.8371766,20.6830647],[79.8003515,20.699565],[79.7939462,20.7062255],[79.7914695,20.7188326],[79.7702803,20.7323265],[79.75822,20.7348803],[79.7532069,20.7142156],[79.7589614,20.7077129],[79.7512476,20.6883827],[79.7314959,20.6844719],[79.710774,20.6870962],[79.6932917,20.6733349],[79.6928327,20.6662987],[79.7001497,20.6463777],[79.690893,20.6416417],[79.679602,20.6503461],[79.6703699,20.6503145],[79.6623808,20.6548621],[79.6590182,20.66751],[79.6452926,20.6733393],[79.6211305,20.6759392],[79.6095678,20.6949794],[79.6004234,20.691292],[79.5887697,20.691505],[79.5812927,20.695906],[79.5672107,20.6971338],[79.5640773,20.7074798],[79.5368819,20.7057312],[79.5290012,20.7117039],[79.5179847,20.7142108],[79.5233254,20.7326768],[79.5290254,20.7359388],[79.5313282,20.7557611],[79.5361403,20.7640637],[79.5314101,20.7744342],[79.5365163,20.7811396],[79.5449459,20.7848139],[79.5445468,20.7906174],[79.5532926,20.8002688],[79.5594867,20.8024612],[79.5594738,20.8080908],[79.5515965,20.8191365],[79.5517714,20.8261868],[79.5472939,20.8279753],[79.5376016,20.8515598],[79.5494566,20.8497085],[79.5556834,20.8561416],[79.5640778,20.8511153],[79.5665593,20.8451591],[79.5789247,20.8432897],[79.5874639,20.8496292],[79.5956916,20.8634115],[79.6058323,20.8673568],[79.6084626,20.8643233],[79.6129961,20.8660086],[79.608133,20.8749273],[79.6123451,20.903622],[79.6203529,20.9094033],[79.6328969,20.9117617],[79.6453634,20.9235709],[79.6540169,20.9437364],[79.6569687,20.9627733],[79.6512312,20.9783563],[79.6381239,20.9890481],[79.6140028,21.0306365],[79.5966445,21.0739375],[79.587602,21.0775845],[79.5790559,21.06671],[79.572072,21.0660882],[79.5647806,21.0709529],[79.5514242,21.088509],[79.5332886,21.0783772],[79.527305,21.078371],[79.5203602,21.0879321],[79.5320958,21.0951089],[79.5166609,21.1064669],[79.5247471,21.1198832],[79.5102305,21.1239932],[79.5086559,21.1335451],[79.5005806,21.1343983],[79.5012168,21.1366802],[79.493402,21.139252],[79.5040609,21.1470851],[79.5078966,21.1635694],[79.4998401,21.1692458],[79.4970346,21.1759084],[79.498282,21.1836867],[79.5059924,21.1832274],[79.5169705,21.1752748],[79.5194452,21.1790867],[79.528696,21.1765054],[79.5294673,21.1726491],[79.5226463,21.1641149],[79.5315962,21.1594298],[79.5577111,21.157395],[79.5579905,21.1693373],[79.5535904,21.1693874],[79.5508817,21.1731816],[79.5602786,21.189954],[79.5566076,21.2032741],[79.5494404,21.2065791],[79.5634782,21.2288012],[79.5595142,21.2332735],[79.560526,21.2413904],[79.5682742,21.2473631],[79.5670071,21.2594459],[79.569834,21.2718512],[79.5760235,21.2758434],[79.570678,21.2919734],[79.5535541,21.306482],[79.5558407,21.3091528],[79.5512339,21.3174268],[79.5552084,21.3182216],[79.556503,21.3241681],[79.5540056,21.3297826],[79.5442581,21.3317499],[79.5394823,21.3392301],[79.534824,21.340378],[79.5363033,21.3453459],[79.5337888,21.3483813],[79.5256711,21.3504868],[79.5227228,21.3641491],[79.5168497,21.3682858],[79.5000172,21.3978235],[79.4838207,21.3988168],[79.4876518,21.4039726],[79.4821574,21.4270394],[79.4747546,21.4288195],[79.46778,21.4246016],[79.4568446,21.4280328],[79.4495849,21.434404],[79.4483381,21.4561889],[79.4490673,21.4593758],[79.4576012,21.4624895],[79.4843292,21.5032405],[79.4928957,21.5088616],[79.5128851,21.5332906],[79.5248974,21.5395521],[79.5316735,21.539879],[79.5375474,21.5360177],[79.5401894,21.5427155],[79.5655148,21.5476266],[79.5800362,21.5411781],[79.6185043,21.5572602],[79.6395941,21.5529696],[79.6527872,21.556242],[79.6592677,21.5660355],[79.6605785,21.5766335],[79.6768023,21.5822063],[79.6895477,21.5809554],[79.6979205,21.5921918],[79.722228,21.5943333],[79.7348567,21.6037679],[79.7684807,21.5924196]]]}},{"type":"Feature","properties":{"district":"Beed","name":"Beed District","layerType":"district","_id":"district-mh-all-beed-5"},"geometry":{"type":"Polygon","coordinates":[[[75.4964965,19.4331515],[75.5070198,19.431887],[75.5059897,19.4264626],[75.5176823,19.415648],[75.5161391,19.4079686],[75.5194112,19.4024819],[75.5363616,19.3969432],[75.5476877,19.3880942],[75.5867061,19.3776247],[75.595219,19.3857445],[75.5993222,19.3857501],[75.6242359,19.3735726],[75.6401083,19.3814479],[75.6507606,19.3685709],[75.671683,19.3676558],[75.6753155,19.3653637],[75.6755154,19.3582641],[75.6826019,19.355355],[75.6998457,19.3590197],[75.7127806,19.3546188],[75.7427608,19.3585574],[75.7509323,19.3560832],[75.7614001,19.3757976],[75.7568511,19.3835256],[75.7578085,19.3893316],[75.7884611,19.4000878],[75.8244717,19.3776495],[75.8404808,19.3714849],[75.8578772,19.3756164],[75.8731443,19.383292],[75.8924242,19.3793669],[75.9037502,19.3905951],[75.9120325,19.3921685],[75.9250276,19.3827004],[75.917916,19.3731435],[75.9155079,19.3614257],[75.908179,19.3554085],[75.9056806,19.3485343],[75.9034335,19.3379008],[75.9063827,19.3195717],[75.9182247,19.303437],[75.934612,19.2939033],[75.942853,19.2918937],[75.9603403,19.3016748],[75.9768351,19.3052623],[76.0034232,19.3268658],[76.0100217,19.3357549],[76.0202009,19.3376435],[76.0230578,19.3341358],[76.0209332,19.3294579],[76.0251452,19.3146275],[76.0251429,19.2997523],[76.0322622,19.2881389],[76.0396682,19.2836398],[76.0562314,19.2849947],[76.0710721,19.2789546],[76.0879341,19.2809353],[76.096028,19.3034844],[76.1027009,19.3080674],[76.1085136,19.3065009],[76.1154954,19.2962088],[76.1246373,19.3031351],[76.1289479,19.3021026],[76.1336112,19.2931831],[76.1395027,19.2911677],[76.1517424,19.295791],[76.1603402,19.2953992],[76.1626778,19.2834265],[76.171187,19.2835672],[76.179627,19.288405],[76.1947378,19.2859279],[76.2100746,19.2742811],[76.2135233,19.261216],[76.2253851,19.2574807],[76.2219476,19.2465867],[76.2246523,19.243076],[76.2365249,19.2456196],[76.2482797,19.2413578],[76.2551039,19.2431663],[76.2594603,19.2537113],[76.2845642,19.2658994],[76.2976795,19.262754],[76.3062651,19.2650375],[76.3209428,19.2542239],[76.3315535,19.2502819],[76.3412987,19.2511647],[76.3570729,19.2422952],[76.3636844,19.2339984],[76.3634372,19.2157167],[76.3597414,19.2044065],[76.3507747,19.1943108],[76.3579029,19.1808422],[76.3542501,19.1672],[76.3606274,19.1559863],[76.3525282,19.14492],[76.332853,19.1364501],[76.3289201,19.121692],[76.318978,19.1155926],[76.3220419,19.1073154],[76.3359647,19.0991912],[76.3468186,19.0994507],[76.3588314,19.1082987],[76.3691961,19.1275935],[76.3786986,19.1308044],[76.3888363,19.125184],[76.3920449,19.1144957],[76.4115959,19.0913368],[76.4199299,19.0915037],[76.4271256,19.0985263],[76.435211,19.0930483],[76.4374035,19.0877128],[76.4329494,19.0728573],[76.4514561,19.0496622],[76.4389177,19.0487135],[76.4380196,19.0431448],[76.4420031,19.0374733],[76.4485439,19.0351618],[76.4484648,19.0252997],[76.453933,19.0220545],[76.4555139,19.0098489],[76.4797517,19.0011718],[76.4776966,18.989288],[76.4716893,18.9880465],[76.4687442,18.9830221],[76.4691185,18.9784402],[76.4769767,18.9754163],[76.473274,18.9618582],[76.4779925,18.9533376],[76.5029846,18.9481665],[76.5058034,18.9330985],[76.5124374,18.9206302],[76.5225332,18.9180655],[76.5339073,18.9178653],[76.5367633,18.9484032],[76.5616785,18.9488141],[76.5832189,18.9427787],[76.5854247,18.9337214],[76.5829611,18.9293707],[76.5846058,18.904132],[76.5818342,18.8724839],[76.5929924,18.8676583],[76.6201745,18.8679515],[76.6206953,18.8556152],[76.628013,18.8473133],[76.6411715,18.8474965],[76.6385461,18.8377],[76.6439804,18.8232881],[76.6625169,18.8201762],[76.6703401,18.813723],[76.6691402,18.8040929],[76.6740073,18.7948622],[76.6733194,18.7876246],[76.6817779,18.779282],[76.6707236,18.7634602],[76.6736752,18.7582545],[76.6801948,18.7520685],[76.6826887,18.7587199],[76.6974863,18.7590813],[76.6977779,18.7562261],[76.7232865,18.7501282],[76.7246615,18.7365448],[76.7325698,18.7214677],[76.7340674,18.7011929],[76.7271774,18.6955715],[76.712979,18.6999485],[76.6977423,18.6914682],[76.6820849,18.6919931],[76.661637,18.6578852],[76.6618259,18.655572],[76.6811738,18.6500702],[76.676688,18.6342112],[76.6581527,18.6331809],[76.6542291,18.6356559],[76.6518897,18.6431771],[76.6362944,18.6483653],[76.6403247,18.6669573],[76.6356591,18.6678011],[76.6350126,18.6743506],[76.6273043,18.6756788],[76.5948802,18.6725113],[76.5931376,18.6532203],[76.5862004,18.6478827],[76.5821508,18.6248025],[76.5789065,18.6207921],[76.5592014,18.6294154],[76.5612174,18.6386671],[76.5558628,18.6404412],[76.5534578,18.6365721],[76.5458836,18.636065],[76.5501037,18.6442009],[76.5416693,18.6452044],[76.5410553,18.6505182],[76.5325637,18.6495401],[76.5298171,18.6489214],[76.5249865,18.625008],[76.4996241,18.6040322],[76.4790492,18.6152435],[76.4721342,18.6324768],[76.4652849,18.6345681],[76.4551221,18.6217917],[76.4309658,18.6172535],[76.4284984,18.6124806],[76.4188395,18.6077066],[76.4115399,18.6082098],[76.4095231,18.6006269],[76.4036894,18.6018536],[76.4036193,18.597544],[76.391442,18.5940795],[76.3850654,18.5652759],[76.3873133,18.5510095],[76.392655,18.5503162],[76.3906519,18.542267],[76.3678555,18.5444964],[76.3605233,18.5582146],[76.3492251,18.5653571],[76.3363419,18.5614799],[76.3234847,18.5701028],[76.3123672,18.5655949],[76.3016206,18.5681732],[76.29087,18.5762932],[76.279124,18.5741266],[76.2750988,18.5579089],[76.2549154,18.5636654],[76.2547425,18.5746022],[76.2419193,18.5721536],[76.2332804,18.5751474],[76.2205688,18.5745207],[76.1774135,18.5845017],[76.1683095,18.5835974],[76.1661962,18.5735256],[76.1701009,18.5614954],[76.1603395,18.5549512],[76.1572925,18.5588406],[76.1559607,18.5780974],[76.1493512,18.5820354],[76.1363789,18.5865963],[76.1190519,18.5839295],[76.1037654,18.5881886],[76.0803859,18.5767339],[76.0535196,18.574595],[76.0482708,18.577082],[76.0435331,18.5905745],[76.0367856,18.5923385],[76.0318989,18.6004179],[76.0122479,18.6077685],[76.0056521,18.6038771],[76.0077861,18.5859928],[75.9937419,18.5832311],[75.9825702,18.5921903],[75.996841,18.6082133],[75.9915058,18.6184518],[75.9839804,18.6180495],[75.9574579,18.6049454],[75.9480864,18.6050595],[75.9433118,18.6141395],[75.9446794,18.6347595],[75.9389541,18.6407323],[75.9207964,18.6430741],[75.9058295,18.6492555],[75.8739455,18.6482397],[75.8734877,18.6533448],[75.8707615,18.6537155],[75.857004,18.6491174],[75.8573828,18.6591802],[75.8485554,18.6555729],[75.8027648,18.6726382],[75.7975473,18.6720945],[75.7934028,18.6542337],[75.7883588,18.655521],[75.7790526,18.6650905],[75.7797149,18.6709083],[75.7741447,18.6732812],[75.7701339,18.6697571],[75.7652107,18.6716591],[75.7569716,18.6800114],[75.7431818,18.682262],[75.7426141,18.6797678],[75.7316619,18.679668],[75.7305727,18.6751307],[75.70745,18.6831003],[75.6995171,18.6893877],[75.6697537,18.6910959],[75.6643082,18.6714499],[75.6661078,18.650629],[75.6613444,18.6458132],[75.6454642,18.6483216],[75.6148988,18.6647704],[75.6038096,18.688808],[75.5876341,18.6974685],[75.5771342,18.6977347],[75.5715997,18.7039925],[75.5622942,18.7033216],[75.5532201,18.7080419],[75.5517356,18.719639],[75.555414,18.7364435],[75.5420188,18.7448751],[75.5253632,18.7524978],[75.5267067,18.7336343],[75.5085937,18.7233501],[75.4913806,18.7287919],[75.491292,18.736351],[75.4688782,18.7475579],[75.4675913,18.7516442],[75.4521651,18.7506035],[75.446568,18.7559581],[75.4387659,18.798679],[75.4194907,18.8150693],[75.4207959,18.8169334],[75.4155257,18.8224194],[75.3994473,18.831577],[75.3920193,18.8202644],[75.3861384,18.7735548],[75.3804794,18.7739341],[75.3813896,18.7718149],[75.3760903,18.7682278],[75.3727384,18.7711544],[75.3765963,18.7746083],[75.3753724,18.7779124],[75.3713837,18.7753421],[75.3682527,18.7779035],[75.3646924,18.7869938],[75.3605073,18.7857598],[75.3598257,18.7893701],[75.3428482,18.7825994],[75.3276029,18.8009852],[75.3207935,18.7972943],[75.3005438,18.7713547],[75.2928791,18.7661275],[75.2769473,18.7300224],[75.2649684,18.7275378],[75.2529501,18.7206099],[75.222768,18.7287643],[75.2081621,18.7387808],[75.1716265,18.7364777],[75.1752723,18.710917],[75.174533,18.7065531],[75.1637811,18.6960046],[75.1640049,18.6685705],[75.156166,18.6421434],[75.1417949,18.6534273],[75.1382146,18.6659568],[75.1221825,18.6794377],[75.1172004,18.6796092],[75.1193985,18.6852722],[75.1100131,18.6896153],[75.1036605,18.7020059],[75.0782484,18.7139131],[75.0674304,18.7313382],[75.0581537,18.7345688],[75.0529455,18.7477328],[75.0438375,18.751726],[75.0396457,18.7636486],[75.0136914,18.774555],[75.0063819,18.7821427],[75.0038547,18.788009],[75.0086265,18.7950519],[75.0090497,18.8034738],[75.0025074,18.8047599],[75.0007876,18.7981862],[74.999478,18.8051977],[74.9974365,18.7980357],[74.9861852,18.7976168],[74.9720363,18.8122724],[74.9756875,18.8232567],[74.9737091,18.8282871],[74.9589437,18.8198178],[74.9402966,18.8277626],[74.9260347,18.8264867],[74.9200141,18.83283],[74.9264603,18.8443081],[74.9190632,18.8516627],[74.9082178,18.8463584],[74.894689,18.8467184],[74.8961809,18.8759476],[74.8881284,18.885759],[74.8836935,18.8862288],[74.8865681,18.9037585],[74.8838671,18.9141385],[74.8746592,18.9127348],[74.8651268,18.8980208],[74.845831,18.9105369],[74.8448341,18.9202416],[74.8410607,18.924825],[74.8250358,18.9322603],[74.8352027,18.9422008],[74.8350911,18.9544737],[74.8298802,18.9570523],[74.8296731,18.9617388],[74.811532,18.9625082],[74.8082634,18.9763564],[74.8253715,18.990294],[74.8377464,18.9698092],[74.8682266,18.9798457],[74.8713665,18.9850299],[74.8854574,18.9802429],[74.899481,18.9800738],[74.9037449,18.9732754],[74.9036982,18.9651385],[74.9157519,18.9588837],[74.9184564,18.9597321],[74.9194321,18.9697274],[74.9307157,18.9710934],[74.9348094,18.9754726],[74.9446036,18.9695214],[74.9529404,18.97224],[74.9541773,18.9889815],[74.959326,18.9993103],[74.9488737,19.0043652],[74.9496094,19.032833],[74.920644,19.0321436],[74.9271249,19.0415312],[74.9185647,19.0357836],[74.9144134,19.0375063],[74.9207196,19.0928934],[74.9326933,19.1093961],[74.9387674,19.1280571],[74.9443852,19.1328375],[74.9563406,19.1203225],[74.9731152,19.1115982],[74.9787261,19.1117463],[74.9784476,19.1157992],[74.9882829,19.1102971],[74.9967133,19.1124801],[75.0075982,19.1051447],[75.0177061,19.107066],[75.0177003,19.1049314],[75.0235535,19.1149373],[75.0249956,19.1033616],[75.0297922,19.1076703],[75.0393202,19.1067843],[75.0439538,19.109808],[75.0363705,19.1004923],[75.0524566,19.1056711],[75.0536314,19.1004102],[75.058546,19.0983838],[75.065319,19.1058818],[75.073486,19.1017605],[75.0753913,19.1093884],[75.0713828,19.1073868],[75.0699201,19.1115849],[75.0756516,19.118505],[75.0706057,19.1207336],[75.0872251,19.1213669],[75.0927414,19.1271663],[75.1021915,19.1234176],[75.1038527,19.1268552],[75.1089715,19.124892],[75.1109007,19.1142884],[75.1075742,19.1082225],[75.0995999,19.1049341],[75.0974282,19.0789392],[75.0794209,19.0803004],[75.0782772,19.0782017],[75.0847004,19.0706663],[75.0916845,19.0689366],[75.0791387,19.066295],[75.0756652,19.0686717],[75.0703307,19.0570834],[75.0758032,19.052176],[75.0927449,19.0486461],[75.099941,19.0423869],[75.1105312,19.0406993],[75.1090968,19.0428349],[75.1117756,19.0434221],[75.1307092,19.0393065],[75.1346001,19.0351169],[75.1445569,19.0360707],[75.1421756,19.038182],[75.146764,19.0420612],[75.1566638,19.036399],[75.1673883,19.0359176],[75.1689751,19.0192133],[75.1823993,19.0120383],[75.209026,19.0227962],[75.2079342,19.0352254],[75.1980264,19.0424362],[75.1940415,19.0497769],[75.1861199,19.0516175],[75.1960531,19.0657703],[75.1951982,19.0715253],[75.1914653,19.0728536],[75.1926561,19.0850572],[75.1879863,19.0912434],[75.1920156,19.0971727],[75.1986204,19.0955161],[75.2036181,19.1035134],[75.2048243,19.1015627],[75.2111704,19.1044335],[75.2122506,19.1095903],[75.2189119,19.1119992],[75.219748,19.1006354],[75.2266069,19.0954833],[75.2253769,19.0650047],[75.2322786,19.061465],[75.2607975,19.07005],[75.2682596,19.0489899],[75.26597,19.0314134],[75.2571767,19.0261663],[75.2646907,19.0180041],[75.2691309,18.9975611],[75.2742894,18.9919393],[75.286337,18.986288],[75.288489,18.9817997],[75.3137804,18.9806505],[75.3420166,18.9912357],[75.3418959,19.0265315],[75.3279145,19.0346805],[75.3140252,19.0319443],[75.2941595,19.0359936],[75.2838356,19.0343071],[75.2929199,19.0761546],[75.2806906,19.0826957],[75.2808758,19.0849816],[75.2961365,19.0863227],[75.2979755,19.0905652],[75.3046569,19.0933129],[75.3053857,19.0986523],[75.3212005,19.0947833],[75.3379341,19.0807888],[75.3565487,19.078023],[75.3645073,19.0813088],[75.3645719,19.0975447],[75.3612902,19.1075154],[75.3522192,19.1133425],[75.3480724,19.1243434],[75.3316999,19.1310979],[75.3315036,19.1532176],[75.3384752,19.1555012],[75.3521545,19.1472492],[75.3508539,19.1312438],[75.3531434,19.1269436],[75.3587429,19.1272492],[75.3611751,19.1321741],[75.376988,19.1295359],[75.3803737,19.1342631],[75.3899952,19.1363547],[75.3942485,19.1420247],[75.4078547,19.1389358],[75.4093138,19.1288776],[75.4044339,19.123537],[75.3922374,19.1265961],[75.3797466,19.102135],[75.3654641,19.0886892],[75.3678541,19.0824125],[75.3750409,19.0842533],[75.3838499,19.0784203],[75.404631,19.0803379],[75.4111496,19.0815048],[75.4172346,19.0917752],[75.4292477,19.0895396],[75.4436854,19.0926858],[75.4494528,19.0832355],[75.4659179,19.090629],[75.4851657,19.1058813],[75.4837075,19.1279278],[75.4659386,19.1296929],[75.4522021,19.1272793],[75.4319686,19.117154],[75.4244276,19.1394372],[75.4495881,19.1413337],[75.4536575,19.1446275],[75.4483768,19.1663408],[75.4450192,19.1721429],[75.4248161,19.1735119],[75.4203965,19.1820496],[75.4015415,19.1971712],[75.4053565,19.2050226],[75.4140811,19.2099496],[75.4230446,19.2213145],[75.4355153,19.2214959],[75.4401543,19.2175498],[75.4449187,19.2194031],[75.4597869,19.2508068],[75.473041,19.2528539],[75.4731382,19.258942],[75.5057267,19.2682494],[75.5107527,19.2747197],[75.5198427,19.2785714],[75.5253655,19.2974443],[75.5383397,19.3070596],[75.5385613,19.3172956],[75.5431427,19.3245621],[75.5405284,19.3279126],[75.5172588,19.3308157],[75.5283415,19.3598232],[75.5302797,19.3772978],[75.5173177,19.3806367],[75.5167977,19.3835825],[75.4956671,19.3783291],[75.4822507,19.3842303],[75.4882107,19.4166529],[75.4732444,19.4235711],[75.479214,19.4385047],[75.483465,19.441867],[75.4886516,19.4413458],[75.4964965,19.4331515]]]}},{"type":"Feature","properties":{"district":"Buldhana","name":"Buldhana District","layerType":"district","_id":"district-mh-all-buldhana-6"},"geometry":{"type":"Polygon","coordinates":[[[76.7203048,21.288508],[76.723231,21.2894067],[76.7258838,21.2805695],[76.7322561,21.2771885],[76.7362775,21.2618206],[76.7421707,21.2600504],[76.7485507,21.2506221],[76.7411863,21.2405553],[76.7478254,21.2269981],[76.7459576,21.2232269],[76.7521765,21.2185052],[76.7603555,21.2207457],[76.7670976,21.1919595],[76.7754387,21.1906407],[76.780966,21.1940143],[76.7821463,21.1915791],[76.771247,21.1827849],[76.7781329,21.1646774],[76.7757248,21.1646025],[76.7717366,21.1493908],[76.7791608,21.1475031],[76.7756947,21.1405197],[76.7808377,21.1368641],[76.7845597,21.1252209],[76.7906829,21.1208918],[76.7876413,21.1149601],[76.7889641,21.1051397],[76.7829406,21.0910829],[76.7732865,21.0845342],[76.7765221,21.0737666],[76.7847686,21.0720068],[76.7814428,21.0523497],[76.7753732,21.052286],[76.7750456,21.0467383],[76.7637074,21.0386439],[76.7713666,21.0368743],[76.7724166,21.0251507],[76.7754223,21.0240898],[76.7781034,21.0283682],[76.793785,21.0270981],[76.7932281,21.0238289],[76.7980245,21.0192621],[76.7959887,21.005012],[76.7791933,21.0000507],[76.7759095,20.9963282],[76.7767122,20.9899197],[76.7840158,20.9866285],[76.7838604,20.9738222],[76.805966,20.9718658],[76.8117273,20.9676236],[76.8082204,20.9653293],[76.8112196,20.9614389],[76.8091613,20.956578],[76.7891302,20.9625346],[76.7870278,20.9418893],[76.7812306,20.9395289],[76.7760375,20.9316902],[76.7882902,20.92577],[76.7877154,20.9173582],[76.790308,20.9171511],[76.7841354,20.9080559],[76.7752572,20.9089643],[76.7801404,20.9151293],[76.774442,20.9212207],[76.7670985,20.923421],[76.7540763,20.9210977],[76.7444837,20.928618],[76.7332031,20.9212032],[76.7189162,20.9174024],[76.7088182,20.9209792],[76.6911173,20.9178376],[76.6980878,20.9127174],[76.695749,20.9065503],[76.7061149,20.9078477],[76.7086159,20.9014387],[76.7173267,20.8987479],[76.7175966,20.892413],[76.726709,20.8836079],[76.7328442,20.8882488],[76.7451759,20.8866034],[76.7467399,20.8708823],[76.7533777,20.8738305],[76.7543745,20.8651007],[76.7634022,20.8576851],[76.7510183,20.8351753],[76.7536632,20.8254848],[76.7457327,20.8223433],[76.7445343,20.7971496],[76.7647033,20.7930661],[76.7726207,20.7777602],[76.7702973,20.762805],[76.7578241,20.7524465],[76.7540137,20.7386465],[76.7556807,20.7304091],[76.7624252,20.7269751],[76.7632541,20.7217654],[76.7493247,20.7154348],[76.7354209,20.7157],[76.7327782,20.6964269],[76.726317,20.6999669],[76.7228315,20.6899624],[76.7393798,20.6872077],[76.7390083,20.6672074],[76.7331319,20.6574004],[76.7558954,20.6560041],[76.759741,20.6499447],[76.7499448,20.6301389],[76.7700555,20.6264756],[76.7610669,20.6039499],[76.7808209,20.6032938],[76.788366,20.5940681],[76.787889,20.5875878],[76.777195,20.5872184],[76.7689039,20.575957],[76.7816036,20.5726905],[76.771149,20.5402657],[76.7704399,20.5178627],[76.7601999,20.5101041],[76.7524043,20.5112426],[76.7516919,20.5019315],[76.7466948,20.4954642],[76.7344604,20.4930967],[76.7378511,20.4965976],[76.7347571,20.5119104],[76.7160206,20.5153302],[76.705666,20.4863049],[76.709992,20.4720954],[76.6990104,20.4699719],[76.6932963,20.4595299],[76.7134407,20.4384123],[76.7127699,20.4187333],[76.7217524,20.415483],[76.7264913,20.4064269],[76.7237845,20.3906369],[76.7096732,20.3852996],[76.7006066,20.3536926],[76.728379,20.3429186],[76.7269491,20.3373022],[76.7344899,20.3397283],[76.7438188,20.3374825],[76.7444845,20.3275909],[76.7534876,20.3267824],[76.765293,20.3166768],[76.7680129,20.3216871],[76.7923456,20.3141653],[76.7882653,20.3081663],[76.786002,20.2899085],[76.7902966,20.2870171],[76.8059334,20.2882823],[76.8116695,20.2779652],[76.8194207,20.2805595],[76.8258869,20.2714344],[76.8207958,20.2613625],[76.8247034,20.2492426],[76.8213122,20.2347091],[76.8140328,20.227564],[76.8109265,20.21933],[76.7954038,20.2185998],[76.785291,20.2036131],[76.768276,20.209358],[76.7524136,20.2088742],[76.7464236,20.2057827],[76.7452265,20.195751],[76.7503385,20.177533],[76.7482918,20.165428],[76.7620025,20.1589598],[76.7580369,20.1319557],[76.7315329,20.1250647],[76.7204491,20.1269344],[76.6957877,20.1216574],[76.6693573,20.1260003],[76.6667527,20.1194221],[76.6582834,20.1134592],[76.6600368,20.0986092],[76.6513019,20.0890035],[76.6484581,20.0695637],[76.6338713,20.074085],[76.6340018,20.0804927],[76.6304611,20.0822081],[76.6242682,20.0524817],[76.6629723,20.0476603],[76.6584988,20.0038398],[76.6455277,19.9846911],[76.6599023,19.9790746],[76.6591437,19.9648385],[76.6464211,19.9648865],[76.6366379,19.9594347],[76.6343935,19.9536],[76.6364529,19.9336833],[76.628493,19.9256455],[76.6230518,19.9231676],[76.6073695,19.9249331],[76.6058942,19.9227122],[76.6114203,19.9163426],[76.6136905,19.9048688],[76.6110197,19.8931066],[76.6243083,19.8895364],[76.6332394,19.8993118],[76.6541284,19.9004909],[76.6593325,19.8900101],[76.6477301,19.8677201],[76.6328893,19.8674319],[76.6253297,19.8503559],[76.6147644,19.8388365],[76.609395,19.8383633],[76.6016976,19.8429818],[76.5696494,19.8453687],[76.5654092,19.8396196],[76.5363034,19.8471618],[76.5320381,19.8665851],[76.5169767,19.8742202],[76.5184056,19.8776054],[76.5064893,19.8780058],[76.5018906,19.8887839],[76.4927616,19.893795],[76.4906545,19.907661],[76.4932732,19.9191359],[76.4900823,19.9202913],[76.462472,19.9195173],[76.4480886,19.9229812],[76.4414584,19.917896],[76.4052853,19.9197977],[76.4023559,19.910175],[76.3939332,19.9054952],[76.3873855,19.9086112],[76.3839296,19.9169643],[76.3660225,19.9285008],[76.3548497,19.9101657],[76.3544444,19.8976642],[76.3465984,19.8927157],[76.3423011,19.8944433],[76.3364622,19.883684],[76.327109,19.8858379],[76.3154152,19.8772395],[76.3001361,19.8775975],[76.2944801,19.8719838],[76.2554322,19.8762915],[76.2522922,19.8723639],[76.240213,19.8714471],[76.2295321,19.865175],[76.2150993,19.8679394],[76.2075364,19.8639424],[76.1968255,19.8653994],[76.1929087,19.8574276],[76.1863207,19.8551151],[76.1820669,19.8488193],[76.1658634,19.8546861],[76.1639902,19.8527924],[76.1483926,19.855949],[76.147667,19.843885],[76.1353254,19.8467728],[76.1357344,19.8519522],[76.1293314,19.8650198],[76.1207422,19.8645071],[76.1184827,19.8600936],[76.0992594,19.8572581],[76.0928243,19.8720538],[76.0814238,19.8802986],[76.0811168,19.9125369],[76.0586955,19.9193538],[76.0574933,19.9298083],[76.0477436,19.936221],[76.0509961,19.9391055],[76.050237,19.9427333],[76.0402207,19.946599],[76.0409023,19.949671],[76.0258506,19.9481987],[76.0270421,19.9504386],[76.0112638,19.9537565],[76.0115532,19.9734654],[76.0012084,19.9710689],[75.9954051,19.9754961],[75.9906948,19.9738107],[75.9881196,19.9800253],[75.971784,19.9826695],[75.9666542,19.9876822],[75.9636665,19.9973514],[75.9656484,20.0027899],[75.9860913,20.0047326],[75.9987528,20.0122514],[76.0053077,20.0123821],[76.0124401,20.0224342],[76.0233193,20.0242983],[76.0191858,20.0571602],[76.0212214,20.0590977],[76.0518704,20.0621207],[76.0685597,20.0718636],[76.0626128,20.0842521],[76.0524366,20.0852528],[76.0557688,20.0973916],[76.0807369,20.1002335],[76.0842378,20.0979873],[76.0865621,20.1002935],[76.0879799,20.0958124],[76.0946788,20.0962585],[76.0989665,20.1146507],[76.0984457,20.1302752],[76.1057851,20.1343341],[76.1084131,20.1484424],[76.1054126,20.1531424],[76.1082417,20.1609521],[76.1194222,20.1608555],[76.1212825,20.1683575],[76.1248613,20.1704275],[76.1236725,20.1733685],[76.1337277,20.1858806],[76.1321383,20.1970999],[76.1451428,20.199584],[76.1488951,20.2046834],[76.1329266,20.2224448],[76.1385981,20.2302928],[76.1506273,20.2374292],[76.1663851,20.2384342],[76.1692458,20.2572307],[76.1732669,20.2604819],[76.1734396,20.2655323],[76.1778194,20.2660389],[76.1938218,20.3001537],[76.1742772,20.3019267],[76.1687497,20.2951061],[76.1550532,20.302752],[76.1413616,20.30071],[76.1429217,20.3050919],[76.1464814,20.3057802],[76.1468555,20.3112703],[76.1365487,20.3183768],[76.1298236,20.3172856],[76.1296361,20.3215139],[76.1247223,20.3249583],[76.1268511,20.34352],[76.1221585,20.3423876],[76.1194107,20.3466202],[76.1147179,20.3460315],[76.1063653,20.3541304],[76.0986582,20.3543977],[76.0980467,20.3488135],[76.0942601,20.3472334],[76.0897373,20.3515675],[76.093032,20.3580821],[76.0860119,20.3603701],[76.0857717,20.3652372],[76.0760819,20.358097],[76.0717114,20.3494126],[76.0468266,20.3371243],[76.0320786,20.3082531],[76.0269491,20.2891961],[76.0014713,20.2907402],[76.0043822,20.3064343],[75.9942185,20.3105671],[75.9763405,20.3078474],[75.9757846,20.3132861],[75.9678156,20.3160476],[75.9492625,20.2986326],[75.9311456,20.3013207],[75.9261668,20.3076887],[75.923094,20.3204464],[75.928853,20.3257571],[75.933879,20.3387747],[75.9406807,20.3421408],[75.9416431,20.3689084],[75.9574092,20.3656825],[75.9593016,20.3706868],[75.9668332,20.3729515],[75.9624168,20.3823918],[75.9537298,20.3859338],[75.9495198,20.3941351],[75.9475296,20.4130177],[75.9438781,20.414972],[75.9410059,20.4269527],[75.9446531,20.4423454],[75.9550778,20.4522765],[75.9570258,20.4645433],[75.9528673,20.4650019],[75.9548725,20.4730154],[75.9484621,20.473801],[75.9411942,20.4919477],[75.9408989,20.5021486],[75.9477032,20.5094231],[75.950058,20.5191929],[75.9610587,20.5257191],[75.9685218,20.5230443],[75.9726694,20.5318201],[75.9908781,20.5311031],[75.991819,20.5354824],[76.0004643,20.5295073],[76.008673,20.5387776],[76.0105337,20.5326477],[76.017379,20.5303783],[76.0158242,20.5502701],[76.0301309,20.555569],[76.036291,20.5547489],[76.0364858,20.5718196],[76.0415981,20.5789082],[76.0366711,20.5875359],[76.0400978,20.6062809],[76.0304289,20.6233641],[76.0321242,20.6367007],[76.0250644,20.638686],[76.0225459,20.6452208],[76.0083445,20.6432779],[76.0032543,20.6564274],[75.9951735,20.6624919],[76.0015455,20.677779],[76.0014912,20.6866375],[75.997115,20.688912],[75.9942852,20.6989467],[75.997557,20.7137706],[76.0137183,20.7189461],[76.0164056,20.7229108],[76.0154141,20.7308373],[76.0119566,20.7312729],[76.0073699,20.7414416],[75.996732,20.7407216],[75.9844147,20.7525891],[75.9852801,20.7608397],[75.9936942,20.7638879],[75.995949,20.7780854],[76.0106232,20.7798322],[76.0126246,20.784865],[76.0450518,20.7844938],[76.0494218,20.7890404],[76.0489107,20.7933327],[76.0556369,20.8019311],[76.0491569,20.80894],[76.0486473,20.815863],[76.0532826,20.8169321],[76.0559482,20.8219294],[76.0538928,20.8228483],[76.0575565,20.8257453],[76.0615717,20.8250996],[76.0651979,20.8304256],[76.0720228,20.8319022],[76.0734458,20.8455884],[76.0776952,20.8466344],[76.0816179,20.8555132],[76.091678,20.8635968],[76.0903957,20.865367],[76.0989336,20.8752267],[76.1070443,20.8786428],[76.113144,20.8904295],[76.1135458,20.8927387],[76.1072107,20.8922591],[76.0987065,20.9020609],[76.0778372,20.9086512],[76.0799784,20.9281918],[76.0863961,20.9276714],[76.0898108,20.9437768],[76.1116654,20.9508052],[76.1179384,20.9757952],[76.1373324,20.9841018],[76.1497562,20.9989914],[76.1576123,21.0022125],[76.1646183,21.0225833],[76.159959,21.0265689],[76.1628772,21.0273092],[76.1655578,21.0363753],[76.1705454,21.0282553],[76.1908338,21.0209726],[76.2000121,21.0112899],[76.211076,21.0065886],[76.223778,21.0062092],[76.2384078,20.9903605],[76.2516366,20.9881576],[76.2661907,20.9801488],[76.2770708,20.9678564],[76.2793433,20.9573959],[76.2991108,20.9577012],[76.3188825,20.9509693],[76.3449566,20.9512597],[76.3459922,20.9566664],[76.3522052,20.9568734],[76.3513788,20.9608496],[76.3665726,20.9778033],[76.3803756,20.9770224],[76.3900784,21.0150674],[76.3879446,21.0149959],[76.3961764,21.0239379],[76.3979327,21.0354922],[76.3880857,21.056246],[76.3851467,21.0819421],[76.391839,21.0861905],[76.4131944,21.0884224],[76.4106957,21.1024363],[76.4378272,21.1004683],[76.4410493,21.1062026],[76.4544913,21.1077276],[76.4561346,21.1115429],[76.4519745,21.1207894],[76.459044,21.1333216],[76.4701972,21.1340479],[76.4743682,21.13768],[76.468231,21.1383525],[76.4665776,21.1419978],[76.4783938,21.1470898],[76.4805942,21.1818657],[76.4905932,21.1921511],[76.5012117,21.1936716],[76.5029085,21.1874641],[76.5077355,21.1921058],[76.529043,21.1823879],[76.5658514,21.1994704],[76.5995521,21.1907497],[76.6121262,21.192568],[76.6234887,21.1850389],[76.6369386,21.2019551],[76.6348112,21.2191024],[76.6417641,21.2370369],[76.6494305,21.244425],[76.6618501,21.2424144],[76.6628447,21.2803205],[76.6770474,21.283062],[76.6864595,21.2887554],[76.7119611,21.284467],[76.7173826,21.285263],[76.7176986,21.2895053],[76.7203048,21.288508]]]}},{"type":"Feature","properties":{"district":"Chandrapur","name":"Chandrapur District","layerType":"district","_id":"district-mh-all-chandrapur-7"},"geometry":{"type":"Polygon","coordinates":[[[79.7923084,20.7140647],[79.7936724,20.7067919],[79.7992064,20.7004061],[79.8360113,20.6831541],[79.852812,20.6810828],[79.8690238,20.6873495],[79.8871429,20.688821],[79.9350692,20.6643541],[79.9372119,20.6497999],[79.9297447,20.6405549],[79.9408309,20.6316317],[79.939245,20.6003747],[79.9356986,20.5768013],[79.9257964,20.554437],[79.9314738,20.5466576],[79.9460732,20.5394914],[79.9520603,20.5281193],[79.9492848,20.4938843],[79.9432031,20.4776341],[79.9399571,20.4427157],[79.9416317,20.4371467],[79.9605065,20.419601],[79.9651561,20.4107483],[79.9583811,20.380525],[79.9698454,20.3650878],[79.972101,20.3537036],[79.9701741,20.3450641],[79.9482763,20.3230685],[79.9437403,20.3062834],[79.9437069,20.2879335],[79.9479989,20.2803251],[79.9790575,20.2512261],[79.9905958,20.2318295],[79.99214,20.2231201],[79.9897836,20.2128824],[79.9833514,20.2083365],[79.9583737,20.2034912],[79.9344109,20.1922128],[79.9186642,20.1692849],[79.9123343,20.1513382],[79.9140586,20.1424268],[79.9309885,20.1296263],[79.9641863,20.1217377],[79.9715712,20.11214],[79.9801348,20.0872193],[79.9890705,20.0425832],[79.9814963,20.0274519],[79.9522196,19.989896],[79.9205359,19.9691923],[79.8997436,19.9685802],[79.8749163,19.9836153],[79.8579805,20.0264187],[79.8494283,20.0303347],[79.8278029,20.0300015],[79.8145942,20.0274192],[79.7879068,20.0100832],[79.7790308,19.9975428],[79.7717069,19.9757195],[79.770385,19.9637016],[79.8006053,19.908694],[79.8031524,19.8929263],[79.7459927,19.8373763],[79.7409239,19.8222932],[79.7413384,19.8124887],[79.744146,19.7881487],[79.7539537,19.7572063],[79.7836331,19.7205856],[79.7859245,19.6429972],[79.7934835,19.6063721],[79.8093048,19.5820398],[79.8080771,19.5798722],[79.7985834,19.5819666],[79.7766936,19.6004996],[79.7419999,19.6083516],[79.7089997,19.5844783],[79.6418162,19.5772437],[79.6258307,19.5717134],[79.6136241,19.5585061],[79.6035475,19.516431],[79.5976122,19.5079606],[79.5859038,19.5084755],[79.5522287,19.5249465],[79.5450576,19.5513257],[79.5393563,19.5545685],[79.5186108,19.5431092],[79.5191399,19.5213184],[79.5028676,19.5120398],[79.4981162,19.5056304],[79.4834176,19.5062569],[79.4728776,19.5009119],[79.4689616,19.5095738],[79.4333843,19.5372125],[79.4225599,19.5380427],[79.4211286,19.5300098],[79.4055146,19.535542],[79.3917463,19.5528729],[79.3723419,19.5620529],[79.3660966,19.575539],[79.3202007,19.5768233],[79.3185371,19.5677009],[79.3136344,19.5665772],[79.3105642,19.5702616],[79.3068405,19.596556],[79.2843625,19.5955234],[79.2729492,19.5988396],[79.2510977,19.6158705],[79.2435571,19.6166889],[79.2386432,19.6061707],[79.2434254,19.5965665],[79.252931,19.5916811],[79.2510256,19.5774996],[79.2377871,19.5576658],[79.2399941,19.535376],[79.2337282,19.5200092],[79.2223133,19.5208055],[79.2087017,19.5073146],[79.2046557,19.4912128],[79.2071503,19.4854541],[79.2219824,19.4731419],[79.2230949,19.4682639],[79.1916576,19.4591689],[79.180828,19.4615859],[79.1683912,19.4720775],[79.1618287,19.4878142],[79.1376107,19.5012323],[79.1331087,19.5078261],[79.1209302,19.5120009],[79.1143432,19.5197591],[79.1053884,19.5223782],[79.0980345,19.5320268],[79.0756876,19.5330903],[79.0460115,19.5483257],[79.0240374,19.5417806],[78.9993938,19.5399991],[78.9978707,19.5485604],[78.9812519,19.5608394],[78.9744217,19.5495516],[78.9413142,19.5513826],[78.9376727,19.5618737],[78.9525432,19.5649779],[78.9648689,19.5735836],[78.9726148,19.5837267],[78.9720161,19.5895994],[78.959144,19.595466],[78.9554916,19.6013709],[78.9553468,19.6183592],[78.9618498,19.6374436],[78.9557049,19.6553587],[78.9449798,19.661402],[78.9197241,19.662004],[78.9198646,19.6669743],[78.9041562,19.6698783],[78.8864462,19.6624532],[78.8899397,19.6582863],[78.8861227,19.6549631],[78.8680942,19.6590251],[78.8520399,19.6582985],[78.8557205,19.6855374],[78.8595998,19.6895062],[78.8494523,19.7219097],[78.8511496,19.7361262],[78.8479521,19.735497],[78.8407442,19.7612475],[78.8562823,19.7713044],[78.8783385,19.7672102],[78.8813777,19.7641073],[78.87929,19.7491001],[78.9006773,19.7373401],[78.9244771,19.7484617],[78.9468034,19.7489237],[78.9503311,19.7528784],[78.9503009,19.759812],[78.9389221,19.771016],[78.9376438,19.7787313],[78.9549908,19.8008978],[78.9684202,19.8070473],[79.0025167,19.8075149],[79.0222898,19.8002609],[79.029381,19.8038447],[79.035231,19.8170767],[79.0432953,19.8220537],[79.0612236,19.8170803],[79.0719439,19.8179327],[79.0857282,19.8302969],[79.089239,19.8424436],[79.099346,19.8430362],[79.1109954,19.849803],[79.118267,19.8612473],[79.1331663,19.8672711],[79.1490746,19.8948787],[79.1479139,19.8975191],[79.110413,19.9061612],[79.1010077,19.9175637],[79.0918389,19.9166232],[79.0890314,19.9482095],[79.1029877,19.9584522],[79.1089379,19.9709554],[79.107999,19.9737672],[79.0938781,19.9779363],[79.0920237,19.9819947],[79.1016248,19.9899078],[79.1116354,19.9907919],[79.1080758,20.0074863],[79.0813338,20.0259975],[79.0795943,20.0420975],[79.0720567,20.0545385],[79.072014,20.0648942],[79.0670542,20.0707891],[79.0586692,20.066054],[79.045955,20.0681162],[79.0436001,20.0728777],[79.0480615,20.0822023],[79.0468834,20.0875519],[79.0329849,20.0950428],[79.021213,20.1104129],[79.0006185,20.1259977],[78.9903004,20.1291728],[78.9771792,20.1243973],[78.969448,20.1285966],[78.9694535,20.1441958],[78.9794867,20.1471755],[78.9810288,20.1507942],[78.971847,20.1633149],[78.9541065,20.1712583],[78.9576647,20.1830592],[78.9544554,20.1933129],[78.961694,20.2040788],[78.9616295,20.2092314],[78.9394637,20.2203149],[78.937503,20.229338],[78.9227406,20.2384841],[78.9206674,20.2535119],[78.910265,20.2555388],[78.8948311,20.2495646],[78.8580914,20.254079],[78.8206047,20.2500469],[78.8125034,20.2563187],[78.8130356,20.2644884],[78.8200941,20.2732744],[78.8197236,20.2775546],[78.7997497,20.2993476],[78.8060503,20.310685],[78.8290513,20.31979],[78.8319862,20.3284283],[78.8306013,20.3362926],[78.8197577,20.3510278],[78.8258283,20.3628822],[78.8200886,20.3729032],[78.8169075,20.396087],[78.818575,20.4030147],[78.843444,20.4065783],[78.8516827,20.4149467],[78.8342545,20.4255559],[78.843492,20.4345446],[78.8543878,20.4269296],[78.8540561,20.4229365],[78.8635037,20.4220682],[78.8839093,20.4275872],[78.9001034,20.4374994],[78.9096206,20.4315682],[78.9531896,20.4287899],[78.9655659,20.4456705],[78.9668684,20.4604963],[78.9797555,20.4588227],[78.9891808,20.4644194],[79.0011434,20.452564],[79.0077889,20.4575013],[79.0103101,20.4659648],[79.0229505,20.4833396],[79.0433833,20.4778978],[79.0519054,20.4665276],[79.0619678,20.4691149],[79.0981281,20.4633862],[79.101646,20.4575732],[79.1180457,20.4515219],[79.1325016,20.4570672],[79.1395997,20.4807175],[79.151977,20.4825787],[79.1575669,20.478708],[79.166005,20.4927352],[79.1699052,20.513736],[79.1808316,20.5126553],[79.1853538,20.5268851],[79.1942511,20.5390773],[79.2135891,20.5475907],[79.2166085,20.5516643],[79.2230815,20.5850503],[79.2499602,20.5911996],[79.2627598,20.587596],[79.2746268,20.5902522],[79.2832156,20.5883962],[79.2921715,20.5928894],[79.3140415,20.583602],[79.3222234,20.5844349],[79.3298095,20.5938648],[79.3348,20.620515],[79.3472587,20.6383077],[79.3466018,20.6432812],[79.3419119,20.6443681],[79.3546401,20.6548041],[79.3563431,20.6612731],[79.3491537,20.6672519],[79.3486654,20.6750571],[79.368874,20.6759109],[79.3721326,20.6815293],[79.3786808,20.6838558],[79.3885588,20.6793814],[79.3888804,20.6658192],[79.3975567,20.6626838],[79.3975887,20.6602551],[79.4187725,20.6605285],[79.4295735,20.6643636],[79.4361357,20.6618651],[79.4696564,20.6816018],[79.4732453,20.6893043],[79.4802372,20.6917423],[79.4898675,20.7089043],[79.5044919,20.7019205],[79.5057105,20.7081086],[79.5152154,20.7093807],[79.5201294,20.7138667],[79.5368819,20.7057312],[79.5639299,20.7074774],[79.5671689,20.6971224],[79.5756832,20.6973149],[79.5904616,20.6912247],[79.600909,20.6913774],[79.6081438,20.6963794],[79.6138784,20.6910233],[79.6194281,20.6764874],[79.6506927,20.6709574],[79.6616834,20.6648078],[79.663983,20.6536368],[79.679602,20.6503461],[79.6932734,20.6413977],[79.7001795,20.6471247],[79.6924005,20.6678119],[79.6930295,20.6730568],[79.7127705,20.6875405],[79.7330607,20.6843506],[79.7505788,20.6880696],[79.7586973,20.7064494],[79.7591164,20.7094012],[79.7531017,20.713467],[79.7581191,20.7348605],[79.7808761,20.7266644],[79.7914695,20.7188326],[79.7923084,20.7140647]]]}},{"type":"Feature","properties":{"district":"Dhule","name":"Dhule District","layerType":"district","_id":"district-mh-all-dhule-8"},"geometry":{"type":"Polygon","coordinates":[[[74.8650537,21.6286209],[74.8720757,21.6317415],[74.8785864,21.628716],[74.8862003,21.6314651],[74.9005548,21.6292403],[74.9102319,21.6147606],[74.9797674,21.5950039],[75.0153324,21.5752345],[75.014641,21.5699056],[75.052134,21.5654549],[75.0886217,21.5166549],[75.0889207,21.5012017],[75.0969542,21.4889306],[75.1071648,21.4626949],[75.1283046,21.4479605],[75.1820422,21.4293141],[75.2065577,21.4130994],[75.1854463,21.4106255],[75.1732642,21.4017275],[75.1585299,21.4028811],[75.1501335,21.3872525],[75.1384586,21.3828584],[75.1360198,21.3612614],[75.1480016,21.3490489],[75.1414134,21.3451415],[75.1362368,21.3496025],[75.1265757,21.3490363],[75.120934,21.3446602],[75.1207754,21.3401676],[75.152943,21.3253153],[75.1471881,21.3167775],[75.1361012,21.3155257],[75.1395253,21.3018781],[75.1384495,21.2905876],[75.1277192,21.2830868],[75.1284426,21.2693993],[75.1149795,21.2606417],[75.106743,21.2411995],[75.0998782,21.2333241],[75.0893514,21.2330232],[75.0871703,21.227525],[75.067553,21.2250506],[75.0592737,21.2202839],[75.0551537,21.2118341],[75.0442831,21.210358],[75.0377539,21.1916047],[75.0178446,21.1916784],[75.0034392,21.186081],[74.9978078,21.1876064],[74.9839797,21.1999464],[74.9741372,21.2200099],[74.9654885,21.2235174],[74.951662,21.2215703],[74.9459535,21.2251496],[74.9441813,21.2233275],[74.947898,21.2174376],[74.9595006,21.2124182],[74.9598397,21.2077132],[74.9501841,21.2008698],[74.9636065,21.1985551],[74.9639624,21.1946421],[74.9494019,21.1778766],[74.9357414,21.1716076],[74.9341554,21.1658342],[74.9104179,21.1630964],[74.8933332,21.1482979],[74.884075,21.1255164],[74.8861716,21.115088],[74.8693681,21.1012099],[74.8727439,21.0911123],[74.8710297,21.0850175],[74.8577682,21.0611431],[74.8628632,21.0531647],[74.8894473,21.0514674],[74.8925234,21.0393105],[74.9097141,21.0307631],[74.9185144,21.0140685],[74.9153172,21.0016035],[74.9166748,20.9911499],[74.9268197,20.9805108],[74.9272302,20.9734105],[74.9312007,20.9691775],[74.9290335,20.9629448],[74.9111539,20.9636757],[74.9123587,20.9295492],[74.9336643,20.9262252],[74.9349098,20.9168241],[74.9483333,20.9144138],[74.9545127,20.9013494],[74.9610604,20.9018959],[74.9591373,20.8923658],[74.9634055,20.8839363],[74.9665733,20.8837018],[74.9683847,20.8764885],[74.9641519,20.857419],[74.9698986,20.8464132],[74.9778184,20.844121],[74.9847001,20.8275448],[74.9839788,20.8214595],[74.9666334,20.819159],[74.9590198,20.8027897],[74.989608,20.7638226],[74.9894076,20.7387039],[74.9865949,20.7347698],[74.9815071,20.7351112],[74.9775148,20.7283887],[74.9710758,20.7275877],[74.961824,20.7208554],[74.9480784,20.721634],[74.9549442,20.7158568],[74.9504091,20.7055345],[74.9559443,20.6893068],[74.9419781,20.6808419],[74.940524,20.6721176],[74.9304592,20.6561834],[74.8992405,20.6562968],[74.8990573,20.6502212],[74.8876726,20.642442],[74.8741128,20.6431109],[74.8539477,20.6344246],[74.8406513,20.6366904],[74.839876,20.6323176],[74.8303064,20.6329209],[74.8229447,20.6277291],[74.8137228,20.6319055],[74.8094384,20.638093],[74.8004448,20.6380347],[74.8013559,20.6602489],[74.7875237,20.660995],[74.7803651,20.6663162],[74.7724154,20.6627909],[74.7701708,20.6673363],[74.7691664,20.6627027],[74.7602589,20.6680067],[74.7568419,20.6653734],[74.7544533,20.6678115],[74.7490911,20.6666941],[74.7449402,20.6708017],[74.7387979,20.6661022],[74.7332655,20.6740814],[74.731054,20.6731818],[74.7337047,20.6767748],[74.7201433,20.6772955],[74.7087756,20.6858733],[74.6735669,20.69401],[74.6515125,20.6937708],[74.658506,20.7182497],[74.6524967,20.7275737],[74.6601849,20.7379419],[74.658242,20.7492527],[74.6540702,20.7547058],[74.6617445,20.7620739],[74.664468,20.7740517],[74.6332744,20.7830378],[74.6291788,20.7935232],[74.6193231,20.8039587],[74.5730436,20.8186726],[74.5726164,20.8309131],[74.5633379,20.8235966],[74.5414786,20.8290169],[74.5364339,20.8348286],[74.530262,20.8297766],[74.5248213,20.8146837],[74.5118772,20.8084506],[74.5084717,20.8085926],[74.5053293,20.8188796],[74.4939211,20.8188405],[74.4913319,20.8152879],[74.482498,20.8211729],[74.4842514,20.8278736],[74.4808113,20.8337765],[74.4748208,20.8271097],[74.4760585,20.82036],[74.4664218,20.8192261],[74.456693,20.8123508],[74.4496066,20.8154958],[74.4421091,20.808122],[74.4433308,20.8020277],[74.4398251,20.798498],[74.405785,20.8180788],[74.4007394,20.8279102],[74.3977794,20.8272322],[74.3975616,20.8308016],[74.3872298,20.8386477],[74.4029043,20.8375827],[74.4038135,20.8407359],[74.3960865,20.8512152],[74.396246,20.8609728],[74.3927263,20.854737],[74.3865017,20.8569358],[74.3878877,20.8517007],[74.3854547,20.8535136],[74.3826869,20.8496205],[74.3848832,20.8420206],[74.3734456,20.8405377],[74.3715335,20.8439825],[74.3572198,20.8454377],[74.3524253,20.8503511],[74.3571206,20.8523312],[74.3557967,20.8590532],[74.3523688,20.8565828],[74.3508904,20.8584843],[74.3468304,20.8475655],[74.3388974,20.8496241],[74.3369226,20.8371464],[74.333377,20.8365595],[74.3253822,20.8481442],[74.3222277,20.8489361],[74.3148414,20.8429498],[74.2924438,20.8554314],[74.2737185,20.8531723],[74.275263,20.850798],[74.2659858,20.8515553],[74.2583172,20.8538075],[74.2561407,20.8594809],[74.2517496,20.8595314],[74.2435034,20.8501764],[74.2335974,20.8488922],[74.2277293,20.8503496],[74.2244111,20.8567202],[74.2089121,20.8550837],[74.2015868,20.859548],[74.1960024,20.8551903],[74.1913671,20.8591069],[74.1593107,20.8621123],[74.1589339,20.8522448],[74.1480891,20.8504312],[74.1290047,20.8641359],[74.1204257,20.8608747],[74.1166709,20.8629224],[74.1114372,20.8550112],[74.1040205,20.8551135],[74.1001351,20.8500795],[74.1025036,20.8453626],[74.0971501,20.8410246],[74.0774468,20.8486437],[74.0631496,20.848939],[74.0438841,20.8347145],[74.0322094,20.8409533],[74.0261979,20.8521049],[74.0177312,20.8444455],[74.0152435,20.8538122],[74.0125162,20.8421018],[74.006635,20.836405],[74.0021856,20.8428427],[73.980104,20.8478698],[73.9666369,20.8544339],[73.9626355,20.8425143],[73.9478994,20.8388994],[73.9299088,20.8422488],[73.9237242,20.8513778],[73.925726,20.8885042],[73.9175382,20.9077812],[73.8978451,20.9228825],[73.8883628,20.9353842],[73.8923119,20.9557107],[73.8986299,20.9599821],[73.9072647,20.9596689],[73.9084635,20.966917],[73.903629,20.9717793],[73.9013456,20.9817401],[73.886314,20.9804638],[73.8694601,20.9860641],[73.8512049,20.9976349],[73.8508937,21.0056726],[73.8566277,21.0202237],[73.8547351,21.0316875],[73.8745654,21.0307938],[73.8821878,21.0262305],[73.8944752,21.0346876],[73.9062212,21.0364643],[73.9071811,21.0435974],[73.9099006,21.0376151],[73.9298051,21.0390238],[73.9481832,21.0315181],[73.9543005,21.0391889],[73.9552579,21.051319],[73.9458949,21.060684],[73.9480868,21.0714583],[73.944613,21.0769025],[73.9556931,21.1010493],[73.9746146,21.113546],[73.9999611,21.1208825],[74.0107768,21.127669],[74.0160625,21.131078],[74.0198629,21.1413729],[74.0354155,21.1447985],[74.0489829,21.1362515],[74.0480084,21.1296041],[74.0698569,21.1297695],[74.0840679,21.1127482],[74.097248,21.1104426],[74.0991572,21.121876],[74.0967403,21.1282122],[74.093653,21.1316019],[74.0782653,21.133031],[74.0751152,21.136633],[74.0768586,21.1515218],[74.0675156,21.1566263],[74.0571813,21.1699774],[74.0697779,21.1754959],[74.0870957,21.1944583],[74.1021533,21.1980005],[74.1108818,21.2082327],[74.1200448,21.2129532],[74.1460305,21.2068982],[74.1493959,21.2102981],[74.1468091,21.2148568],[74.144298,21.2135144],[74.1437767,21.2201477],[74.1554789,21.2255381],[74.157888,21.2307845],[74.1641691,21.2253364],[74.1602161,21.2195445],[74.1634066,21.21487],[74.1791809,21.2097857],[74.1852178,21.2187586],[74.1895196,21.2175404],[74.1905065,21.2210026],[74.2094616,21.2214799],[74.2191062,21.2398649],[74.2318195,21.239832],[74.2460048,21.2481672],[74.2673273,21.2493592],[74.2840706,21.2397052],[74.2990618,21.238007],[74.3171384,21.2480146],[74.3171643,21.2301452],[74.3276797,21.2329887],[74.3420636,21.2293499],[74.3566999,21.2322782],[74.3556657,21.2522005],[74.3879987,21.2557855],[74.3994903,21.264878],[74.4110532,21.2666773],[74.4102858,21.2574465],[74.4318723,21.2611849],[74.4318872,21.2560192],[74.4372746,21.2549234],[74.4403379,21.2469034],[74.4343508,21.2454092],[74.4346719,21.2371133],[74.4886017,21.24242],[74.4887529,21.2510888],[74.4921923,21.2550881],[74.4881899,21.2546873],[74.4880658,21.2570695],[74.4986718,21.264358],[74.4995841,21.2793314],[74.5018887,21.2800062],[74.4918698,21.2978445],[74.4746754,21.2966291],[74.4740397,21.3038415],[74.4821213,21.3088163],[74.4773109,21.3331284],[74.4784733,21.3492352],[74.4902754,21.350033],[74.4919391,21.3699179],[74.4897287,21.3706701],[74.5084348,21.3890087],[74.5022321,21.3939583],[74.4947176,21.3923672],[74.4989695,21.3986969],[74.5019323,21.4165121],[74.4965691,21.4255762],[74.5125341,21.4297978],[74.5361874,21.426066],[74.571056,21.402754],[74.5800323,21.4055286],[74.5899537,21.4135171],[74.5996093,21.4154249],[74.6194889,21.4114056],[74.6335091,21.4017433],[74.6646055,21.407071],[74.6850365,21.4038899],[74.6976607,21.4201281],[74.6970829,21.4294503],[74.6947517,21.4284774],[74.692433,21.4328012],[74.7047379,21.4496868],[74.7009696,21.4699936],[74.7260674,21.4769505],[74.7336781,21.4727539],[74.7317993,21.4787275],[74.7534944,21.4776108],[74.7606968,21.5157361],[74.7542505,21.5273065],[74.7596602,21.5376952],[74.7584053,21.5747966],[74.7705943,21.6075202],[74.7689157,21.6160792],[74.7980182,21.6099315],[74.8016484,21.6153579],[74.8123208,21.6138444],[74.8195873,21.6086979],[74.8303981,21.6110727],[74.8308282,21.6174532],[74.8564099,21.6265024],[74.861774,21.6332132],[74.8650537,21.6286209]]]}},{"type":"Feature","properties":{"district":"Gadchiroli","name":"Gadchiroli District","layerType":"district","_id":"district-mh-all-gadchiroli-9"},"geometry":{"type":"Polygon","coordinates":[[[80.5224756,20.8344319],[80.5542982,20.8230445],[80.5617358,20.8234636],[80.5493473,20.7967939],[80.5516722,20.7642664],[80.5627599,20.7473246],[80.5603421,20.7247822],[80.5651095,20.7109372],[80.5818027,20.6974116],[80.5874983,20.6832907],[80.5803698,20.6731094],[80.5569676,20.670234],[80.544909,20.660284],[80.5321982,20.6602461],[80.5179268,20.6550623],[80.4956501,20.6368484],[80.4941495,20.6125042],[80.5043076,20.5842971],[80.521542,20.5804469],[80.5385648,20.5849092],[80.5578309,20.5943432],[80.5654917,20.603785],[80.5788249,20.6079575],[80.6014077,20.608793],[80.6115773,20.600859],[80.6310317,20.5987954],[80.617612,20.5861995],[80.6246765,20.5790323],[80.6209695,20.5702571],[80.6251368,20.5690648],[80.6264747,20.563284],[80.623727,20.5553624],[80.619378,20.5556514],[80.6157675,20.5506653],[80.6205485,20.533919],[80.6174809,20.5157994],[80.619295,20.505854],[80.6148409,20.4932464],[80.612787,20.4632036],[80.6021742,20.4499606],[80.6034439,20.4457158],[80.6128894,20.4387114],[80.6133833,20.4341951],[80.6083469,20.4244481],[80.6012732,20.4190641],[80.5917161,20.3936128],[80.5964121,20.3841382],[80.6103414,20.3755452],[80.6093792,20.370279],[80.6159028,20.3599098],[80.6149168,20.3527016],[80.6257967,20.3369215],[80.6262276,20.3318586],[80.621809,20.3250995],[80.6105238,20.3184037],[80.5862347,20.3175556],[80.5611066,20.3089946],[80.5485119,20.3079075],[80.5434991,20.2935271],[80.5189219,20.2667947],[80.4899113,20.2782616],[80.4669389,20.2761225],[80.4472091,20.2624635],[80.4368953,20.2611664],[80.4173838,20.2490924],[80.3949338,20.2433063],[80.3962486,20.2345488],[80.404457,20.2196071],[80.4220513,20.206799],[80.4195219,20.1955627],[80.3999592,20.1886202],[80.3961779,20.1732331],[80.3885383,20.165199],[80.4018177,20.1472443],[80.4333785,20.1353303],[80.4554484,20.1379283],[80.4545908,20.1443603],[80.4601467,20.1509382],[80.4844279,20.1439919],[80.5055945,20.1444392],[80.511961,20.1361646],[80.5309777,20.1314153],[80.5506426,20.1183178],[80.551933,20.1093259],[80.544013,20.0958341],[80.5567656,20.0728532],[80.5493148,20.0552483],[80.5509129,20.0413109],[80.5427894,20.0111592],[80.5500169,19.9998468],[80.5493376,19.9849601],[80.5376393,19.9737937],[80.5388628,19.95226],[80.531293,19.9479785],[80.5298944,19.9394673],[80.5231485,19.9336228],[80.5047441,19.9285459],[80.4891027,19.9305317],[80.480733,19.934371],[80.4796196,19.9424957],[80.4741972,19.9497957],[80.4664963,19.9481582],[80.4529024,19.9572703],[80.4304487,19.9408248],[80.4126304,19.9388136],[80.4125737,19.9246368],[80.4079537,19.9127142],[80.4138831,19.9074511],[80.4493007,19.8968898],[80.4571679,19.8989656],[80.4680627,19.9073525],[80.4925056,19.9013958],[80.4996779,19.8905341],[80.5058245,19.8706498],[80.4862872,19.8635936],[80.4825929,19.8589947],[80.4834628,19.8520942],[80.4782123,19.8388411],[80.4719028,19.8355594],[80.4690793,19.8270217],[80.4407211,19.8103338],[80.4296752,19.8071442],[80.4178473,19.8146915],[80.4032073,19.8167232],[80.4075666,19.806449],[80.4024283,19.7947845],[80.4256837,19.7986646],[80.4510972,19.7902091],[80.4634238,19.7959237],[80.4674398,19.7896156],[80.4804642,19.7817268],[80.48424,19.771905],[80.489029,19.7704104],[80.4914561,19.7785265],[80.4849679,19.8024772],[80.4767479,19.8033377],[80.4697568,19.8095005],[80.4815008,19.8276387],[80.5189484,19.8316578],[80.5457784,19.8184608],[80.5475574,19.7948972],[80.5429613,19.7787121],[80.5515955,19.7668093],[80.5717822,19.7588249],[80.5820633,19.7508178],[80.5871859,19.7409893],[80.6113859,19.7380175],[80.6267605,19.7257847],[80.6390726,19.7257014],[80.6510346,19.7107969],[80.6722163,19.7007159],[80.6735425,19.6813935],[80.6628561,19.6237394],[80.6657493,19.6116106],[80.6699436,19.6094041],[80.7146477,19.6167048],[80.7221568,19.6142825],[80.7671879,19.5889829],[80.7694283,19.5866697],[80.7670331,19.5749137],[80.7761586,19.5625125],[80.7929503,19.5611811],[80.8148814,19.5707145],[80.8347775,19.5667436],[80.839746,19.557838],[80.8394006,19.5492105],[80.8441084,19.5377117],[80.8496749,19.5344977],[80.849898,19.5289057],[80.8562074,19.5230028],[80.8726246,19.5187202],[80.8827814,19.525546],[80.8947591,19.5198201],[80.8932103,19.5072692],[80.8976843,19.4804487],[80.8936907,19.4670643],[80.8736309,19.444988],[80.8437782,19.4466257],[80.8297173,19.4428464],[80.8125271,19.4327561],[80.7955968,19.4305491],[80.8042898,19.4194606],[80.8044731,19.411953],[80.8122273,19.4063642],[80.8166481,19.3971513],[80.8173306,19.3839068],[80.8490536,19.3697379],[80.8522716,19.3646685],[80.8446926,19.354423],[80.8100738,19.3362119],[80.8060941,19.3275114],[80.7893705,19.3231514],[80.7742124,19.3135782],[80.7552923,19.2890817],[80.7431276,19.2890203],[80.7378934,19.2854424],[80.7251043,19.286872],[80.7107596,19.2817564],[80.6896992,19.2869752],[80.6892647,19.2997859],[80.6932728,19.3144088],[80.6868968,19.3257581],[80.6798969,19.3303321],[80.6534057,19.3223852],[80.6485038,19.3158975],[80.6379399,19.3134973],[80.631512,19.3071695],[80.6241378,19.3057649],[80.6125435,19.309518],[80.606999,19.3266954],[80.5900311,19.351771],[80.5883351,19.3689588],[80.5917965,19.3759141],[80.580958,19.3978865],[80.5750825,19.4024832],[80.5624785,19.3991007],[80.5438691,19.383334],[80.5203309,19.3477696],[80.5068105,19.3424178],[80.4883438,19.3417684],[80.482498,19.3381358],[80.4573626,19.2883408],[80.454735,19.2749944],[80.4484097,19.2666317],[80.4313255,19.2547312],[80.3945269,19.2458],[80.3890286,19.2379681],[80.3839341,19.2150222],[80.394345,19.1963707],[80.3938449,19.1877976],[80.3876592,19.1805077],[80.3478866,19.1601165],[80.3477833,19.1523608],[80.3398517,19.1457647],[80.3324329,19.1441415],[80.3277916,19.1361498],[80.3313938,19.1191576],[80.3395426,19.1016197],[80.3284398,19.0953476],[80.3296674,19.0710191],[80.2967933,19.0482423],[80.3040455,19.0311406],[80.3031268,19.0221633],[80.2734085,18.9931794],[80.2737719,18.9652956],[80.2690682,18.9480738],[80.2708781,18.938476],[80.2753686,18.9306503],[80.29979,18.9111162],[80.3164572,18.8883693],[80.3272178,18.879695],[80.3495163,18.8472436],[80.3543107,18.8264562],[80.3514136,18.8162922],[80.3229954,18.7989677],[80.3140116,18.7999271],[80.2993202,18.7939636],[80.2885964,18.7750998],[80.276788,18.7665926],[80.2561762,18.7698376],[80.2476967,18.7641968],[80.2453271,18.7558976],[80.2597374,18.7423211],[80.271493,18.7243088],[80.2522325,18.7068067],[80.2314408,18.7019879],[80.2184622,18.7078575],[80.2127717,18.7057177],[80.2004283,18.6925598],[80.196569,18.6807955],[80.1787045,18.6832677],[80.1691367,18.6991185],[80.1567457,18.7009511],[80.1499367,18.6938885],[80.1400168,18.6930002],[80.1280449,18.6869173],[80.1232312,18.6807562],[80.1181219,18.6805168],[80.111195,18.683766],[80.0888374,18.7069325],[80.0739541,18.7109761],[80.0654087,18.7227854],[80.0513857,18.7264337],[80.0392256,18.7521519],[80.024984,18.7549396],[80.0176613,18.7707695],[80.000993,18.7760662],[79.9930508,18.769934],[79.9641541,18.773825],[79.9480947,18.7902524],[79.9221854,18.8088427],[79.9139846,18.8249131],[79.9256162,18.8391894],[79.9425055,18.8466142],[79.9573959,18.8585177],[79.961605,18.8666266],[79.9537375,18.9027074],[79.9577505,18.9270157],[79.9570465,18.9428753],[79.9414539,18.9931184],[79.940028,19.0334483],[79.9328071,19.0473981],[79.9254869,19.0495871],[79.8992193,19.0402437],[79.8711028,19.0410169],[79.8663593,19.0524651],[79.8584296,19.1024162],[79.8624783,19.1136503],[79.8726862,19.1229649],[79.9253236,19.1515927],[79.9458951,19.1694926],[79.9440979,19.1814589],[79.9252233,19.211311],[79.9247423,19.2272993],[79.9363552,19.2641269],[79.9505663,19.2890442],[79.9622693,19.2973544],[79.9661975,19.3041457],[79.9588714,19.3341924],[79.9679655,19.356631],[79.9718269,19.3815573],[79.9796957,19.3890525],[79.9780245,19.399703],[79.972394,19.4162124],[79.948361,19.4486999],[79.9448195,19.4698144],[79.9335799,19.4755363],[79.9148657,19.4958406],[79.901694,19.5009357],[79.8824592,19.5031806],[79.863804,19.5111734],[79.844451,19.5335645],[79.8313451,19.5398623],[79.8167927,19.5729028],[79.8046676,19.5798333],[79.8093048,19.5820398],[79.7934835,19.6063721],[79.7862597,19.6414685],[79.7834905,19.7191326],[79.7788982,19.7284949],[79.7539537,19.7572063],[79.7434818,19.7902327],[79.7409239,19.8222932],[79.7459927,19.8373763],[79.7581411,19.8473108],[79.765181,19.858378],[79.7808438,19.8684724],[79.7983262,19.8858947],[79.8036723,19.8957218],[79.8006053,19.908694],[79.7702762,19.9648264],[79.7787251,19.9963693],[79.7874245,20.0095432],[79.8142184,20.0273224],[79.8524312,20.0296473],[79.861839,20.0212699],[79.8716322,19.9889618],[79.8771315,19.9813176],[79.8945862,19.9704006],[79.9125805,19.9673845],[79.9205359,19.9691923],[79.9522196,19.989896],[79.9814963,20.0274519],[79.9890705,20.0425832],[79.9807303,20.0854449],[79.9680235,20.1178455],[79.9578599,20.1244008],[79.9315413,20.1292863],[79.9187379,20.1378161],[79.9118069,20.1480499],[79.9157137,20.1635725],[79.9344109,20.1922128],[79.9572435,20.2029787],[79.9833514,20.2083365],[79.9897836,20.2128824],[79.99214,20.2231201],[79.9906615,20.2315817],[79.9790575,20.2512261],[79.9479989,20.2803251],[79.9437069,20.2879335],[79.9436819,20.3049906],[79.9482763,20.3230685],[79.9695346,20.3440883],[79.972101,20.3537036],[79.9698454,20.3650878],[79.9583811,20.380525],[79.9651561,20.4107483],[79.9625621,20.4171334],[79.9458349,20.432012],[79.9401292,20.4411877],[79.9434873,20.4785887],[79.9492848,20.4938843],[79.9519391,20.5295992],[79.9473016,20.5383156],[79.9293362,20.5481176],[79.9258176,20.5532887],[79.9363545,20.578897],[79.939245,20.6003747],[79.9408309,20.6316317],[79.9297927,20.6402519],[79.9372119,20.6497999],[79.9320334,20.6679838],[79.9361076,20.6790596],[79.9644351,20.6940484],[79.9802622,20.6830526],[79.9872965,20.6738591],[79.9963155,20.6752474],[80.0064227,20.6690244],[80.0129438,20.674388],[80.0164181,20.6671406],[80.027512,20.6838923],[80.0322478,20.7000594],[80.0467187,20.7095514],[80.0587764,20.7121056],[80.0727318,20.7054596],[80.0800254,20.6962979],[80.0958239,20.6907146],[80.1149809,20.6945941],[80.120756,20.6886902],[80.1323399,20.6904521],[80.1370621,20.6848124],[80.1419412,20.6912222],[80.1624036,20.6938243],[80.1663722,20.6857922],[80.1786483,20.677494],[80.1940684,20.676521],[80.203531,20.66744],[80.2416506,20.6548596],[80.2515621,20.6627176],[80.2505159,20.6784696],[80.2735358,20.6809779],[80.2811476,20.7091902],[80.2984193,20.7102783],[80.3041487,20.7198653],[80.311878,20.7414573],[80.3209135,20.7524771],[80.3220708,20.7616981],[80.3169096,20.7761842],[80.3226688,20.7912003],[80.3212667,20.798922],[80.3248175,20.7994854],[80.329301,20.8070048],[80.3329719,20.8202379],[80.3406237,20.8213152],[80.3566122,20.8092924],[80.3672942,20.8121973],[80.3813682,20.8065589],[80.3944941,20.806533],[80.404648,20.809601],[80.4140142,20.8244025],[80.4604123,20.8203006],[80.5224756,20.8344319]]]}},{"type":"Feature","properties":{"district":"Gondia","name":"Gondia District","layerType":"district","_id":"district-mh-all-gondia-10"},"geometry":{"type":"Polygon","coordinates":[[[80.2066732,21.6356054],[80.2145186,21.6301651],[80.2169908,21.6325337],[80.2178736,21.6242686],[80.2232758,21.6206603],[80.2443469,21.6204081],[80.2519581,21.6249601],[80.267945,21.6176943],[80.2812954,21.5960482],[80.2947859,21.5920675],[80.2980617,21.5758101],[80.3220355,21.5753931],[80.3392153,21.5552486],[80.3313965,21.5516804],[80.331312,21.5475422],[80.3454607,21.5382881],[80.3601477,21.5344647],[80.3765001,21.5232785],[80.3847727,21.4997421],[80.3835696,21.4908475],[80.3916511,21.4872678],[80.3904229,21.4794075],[80.3972168,21.4715855],[80.4091821,21.4671817],[80.4211141,21.4410886],[80.4049141,21.4252916],[80.4088762,21.4190354],[80.3960352,21.4081072],[80.4067593,21.3817049],[80.4121639,21.3768261],[80.4470331,21.3716188],[80.4513182,21.377181],[80.450058,21.3863119],[80.4575559,21.4026801],[80.4631447,21.4021963],[80.4709291,21.3958605],[80.4783526,21.3959063],[80.4817256,21.4010305],[80.4837694,21.3959682],[80.5009688,21.3985061],[80.5092397,21.390975],[80.5163253,21.3942719],[80.5231984,21.3913093],[80.5282303,21.3945095],[80.5315985,21.3827973],[80.5379386,21.3831709],[80.5433747,21.3705565],[80.5584083,21.3673387],[80.5694421,21.358451],[80.5651356,21.3505197],[80.5694333,21.3434628],[80.5743404,21.343356],[80.5768697,21.3469785],[80.5888056,21.3438791],[80.5901093,21.3347507],[80.5998854,21.3267975],[80.6073176,21.3240483],[80.6125804,21.3270924],[80.6219162,21.3204997],[80.6460581,21.3282928],[80.6536286,21.3279332],[80.662427,21.3346256],[80.6815637,21.3135672],[80.6794524,21.2993247],[80.67094,21.2916954],[80.6618715,21.2915441],[80.6590843,21.2826529],[80.6501694,21.2758806],[80.6487892,21.2621615],[80.6425104,21.2498362],[80.6240605,21.2408293],[80.6126651,21.225961],[80.5875823,21.2220963],[80.5766608,21.2162996],[80.5697681,21.2058115],[80.5594688,21.2021047],[80.5414397,21.2010898],[80.530688,21.2049314],[80.5177578,21.1928123],[80.5149865,21.1830289],[80.502586,21.1853191],[80.4786111,21.1706841],[80.4642613,21.1750276],[80.4587535,21.1500527],[80.4447698,21.1210664],[80.4577618,21.1154652],[80.4472678,21.1111753],[80.4466682,21.1052641],[80.4392484,21.0967319],[80.4459126,21.0850237],[80.4465229,21.0734127],[80.4496243,21.0694464],[80.4471819,21.0632605],[80.4540752,21.0521118],[80.4525532,21.0394179],[80.4496865,21.0305859],[80.4392711,21.0269818],[80.4392675,21.0225934],[80.4244846,21.0103903],[80.4248009,21.0072515],[80.4438205,20.9938149],[80.4460591,20.9686233],[80.454337,20.9474256],[80.4613229,20.9402236],[80.4636959,20.9291986],[80.51907,20.9298231],[80.534829,20.9343708],[80.5463861,20.9323307],[80.5422147,20.9303688],[80.5417761,20.9239151],[80.5561158,20.889197],[80.5553145,20.8442883],[80.5617358,20.8234636],[80.5552564,20.8221384],[80.520216,20.834518],[80.4604123,20.8203006],[80.4158649,20.8247766],[80.4029181,20.8082313],[80.3915864,20.8062069],[80.3673969,20.8121897],[80.3566122,20.8092924],[80.3406237,20.8213152],[80.3316411,20.8195463],[80.3302371,20.8086617],[80.3247041,20.79874],[80.3212667,20.798922],[80.3226688,20.7912003],[80.3169096,20.7761842],[80.3220708,20.7616981],[80.3209135,20.7524771],[80.3125558,20.7417063],[80.3035688,20.7185192],[80.299061,20.7108384],[80.282471,20.7098623],[80.2721559,20.6802753],[80.2505159,20.6784696],[80.2515621,20.6627176],[80.2428358,20.6548063],[80.2025456,20.6672612],[80.1947324,20.6770019],[80.1775142,20.6783356],[80.1611671,20.6935243],[80.1419412,20.6912222],[80.1398659,20.6854002],[80.1349036,20.6846302],[80.1323399,20.6904521],[80.1219354,20.6892105],[80.1128979,20.6950861],[80.1032721,20.6910579],[80.0932487,20.6910335],[80.0800254,20.6962979],[80.0727318,20.7054596],[80.0587764,20.7121056],[80.0467187,20.7095514],[80.0322478,20.7000594],[80.0284683,20.6856421],[80.0166349,20.6676207],[80.0129438,20.674388],[80.0045428,20.6698321],[79.995806,20.6752063],[79.9889111,20.6731957],[79.9653147,20.6935114],[79.9712157,20.7112552],[79.9695146,20.7145883],[79.9443875,20.7208006],[79.947251,20.7288114],[79.9570746,20.7281779],[79.9562131,20.7313025],[79.9616935,20.7367391],[79.967181,20.7371811],[79.9714341,20.7450708],[79.9566348,20.7530399],[79.955349,20.7659746],[79.9781183,20.7726769],[79.9673874,20.7828679],[79.9472895,20.7799366],[79.9495856,20.7887215],[79.9423023,20.7884157],[79.9405442,20.801372],[79.9536597,20.8066044],[79.9591436,20.8129317],[79.9511926,20.825599],[79.9649271,20.8311018],[79.9674692,20.8310359],[79.9674936,20.8257266],[79.9719349,20.8243332],[79.9878344,20.8269656],[79.9987445,20.8487333],[79.9887064,20.8545808],[79.9841048,20.8626808],[79.9813023,20.8611192],[79.9804079,20.8564434],[79.9863798,20.8481052],[79.9797707,20.8359539],[79.9746944,20.8394262],[79.9705294,20.8540135],[79.9654803,20.8548836],[79.9704214,20.8743482],[79.9697797,20.880421],[79.9649116,20.8807698],[79.9646625,20.8872892],[79.9740161,20.886314],[79.9771604,20.8896591],[79.9715165,20.8932085],[79.9702253,20.9095723],[79.9619382,20.9169536],[79.9636503,20.9319989],[79.9689206,20.9386301],[79.954087,20.9398236],[79.9533698,20.9437062],[79.9643142,20.9535867],[79.9707898,20.9536898],[79.9765796,20.9472659],[79.9859431,20.9525654],[80.0022221,20.9486521],[80.0177114,20.9557177],[80.0324204,20.9576143],[80.0345279,20.9570028],[80.0308108,20.946517],[80.0328975,20.946518],[80.0454863,20.9571397],[80.037689,20.9586758],[80.0373712,20.9639587],[80.0607537,20.9497147],[80.0579007,20.9582471],[80.0700185,20.9561803],[80.079614,20.9761932],[80.082392,20.9867786],[80.0763668,20.9896659],[80.0839445,20.986673],[80.093456,20.9919158],[80.1005775,20.990339],[80.1005652,20.9979848],[80.0942652,21.008859],[80.0986319,21.0181354],[80.0990219,21.0234595],[80.094541,21.0274238],[80.0964278,21.0313597],[80.0832929,21.0352838],[80.0778303,21.0293748],[80.0645295,21.030133],[80.0761404,21.0382912],[80.0799539,21.0464822],[80.0785,21.0531977],[80.0688146,21.0599342],[80.0802752,21.063794],[80.084279,21.0736824],[80.070671,21.0811705],[80.0764534,21.0934192],[80.0743474,21.0989527],[80.0612871,21.1005052],[80.0701264,21.1131435],[80.0818328,21.1189091],[80.0727054,21.1199033],[80.0735514,21.1348838],[80.0782632,21.1364032],[80.0799877,21.1462933],[80.0720757,21.1555663],[80.0681217,21.171865],[80.0721066,21.1883355],[80.0695718,21.1887027],[80.0687524,21.1959506],[80.0550117,21.1999515],[80.0431014,21.2101337],[80.0244896,21.2130153],[80.0263035,21.2210639],[80.0234233,21.2269819],[80.0027834,21.2181258],[79.98975,21.2338503],[79.9660507,21.232728],[79.9557224,21.2381723],[79.9396751,21.2545646],[79.9202322,21.2556016],[79.9064091,21.2452221],[79.9030549,21.2508063],[79.887402,21.2510716],[79.8890744,21.2558316],[79.8684317,21.2499694],[79.8635572,21.244924],[79.8600404,21.2476486],[79.8561136,21.2449196],[79.8402165,21.2538667],[79.8430943,21.2562626],[79.8529656,21.2550091],[79.8536674,21.2516107],[79.8639294,21.2518635],[79.8633116,21.2578891],[79.8597178,21.260814],[79.8451629,21.2595311],[79.8309455,21.2650959],[79.826091,21.2785282],[79.83759,21.2851441],[79.8289033,21.2936592],[79.8283702,21.2999134],[79.8331188,21.3030798],[79.8336311,21.3095408],[79.830974,21.3092336],[79.8250326,21.3196696],[79.8129622,21.3212721],[79.8148295,21.3351807],[79.8109608,21.340039],[79.8132098,21.3554658],[79.8000381,21.3576035],[79.7959408,21.3727309],[79.8033942,21.3835883],[79.821284,21.3914244],[79.8478604,21.4117261],[79.8794878,21.4251888],[79.8799897,21.4397005],[79.8911791,21.45691],[79.9186764,21.4813905],[79.9276139,21.4953159],[79.9261667,21.5136408],[79.9178021,21.5244101],[79.9221865,21.5418029],[79.9328394,21.5550397],[79.949228,21.554252],[79.9696442,21.5583464],[79.9795246,21.5505191],[79.9887001,21.5369252],[80,21.5336182],[80.0313438,21.5556856],[80.0623146,21.5533952],[80.0714741,21.5563423],[80.1006188,21.5895011],[80.1160624,21.5932531],[80.1178638,21.606971],[80.1213334,21.6108764],[80.1286738,21.611445],[80.1441117,21.6057799],[80.1549022,21.6066425],[80.169087,21.6221414],[80.1876274,21.6285429],[80.1923711,21.6352661],[80.2066732,21.6356054]]]}},{"type":"Feature","properties":{"district":"Hingoli","name":"Hingoli District","layerType":"district","_id":"district-mh-all-hingoli-11"},"geometry":{"type":"Polygon","coordinates":[[[77.011871,20.0026561],[77.0197208,20.0029412],[77.0254866,20.0096799],[77.0341352,20.0093271],[77.0420592,19.9990346],[77.0610146,19.9942369],[77.0637151,19.9840445],[77.0704434,19.9803817],[77.070204,19.973041],[77.0833747,19.9653433],[77.0825795,19.9555424],[77.0923379,19.9450499],[77.0927011,19.9362377],[77.1011184,19.9318034],[77.1124016,19.9393753],[77.1336147,19.9418851],[77.1354476,19.9513626],[77.1540943,19.9659089],[77.1694836,19.9645085],[77.1778587,19.9797582],[77.2020913,19.990627],[77.2147537,19.9740107],[77.2080392,19.9673279],[77.2037455,19.9463489],[77.2054921,19.942114],[77.2097537,19.9381546],[77.2339437,19.9385411],[77.2378457,19.9352123],[77.2377002,19.913998],[77.2456243,19.9054992],[77.2342833,19.8977314],[77.2370622,19.8893896],[77.2495714,19.8947261],[77.2558054,19.9016202],[77.2658961,19.8975312],[77.2695745,19.9023475],[77.2711568,19.9195784],[77.2796623,19.9177563],[77.2837941,19.9060437],[77.2914414,19.9034851],[77.3056116,19.9137826],[77.3126753,19.9145762],[77.3124915,19.8945938],[77.2948439,19.8958103],[77.2919519,19.8911423],[77.2945853,19.8853191],[77.3077157,19.8826457],[77.3190318,19.8896493],[77.3254531,19.8873611],[77.3325222,19.8781142],[77.3444821,19.8774943],[77.3442894,19.8651731],[77.351064,19.8614997],[77.3619988,19.8614458],[77.3638918,19.8568253],[77.3527897,19.8510693],[77.3521797,19.847527],[77.3608974,19.8373048],[77.3414958,19.836232],[77.3403467,19.8312496],[77.3438811,19.8256063],[77.3549061,19.8173304],[77.3660411,19.8257283],[77.3876885,19.8231401],[77.3894643,19.8185599],[77.3910139,19.8139702],[77.3849614,19.8106305],[77.3776467,19.7868492],[77.4006669,19.7813115],[77.4041638,19.7780432],[77.4043921,19.7721556],[77.4002936,19.7664692],[77.3839265,19.7666363],[77.3764924,19.7481429],[77.380624,19.7404233],[77.3804424,19.7294109],[77.3882881,19.7261246],[77.3933795,19.7280734],[77.4091032,19.7456162],[77.413651,19.7426029],[77.4144214,19.7368089],[77.4317152,19.7305335],[77.438878,19.7244944],[77.4490846,19.7014742],[77.4428487,19.6942534],[77.4436426,19.6897817],[77.4575524,19.6833534],[77.455837,19.6772263],[77.4496893,19.6756514],[77.466519,19.6642444],[77.461646,19.6450921],[77.4663778,19.6400401],[77.4626093,19.6114307],[77.4793668,19.5995771],[77.4576901,19.5813032],[77.4509069,19.5690791],[77.4526359,19.5625684],[77.465904,19.562126],[77.4644175,19.5446778],[77.4655548,19.5338692],[77.4694535,19.5284535],[77.467847,19.5029963],[77.4700973,19.491383],[77.4751798,19.4913093],[77.484646,19.4979799],[77.4871502,19.4979548],[77.4851794,19.4965856],[77.4893288,19.4914256],[77.4851016,19.4764675],[77.4865284,19.4586957],[77.474565,19.4587878],[77.4702222,19.4381576],[77.4493284,19.4406718],[77.4479185,19.4379547],[77.4447699,19.421168],[77.4362928,19.4078988],[77.4485408,19.3921235],[77.4479823,19.387735],[77.4356613,19.379851],[77.4180632,19.3803995],[77.4137542,19.3691438],[77.3898073,19.3523484],[77.3840255,19.3400574],[77.3623252,19.3395373],[77.3494871,19.3466096],[77.3482046,19.3528829],[77.3341937,19.3566576],[77.3125992,19.3550457],[77.31085,19.3322954],[77.3016619,19.3332196],[77.2983842,19.3290197],[77.2815977,19.3262841],[77.281055,19.3170847],[77.278233,19.3157143],[77.2641385,19.3150148],[77.2409014,19.3217897],[77.2375722,19.3109947],[77.2354515,19.2752008],[77.2216962,19.275944],[77.2034073,19.2557846],[77.2031008,19.2450937],[77.194709,19.2444364],[77.1908419,19.2355011],[77.1771236,19.2264263],[77.1630128,19.2324549],[77.1525842,19.2223439],[77.1403837,19.2257764],[77.1252904,19.2369894],[77.1114487,19.2386074],[77.0998279,19.235525],[77.0889865,19.2401152],[77.0874991,19.2531698],[77.0779471,19.2573431],[77.0521313,19.2525278],[77.0412163,19.2459067],[77.0258203,19.2471095],[77.0122007,19.2537543],[77.0097912,19.269678],[77.0104867,19.2740239],[77.0211513,19.2773734],[77.0221087,19.2850332],[77.0033683,19.282787],[77.0004733,19.2728205],[76.995438,19.2750385],[76.9930634,19.28076],[76.9893443,19.2809655],[76.9899482,19.286558],[76.9861897,19.2878448],[76.9863586,19.3079521],[76.9802224,19.3197019],[76.9575333,19.3204436],[76.9392638,19.3144742],[76.9369849,19.3092289],[76.9229141,19.3102481],[76.9230954,19.2983754],[76.901043,19.2981631],[76.8911611,19.3080298],[76.8944441,19.3165828],[76.8887143,19.3178512],[76.8892949,19.3227303],[76.897491,19.321045],[76.9009454,19.3251739],[76.8995415,19.3332427],[76.9082335,19.3320733],[76.9093857,19.3365688],[76.9154481,19.3373377],[76.9011215,19.3428269],[76.901051,19.339693],[76.8967447,19.3415419],[76.8895083,19.3501947],[76.8885811,19.3551178],[76.8935288,19.3677671],[76.8921451,19.379127],[76.9005805,19.3873972],[76.9113762,19.4119021],[76.9197001,19.4152995],[76.9159978,19.4240142],[76.9218743,19.4262967],[76.9252454,19.4373958],[76.9207419,19.4430586],[76.9007239,19.4458769],[76.8996084,19.4373263],[76.8935744,19.4294169],[76.8650553,19.4390139],[76.8737379,19.4534819],[76.8793189,19.4528684],[76.8872639,19.4601844],[76.867113,19.4679182],[76.8659224,19.4773654],[76.8590135,19.4848697],[76.8566436,19.4939459],[76.859882,19.5027596],[76.8552073,19.5079404],[76.8568869,19.5337876],[76.8819596,19.5337741],[76.8851902,19.5497329],[76.8828142,19.5528858],[76.8889306,19.5604729],[76.892692,19.582529],[76.9033783,19.5845762],[76.9041129,19.5884685],[76.9149447,19.5971104],[76.9227169,19.5982033],[76.9283599,19.6104605],[76.9261985,19.616447],[76.9158305,19.6173684],[76.9136548,19.6201134],[76.9149845,19.6372561],[76.9079739,19.6452719],[76.8981181,19.6434965],[76.8781882,19.6217905],[76.8671354,19.6240425],[76.8752535,19.6368264],[76.8709964,19.6453311],[76.853661,19.6464672],[76.8503265,19.6510682],[76.8495088,19.6619303],[76.8635457,19.6756019],[76.8542611,19.6909081],[76.8496366,19.7067322],[76.8418365,19.7027388],[76.8192221,19.7068505],[76.8136166,19.700891],[76.8238461,19.6862198],[76.82544,19.6776607],[76.8231958,19.672631],[76.818939,19.6705761],[76.8089097,19.6830163],[76.799104,19.6732483],[76.7910478,19.670441],[76.785901,19.6762123],[76.7869423,19.6880382],[76.7828934,19.7036638],[76.7895423,19.7217509],[76.7834329,19.7319503],[76.7783634,19.732586],[76.7680914,19.7200513],[76.7721272,19.6956979],[76.7624272,19.6855586],[76.7597183,19.6860872],[76.7496559,19.695642],[76.7441125,19.7109058],[76.7318292,19.7153561],[76.7388961,19.7294431],[76.7358432,19.7339532],[76.7196111,19.7421818],[76.7238948,19.7484957],[76.7168782,19.76888],[76.7083233,19.7700573],[76.7005991,19.7653349],[76.6968162,19.7570753],[76.6911819,19.7550437],[76.6860539,19.7576314],[76.6868107,19.7671605],[76.6710959,19.7747262],[76.6587567,19.7771583],[76.6426747,19.7736671],[76.6394971,19.7895289],[76.6322846,19.8031051],[76.6273842,19.8040564],[76.6231577,19.8006651],[76.6278746,19.7911186],[76.6273116,19.7840124],[76.6003812,19.7754329],[76.5933294,19.7791072],[76.5928496,19.7844331],[76.6057371,19.7877917],[76.6099834,19.7918161],[76.5970506,19.7995678],[76.5973371,19.803758],[76.6053928,19.8104722],[76.5941301,19.8303692],[76.5826769,19.8263776],[76.5696281,19.8264473],[76.5632632,19.8153294],[76.5530548,19.8208744],[76.5411153,19.8180775],[76.5329113,19.8231867],[76.5218225,19.821378],[76.5139572,19.8240088],[76.5120744,19.8291464],[76.5218456,19.8403594],[76.5190224,19.8499974],[76.5321947,19.8502902],[76.5398946,19.845405],[76.5647904,19.8395801],[76.5696494,19.8453687],[76.6016976,19.8429818],[76.613645,19.8383009],[76.6194101,19.8413188],[76.6189256,19.8447749],[76.6253297,19.8503559],[76.6353362,19.8685691],[76.6464743,19.8675679],[76.6616572,19.8532482],[76.6812031,19.8469912],[76.6911924,19.8593124],[76.6929641,19.873878],[76.6981401,19.8753102],[76.7216101,19.8695172],[76.7404638,19.8741732],[76.7437794,19.8872466],[76.7425533,19.901879],[76.7464774,19.910491],[76.7654014,19.9044058],[76.7706868,19.9189193],[76.7718045,19.9344332],[76.8213587,19.9291991],[76.8366913,19.963211],[76.8598351,19.9615371],[76.8939198,19.9492401],[76.8998871,19.9537217],[76.9004479,19.9640121],[76.9219839,19.9755235],[76.9437823,19.9848411],[76.9623566,19.9875576],[76.9724003,19.9964146],[76.9864111,19.9980697],[76.9949549,20.0176295],[77.011871,20.0026561]]]}},{"type":"Feature","properties":{"district":"Jalgaon","name":"Jalgaon District","layerType":"district","_id":"district-mh-all-jalgaon-12"},"geometry":{"type":"Polygon","coordinates":[[[75.2430905,21.4092544],[75.253799,21.4018433],[75.263695,21.4072466],[75.2801727,21.4072341],[75.2944722,21.4135954],[75.3011004,21.409936],[75.3000334,21.392925],[75.2966402,21.3905203],[75.2982675,21.3858562],[75.3068617,21.3922543],[75.3146747,21.3881705],[75.3506536,21.3906905],[75.3571619,21.4008653],[75.3741405,21.3909134],[75.3824384,21.3795424],[75.3973077,21.379785],[75.4069809,21.3870222],[75.4252323,21.3908607],[75.4401527,21.3844612],[75.4485038,21.3903257],[75.4575458,21.3874519],[75.4693897,21.3902457],[75.4776612,21.3865196],[75.4964086,21.3875368],[75.5120107,21.3820934],[75.5209551,21.3866804],[75.535024,21.3735723],[75.5418031,21.3728308],[75.5425673,21.3686449],[75.5559261,21.3790329],[75.5580899,21.3789777],[75.5580353,21.3732831],[75.5789539,21.3764849],[75.5792523,21.3785401],[75.5712918,21.3797973],[75.5719144,21.3822018],[75.5873373,21.389231],[75.5987194,21.3857467],[75.6069396,21.3918441],[75.6071606,21.3893532],[75.6150118,21.3888046],[75.6171528,21.3808353],[75.6228519,21.3753035],[75.6577207,21.3787724],[75.6711881,21.3746343],[75.6864415,21.3833511],[75.7024429,21.387763],[75.7148637,21.3879372],[75.7177017,21.3849644],[75.7295265,21.3884842],[75.751187,21.3845673],[75.755136,21.3793806],[75.7789166,21.3842595],[75.8026109,21.3845385],[75.8130409,21.3790596],[75.8323416,21.3768304],[75.8419759,21.3842816],[75.8622671,21.3798881],[75.8702416,21.3905231],[75.8856136,21.3947091],[75.9025766,21.391948],[75.9102775,21.3827813],[75.9621776,21.3898505],[75.9866152,21.3687732],[76.0304991,21.3653313],[76.0485857,21.3497337],[76.0963953,21.3717499],[76.1214661,21.3233693],[76.1297404,21.2867046],[76.1429279,21.2862342],[76.1464477,21.2697069],[76.1535532,21.265157],[76.1555429,21.2570175],[76.1581913,21.2591139],[76.1581849,21.2527102],[76.1525736,21.248976],[76.1515852,21.2441621],[76.1415607,21.2409887],[76.1420376,21.2281889],[76.1656591,21.2216159],[76.1586352,21.2135881],[76.1632632,21.2131309],[76.1633431,21.2065299],[76.1717128,21.2053614],[76.1716145,21.1989579],[76.1662887,21.1997224],[76.1652589,21.1906871],[76.176396,21.1839952],[76.1713829,21.1783591],[76.1714812,21.1677102],[76.1683113,21.1664078],[76.1662884,21.1695055],[76.1358332,21.169687],[76.1308744,21.1759192],[76.1124395,21.1670269],[76.1136488,21.1553036],[76.128375,21.1526485],[76.1418427,21.1355052],[76.1410094,21.1297068],[76.1328357,21.1318858],[76.1336725,21.1251879],[76.1535679,21.1082181],[76.1706444,21.1040695],[76.1707636,21.0935238],[76.173876,21.0903842],[76.1684275,21.0856711],[76.1674008,21.0794844],[76.1806427,21.0803115],[76.1908654,21.0864767],[76.222772,21.0849801],[76.2514347,21.0904863],[76.2722574,21.0888068],[76.2798255,21.0714705],[76.283634,21.0710471],[76.3024933,21.0738381],[76.3385848,21.0715197],[76.3529266,21.0769955],[76.3734964,21.0724401],[76.3829412,21.0760032],[76.3851467,21.0819421],[76.3886726,21.0541952],[76.3985335,21.0337589],[76.3962671,21.0250352],[76.3887073,21.0157055],[76.3803756,20.9770224],[76.3671869,20.9782872],[76.3661697,20.9739178],[76.3519298,20.9617574],[76.3506235,20.9552366],[76.3402711,20.9519767],[76.3158657,20.9513907],[76.2991108,20.9577012],[76.2793433,20.9573959],[76.2770708,20.9678564],[76.2661907,20.9801488],[76.2516366,20.9881576],[76.2384078,20.9903605],[76.2283972,21.0037272],[76.2000121,21.0112899],[76.1908338,21.0209726],[76.1705454,21.0282553],[76.1641003,21.0351919],[76.1638352,21.0287256],[76.1598453,21.0248646],[76.1646183,21.0225833],[76.1567251,21.0019086],[76.1462873,20.995776],[76.1406078,20.9864996],[76.1179384,20.9757952],[76.1116654,20.9508052],[76.0898108,20.9437768],[76.0865316,20.9276925],[76.0793731,20.9264992],[76.0778628,20.9088606],[76.1007064,20.9015535],[76.1045237,20.8941289],[76.1121912,20.8923749],[76.1098694,20.8816668],[76.0989336,20.8752267],[76.0942791,20.8675713],[76.0835979,20.8598353],[76.0799229,20.8497423],[76.0737027,20.8434217],[76.0735663,20.8326712],[76.0660051,20.8308019],[76.0615717,20.8250996],[76.0575565,20.8257453],[76.0538928,20.8228483],[76.0559482,20.8219294],[76.0537016,20.817668],[76.0492137,20.8160344],[76.0486999,20.8095344],[76.0552364,20.8037505],[76.0470622,20.7860689],[76.0126811,20.7848626],[76.0113412,20.7805682],[75.9951587,20.7773502],[75.9936942,20.7638879],[75.9852833,20.7608527],[75.9843983,20.7527079],[75.996732,20.7407216],[76.0073699,20.7414416],[76.0153797,20.7282414],[76.0124989,20.7181983],[75.9975561,20.7137838],[75.994308,20.699872],[75.9960247,20.689714],[76.0008169,20.6872231],[76.0014553,20.6783942],[75.9946705,20.6669063],[75.9951735,20.6624919],[76.0032543,20.6564274],[76.0082207,20.6365349],[76.0048935,20.6295708],[75.9992847,20.6285403],[75.9967056,20.6226265],[75.9876984,20.616986],[75.9557715,20.6204719],[75.9532607,20.6008852],[75.9555966,20.5990949],[75.9600838,20.6040463],[75.9633947,20.5986539],[75.9717303,20.5966439],[75.9712795,20.5904936],[75.974628,20.5866143],[75.9728228,20.580415],[75.9654706,20.5809192],[75.9639186,20.5695917],[75.9499732,20.5701316],[75.9468167,20.5742824],[75.949644,20.5806992],[75.9334024,20.5868678],[75.9308351,20.5814781],[75.930304,20.5491581],[75.9265601,20.5458426],[75.9183064,20.554316],[75.8829232,20.5607436],[75.8874483,20.5727907],[75.8870474,20.5913701],[75.8765421,20.5977432],[75.8687291,20.597847],[75.8693782,20.6126683],[75.8675021,20.6195358],[75.8635819,20.6218076],[75.8546475,20.6217465],[75.853561,20.6134639],[75.8369986,20.6142125],[75.8387801,20.5954893],[75.8423786,20.5933003],[75.8325403,20.5918898],[75.8326398,20.5740932],[75.8281587,20.5712128],[75.8377825,20.5665338],[75.8465575,20.5663395],[75.8323383,20.5571735],[75.8172317,20.5587353],[75.8058775,20.566349],[75.7982918,20.5617335],[75.7870202,20.5620917],[75.7912188,20.5801287],[75.7848772,20.5835003],[75.7775788,20.5815575],[75.7718786,20.5745124],[75.756978,20.5738325],[75.7587299,20.6101687],[75.7520504,20.6127604],[75.7430672,20.6110713],[75.7403891,20.6071632],[75.7308431,20.606807],[75.7226338,20.6206613],[75.7129219,20.6135428],[75.6997402,20.6139525],[75.6953456,20.6230886],[75.7035834,20.6588281],[75.6670266,20.6683145],[75.6663294,20.6653838],[75.6573059,20.6615642],[75.6540276,20.6496806],[75.6605493,20.6441557],[75.6583012,20.6407461],[75.6598101,20.6243163],[75.6499199,20.6246757],[75.6462668,20.616776],[75.6299952,20.6163623],[75.6270324,20.6210433],[75.6198705,20.6223043],[75.6053465,20.6216573],[75.6122564,20.6083904],[75.6113975,20.6040725],[75.5929582,20.5995633],[75.5575639,20.6076897],[75.5557307,20.5983503],[75.5530203,20.5981725],[75.5349845,20.6060439],[75.5326452,20.5925798],[75.5205924,20.5900859],[75.5284864,20.555995],[75.5156053,20.5571381],[75.5161773,20.5523585],[75.5128273,20.5491725],[75.5042959,20.5510211],[75.5059516,20.5407115],[75.4943443,20.5381972],[75.492843,20.5243434],[75.4826698,20.5338242],[75.4801026,20.5431296],[75.4648931,20.5432044],[75.4624537,20.5503262],[75.4560525,20.5508182],[75.4601013,20.5189895],[75.4538281,20.513721],[75.4467102,20.5373387],[75.4330237,20.535052],[75.4316137,20.5302858],[75.4235058,20.5304487],[75.4288619,20.512481],[75.4166185,20.5135118],[75.4073717,20.5215553],[75.3952278,20.5225243],[75.3886793,20.5778063],[75.3654764,20.5751607],[75.3588942,20.5952877],[75.3542982,20.587835],[75.3195812,20.5918171],[75.3155387,20.5891303],[75.3164222,20.5745998],[75.3067647,20.5767414],[75.2931375,20.5734857],[75.2911681,20.5664263],[75.2778316,20.5695096],[75.2655474,20.5667533],[75.262206,20.5746221],[75.2567921,20.5747976],[75.2501298,20.5593416],[75.2504198,20.5524197],[75.240945,20.5514533],[75.2443337,20.5360322],[75.235523,20.5368391],[75.2378952,20.5208992],[75.2251735,20.5155484],[75.2231143,20.5020093],[75.2264611,20.4944142],[75.2050537,20.4989678],[75.2080127,20.492641],[75.1985045,20.4924492],[75.1959503,20.4810178],[75.1979983,20.4761724],[75.1868763,20.4750436],[75.186395,20.4725701],[75.1737906,20.4757507],[75.1738764,20.4779372],[75.1603522,20.4765386],[75.1571403,20.4661805],[75.1604523,20.4650055],[75.1584484,20.4567228],[75.1668132,20.4584532],[75.1667058,20.4557939],[75.1741125,20.4545556],[75.1715269,20.4483252],[75.1741855,20.4424215],[75.1625913,20.4403532],[75.1533261,20.4328267],[75.1380439,20.4339744],[75.1265151,20.4290748],[75.1250524,20.4319749],[75.1228027,20.4232379],[75.1183418,20.4231146],[75.1149808,20.4156727],[75.1058311,20.4119118],[75.1101572,20.3960382],[75.1163366,20.3934185],[75.1223817,20.3634159],[75.1225107,20.3497082],[75.1153981,20.326866],[75.1166957,20.3228741],[75.1150123,20.318103],[75.1111616,20.3172188],[75.1106258,20.3110579],[75.1033328,20.3077994],[75.0944302,20.3149153],[75.083125,20.3158196],[75.082264,20.321486],[75.0897588,20.3321798],[75.0747368,20.338552],[75.0585835,20.3371735],[75.0547332,20.3300918],[75.0553745,20.3075584],[75.0529836,20.3074414],[75.0249793,20.3185735],[75.0201466,20.3245181],[74.99952,20.3359642],[74.9944106,20.3280275],[75.0052423,20.29448],[74.9839627,20.2944415],[74.9834058,20.3056409],[74.9663214,20.3069732],[74.9449301,20.2878319],[74.9541881,20.2718318],[74.9486912,20.2736883],[74.9310065,20.2700468],[74.9160897,20.2758236],[74.9050274,20.2718969],[74.8635806,20.2764478],[74.8517073,20.2861472],[74.8543885,20.2873878],[74.8560358,20.2969724],[74.85524,20.3136699],[74.8622116,20.3135862],[74.8648159,20.3196157],[74.8641221,20.3340254],[74.8588872,20.3354855],[74.8546658,20.3647318],[74.8492638,20.3703946],[74.8514858,20.3804793],[74.8489203,20.3841191],[74.8433135,20.3841828],[74.8391544,20.3913722],[74.8247044,20.3982153],[74.8286895,20.4066415],[74.8377192,20.4072758],[74.8377886,20.4142861],[74.8240586,20.428355],[74.8164013,20.431041],[74.8153368,20.4405097],[74.801905,20.4472016],[74.7983627,20.472313],[74.7930161,20.4780318],[74.7744438,20.4699759],[74.7707155,20.4724269],[74.7816048,20.489802],[74.7831636,20.4980881],[74.7807925,20.5087592],[74.7714971,20.5071739],[74.7668541,20.5224131],[74.7604333,20.5300629],[74.7612144,20.5372722],[74.794881,20.5387276],[74.7985938,20.5511507],[74.793417,20.5558114],[74.7920425,20.5740151],[74.8010346,20.5896034],[74.8094813,20.5882095],[74.8127068,20.6319803],[74.8250653,20.6280786],[74.8303064,20.6329209],[74.8401378,20.631543],[74.8419704,20.6366479],[74.8538829,20.6345013],[74.8746899,20.6432522],[74.8913309,20.6426536],[74.8984412,20.6495881],[74.8992405,20.6562968],[74.9304592,20.6561834],[74.940524,20.6721176],[74.9409146,20.6799484],[74.9559443,20.6893068],[74.9505221,20.707954],[74.9549442,20.7158568],[74.948061,20.7216336],[74.9581591,20.7196381],[74.9775148,20.7283887],[74.9811028,20.7349717],[74.9859448,20.7334699],[74.9894076,20.7387039],[74.9913421,20.7539335],[74.9859497,20.7709467],[74.9733447,20.7822025],[74.9635002,20.8000944],[74.9595829,20.8011558],[74.9656423,20.8190875],[74.9730052,20.8218754],[74.9813911,20.820342],[74.9845544,20.8265639],[74.9778184,20.844121],[74.9699521,20.8463108],[74.9641519,20.857419],[74.9683847,20.8764885],[74.9676884,20.8829065],[74.9597269,20.8907328],[74.9610604,20.9018959],[74.9539371,20.9021313],[74.9487727,20.9142778],[74.9417781,20.9178851],[74.9349098,20.9168241],[74.9336722,20.9254545],[74.9123587,20.9295492],[74.9110616,20.96178],[74.9220616,20.9642828],[74.9280385,20.9624707],[74.9312003,20.9690583],[74.9271227,20.9724659],[74.9268424,20.9804831],[74.9165828,20.9900871],[74.9153172,21.0016035],[74.9183375,21.0132138],[74.9108011,21.0294991],[74.8925377,21.0392061],[74.889445,21.0513843],[74.8642745,21.0529931],[74.8575164,21.0621474],[74.866847,21.0737754],[74.8729784,21.0895658],[74.8704079,21.1035401],[74.8861525,21.1146733],[74.884075,21.1255164],[74.8931034,21.1480154],[74.9127237,21.1640424],[74.9328246,21.164856],[74.9382051,21.1736074],[74.9494019,21.1778766],[74.9639152,21.1945429],[74.9636065,21.1985551],[74.9501042,21.2011978],[74.958563,21.2065237],[74.9599474,21.2107768],[74.9489167,21.2166988],[74.9441813,21.2233275],[74.9459013,21.2251447],[74.950913,21.2216885],[74.9662735,21.2234462],[74.9741372,21.2200099],[74.9839797,21.1999464],[75.0034392,21.186081],[75.0137174,21.1873665],[75.0177778,21.1918792],[75.0372369,21.1914808],[75.0440369,21.2101649],[75.0551537,21.2118341],[75.0588972,21.2199369],[75.067553,21.2250506],[75.0871703,21.227525],[75.0893514,21.2330232],[75.097805,21.2321153],[75.1062307,21.239561],[75.1135314,21.2587206],[75.1261351,21.2661846],[75.129702,21.2718653],[75.1264696,21.2778832],[75.1284513,21.2844205],[75.1383886,21.2902615],[75.1395253,21.3018781],[75.1358282,21.3143742],[75.1471881,21.3167775],[75.152452,21.3244602],[75.1323042,21.3364742],[75.1236891,21.3377998],[75.1205817,21.3438906],[75.1286691,21.3496415],[75.1362368,21.3496025],[75.1429463,21.3450341],[75.1480016,21.3490489],[75.1360198,21.3612614],[75.1378837,21.3820721],[75.1510126,21.3882745],[75.1584043,21.402129],[75.1755309,21.4023818],[75.1825999,21.4095261],[75.1982327,21.4123617],[75.2211868,21.4084918],[75.233265,21.414769],[75.2430905,21.4092544]]]}},{"type":"Feature","properties":{"district":"Jalna","name":"Jalna District","layerType":"district","_id":"district-mh-all-jalna-13"},"geometry":{"type":"MultiPolygon","coordinates":[[[[75.5844198,19.9645232],[75.596245,19.9601993],[75.5921467,19.9427064],[75.5728655,19.9355421],[75.5620712,19.9398028],[75.564191,19.951632],[75.5585469,19.9588133],[75.5616252,19.9648539],[75.575808,19.9675474],[75.5844198,19.9645232]]],[[[75.8927845,20.5585747],[75.9183064,20.554316],[75.9251623,20.5470573],[75.9314313,20.5484439],[75.9384811,20.5420508],[75.9405764,20.5355405],[75.9500135,20.531662],[75.959903,20.530735],[75.97147,20.5380506],[75.9724541,20.5319119],[75.9695539,20.5230985],[75.9610587,20.5257191],[75.950058,20.5191929],[75.9481527,20.5105935],[75.941155,20.5025947],[75.9412049,20.4927151],[75.9486593,20.4724738],[75.9529853,20.4728954],[75.9523565,20.4661806],[75.9570258,20.4645433],[75.9551151,20.4510391],[75.9449434,20.4431302],[75.9414314,20.4248024],[75.9442774,20.4144147],[75.9475296,20.4130177],[75.9525893,20.387037],[75.96213,20.3829153],[75.9668332,20.3729515],[75.9596138,20.3718622],[75.9564162,20.3659843],[75.9423212,20.368894],[75.9397924,20.3626989],[75.9419655,20.3583458],[75.9405093,20.3438743],[75.9337736,20.3385381],[75.928853,20.3257571],[75.9231073,20.3206312],[75.9280486,20.3036614],[75.9492625,20.2986326],[75.9690366,20.3159538],[75.9752118,20.3145611],[75.9777305,20.3079474],[75.9942185,20.3105671],[76.003203,20.3069969],[76.0013715,20.2914525],[76.0034064,20.2903724],[76.0269491,20.2891961],[76.0316674,20.3070985],[76.0468266,20.3371243],[76.0522625,20.3422105],[76.0613767,20.3431626],[76.0714645,20.349039],[76.0760819,20.358097],[76.0857717,20.3652372],[76.0860119,20.3603701],[76.0929249,20.3582173],[76.0902399,20.3528606],[76.093056,20.3483875],[76.0965404,20.3473834],[76.0988951,20.3525834],[76.1063653,20.3541304],[76.1147179,20.3460315],[76.120937,20.346658],[76.1209727,20.3427812],[76.1268146,20.3437069],[76.1280098,20.3388462],[76.1238234,20.3329288],[76.1294113,20.3188339],[76.1392149,20.3172645],[76.1468555,20.3112703],[76.1464814,20.3057802],[76.1409139,20.3005252],[76.1550532,20.302752],[76.1684147,20.2949639],[76.1722962,20.3021754],[76.1938218,20.3001537],[76.1807318,20.2711284],[76.1685261,20.2556179],[76.1664253,20.2387941],[76.1516553,20.2377049],[76.1392785,20.2312619],[76.134145,20.2238749],[76.1393677,20.2127517],[76.1498542,20.2059492],[76.1451428,20.199584],[76.132998,20.19874],[76.1336559,20.1862317],[76.1235325,20.1737017],[76.1240652,20.1684337],[76.1177228,20.1607787],[76.1082417,20.1609521],[76.105724,20.1325754],[76.0993639,20.1310253],[76.0947264,20.096295],[76.0916361,20.0942383],[76.0871183,20.0964079],[76.0873092,20.1000603],[76.0557688,20.0973916],[76.0518962,20.0851922],[76.0581814,20.0868559],[76.0622779,20.0844919],[76.069449,20.0735381],[76.0521984,20.0620646],[76.0187978,20.0584012],[76.0231834,20.0254824],[76.0108801,20.0219707],[76.006181,20.0124231],[75.9993446,20.0127124],[75.9860913,20.0047326],[75.9653599,20.0014053],[75.9624992,19.9949054],[75.9686223,19.9853731],[75.9880929,19.9806749],[75.9905752,19.9738149],[75.9954051,19.9754961],[76.0012084,19.9710689],[76.0106137,19.9740157],[76.0112638,19.9537565],[76.0270421,19.9504386],[76.0258506,19.9481987],[76.0409023,19.949671],[76.0481407,19.9459679],[76.052332,19.9402451],[76.0493597,19.9346705],[76.0565686,19.9302038],[76.0588515,19.9206943],[76.0792271,19.9130904],[76.0809138,19.8806186],[76.0918789,19.8729221],[76.0975497,19.8569585],[76.1293314,19.8650198],[76.1359101,19.8481984],[76.1412796,19.8438901],[76.1477625,19.8457431],[76.1483926,19.855949],[76.167534,19.8542678],[76.180926,19.8486488],[76.1942667,19.858805],[76.196645,19.8652448],[76.2062771,19.8641218],[76.2150993,19.8679394],[76.2291354,19.8654396],[76.2416777,19.8721846],[76.2491212,19.8709448],[76.257346,19.8758238],[76.2669989,19.8764316],[76.2928965,19.8710684],[76.2999626,19.8772624],[76.3154152,19.8772395],[76.3266589,19.8859781],[76.3351651,19.8838791],[76.3421341,19.8931399],[76.35329,19.8966633],[76.3547884,19.9091846],[76.3660225,19.9285008],[76.3839296,19.9169643],[76.3919559,19.9052968],[76.4021636,19.9098013],[76.4045266,19.9193093],[76.408196,19.9201901],[76.4397651,19.9178342],[76.4521384,19.9227174],[76.4680365,19.919182],[76.4921225,19.920361],[76.4927616,19.893795],[76.5013306,19.8889693],[76.5064893,19.8780058],[76.5181681,19.8782586],[76.5185234,19.8728113],[76.5345083,19.8655295],[76.5320713,19.860233],[76.5343485,19.8515683],[76.5190224,19.8499974],[76.5224785,19.8424011],[76.5184446,19.8340023],[76.5120108,19.8293995],[76.5150513,19.8271925],[76.5111229,19.8186584],[76.5144895,19.8082174],[76.5114725,19.7995718],[76.4853275,19.8000704],[76.4834504,19.7976349],[76.4820568,19.7866629],[76.4866599,19.7792487],[76.498413,19.7726431],[76.5108125,19.7713814],[76.5101475,19.7608237],[76.4886601,19.7635667],[76.4839922,19.7461762],[76.4595434,19.7472533],[76.4593886,19.7251916],[76.4839004,19.7214359],[76.4881665,19.7026248],[76.4879382,19.6841847],[76.4791278,19.6780875],[76.4708845,19.6791064],[76.4665153,19.666838],[76.4539295,19.6663913],[76.4494022,19.6596781],[76.4446591,19.6406621],[76.4552384,19.6387123],[76.4513828,19.6162151],[76.4426901,19.6139984],[76.4323694,19.6021552],[76.4376232,19.6002576],[76.4364969,19.5869682],[76.4478429,19.5826326],[76.4424598,19.5429285],[76.4149467,19.5343165],[76.4107104,19.5384848],[76.3958754,19.5410903],[76.3922822,19.5316719],[76.3761763,19.536652],[76.3685962,19.5106936],[76.3761299,19.5071534],[76.364588,19.4722017],[76.3429443,19.4716013],[76.3400413,19.4556653],[76.3359302,19.4536516],[76.3266318,19.4556687],[76.3168981,19.4645471],[76.3126921,19.4645302],[76.3014923,19.4325681],[76.2901419,19.4329689],[76.2889383,19.4300797],[76.2843667,19.3992287],[76.2901071,19.3952224],[76.2827994,19.3656178],[76.2627534,19.3666377],[76.2574214,19.3566445],[76.2762067,19.346553],[76.2754851,19.3443798],[76.2630669,19.3339206],[76.2400572,19.3363536],[76.2358422,19.3249113],[76.2368242,19.3179281],[76.2302085,19.3134691],[76.2106145,19.3178484],[76.2070381,19.3001314],[76.2177042,19.2934477],[76.2179592,19.2898479],[76.207601,19.276989],[76.1961449,19.2847751],[76.179627,19.288405],[76.1626778,19.2834265],[76.1603617,19.295391],[76.1517983,19.2957975],[76.1395027,19.2911677],[76.1336112,19.2931831],[76.125676,19.3033471],[76.1134656,19.2961949],[76.1089214,19.3060626],[76.1027009,19.3080674],[76.0963403,19.3042596],[76.0879341,19.2809353],[76.0710721,19.2789546],[76.0562314,19.2849947],[76.0406654,19.2836925],[76.0322622,19.2881389],[76.0259131,19.2981902],[76.0209332,19.3294579],[76.0236926,19.3332527],[76.0149042,19.3378974],[75.9806044,19.3072976],[75.9604207,19.3017275],[75.942853,19.2918937],[75.9351578,19.2933796],[75.9182247,19.303437],[75.9064945,19.3183312],[75.9036446,19.3368732],[75.9052223,19.3469846],[75.9250276,19.3827004],[75.9120325,19.3921685],[75.9047933,19.3907933],[75.8931444,19.3795714],[75.8731443,19.383292],[75.8578772,19.3756164],[75.8404808,19.3714849],[75.8352909,19.3718176],[75.7930489,19.3982707],[75.786097,19.399666],[75.7564116,19.3876551],[75.7613553,19.3775393],[75.7509323,19.3560832],[75.7427608,19.3585574],[75.7136018,19.354395],[75.6998457,19.3590197],[75.6796646,19.3556519],[75.6755154,19.3582641],[75.6724434,19.3676021],[75.6507606,19.3685709],[75.6401083,19.3814479],[75.6257261,19.3733732],[75.6067835,19.3830314],[75.612759,19.4251469],[75.6032737,19.427541],[75.6049056,19.4505145],[75.6096369,19.4540282],[75.6136093,19.4665324],[75.6282839,19.4604749],[75.6315413,19.4646361],[75.6415605,19.4962195],[75.6399429,19.5213017],[75.6427387,19.5388592],[75.6467384,19.5403635],[75.6556682,19.5687562],[75.650266,19.5784317],[75.6528118,19.5857418],[75.6500842,19.5940765],[75.6104911,19.597818],[75.6088578,19.6016255],[75.5964228,19.6032872],[75.5916581,19.6099599],[75.5937497,19.6180054],[75.5887123,19.6240552],[75.5851458,19.6383009],[75.6038645,19.6434903],[75.6051327,19.6578329],[75.6270722,19.6561738],[75.6292382,19.660322],[75.6313975,19.6762686],[75.6251948,19.7042387],[75.629335,19.7064707],[75.6319567,19.7348648],[75.6255104,19.7379645],[75.623587,19.772],[75.6347081,19.7723749],[75.6339923,19.7772426],[75.6450342,19.7826482],[75.6450034,19.7921665],[75.6406724,19.7941899],[75.634702,19.8045615],[75.6341234,19.8116385],[75.6535846,19.8133587],[75.6584987,19.8225185],[75.6600025,19.8292087],[75.6577151,19.8296568],[75.6559095,19.8409496],[75.645923,19.8418924],[75.6451577,19.8449011],[75.6567798,19.9125096],[75.6775355,19.9165442],[75.6805475,19.9230672],[75.6731648,19.9403633],[75.6633404,19.9457489],[75.6619375,19.9494719],[75.655406,19.9457833],[75.6513432,19.9493054],[75.6557635,19.9658384],[75.6436813,19.9768223],[75.6444744,20.0069788],[75.6346981,20.0110542],[75.6309673,20.005183],[75.6212262,20.0001056],[75.5995675,19.9995101],[75.5980859,20.00526],[75.5924469,20.0063826],[75.5919982,20.0162551],[75.5881906,20.0229167],[75.6043244,20.0533766],[75.5971952,20.058416],[75.5983597,20.0618075],[75.589567,20.0622198],[75.5856467,20.0825434],[75.5863587,20.0978988],[75.624158,20.1002746],[75.6322547,20.1188904],[75.633739,20.1358024],[75.6370994,20.138488],[75.6455897,20.1873944],[75.6704364,20.1836739],[75.6770171,20.1873914],[75.6811407,20.1988412],[75.6813767,20.21219],[75.6802031,20.2281247],[75.6739583,20.2314942],[75.6743476,20.2340292],[75.6802748,20.2589382],[75.6904997,20.2672484],[75.6946519,20.2829891],[75.6819485,20.3023047],[75.683123,20.3068566],[75.7077664,20.3128253],[75.7164309,20.3304087],[75.728308,20.3276765],[75.7332498,20.3326919],[75.7423941,20.3349141],[75.7432304,20.3262288],[75.7545297,20.3257897],[75.7600719,20.3282494],[75.7641485,20.3362236],[75.7689673,20.3361905],[75.7573507,20.3667574],[75.745601,20.3705814],[75.7504173,20.3885804],[75.7491771,20.4022278],[75.7343689,20.406742],[75.733262,20.4113889],[75.7374527,20.4192454],[75.7546252,20.4234396],[75.7639761,20.4519843],[75.7764472,20.4551282],[75.7934743,20.450351],[75.7956332,20.4596717],[75.8110871,20.463263],[75.8142729,20.4687968],[75.8216913,20.4717033],[75.8267958,20.4710425],[75.8391395,20.4583046],[75.8546108,20.4603436],[75.863757,20.4475755],[75.8625869,20.4400273],[75.8775984,20.4374083],[75.8818198,20.4449439],[75.8939058,20.4453374],[75.8694867,20.4550599],[75.8708983,20.4612777],[75.8613039,20.4666911],[75.8588102,20.4814056],[75.8542564,20.4802152],[75.8478096,20.486476],[75.8498539,20.499043],[75.8529118,20.5031538],[75.858969,20.5034801],[75.8620516,20.5241314],[75.8695908,20.5279766],[75.8810421,20.5232867],[75.8833321,20.5265162],[75.8605864,20.559524],[75.8765739,20.5525438],[75.8806083,20.5607562],[75.8927845,20.5585747]]]]}},{"type":"Feature","properties":{"district":"Kolhapur","name":"Kolhapur District","layerType":"district","_id":"district-mh-all-kolhapur-14"},"geometry":{"type":"Polygon","coordinates":[[[73.7843748,17.1796567],[73.7918502,17.1783843],[73.7991881,17.1712395],[73.8188746,17.1700487],[73.8475298,17.1533819],[73.8533706,17.1488121],[73.8581331,17.1373029],[73.8745364,17.1290844],[73.8758464,17.1269404],[73.8711278,17.1226543],[73.8743028,17.1165113],[73.8987964,17.1033019],[73.9035493,17.0972567],[73.904254,17.0847798],[73.9138755,17.0765664],[73.9137494,17.07223],[73.9304391,17.0748159],[73.9377292,17.0694849],[73.9401281,17.0632814],[73.9481988,17.0625607],[73.9504488,17.0574685],[73.9589688,17.0563724],[73.9736733,17.035731],[73.9792535,17.0345088],[73.9786665,17.0091083],[73.9695556,17.0080985],[73.9734864,16.9901492],[73.9847504,16.9866788],[73.9898022,16.9965177],[73.9932591,16.9966677],[74.0001443,16.9912715],[74.0055616,16.9925024],[74.010367,16.9878713],[74.0233539,16.9851517],[74.0210663,16.9685195],[74.0261903,16.9639886],[74.0199646,16.9603772],[74.0281338,16.9512421],[74.0228848,16.9430977],[74.0375454,16.9377582],[74.0399591,16.9225158],[74.0490133,16.9215914],[74.0531688,16.9143339],[74.0632821,16.9112459],[74.0660352,16.902279],[74.0803584,16.9072048],[74.0914744,16.9182609],[74.0997235,16.9103692],[74.1228737,16.9123889],[74.1229993,16.9052994],[74.1330353,16.891006],[74.1448704,16.8830148],[74.156619,16.8898738],[74.1626968,16.8978799],[74.1751963,16.9025366],[74.1920861,16.8938407],[74.2097339,16.8930194],[74.2162734,16.9116504],[74.2231654,16.9136865],[74.2308585,16.9033339],[74.2321866,16.8903784],[74.2364111,16.8861237],[74.2465105,16.886561],[74.25723,16.9065092],[74.2680048,16.9096574],[74.2803389,16.9181111],[74.2837496,16.9174478],[74.2955482,16.8946411],[74.3060916,16.8906993],[74.3133894,16.8917518],[74.3275653,16.877208],[74.3370859,16.8813039],[74.3448193,16.8741704],[74.3532507,16.8732516],[74.3560688,16.8610513],[74.3612239,16.8541438],[74.3785326,16.86868],[74.387286,16.8698019],[74.4012944,16.8829792],[74.4027808,16.8771231],[74.4129412,16.879626],[74.4156765,16.8776746],[74.4144106,16.8649022],[74.4040555,16.8513846],[74.4092737,16.8461361],[74.4220911,16.8438496],[74.4372983,16.8512175],[74.4584267,16.8529742],[74.4725567,16.8684775],[74.4959013,16.8565696],[74.4943001,16.8413866],[74.4964606,16.8311262],[74.5005731,16.8296305],[74.5022689,16.8338815],[74.5145629,16.8408624],[74.5129548,16.8513493],[74.5169437,16.8581379],[74.5194094,16.8515961],[74.5287061,16.8457963],[74.5345781,16.8461783],[74.5544334,16.8246049],[74.5605951,16.8062186],[74.604657,16.7993987],[74.6294332,16.7879513],[74.6415424,16.7727944],[74.6425781,16.7567706],[74.6458331,16.752363],[74.6708648,16.746949],[74.7002415,16.7341291],[74.6888842,16.7119874],[74.6893987,16.6864641],[74.6814673,16.6858949],[74.6810857,16.6809091],[74.6888432,16.6815387],[74.6895503,16.6770257],[74.6802286,16.6734946],[74.6767039,16.6660718],[74.6651639,16.6656715],[74.6546878,16.6397812],[74.6584879,16.6320383],[74.6694701,16.62954],[74.6875725,16.6178854],[74.689182,16.6099149],[74.683617,16.6060276],[74.6728211,16.6089808],[74.6607674,16.6029171],[74.6400137,16.6104538],[74.6333533,16.6003588],[74.6354262,16.584789],[74.6286333,16.5777319],[74.6187985,16.584072],[74.6168777,16.5755628],[74.6019564,16.5653589],[74.5876147,16.5658996],[74.5848488,16.5594285],[74.5740097,16.5582711],[74.5738141,16.553913],[74.5677283,16.554684],[74.559363,16.5633138],[74.5552589,16.5634819],[74.5559989,16.5735219],[74.5640188,16.579091],[74.5668942,16.5853886],[74.5594903,16.5941294],[74.5434927,16.5953186],[74.5444281,16.6349983],[74.504369,16.6336008],[74.4890338,16.6301448],[74.4759966,16.6458641],[74.4701066,16.6639199],[74.4563979,16.6550464],[74.4583206,16.6487452],[74.455372,16.6446977],[74.4648054,16.625864],[74.4667115,16.6068224],[74.4354381,16.60106],[74.4263386,16.5957398],[74.4223585,16.584814],[74.3966259,16.5832675],[74.3928632,16.5653349],[74.3875801,16.5585461],[74.3871499,16.5361972],[74.3809874,16.5294703],[74.3764277,16.5291273],[74.3723789,16.5338943],[74.3592074,16.5388423],[74.356137,16.5500631],[74.3590407,16.5556765],[74.3562466,16.5597473],[74.3551209,16.5550632],[74.3454709,16.5547698],[74.3396905,16.5477574],[74.3353185,16.5477052],[74.3241053,16.5565638],[74.3158391,16.5512102],[74.3151228,16.5045975],[74.3072103,16.5037431],[74.300191,16.5302169],[74.2908319,16.5335196],[74.2831383,16.5245893],[74.2791973,16.5432694],[74.2707803,16.5478359],[74.2644425,16.5404441],[74.2699509,16.5219133],[74.2760111,16.519526],[74.2777934,16.5041494],[74.2534625,16.5008179],[74.2477224,16.49734],[74.2560693,16.4901968],[74.2606482,16.4803677],[74.263858,16.4807173],[74.2733619,16.4850553],[74.2793777,16.5044372],[74.2894458,16.5050049],[74.2921819,16.486557],[74.2884539,16.4772253],[74.2891343,16.4637747],[74.2982112,16.4636473],[74.3091668,16.4539686],[74.3310252,16.455949],[74.3297114,16.4475007],[74.3353116,16.4458448],[74.3326821,16.4375283],[74.336366,16.4301033],[74.3295176,16.4173264],[74.334614,16.4029729],[74.362936,16.4054776],[74.3629571,16.3957475],[74.3536003,16.3814462],[74.353885,16.3680268],[74.3473774,16.368291],[74.3363916,16.3926957],[74.3290498,16.3920005],[74.325256,16.3794507],[74.3175779,16.3809205],[74.3247275,16.3602071],[74.3175598,16.3539429],[74.3270346,16.3425095],[74.3154259,16.3400324],[74.3208441,16.3349763],[74.3165878,16.3269117],[74.3297467,16.3225843],[74.3312935,16.3206666],[74.3250954,16.3149811],[74.3291901,16.31221],[74.3317349,16.3138779],[74.3340214,16.3096492],[74.3318958,16.3056591],[74.3366119,16.3058317],[74.3425482,16.2980273],[74.3422288,16.2918598],[74.3279606,16.2932461],[74.3255121,16.2869268],[74.3208257,16.2844755],[74.3248329,16.2725492],[74.3284616,16.2688744],[74.3341497,16.2687989],[74.3337521,16.2746875],[74.3380195,16.2716759],[74.342183,16.2733187],[74.3434055,16.2777288],[74.3504603,16.2753667],[74.3536706,16.2820876],[74.3442193,16.2892663],[74.3446731,16.2927163],[74.3547783,16.2926409],[74.3625285,16.2867199],[74.3682839,16.2668636],[74.3732028,16.2616432],[74.3806359,16.261968],[74.380505,16.2720647],[74.3847459,16.2775229],[74.4143948,16.2826511],[74.4176107,16.2580007],[74.4353364,16.2587646],[74.4356243,16.2515827],[74.4547151,16.2533728],[74.456094,16.2438646],[74.4682344,16.2402994],[74.4788138,16.2505886],[74.4898073,16.2357797],[74.4956439,16.2344781],[74.5020187,16.2270467],[74.5031073,16.2224682],[74.495926,16.2143006],[74.5010173,16.2058299],[74.5069404,16.2031719],[74.5069868,16.1912869],[74.4923213,16.1835143],[74.4883674,16.1572623],[74.4803146,16.1484035],[74.4798898,16.1451866],[74.4851054,16.1423035],[74.4911534,16.111442],[74.4912311,16.1043051],[74.4863168,16.0999458],[74.4828997,16.0901112],[74.4742721,16.0903299],[74.4586813,16.103795],[74.4413925,16.1057664],[74.4280212,16.1113844],[74.4100723,16.1021793],[74.4082565,16.0949516],[74.3900352,16.0894625],[74.3908589,16.0804849],[74.3848582,16.0824824],[74.3721783,16.0769739],[74.3719985,16.0697873],[74.3618734,16.0545139],[74.3773352,16.0551205],[74.3695674,16.0404173],[74.3809913,16.0354833],[74.4003218,16.0452531],[74.4052419,16.0513863],[74.4331733,16.0588433],[74.4419985,16.0533103],[74.4492578,16.0540196],[74.4628131,16.0478379],[74.4632268,16.0428358],[74.4578803,16.0414294],[74.462771,16.0376635],[74.4457911,16.00345],[74.4436859,15.9869453],[74.4306185,15.9562549],[74.3869235,15.9051628],[74.3889089,15.900977],[74.3931649,15.900105],[74.3967162,15.8813268],[74.3930201,15.8791651],[74.3975433,15.8702585],[74.4069396,15.863415],[74.4062977,15.8563359],[74.3979459,15.8512554],[74.3832693,15.8599059],[74.379338,15.8777253],[74.3654869,15.8940076],[74.3626436,15.8756943],[74.3466809,15.8626783],[74.3460866,15.8584054],[74.3382598,15.8549601],[74.3456416,15.8507819],[74.3744819,15.8501965],[74.3832204,15.847078],[74.3840528,15.8401217],[74.3709032,15.8307089],[74.3605716,15.8167186],[74.3696988,15.8116902],[74.3718165,15.797463],[74.368644,15.7876209],[74.3456844,15.7645551],[74.3249002,15.7718964],[74.3216057,15.7706062],[74.3187679,15.7597033],[74.3097429,15.7548949],[74.3080924,15.7486994],[74.2851978,15.7417259],[74.2684119,15.7546266],[74.2524636,15.7450392],[74.2382199,15.7440612],[74.2266977,15.7620167],[74.2280224,15.7707002],[74.2344103,15.7780476],[74.2334974,15.7868141],[74.228719,15.7882577],[74.2139454,15.7806507],[74.1962788,15.7840302],[74.1815594,15.775098],[74.1717351,15.7744045],[74.1536251,15.7868202],[74.1524945,15.797633],[74.1589131,15.8211047],[74.142447,15.8226418],[74.1458667,15.8321643],[74.1100165,15.8226078],[74.1030296,15.8402774],[74.0841658,15.8383993],[74.0742073,15.8344796],[74.0662888,15.8264844],[74.064811,15.8143332],[74.0495725,15.8056045],[74.0345338,15.8026991],[74.0304332,15.8188431],[74.0340166,15.8327327],[74.030367,15.8346408],[74.0481778,15.8425379],[74.067262,15.8583684],[74.0838373,15.8681793],[74.0886755,15.8681896],[74.0929691,15.873076],[74.0872046,15.8744642],[74.0928147,15.890665],[74.0922529,15.8988108],[74.0816447,15.932263],[74.0730739,15.9487327],[74.0630848,15.9420155],[74.0577783,15.9427631],[74.0505859,15.9461251],[74.0515324,15.9520645],[74.0455816,15.9571154],[74.0559283,15.9679061],[74.0553862,15.9739716],[74.0621579,15.9837037],[74.077965,15.9997059],[74.0891428,16.0052874],[74.090629,16.0151174],[74.0774875,16.0229012],[74.0651756,16.0387466],[74.0600863,16.0510096],[74.0516328,16.0429197],[74.0504508,16.0330443],[74.0440147,16.0311639],[74.0392339,16.0338107],[74.0249392,16.032213],[74.0184522,16.0390075],[74.0111911,16.0381311],[74.0005418,16.0418815],[74.0026772,16.0516345],[73.9996986,16.0583237],[73.9967904,16.0580102],[74.0076312,16.0637283],[74.0068021,16.0662643],[74.0113743,16.0666322],[74.0028161,16.0793431],[73.9915169,16.0794139],[73.9954367,16.0914194],[73.9935433,16.0929704],[73.9615644,16.0950486],[73.9433341,16.0997007],[73.9376316,16.097112],[73.9187841,16.097607],[73.9057818,16.1008965],[73.9016581,16.099317],[73.8996124,16.0886844],[73.8970271,16.0888322],[73.8738508,16.0970445],[73.866351,16.0950175],[73.8640587,16.0965999],[73.8725821,16.1055857],[73.8610334,16.1065294],[73.8539432,16.1029438],[73.8524865,16.0974076],[73.844476,16.0948115],[73.8434456,16.0872949],[73.8533749,16.0816876],[73.8599521,16.0699448],[73.8438497,16.0782183],[73.8440523,16.084479],[73.8340433,16.0950064],[73.835419,16.0997776],[73.8451481,16.1080352],[73.8490149,16.1180258],[73.846118,16.1239038],[73.8498816,16.1283318],[73.8482183,16.1322826],[73.8535628,16.134652],[73.8450778,16.1526269],[73.8645686,16.1391029],[73.8681574,16.1466596],[73.8716454,16.1437358],[73.8842999,16.1452428],[73.890259,16.1398285],[73.9052872,16.1359121],[73.9166973,16.1453002],[73.9139426,16.1495406],[73.9187796,16.1536335],[73.9091258,16.1593848],[73.9176199,16.1674484],[73.9151905,16.1715545],[73.9206105,16.1733673],[73.9314905,16.1697735],[73.933929,16.1730876],[73.9427288,16.1745089],[73.9442147,16.1821694],[73.9377971,16.1855762],[73.9532068,16.1989514],[73.9559689,16.2080355],[73.9453978,16.206143],[73.938526,16.2086803],[73.9361101,16.2051385],[73.9244388,16.2019072],[73.9293937,16.2108742],[73.9256273,16.2179483],[73.9189338,16.2181201],[73.9339623,16.2249613],[73.9383535,16.2359861],[73.9454236,16.2385672],[73.9408639,16.2437303],[73.9260017,16.2393187],[73.9147833,16.2310753],[73.9136633,16.23447],[73.9064104,16.2350507],[73.8958894,16.2342582],[73.8905893,16.230483],[73.9174999,16.2456538],[73.9075775,16.2515176],[73.9062974,16.2558548],[73.8907981,16.2578381],[73.8945156,16.2621894],[73.8818018,16.2788319],[73.8897206,16.2898513],[73.8887653,16.2996392],[73.9016049,16.3078495],[73.9022186,16.3283241],[73.8961085,16.3285322],[73.8897601,16.3226452],[73.8868503,16.3283389],[73.8646069,16.3101335],[73.8616109,16.3096206],[73.8569264,16.3169025],[73.8508143,16.3108281],[73.8472621,16.3009613],[73.8467458,16.3142769],[73.8390886,16.3164917],[73.8472695,16.3233913],[73.8460711,16.3273288],[73.8395611,16.3399182],[73.8321531,16.344977],[73.8434203,16.3553103],[73.8500112,16.3548924],[73.862501,16.3752762],[73.8561274,16.385664],[73.8367472,16.3921991],[73.8351873,16.4024206],[73.8509678,16.4166268],[73.8493995,16.4226282],[73.8671704,16.4337438],[73.8720871,16.4421298],[73.8825617,16.4456176],[73.8874155,16.4619894],[73.8833277,16.4701958],[73.8609708,16.4761331],[73.8599643,16.48295],[73.8516146,16.4876303],[73.8500425,16.4978059],[73.8401924,16.5092717],[73.8462169,16.5202483],[73.8455993,16.5274376],[73.81506,16.544346],[73.8212105,16.5503622],[73.8309627,16.549665],[73.8311813,16.5583949],[73.8459248,16.5729725],[73.8416461,16.5886458],[73.8593509,16.6048976],[73.8621414,16.6125081],[73.8535962,16.6250325],[73.8480395,16.6421413],[73.8520121,16.6477682],[73.8490567,16.6500602],[73.8564709,16.6559003],[73.8532055,16.6589291],[73.8568092,16.6592533],[73.863492,16.668407],[73.8612699,16.6718014],[73.8514131,16.672953],[73.8595818,16.6811761],[73.8423124,16.6941431],[73.8253,16.6972617],[73.8167125,16.70908],[73.8119609,16.7085467],[73.8179009,16.7147617],[73.8258879,16.7152242],[73.8375656,16.738031],[73.8348313,16.7424],[73.8290504,16.7422504],[73.8287226,16.754003],[73.8136731,16.7680382],[73.8040059,16.7661551],[73.797577,16.7609081],[73.7929621,16.7616435],[73.7873325,16.766413],[73.7849427,16.7758661],[73.7797968,16.7794096],[73.7683727,16.7700885],[73.7623361,16.7691704],[73.7548938,16.7815267],[73.7604504,16.802538],[73.7516676,16.805771],[73.7494495,16.8128447],[73.7354688,16.8224593],[73.7329793,16.8161634],[73.7294888,16.8165818],[73.7256199,16.8222456],[73.7114199,16.8279197],[73.7186907,16.8373206],[73.7237957,16.8390855],[73.7275245,16.8346036],[73.7324935,16.837162],[73.7370898,16.8450356],[73.7649253,16.8290245],[73.7629577,16.8335533],[73.7663424,16.8368888],[73.7658379,16.8441916],[73.7626154,16.8473389],[73.7671425,16.865929],[73.7466723,16.884401],[73.7473758,16.9042569],[73.739643,16.8961953],[73.7357647,16.9017501],[73.7386432,16.9072387],[73.7365251,16.9147236],[73.7431993,16.9158429],[73.7476398,16.9051708],[73.7602799,16.9047613],[73.7647786,16.9098162],[73.7705152,16.9080106],[73.7804295,16.9107073],[73.7836952,16.9065484],[73.7882311,16.9067491],[73.7922112,16.923282],[73.7877624,16.9240758],[73.7910468,16.9306364],[73.79516,16.9299173],[73.7899505,16.9348712],[73.789568,16.9396474],[73.7627374,16.9609474],[73.7633036,16.9643188],[73.7715046,16.9744497],[73.7758556,16.9726826],[73.7859621,16.9930656],[73.8084938,16.9882177],[73.8312171,16.9894871],[73.8341276,17.0013489],[73.8280109,17.0150354],[73.8315601,17.0231207],[73.8253072,17.0369223],[73.8339851,17.0520237],[73.83116,17.0588775],[73.8172495,17.065507],[73.8036023,17.0625218],[73.8071105,17.0862219],[73.794167,17.0984819],[73.7902119,17.095213],[73.7850198,17.097894],[73.7784467,17.1082489],[73.7686683,17.1092909],[73.7476882,17.1302236],[73.7450833,17.1311332],[73.7364861,17.121439],[73.7169446,17.1311387],[73.7105468,17.1399353],[73.6944824,17.1388889],[73.689315,17.1418094],[73.6886077,17.1550179],[73.7069833,17.1634449],[73.7079129,17.1697368],[73.713177,17.1736877],[73.7199897,17.1692089],[73.7291222,17.1690183],[73.7425717,17.1764798],[73.744724,17.1636102],[73.7423632,17.1600689],[73.7472357,17.1550855],[73.7731879,17.149629],[73.7764645,17.1532472],[73.7680553,17.1752768],[73.7758739,17.1820775],[73.7843748,17.1796567]],[[74.2833318,15.830503],[74.2617693,15.8297388],[74.2689956,15.8161393],[74.2664748,15.7977955],[74.2748576,15.7960921],[74.2855959,15.788097],[74.2898235,15.7877287],[74.2891477,15.7914245],[74.2932985,15.7952734],[74.3017661,15.7875174],[74.3102946,15.7924744],[74.3125895,15.798616],[74.3044852,15.8051129],[74.2912383,15.8320083],[74.2833318,15.830503]]]}},{"type":"Feature","properties":{"district":"Latur","name":"Latur District","layerType":"district","_id":"district-mh-all-latur-15"},"geometry":{"type":"Polygon","coordinates":[[[76.9131229,18.8364493],[76.9896923,18.8287601],[76.994968,18.8177831],[76.9964547,18.8044871],[77.0060912,18.7857207],[77.0075312,18.7662174],[77.0341349,18.7690134],[77.0529816,18.7745497],[77.0578357,18.7648372],[77.0536492,18.7439671],[77.0583023,18.7265329],[77.0565042,18.7179386],[77.0516886,18.7174141],[77.0436212,18.6990983],[77.0458723,18.6843527],[77.0651561,18.6817161],[77.0699708,18.6879245],[77.102029,18.69463],[77.1384214,18.6972729],[77.1354848,18.7100433],[77.1394896,18.7128698],[77.1450099,18.7129664],[77.1510302,18.7005744],[77.1733885,18.7044921],[77.1845699,18.6996683],[77.1933281,18.688657],[77.1776114,18.6794625],[77.1577397,18.680382],[77.1538877,18.6472315],[77.198684,18.6466867],[77.1989132,18.6430052],[77.2084511,18.6377802],[77.2113606,18.6245942],[77.2681563,18.6114648],[77.2666116,18.5948993],[77.2699306,18.5831082],[77.2654882,18.5814571],[77.2615187,18.5658627],[77.2740893,18.5620114],[77.2937334,18.5495074],[77.2867405,18.5400033],[77.2857931,18.5303878],[77.2803391,18.520936],[77.2672978,18.5220963],[77.2458615,18.4996557],[77.2508619,18.486607],[77.2750304,18.4777265],[77.2674736,18.4546127],[77.2554229,18.4551546],[77.2546574,18.4522508],[77.2630277,18.4437633],[77.2664241,18.4341938],[77.264662,18.4208743],[77.2593687,18.4132612],[77.241768,18.4126071],[77.234763,18.3967641],[77.2344988,18.3870231],[77.2401388,18.3780577],[77.2484246,18.3760563],[77.246391,18.3707656],[77.2324912,18.369294],[77.2258853,18.3651614],[77.2200911,18.3492735],[77.228969,18.3480031],[77.2230301,18.3399998],[77.2195691,18.3275038],[77.211794,18.3162807],[77.203248,18.3211959],[77.1987125,18.3154522],[77.202926,18.2977345],[77.2055503,18.2940977],[77.2100685,18.2945147],[77.209355,18.2877237],[77.212917,18.2810569],[77.1985115,18.2772205],[77.1882135,18.2847422],[77.1754697,18.2849724],[77.171169,18.278354],[77.1699647,18.2615345],[77.1589706,18.2551626],[77.152537,18.239624],[77.1487479,18.2390361],[77.1515313,18.2181378],[77.1440058,18.2171199],[77.1397164,18.2075617],[77.1112905,18.2042434],[77.0978742,18.196931],[77.1167962,18.1696147],[77.110601,18.1553395],[77.0994771,18.1581933],[77.083857,18.1505976],[77.063958,18.1506521],[77.053202,18.1594518],[77.0495017,18.1746186],[77.034328,18.1815413],[77.0303912,18.1768811],[77.0245274,18.1757677],[77.0242246,18.1598172],[77.0016902,18.1607941],[76.9964079,18.1661971],[76.9906091,18.1899878],[76.9799652,18.1918261],[76.9775359,18.1891044],[76.9519345,18.1880993],[76.9484501,18.1687601],[76.9424794,18.1566492],[76.9314765,18.1596534],[76.9239631,18.1466334],[76.9317953,18.1335262],[76.9202492,18.1250736],[76.9204371,18.1197279],[76.9234743,18.1155201],[76.954274,18.1105443],[76.9663497,18.0982012],[76.9629414,18.0895718],[76.9453295,18.0833312],[76.9516204,18.0610531],[76.9453527,18.0501332],[76.9483622,18.0444049],[76.9531906,18.0433366],[76.9524501,18.0405371],[76.9161525,18.0355926],[76.9122953,18.0173392],[76.9062086,18.0110005],[76.9067197,17.9966142],[76.9129602,17.9969061],[76.9143786,17.962143],[76.9206683,17.9415708],[76.9191025,17.9162251],[76.9018906,17.9171561],[76.8946336,17.9058014],[76.8946444,17.9009028],[76.8839856,17.8989816],[76.8843882,17.8945403],[76.8536075,17.9005985],[76.8397249,17.8993742],[76.8327822,17.895501],[76.8303547,17.8855794],[76.8119617,17.8868662],[76.8081911,17.8714793],[76.804367,17.8706061],[76.776878,17.8776078],[76.7681751,17.9011318],[76.7405087,17.8997374],[76.7378696,17.9097899],[76.7256672,17.9125147],[76.721524,17.9178944],[76.673912,17.9187038],[76.6764081,17.9368192],[76.6811145,17.9458928],[76.6734733,17.9467944],[76.6730657,17.9671205],[76.6892373,17.9701956],[76.6786798,17.995339],[76.6604543,18.0005383],[76.6266798,17.9999663],[76.6037066,18.0072913],[76.6103329,18.0261515],[76.6096992,18.0388735],[76.6025266,18.0377366],[76.5980671,18.0330287],[76.5781719,18.0371981],[76.5759826,18.0229271],[76.5640075,18.0310094],[76.5529954,18.0264423],[76.5495808,18.0309003],[76.5405305,18.0317645],[76.5319605,18.0313947],[76.5314306,18.0288083],[76.5111909,18.0231705],[76.5121561,18.0502244],[76.4992864,18.0518529],[76.4952028,18.0273008],[76.4880801,18.0247028],[76.4655843,18.0317734],[76.4617336,18.0273414],[76.4489407,18.0318675],[76.4286577,18.0336878],[76.4054391,18.0459227],[76.3837141,18.0450782],[76.3848837,18.0605581],[76.3965754,18.0595844],[76.398551,18.0652351],[76.3841247,18.0774613],[76.3787922,18.0887409],[76.3723956,18.0900303],[76.3541057,18.082565],[76.3525838,18.0663718],[76.3489352,18.0621191],[76.3405094,18.0612802],[76.3305348,18.0763003],[76.3271692,18.0967546],[76.3085987,18.0927801],[76.3061262,18.0981408],[76.2956265,18.0999823],[76.2965553,18.1047048],[76.2929137,18.1070781],[76.2807149,18.1107884],[76.2826389,18.1288616],[76.2755894,18.1436175],[76.2813522,18.1506483],[76.2805178,18.1844103],[76.2926827,18.1976385],[76.3013924,18.2318053],[76.285788,18.2321517],[76.2837023,18.2476569],[76.2942666,18.2611259],[76.3033693,18.26266],[76.3100849,18.2809405],[76.3145376,18.2824636],[76.3168351,18.3299715],[76.2841529,18.3400123],[76.289367,18.3752655],[76.2885143,18.389439],[76.2732508,18.3795417],[76.2576894,18.3640214],[76.2465082,18.3762256],[76.2220832,18.3802779],[76.2044978,18.3938477],[76.2145557,18.4080922],[76.2205568,18.4284953],[76.2256754,18.4339592],[76.2366553,18.4344461],[76.260446,18.4281503],[76.265758,18.4235756],[76.2669213,18.4258834],[76.2621813,18.4645886],[76.2687038,18.4708492],[76.2662381,18.4761131],[76.2545062,18.4826943],[76.2550134,18.4868942],[76.2617605,18.4928917],[76.2532445,18.4955991],[76.2529325,18.5212873],[76.2746234,18.5382032],[76.2782693,18.5733889],[76.2922925,18.5760282],[76.3006887,18.568723],[76.3141651,18.5655101],[76.3223205,18.5703567],[76.3392422,18.5605954],[76.3484624,18.5654998],[76.3601825,18.5591287],[76.370615,18.5434339],[76.3891089,18.5421583],[76.3928948,18.5486516],[76.3876359,18.5509498],[76.3853217,18.5717895],[76.391724,18.5952591],[76.4013019,18.5961978],[76.4036894,18.6018536],[76.4095231,18.6006269],[76.411503,18.6077292],[76.4278257,18.6121384],[76.4291314,18.6169814],[76.4547934,18.621554],[76.4674285,18.6348221],[76.47118,18.6342317],[76.4759408,18.6262267],[76.4782552,18.6158132],[76.4994532,18.6040565],[76.5254498,18.6261927],[76.5295564,18.647893],[76.5410276,18.6510398],[76.5427645,18.6444023],[76.5494476,18.6447675],[76.5458836,18.636065],[76.5487091,18.6349455],[76.5558628,18.6404412],[76.5599937,18.6392616],[76.5612206,18.6283593],[76.5783489,18.6194799],[76.5868412,18.6498368],[76.5933577,18.6544292],[76.5931715,18.6691871],[76.5978451,18.6723797],[76.6341054,18.6745259],[76.6411538,18.6628746],[76.6364232,18.6495532],[76.6518897,18.6431771],[76.6572527,18.6333927],[76.6784733,18.6344548],[76.6809737,18.6481059],[76.6619548,18.6554615],[76.6624388,18.6597212],[76.6833245,18.6919853],[76.6964441,18.6914611],[76.7114859,18.6994402],[76.7267945,18.6954668],[76.7337818,18.7000962],[76.7325647,18.7220844],[76.7231262,18.7482357],[76.7339162,18.7533415],[76.7328588,18.7597504],[76.7374104,18.7610185],[76.742821,18.7756959],[76.7703579,18.7739921],[76.7777013,18.7774621],[76.7833124,18.7966365],[76.7910399,18.8003828],[76.8012107,18.8021937],[76.8083841,18.7991292],[76.8275718,18.8116628],[76.839155,18.8138102],[76.8441208,18.8129168],[76.8456784,18.8078224],[76.8515544,18.8071447],[76.8529916,18.8169737],[76.8596524,18.8224755],[76.8620168,18.8181097],[76.8641751,18.8191265],[76.8669415,18.8301926],[76.8808429,18.8317859],[76.8976391,18.8386538],[76.9131229,18.8364493]]]}},{"type":"Feature","properties":{"district":"Mumbai City","name":"Mumbai City District","layerType":"district","_id":"district-mh-all-mumbai-city-16"},"geometry":{"type":"Polygon","coordinates":[[[72.8676175,19.0528252],[72.8797447,19.0467836],[72.8814764,19.0364849],[72.874775,19.016846],[72.8619699,19.0093281],[72.8616088,19.0020122],[72.8543206,18.9972034],[72.8601581,18.9832721],[72.8568165,18.9784588],[72.8502009,18.9802442],[72.8552252,18.9779873],[72.8488461,18.9777469],[72.8552049,18.9759607],[72.8502822,18.9756464],[72.8533899,18.9725855],[72.8479264,18.9695282],[72.8502067,18.9681372],[72.8471879,18.965031],[72.8487905,18.9610526],[72.8429536,18.930105],[72.835592,18.9284371],[72.8373237,18.9260761],[72.8272516,18.9114663],[72.8182167,18.9082117],[72.8169944,18.9012483],[72.807782,18.8939867],[72.8035602,18.8988146],[72.8040892,18.9086128],[72.8092743,18.9110551],[72.8156491,18.9084882],[72.8258835,18.9205376],[72.82486,18.9268073],[72.8201938,18.9273976],[72.8236058,18.9412494],[72.8121794,18.955271],[72.8076955,18.9551276],[72.7994746,18.9482483],[72.7936256,18.939546],[72.7924965,18.9499065],[72.799176,18.9572468],[72.8040582,18.9736668],[72.813321,18.9822274],[72.8130987,18.9875324],[72.8106782,18.9873462],[72.8128679,18.9911456],[72.8111071,19.0015155],[72.8164168,19.0112596],[72.8169393,19.0242731],[72.8230273,19.0173989],[72.834332,19.0253948],[72.8385028,19.0330523],[72.8386314,19.0465232],[72.8428272,19.0506218],[72.8676175,19.0528252]]]}},{"type":"Feature","properties":{"district":"Nagpur","name":"Nagpur District","layerType":"district","_id":"district-mh-all-nagpur-17"},"geometry":{"type":"Polygon","coordinates":[[[79.2317637,21.7222102],[79.2705587,21.714055],[79.2772341,21.7097743],[79.285751,21.6955392],[79.2932175,21.6924167],[79.3213714,21.6858963],[79.3537503,21.6847592],[79.3524198,21.6790276],[79.3932602,21.6743544],[79.3994878,21.676214],[79.4027065,21.6822149],[79.4101233,21.6847468],[79.4151429,21.6908076],[79.4230426,21.6916137],[79.436096,21.6827791],[79.4491671,21.6820619],[79.4607168,21.6875397],[79.4961179,21.6731406],[79.49612,21.6658304],[79.5055647,21.6472204],[79.5046816,21.640514],[79.5077679,21.6343478],[79.5158503,21.6314089],[79.517231,21.6257472],[79.5167662,21.6210416],[79.5060986,21.6205735],[79.503675,21.613866],[79.5109981,21.6048804],[79.5120284,21.5839734],[79.5294422,21.5785201],[79.5425088,21.5682248],[79.5440711,21.5606771],[79.5375612,21.5489871],[79.5398798,21.5415172],[79.5365572,21.5358147],[79.5256713,21.5398242],[79.5128851,21.5332906],[79.4923483,21.5083168],[79.4816512,21.5014524],[79.4731691,21.4850743],[79.4685593,21.4828412],[79.458243,21.4674595],[79.4576012,21.4624895],[79.4496973,21.4595891],[79.4484112,21.4346999],[79.4669086,21.4246209],[79.4769944,21.4289761],[79.4820357,21.4271655],[79.4876518,21.4039726],[79.4837383,21.3990326],[79.4995339,21.398463],[79.5170489,21.3670465],[79.5245351,21.3603922],[79.5264128,21.3491661],[79.5331457,21.3487629],[79.5338029,21.3399578],[79.5390515,21.3409835],[79.5452088,21.3316435],[79.5540056,21.3297826],[79.5552226,21.3184965],[79.5521333,21.3182197],[79.5564491,21.308714],[79.5534803,21.3060415],[79.5700881,21.2919265],[79.5760385,21.2766979],[79.5694738,21.2701212],[79.5676633,21.2632761],[79.5688581,21.2476225],[79.5608451,21.2420629],[79.5595142,21.2332735],[79.5634782,21.2288012],[79.5494379,21.2065803],[79.5566076,21.2032741],[79.5570966,21.1930973],[79.5603789,21.1892787],[79.5507704,21.171849],[79.5592959,21.1662687],[79.557096,21.1561161],[79.5482286,21.1594241],[79.5421203,21.1572166],[79.5320679,21.1591261],[79.5230483,21.1662414],[79.5300611,21.1738578],[79.5289375,21.1763743],[79.521119,21.1795177],[79.514304,21.1760963],[79.5077159,21.1823984],[79.4994163,21.1833562],[79.4958422,21.1790658],[79.4996678,21.1688739],[79.5076773,21.1618053],[79.5040609,21.1470851],[79.4937164,21.1427679],[79.4937224,21.1377653],[79.5068507,21.1346193],[79.5106831,21.1252648],[79.5234486,21.1205989],[79.5164465,21.1047287],[79.5319068,21.096109],[79.5195954,21.0888586],[79.5264236,21.0789169],[79.5320318,21.0779153],[79.5514242,21.088509],[79.5707193,21.0666351],[79.5784565,21.0663314],[79.5864262,21.07719],[79.5960046,21.0746144],[79.6133333,21.0318306],[79.637083,20.9903551],[79.6512312,20.9783563],[79.6568367,20.9637669],[79.65409,20.9439516],[79.6462793,20.9247541],[79.6338435,20.9123875],[79.6203529,20.9094033],[79.6123451,20.903622],[79.6079789,20.8754489],[79.6129961,20.8660086],[79.5984919,20.8654163],[79.5804818,20.8435415],[79.565716,20.8453242],[79.5652316,20.8501681],[79.5565654,20.8560289],[79.5499703,20.8499958],[79.5387016,20.8514551],[79.5388489,20.8439126],[79.5471209,20.8344926],[79.5472939,20.8279753],[79.55116,20.8264547],[79.5515965,20.8191365],[79.5588578,20.8089896],[79.5594366,20.802799],[79.5517425,20.7994708],[79.5446979,20.7912379],[79.5449459,20.7848139],[79.5365163,20.7811396],[79.5315147,20.7748304],[79.5364796,20.7645489],[79.5313587,20.7566426],[79.5293601,20.7369862],[79.523955,20.7333137],[79.5171522,20.7107737],[79.5057796,20.7092267],[79.5051145,20.7030092],[79.4906352,20.7088542],[79.4809201,20.6932364],[79.4736772,20.6911456],[79.4696564,20.6816018],[79.4530898,20.6697505],[79.4439643,20.669588],[79.4342632,20.6619617],[79.4287276,20.664763],[79.4195,20.6602831],[79.398795,20.6598645],[79.3888804,20.6658192],[79.3884307,20.6800951],[79.3799052,20.6832049],[79.3721326,20.6815293],[79.368874,20.6759109],[79.3505007,20.675779],[79.3486868,20.668645],[79.3560979,20.6625808],[79.3547714,20.655527],[79.3419342,20.6448665],[79.346542,20.6431526],[79.3471962,20.6355568],[79.340978,20.6313429],[79.3341171,20.6197687],[79.3303432,20.5952675],[79.3211799,20.5838061],[79.3080648,20.5852831],[79.2941407,20.5930061],[79.2832156,20.5883962],[79.2735579,20.59013],[79.2627598,20.587596],[79.2503224,20.590952],[79.2212053,20.5835277],[79.2187302,20.5909566],[79.2081973,20.6000732],[79.1877226,20.6011111],[79.1840469,20.6212658],[79.1802579,20.6191207],[79.1686387,20.6269991],[79.1707058,20.6455905],[79.1474201,20.6538818],[79.1426893,20.6790568],[79.1052142,20.6879403],[79.1090104,20.702839],[79.103366,20.7156853],[79.0895284,20.7114813],[79.0857566,20.716806],[79.0729914,20.7192116],[79.0725141,20.7266812],[79.0518261,20.7291499],[79.0481876,20.7381126],[79.0362681,20.7417465],[79.0324336,20.7384187],[79.0155983,20.7398298],[79.0159054,20.744294],[79.0091517,20.7475387],[78.997962,20.7451594],[78.9962027,20.7545122],[78.973821,20.7555078],[78.9595351,20.7598208],[78.9516367,20.7684469],[78.9424317,20.7666575],[78.9409345,20.7813395],[78.944501,20.7836035],[78.9454744,20.791803],[78.9368726,20.7972511],[78.9244169,20.7981259],[78.9135563,20.8078404],[78.9166543,20.8181088],[78.9119246,20.8227977],[78.9127982,20.8350286],[78.9068805,20.8392991],[78.8844438,20.8434903],[78.8781608,20.8301149],[78.8676618,20.8335185],[78.8660935,20.838893],[78.8603769,20.8427724],[78.8577068,20.8558777],[78.8600383,20.8745202],[78.8490782,20.8782783],[78.850968,20.8862405],[78.8397989,20.8924116],[78.8261616,20.8935562],[78.817193,20.8807254],[78.7848513,20.8910824],[78.7734653,20.9035201],[78.774796,20.9089849],[78.7828084,20.9106388],[78.7702501,20.9122547],[78.7665858,20.9195355],[78.7534394,20.9230031],[78.7396983,20.9395458],[78.7467548,20.9436037],[78.7324035,20.9484067],[78.7314166,20.9603472],[78.7243506,20.9688463],[78.723736,20.9879754],[78.7248386,20.9921446],[78.7292374,20.9939654],[78.7265731,21.0041686],[78.7160005,21.0041019],[78.7103615,21.0139501],[78.6890253,21.0193371],[78.6741225,21.0364067],[78.6654952,21.0334545],[78.6491695,21.0355764],[78.6493826,21.0528353],[78.6425491,21.0580161],[78.6307144,21.0577113],[78.6269816,21.0650778],[78.6217024,21.0680076],[78.6152353,21.0654903],[78.614959,21.0685946],[78.6070434,21.069617],[78.6104723,21.086629],[78.5974902,21.0892129],[78.5979666,21.0955629],[78.5944743,21.0975706],[78.5991242,21.1072836],[78.591661,21.1095063],[78.5840733,21.1165602],[78.5740913,21.1141549],[78.5551766,21.1166947],[78.5528137,21.1251313],[78.5463367,21.1284626],[78.5452113,21.1324142],[78.5304179,21.1402021],[78.5282095,21.1503878],[78.5234583,21.1521134],[78.5185031,21.1628249],[78.5199426,21.1739451],[78.509885,21.1867467],[78.5033035,21.186927],[78.4853668,21.2104401],[78.4790085,21.2128662],[78.4774117,21.2187469],[78.4714151,21.2156243],[78.4636635,21.2235733],[78.450343,21.2287856],[78.4452816,21.2360034],[78.4305,21.2260999],[78.4171968,21.2285631],[78.4119305,21.2392109],[78.3726504,21.2429729],[78.3583525,21.2526835],[78.3308321,21.2502922],[78.324579,21.255782],[78.3277851,21.2712669],[78.3222819,21.2734166],[78.3103045,21.2683751],[78.3034499,21.275495],[78.3127448,21.2936991],[78.2948268,21.2928599],[78.2774439,21.3064548],[78.2668338,21.3226958],[78.2562548,21.3300833],[78.254857,21.3257591],[78.2527193,21.3264449],[78.2499857,21.331873],[78.2511304,21.3387506],[78.2693216,21.3460557],[78.2715711,21.351003],[78.2862629,21.3504101],[78.3071023,21.3573346],[78.3087207,21.3618097],[78.318058,21.3674998],[78.3266504,21.3682903],[78.3385112,21.3748889],[78.3450687,21.3854552],[78.3476173,21.3799794],[78.3633397,21.3834675],[78.3637394,21.3926388],[78.3713112,21.3956984],[78.3821036,21.3869276],[78.3878907,21.3914271],[78.3949846,21.3851307],[78.4082249,21.3819341],[78.4059361,21.3861434],[78.4192998,21.3907211],[78.4197462,21.3943944],[78.4159482,21.3934067],[78.4211775,21.3996036],[78.424477,21.3970773],[78.4329274,21.4014674],[78.4470706,21.4026036],[78.4492403,21.4103661],[78.443672,21.4161942],[78.4446702,21.4214338],[78.4417963,21.4220671],[78.4385237,21.4397958],[78.4428396,21.446538],[78.4364275,21.4673167],[78.4384268,21.4701614],[78.4285684,21.4755195],[78.429319,21.4869],[78.4331157,21.4911682],[78.4307446,21.4978411],[78.4395506,21.5023024],[78.4480949,21.5000049],[78.4495688,21.4956049],[78.4558273,21.4963037],[78.4622277,21.5038351],[78.4743447,21.5009351],[78.4773349,21.5057058],[78.4865434,21.5055715],[78.4947209,21.5168921],[78.5006718,21.5171808],[78.5047207,21.5267932],[78.5406684,21.5237173],[78.5606628,21.5132225],[78.5701452,21.5142554],[78.5671548,21.5100908],[78.5730499,21.5016483],[78.5717198,21.4988987],[78.5763626,21.4978704],[78.5866525,21.4867219],[78.5961846,21.4881309],[78.6000085,21.4854441],[78.6087732,21.4890602],[78.6199701,21.4782561],[78.628684,21.4756802],[78.6418594,21.4852039],[78.6671221,21.4770857],[78.6708666,21.4800156],[78.6889102,21.4819708],[78.6884944,21.4779448],[78.7009056,21.4765326],[78.7003059,21.4742234],[78.7073751,21.4739103],[78.7095453,21.4700925],[78.7284659,21.462293],[78.7333067,21.4694628],[78.744543,21.4704475],[78.744948,21.4809955],[78.7508485,21.4929839],[78.7660553,21.4892965],[78.775395,21.4666692],[78.7787702,21.4693581],[78.7800716,21.4786433],[78.7865551,21.4793357],[78.7897045,21.4855426],[78.7974217,21.4864464],[78.7999674,21.4900016],[78.8147317,21.4906578],[78.820195,21.4873316],[78.8285653,21.4902422],[78.8423425,21.4871583],[78.8594403,21.493829],[78.8908366,21.4852625],[78.8951808,21.4982765],[78.9003918,21.5000012],[78.9246574,21.4869599],[78.9356937,21.4859432],[78.9443927,21.5158752],[78.9361142,21.522485],[78.9269455,21.5238864],[78.925931,21.5326869],[78.9298712,21.5403606],[78.9082121,21.5529653],[78.9174418,21.5606388],[78.9318886,21.5618838],[78.9319416,21.5645192],[78.9137507,21.5709854],[78.9165188,21.5849305],[78.9143471,21.5886745],[78.9167619,21.5909183],[78.9434921,21.591957],[78.9478927,21.596914],[78.9636368,21.6038535],[78.9775537,21.6173661],[78.9976344,21.6181349],[79.0029915,21.6070797],[79.012252,21.5995808],[79.0404128,21.6043863],[79.0582504,21.6015124],[79.0764653,21.6053959],[79.0882116,21.6039433],[79.0896041,21.5977215],[79.0939582,21.5981122],[79.0951855,21.6021526],[79.1029564,21.6014872],[79.1071216,21.6049795],[79.1013425,21.6132177],[79.1038559,21.6193779],[79.1113224,21.6234876],[79.1303152,21.6258112],[79.1344777,21.6331322],[79.1430813,21.6367585],[79.148312,21.6611671],[79.2239264,21.6488115],[79.2239542,21.6549493],[79.2313058,21.6569866],[79.2311793,21.6695664],[79.2213631,21.6784785],[79.2212881,21.6940962],[79.2261482,21.7027912],[79.2368677,21.7120854],[79.2317637,21.7222102]]]}},{"type":"Feature","properties":{"district":"Nanded","name":"Nanded District","layerType":"district","_id":"district-mh-all-nanded-18"},"geometry":{"type":"Polygon","coordinates":[[[78.2566856,19.9081932],[78.2544823,19.8994389],[78.2411678,19.8839521],[78.2439195,19.8719132],[78.2520209,19.8657061],[78.2647978,19.8679853],[78.2756874,19.8753609],[78.2832045,19.9057312],[78.3066222,19.9141888],[78.2978265,19.8722494],[78.2854642,19.8567629],[78.2860751,19.8479371],[78.3025533,19.840276],[78.3135704,19.8427116],[78.3354096,19.8382337],[78.3340317,19.8146573],[78.3439435,19.8135807],[78.3580547,19.8044839],[78.3646746,19.7812315],[78.3499867,19.739508],[78.3410393,19.7348832],[78.3428548,19.7297834],[78.3396842,19.7233917],[78.3431341,19.71325],[78.3200164,19.7064017],[78.3118213,19.6910505],[78.2878488,19.6880352],[78.2761859,19.6924153],[78.262649,19.6650642],[78.2687688,19.6640972],[78.2896294,19.6463716],[78.2938994,19.6194418],[78.3050406,19.6060095],[78.3012315,19.5802554],[78.3035344,19.5704328],[78.2972856,19.5678967],[78.2935695,19.5589907],[78.2756959,19.5624282],[78.2743108,19.5539746],[78.2827926,19.5426233],[78.2930785,19.5422422],[78.2936917,19.5334222],[78.2903962,19.5276239],[78.2964411,19.5156147],[78.2998743,19.4949924],[78.3092235,19.4810839],[78.304508,19.456518],[78.2869701,19.4485286],[78.2720085,19.4558734],[78.2626469,19.443059],[78.2465676,19.4352346],[78.2445089,19.4288025],[78.236054,19.4272374],[78.2199613,19.4330186],[78.2040617,19.4209628],[78.1963605,19.4078692],[78.17619,19.4122625],[78.187673,19.394593],[78.176871,19.3676633],[78.1789496,19.3633608],[78.1720948,19.3597191],[78.1721482,19.3492989],[78.1757503,19.3356886],[78.1922773,19.3258289],[78.1902065,19.3207768],[78.193701,19.3144749],[78.1822798,19.2839372],[78.1769011,19.2788086],[78.1767056,19.2629436],[78.1817713,19.2476187],[78.1758762,19.238465],[78.1566337,19.2351273],[78.1509921,19.2294982],[78.1428657,19.2300506],[78.1330682,19.2393945],[78.1152195,19.2488294],[78.1140745,19.245272],[78.0953093,19.2437404],[78.0891496,19.2393682],[78.0825189,19.243078],[78.0790969,19.2548343],[78.0722963,19.2492488],[78.0648861,19.2479595],[78.0566344,19.2387311],[78.0416136,19.2434281],[78.036508,19.2501432],[78.04253,19.2698455],[78.0155404,19.2789647],[78.014327,19.2937655],[77.9986799,19.2997976],[77.9946653,19.3053862],[77.9844787,19.3105099],[77.9776335,19.3227069],[77.9668235,19.3266574],[77.9618598,19.3356114],[77.9451219,19.342453],[77.9424821,19.3424397],[77.9384974,19.3343915],[77.9292971,19.3330359],[77.9119684,19.3166685],[77.8952979,19.3205992],[77.8882678,19.3124904],[77.864462,19.3042176],[77.865675,19.2845497],[77.8843629,19.2789298],[77.9034585,19.2779596],[77.9069486,19.2662116],[77.902847,19.2564628],[77.8826681,19.2605042],[77.8764892,19.2591374],[77.8709926,19.2528253],[77.8660065,19.2264019],[77.847721,19.189595],[77.8558504,19.1859783],[77.8597211,19.1791841],[77.8556939,19.1765065],[77.8566091,19.1721751],[77.8526462,19.1668184],[77.8525515,19.154922],[77.8437946,19.1422956],[77.8345374,19.1357502],[77.8415479,19.1181496],[77.8477551,19.1139015],[77.846275,19.1015448],[77.850395,19.0885569],[77.831846,19.0859492],[77.8175314,19.1053933],[77.8109497,19.1051667],[77.8045631,19.100625],[77.8025698,19.0790612],[77.7967978,19.0725891],[77.799998,19.0672185],[77.8003494,19.0511216],[77.7881203,19.0558141],[77.7758357,19.05593],[77.7654682,19.0622617],[77.7619963,19.0318526],[77.7651518,19.0249507],[77.7699222,19.0224051],[77.770339,19.0099579],[77.7753511,19.0006266],[77.771586,18.9798813],[77.7876263,18.9726465],[77.7909947,18.9813522],[77.7943048,18.9826631],[77.8217578,18.9785078],[77.8166299,18.9581184],[77.8188198,18.9553402],[77.8162398,18.9472702],[77.8192493,18.9458599],[77.8305891,18.9421209],[77.8429524,18.9499618],[77.8586536,18.9486633],[77.8432772,18.90991],[77.8579394,18.9023516],[77.873504,18.9060474],[77.8850843,18.9043636],[77.8915841,18.881414],[77.9030068,18.8813942],[77.903232,18.8666255],[77.9283514,18.8591757],[77.9295034,18.854693],[77.9361682,18.8519076],[77.9347756,18.8451448],[77.9489009,18.8432892],[77.9485361,18.8298365],[77.9355819,18.8224545],[77.9066722,18.8266974],[77.8819899,18.8174039],[77.8714148,18.8181648],[77.8584141,18.8085367],[77.8412575,18.8056509],[77.8127727,18.7395293],[77.8046415,18.7281101],[77.8037048,18.7121593],[77.7962182,18.7039601],[77.7950056,18.6970368],[77.7895569,18.6933763],[77.7872883,18.68264],[77.7722934,18.6887436],[77.7732067,18.7010612],[77.7670444,18.7064055],[77.7599833,18.7068441],[77.7535038,18.700992],[77.7490808,18.6824612],[77.7441888,18.6819015],[77.7300923,18.6662134],[77.7356205,18.6605676],[77.730204,18.656082],[77.7304517,18.6463923],[77.7450526,18.6229184],[77.7455733,18.6059415],[77.7503106,18.5894817],[77.7403816,18.5752183],[77.7384996,18.5567887],[77.7247731,18.5535719],[77.7115868,18.5562024],[77.7001406,18.5545342],[77.6875296,18.544605],[77.6778249,18.5439205],[77.6558604,18.530899],[77.6472531,18.538377],[77.6520745,18.551794],[77.643387,18.5552344],[77.6343267,18.5446024],[77.627629,18.5481249],[77.6292751,18.5535578],[77.6154979,18.5508619],[77.6105644,18.5445403],[77.6100684,18.5498821],[77.5961168,18.5472511],[77.5953035,18.5355417],[77.5906911,18.5266657],[77.596051,18.5302256],[77.6002016,18.5275771],[77.5998758,18.5210476],[77.5877528,18.5128566],[77.5859128,18.5049355],[77.5972221,18.4961972],[77.6028486,18.4962938],[77.6061725,18.4892774],[77.6031307,18.4769363],[77.5939493,18.4774814],[77.5911326,18.484847],[77.5777425,18.4865343],[77.572861,18.4698149],[77.5484467,18.4669403],[77.553392,18.460439],[77.5640378,18.4610217],[77.5832304,18.4563159],[77.5852973,18.4467923],[77.5620109,18.4373165],[77.5413659,18.4445893],[77.5284883,18.4433734],[77.5276064,18.4409083],[77.5281666,18.428913],[77.5567561,18.4171433],[77.551602,18.3888977],[77.5386,18.3858822],[77.5254719,18.3727051],[77.5202063,18.3571752],[77.5227341,18.3453982],[77.5302305,18.3391674],[77.5580236,18.3314164],[77.5704795,18.3181125],[77.570954,18.3084647],[77.5532599,18.2980907],[77.5493807,18.2922619],[77.5359424,18.2967864],[77.5224466,18.3086813],[77.511981,18.309235],[77.509138,18.3054749],[77.5116539,18.2822808],[77.4975123,18.2751515],[77.4922794,18.2673303],[77.4813795,18.2723562],[77.4759547,18.2648775],[77.4650375,18.262536],[77.4474083,18.2710772],[77.4458927,18.2834261],[77.4394219,18.2849243],[77.4364205,18.2962803],[77.4376648,18.3103138],[77.428639,18.3122943],[77.4255626,18.3078801],[77.4089952,18.3014687],[77.3951234,18.3035124],[77.3853829,18.3092731],[77.3661349,18.3071564],[77.356622,18.319972],[77.3721381,18.3261165],[77.3749667,18.330987],[77.38094,18.331022],[77.3824278,18.3422528],[77.3941951,18.3419968],[77.3942391,18.3472002],[77.4001486,18.3474464],[77.3961708,18.3701538],[77.408854,18.3763545],[77.4140657,18.3917793],[77.3986547,18.40217],[77.3842045,18.3994357],[77.3727926,18.4029166],[77.3683885,18.4125254],[77.3706456,18.4187914],[77.3672642,18.4186942],[77.3654035,18.4277179],[77.3621493,18.4298884],[77.3644586,18.4345191],[77.3624987,18.4387498],[77.3674989,18.4469562],[77.3661709,18.4510107],[77.3534896,18.4476674],[77.3452183,18.4336111],[77.3364742,18.4414226],[77.3360318,18.450155],[77.3274516,18.451716],[77.3264151,18.4588467],[77.3198851,18.4580272],[77.3173622,18.4439021],[77.279038,18.4297979],[77.2723164,18.4228394],[77.2653649,18.4236162],[77.2638482,18.4420562],[77.255264,18.4493519],[77.2546745,18.4546663],[77.288434,18.4553673],[77.2955597,18.4604788],[77.3004336,18.4713887],[77.2965419,18.4768711],[77.2839662,18.4744662],[77.264541,18.4797202],[77.2615036,18.4851004],[77.2494457,18.4880567],[77.2460867,18.494741],[77.2458615,18.4996557],[77.2667427,18.5223452],[77.2803391,18.520936],[77.2857931,18.5303878],[77.2865072,18.539685],[77.2943464,18.5490217],[77.27556,18.5612531],[77.2631042,18.5655963],[77.2654882,18.5814571],[77.2699242,18.5851429],[77.2665827,18.5937211],[77.2681563,18.6114648],[77.2123929,18.6240859],[77.2111345,18.6332773],[77.1988608,18.6424904],[77.1974455,18.6471196],[77.1549173,18.646334],[77.1585498,18.6822332],[77.1776114,18.6794625],[77.1938974,18.6913507],[77.1870983,18.6933924],[77.1845699,18.6996683],[77.1752467,18.7042066],[77.1522072,18.7006998],[77.1450846,18.7126985],[77.1401607,18.7130411],[77.1353006,18.7113395],[77.1378372,18.6984474],[77.1356042,18.69754],[77.0699708,18.6879245],[77.0634219,18.6812775],[77.0466863,18.683476],[77.0430445,18.6950561],[77.0446145,18.7022942],[77.051051,18.7167825],[77.0564366,18.7170972],[77.0582072,18.7247512],[77.0538118,18.7395196],[77.0578357,18.7648372],[77.055717,18.7707239],[77.0506962,18.7740531],[77.0090787,18.766369],[77.0046336,18.790013],[76.9964547,18.8044871],[76.990688,18.8264844],[76.9933855,18.8329225],[77.0083696,18.8430909],[77.0195356,18.8436713],[77.015025,18.8786642],[77.0015966,18.8815077],[76.9798025,18.8801565],[76.9540502,18.8736723],[76.951432,18.8806026],[76.9543584,18.8920279],[76.9331748,18.8941786],[76.9298308,18.9004606],[76.9474834,18.9081461],[76.9473941,18.9258018],[76.9559937,18.9337483],[76.9724648,18.9250525],[76.977485,18.912492],[76.9827725,18.9143351],[76.9886726,18.9357688],[77.0049246,18.9296218],[77.0099368,18.9336465],[77.0221949,18.9325694],[77.0325155,18.9534145],[77.0360559,18.9546754],[77.037178,18.9681201],[77.0558783,18.9877583],[77.0556886,18.9991462],[77.041207,19.005133],[77.0425006,19.0270279],[77.0446503,19.0311498],[77.0605966,19.0309506],[77.0650188,19.033848],[77.0666364,19.0449874],[77.0612355,19.0613327],[77.0621606,19.0691454],[77.0745362,19.0852718],[77.0838513,19.1087756],[77.0986903,19.1089474],[77.1037306,19.0997762],[77.1022,19.0949825],[77.0901594,19.0906927],[77.0853838,19.0822293],[77.0872541,19.0713843],[77.0938564,19.0663575],[77.1222232,19.0789497],[77.1324258,19.0717563],[77.1410724,19.0714369],[77.155485,19.0827773],[77.163134,19.0960876],[77.1615985,19.1141535],[77.1641499,19.1204865],[77.1709291,19.123568],[77.1758634,19.1221265],[77.1797934,19.1307839],[77.189249,19.1326901],[77.1925332,19.1418511],[77.1916266,19.1628684],[77.1771104,19.1675519],[77.1812277,19.1959201],[77.1762493,19.2144374],[77.178981,19.2279382],[77.1918893,19.2362994],[77.193299,19.2443998],[77.2027689,19.2447606],[77.202269,19.2551131],[77.2216962,19.275944],[77.234544,19.2755254],[77.2375722,19.3109947],[77.2413497,19.3228609],[77.2635166,19.3151676],[77.2802758,19.315864],[77.2811221,19.3263191],[77.289124,19.3259089],[77.3013124,19.3327068],[77.31085,19.3322954],[77.3116751,19.3550338],[77.3369693,19.3560586],[77.3493154,19.3525149],[77.3500841,19.3464058],[77.3635112,19.3391335],[77.3787573,19.3382911],[77.3862281,19.3412496],[77.3896359,19.352314],[77.4137542,19.3691438],[77.4180632,19.3803995],[77.4352196,19.3797221],[77.4476677,19.3871018],[77.4476054,19.3938002],[77.4359583,19.4071124],[77.4447699,19.421168],[77.4481516,19.4405115],[77.4693488,19.4382659],[77.4736695,19.4583797],[77.486542,19.4581563],[77.4852779,19.4756233],[77.4895806,19.4932389],[77.483332,19.497258],[77.4765419,19.4919703],[77.4700973,19.491383],[77.467847,19.5029963],[77.4698318,19.5284047],[77.4655548,19.5338692],[77.464432,19.544232],[77.465904,19.562126],[77.4644896,19.5641512],[77.4539837,19.56218],[77.4510239,19.5693614],[77.4576901,19.5813032],[77.4791241,19.5995715],[77.463144,19.6096492],[77.4665088,19.6424004],[77.4618289,19.6470184],[77.4664711,19.6628015],[77.462539,19.665113],[77.462483,19.6689933],[77.4502171,19.6740095],[77.4577267,19.6809715],[77.4754851,19.6834804],[77.4828002,19.6771887],[77.499742,19.6789812],[77.5041152,19.6736893],[77.5280598,19.6682996],[77.5370858,19.6695726],[77.5401747,19.6615226],[77.5511929,19.6620979],[77.5546572,19.6509304],[77.5699512,19.6500648],[77.580329,19.657206],[77.5828442,19.6505998],[77.5942182,19.6500467],[77.5963038,19.6428732],[77.6075754,19.6476449],[77.6055403,19.6415888],[77.6165156,19.637424],[77.6124498,19.6329075],[77.6129706,19.6289533],[77.6250661,19.6264335],[77.6265252,19.6235285],[77.6274796,19.6064459],[77.6383123,19.6103989],[77.6438354,19.6076541],[77.6380975,19.6004776],[77.6377958,19.5938379],[77.6487065,19.5581771],[77.6432608,19.55538],[77.6320309,19.5572233],[77.6351452,19.5503331],[77.6399521,19.5477556],[77.6497279,19.5498663],[77.6741711,19.5390359],[77.696684,19.5393694],[77.7058634,19.5337202],[77.7041783,19.5254261],[77.7066857,19.5222154],[77.7267783,19.5320117],[77.7444307,19.5262769],[77.7508131,19.5134684],[77.7477343,19.5053514],[77.7341809,19.496739],[77.738389,19.4826173],[77.7295851,19.480481],[77.7234876,19.474457],[77.7130224,19.47847],[77.7097767,19.4684931],[77.6951735,19.4566372],[77.6955528,19.440276],[77.7054581,19.4366372],[77.7308449,19.4344331],[77.7408287,19.4377823],[77.7437354,19.432371],[77.7508419,19.4308971],[77.7745903,19.4399558],[77.7857955,19.4491584],[77.7987028,19.4500386],[77.7998894,19.4596537],[77.8068009,19.4645384],[77.8128038,19.4582673],[77.8184663,19.4411736],[77.8312182,19.4390412],[77.837307,19.4489939],[77.8463881,19.4531047],[77.8248409,19.4775958],[77.8275256,19.4827135],[77.838063,19.48383],[77.8420094,19.4878558],[77.8424654,19.5109584],[77.85936,19.5224286],[77.8666066,19.5167283],[77.8768624,19.5153708],[77.8795826,19.5020321],[77.8861991,19.5046263],[77.8897363,19.5198822],[77.8967154,19.5223432],[77.9064328,19.5342845],[77.9100478,19.5329712],[77.9144048,19.5176548],[77.9351747,19.504696],[77.9389742,19.4974383],[77.9528908,19.5113393],[77.9726099,19.5073876],[77.9753232,19.4929489],[77.988341,19.4760614],[77.9830091,19.4639878],[77.993678,19.4541972],[78.006599,19.4527974],[78.0150185,19.4557833],[78.0153142,19.4809229],[78.0188451,19.4880802],[78.0237257,19.4897103],[78.0309147,19.488225],[78.0439034,19.4744546],[78.067539,19.4585889],[78.0939716,19.4828638],[78.1087853,19.4810061],[78.1182966,19.4923547],[78.1229607,19.5102761],[78.1336188,19.5177493],[78.1348304,19.5217778],[78.133219,19.5314559],[78.11935,19.544583],[78.1230959,19.5500347],[78.129994,19.550811],[78.1494294,19.5449695],[78.1881679,19.5583465],[78.1890844,19.5673782],[78.185369,19.5785419],[78.1914865,19.5866092],[78.1897956,19.5967595],[78.1965821,19.6137864],[78.1797489,19.6491633],[78.1316994,19.664665],[78.1237028,19.6507996],[78.107217,19.6561887],[78.0982412,19.6490449],[78.0953267,19.6374267],[78.0873384,19.6369913],[78.080166,19.6409307],[78.070837,19.6589997],[78.0555052,19.663265],[78.056238,19.6748302],[78.0496933,19.6894339],[78.0357089,19.6928816],[78.016391,19.6852272],[78.000458,19.6726279],[77.9898491,19.6731663],[77.9817879,19.6792746],[77.9801519,19.6998911],[77.9631854,19.7066006],[77.9472809,19.7300187],[77.9311859,19.7384718],[77.9127481,19.7291423],[77.8995173,19.7336995],[77.8898468,19.7259145],[77.8786471,19.7371898],[77.8771123,19.743371],[77.8666252,19.7415205],[77.8604204,19.7451839],[77.8579909,19.7513977],[77.8640359,19.7708639],[77.8625342,19.7769752],[77.8507036,19.7882201],[77.8496257,19.801482],[77.8694364,19.8200919],[77.8740922,19.8463396],[77.8799367,19.8503536],[77.8961719,19.8752874],[77.9250776,19.8905945],[77.9360573,19.8918164],[77.9516779,19.9083945],[77.967504,19.9054894],[77.9978923,19.911352],[78.0145793,19.907705],[78.0325764,19.9195715],[78.0548196,19.9234165],[78.0591457,19.9124864],[78.0749557,19.8957068],[78.1018728,19.8905987],[78.1271311,19.8942864],[78.1424301,19.9105483],[78.1789182,19.9040282],[78.1888619,19.8963015],[78.2042882,19.8984244],[78.2161888,19.9086075],[78.2346153,19.9112789],[78.250671,19.924349],[78.2548076,19.9197142],[78.2566856,19.9081932]]]}},{"type":"Feature","properties":{"district":"Nandurbar","name":"Nandurbar District","layerType":"district","_id":"district-mh-all-nandurbar-19"},"geometry":{"type":"Polygon","coordinates":[[[74.4436858,22.0224077],[74.4396273,22.0220933],[74.4439764,22.0108204],[74.452181,22.0046529],[74.4467459,22.0004741],[74.4435562,22.0029591],[74.4324847,21.9996477],[74.4377433,21.9976403],[74.4409113,21.9903781],[74.439148,21.9772386],[74.4440368,21.9759045],[74.4453847,21.9698578],[74.4530003,21.9621101],[74.4616214,21.9617221],[74.4634527,21.9655326],[74.4695302,21.9671181],[74.4713722,21.9636356],[74.4686058,21.9601287],[74.4808522,21.9592588],[74.4829883,21.9547508],[74.4879029,21.9565177],[74.489325,21.9505069],[74.4843179,21.9464776],[74.4880669,21.9435265],[74.4957656,21.9464791],[74.5003434,21.9391535],[74.5083891,21.9373395],[74.5125605,21.9318922],[74.5100879,21.9192423],[74.5242104,21.910582],[74.5227128,21.9000958],[74.5136385,21.889966],[74.5101584,21.8312475],[74.5066061,21.816375],[74.5004722,21.8073304],[74.4983684,21.7907757],[74.5014121,21.7821716],[74.5138648,21.7661392],[74.5089686,21.7500009],[74.511396,21.7403448],[74.5074213,21.724691],[74.5150947,21.7186093],[74.5475488,21.7193052],[74.5570956,21.7042854],[74.5549343,21.6911302],[74.5575598,21.6874014],[74.554203,21.6813997],[74.5787129,21.6833945],[74.5830109,21.675714],[74.5839998,21.6645877],[74.6631251,21.6524184],[74.6642064,21.6491623],[74.6748271,21.6464998],[74.6839633,21.6395021],[74.6868143,21.631996],[74.6949913,21.6323088],[74.7027113,21.6272973],[74.7341228,21.6207229],[74.7687367,21.6160973],[74.7677092,21.6098838],[74.7705943,21.6075202],[74.7585693,21.5765086],[74.7595646,21.5372885],[74.7538897,21.5292294],[74.7612345,21.5168004],[74.7566044,21.5012294],[74.7574503,21.4909896],[74.7529683,21.4821226],[74.7544887,21.4786381],[74.7317993,21.4787275],[74.7327575,21.471846],[74.7223096,21.4761313],[74.7009696,21.4699936],[74.705207,21.4498609],[74.7009763,21.4469607],[74.6986846,21.4388935],[74.6920944,21.4343592],[74.6979789,21.4235822],[74.6932287,21.4115982],[74.6850365,21.4038899],[74.6664625,21.4069446],[74.6379182,21.4013446],[74.6137776,21.4135119],[74.5943071,21.4152633],[74.5719277,21.402576],[74.5584495,21.4138757],[74.5363702,21.4259463],[74.5125341,21.4297978],[74.4965691,21.4255762],[74.5016465,21.4119841],[74.4984197,21.397616],[74.4934278,21.3934982],[74.5029825,21.3937668],[74.5081238,21.3892073],[74.4897287,21.3706701],[74.4919391,21.3699179],[74.4903926,21.3514666],[74.4784733,21.3492352],[74.4774748,21.3314851],[74.4817295,21.3105713],[74.4738152,21.3056616],[74.4741699,21.2976374],[74.4918698,21.2978445],[74.5013449,21.2814471],[74.4979427,21.2637687],[74.4915515,21.2616217],[74.4870263,21.2546194],[74.4920483,21.2555601],[74.4886017,21.24242],[74.4366434,21.2371827],[74.4326317,21.2446402],[74.4408768,21.2476974],[74.4318908,21.2606342],[74.4107477,21.2575179],[74.4120461,21.2665307],[74.4093187,21.2666239],[74.3970572,21.2637504],[74.3867072,21.2557609],[74.3570045,21.2523789],[74.35689,21.2337338],[74.338634,21.228751],[74.3276797,21.2329887],[74.3171643,21.2301452],[74.3178342,21.2482588],[74.3002224,21.2384145],[74.2840706,21.2397052],[74.2673273,21.2493592],[74.2459964,21.2479908],[74.2318195,21.239832],[74.2196531,21.2412823],[74.2094616,21.2214799],[74.1906322,21.2209775],[74.1896224,21.2179008],[74.1857968,21.2201117],[74.1792678,21.2099373],[74.1598735,21.2184854],[74.1643363,21.2252748],[74.157888,21.2307845],[74.1528853,21.2237846],[74.149463,21.2254639],[74.148563,21.2208623],[74.1437767,21.2201477],[74.144298,21.2135144],[74.1468091,21.2148568],[74.1493959,21.2102981],[74.1460305,21.2068982],[74.1207002,21.2133569],[74.1024563,21.1982113],[74.0874063,21.1957471],[74.0864352,21.1916812],[74.0756018,21.1850563],[74.0671271,21.1738021],[74.0592125,21.1732737],[74.0584662,21.1659271],[74.0768586,21.1515218],[74.0772811,21.1410814],[74.0740365,21.1378325],[74.0769273,21.1335183],[74.0825878,21.1307686],[74.0926119,21.1327823],[74.098153,21.1265329],[74.0976176,21.11208],[74.0840679,21.1127482],[74.0702961,21.1297974],[74.0475336,21.1278504],[74.0480835,21.136812],[74.0354155,21.1447985],[74.0209265,21.1417931],[74.0160625,21.131078],[74.0005688,21.1212271],[73.9746146,21.113546],[73.9563451,21.1025397],[73.9435714,21.0785594],[73.9480868,21.0714583],[73.9445235,21.0620556],[73.9552579,21.051319],[73.9543005,21.0391889],[73.9481832,21.0315181],[73.9298906,21.0390299],[73.9099006,21.0376151],[73.9071811,21.0435974],[73.9070289,21.0365322],[73.8944752,21.0346876],[73.8821878,21.0262305],[73.8758078,21.0306207],[73.8554256,21.0321009],[73.8560719,21.0151734],[73.8514536,21.0077395],[73.8507897,20.9991952],[73.8267938,21.0140158],[73.7966422,21.0432371],[73.8109034,21.0594916],[73.8080952,21.0834344],[73.7810236,21.0649063],[73.7621412,21.0693297],[73.7299321,21.082434],[73.7331919,21.0986443],[73.7431848,21.1139378],[73.7268895,21.1011141],[73.7060465,21.1083104],[73.7028459,21.1169691],[73.6889488,21.1007942],[73.6772,21.1085568],[73.6518999,21.1075965],[73.646382,21.1212492],[73.6322127,21.1231879],[73.6184619,21.1184553],[73.61191,21.1380814],[73.6175219,21.1426148],[73.6060756,21.1439153],[73.5988505,21.1564609],[73.5801562,21.1509017],[73.5778159,21.1531951],[73.5770544,21.1561168],[73.5829985,21.1607923],[73.5774287,21.1706497],[73.5926677,21.1740126],[73.5995997,21.1816953],[73.6053924,21.1792394],[73.6074792,21.1600603],[73.6142868,21.1558835],[73.6289699,21.1550527],[73.627429,21.1433519],[73.6427506,21.1396252],[73.6649386,21.1473029],[73.6642374,21.1532732],[73.6681805,21.1545592],[73.6810328,21.1513897],[73.7017774,21.153689],[73.7013403,21.1463146],[73.7107412,21.145434],[73.7184846,21.1401937],[73.7332097,21.1423545],[73.7330934,21.1478551],[73.7371547,21.1520657],[73.7285156,21.1619387],[73.7321443,21.1666602],[73.7384829,21.1702597],[73.7723055,21.1646369],[73.7730352,21.1677263],[73.7813526,21.1710999],[73.7847007,21.1839857],[73.8026987,21.1749172],[73.8155849,21.1739588],[73.8197484,21.1865114],[73.8258394,21.1866125],[73.826047,21.2001289],[73.8154346,21.1973482],[73.8112973,21.210872],[73.8125379,21.2315884],[73.8284619,21.2399827],[73.822469,21.2701989],[73.8279186,21.2680599],[73.8486339,21.2747252],[73.8804755,21.266219],[73.8974348,21.2722461],[73.92193,21.289407],[73.9341937,21.2920436],[73.9427844,21.3007018],[73.9423527,21.3256252],[73.9491759,21.351164],[73.9440751,21.3999691],[73.9389323,21.4050198],[73.9479252,21.4039909],[73.9519695,21.3952847],[73.9594742,21.3954279],[73.9720139,21.3994085],[73.9780326,21.4073438],[73.976917,21.411928],[73.9835357,21.4085549],[74.0025383,21.4174612],[74.0008722,21.420842],[74.0082948,21.4228676],[74.0087745,21.4204382],[74.0224092,21.4182638],[74.0453592,21.4196785],[74.0496537,21.440208],[74.0461745,21.4469096],[74.0614107,21.4622869],[74.0625454,21.4742595],[74.0727634,21.468772],[74.075425,21.4600764],[74.0733598,21.457695],[74.0956696,21.45489],[74.1005998,21.4477933],[74.1154388,21.4519525],[74.1170579,21.4618906],[74.1237739,21.4664169],[74.133734,21.4658624],[74.1358299,21.4561762],[74.1482982,21.4579963],[74.1477343,21.4610816],[74.1593404,21.4682333],[74.175173,21.4666],[74.1825146,21.4688208],[74.1872174,21.4596861],[74.1953082,21.4605257],[74.196098,21.4583539],[74.1971738,21.4609274],[74.2077073,21.4620169],[74.2137752,21.4807965],[74.2165036,21.4815731],[74.2333536,21.4822694],[74.235708,21.4677656],[74.2535611,21.4677418],[74.2575963,21.4769919],[74.3041354,21.4881124],[74.3038574,21.4989091],[74.3201272,21.4984976],[74.3213957,21.528855],[74.3255378,21.5360683],[74.3311822,21.5381939],[74.3282586,21.5424777],[74.3319343,21.5462716],[74.3311603,21.5524246],[74.3226129,21.5491064],[74.3215579,21.5523077],[74.3036259,21.5521699],[74.3038179,21.5654732],[74.2994656,21.5677066],[74.2955264,21.5690738],[74.2776634,21.5622486],[74.2784635,21.5540366],[74.2691176,21.552557],[74.2633308,21.5398989],[74.2370475,21.5397005],[74.2363139,21.5483957],[74.2298241,21.5543673],[74.2280265,21.5491085],[74.2210235,21.5472057],[74.2158458,21.5410918],[74.1958449,21.5320626],[74.1955405,21.537481],[74.1838065,21.5426881],[74.1789038,21.549896],[74.1758646,21.5689984],[74.1667414,21.5690427],[74.1553315,21.5677689],[74.1539564,21.5568196],[74.1394017,21.5551681],[74.1368283,21.5468707],[74.1297969,21.5511813],[74.1218577,21.5514969],[74.1175473,21.5561424],[74.1129337,21.5490627],[74.1099581,21.5561665],[74.1031955,21.556289],[74.0983956,21.5558874],[74.0974412,21.5515353],[74.0792247,21.5544156],[74.0797734,21.548441],[74.0731892,21.5479202],[74.0587152,21.5515551],[74.0540282,21.5579051],[74.0535533,21.5474812],[74.0499801,21.5482312],[74.0478085,21.5446291],[74.0448208,21.5481685],[74.0408236,21.5432604],[74.0378275,21.5449713],[74.0374561,21.5506323],[74.034976,21.5455269],[74.0302418,21.545216],[74.0058385,21.5527558],[74.0012118,21.5405756],[73.9974186,21.5390113],[73.9925954,21.5431919],[73.9832489,21.5407824],[73.9741862,21.5432763],[73.9756509,21.5327266],[73.982599,21.5236726],[73.9800498,21.5222518],[73.965404,21.5244416],[73.9603468,21.5416403],[73.9550755,21.5408302],[73.9552089,21.5203511],[73.949293,21.5127358],[73.9459266,21.5167924],[73.9320552,21.512264],[73.9274353,21.5248071],[73.921896,21.525109],[73.9216732,21.5217234],[73.9151382,21.5196163],[73.9042808,21.524516],[73.9053164,21.515762],[73.8798257,21.5051979],[73.8752443,21.5120624],[73.8643015,21.5125721],[73.8716141,21.504568],[73.8638488,21.4981893],[73.853727,21.497543],[73.8355573,21.5197617],[73.8141744,21.6000275],[73.7966675,21.6057417],[73.7871481,21.616787],[73.7817481,21.6182879],[73.7807142,21.6273837],[73.7872299,21.6336307],[73.8123227,21.6400767],[73.8139199,21.6437666],[73.8219768,21.6432094],[73.8244364,21.639864],[73.8294734,21.6422181],[73.8357484,21.6394515],[73.8346774,21.634633],[73.8370007,21.6339787],[73.8481953,21.6386816],[73.8516668,21.6464808],[73.8612503,21.6430182],[73.8878555,21.6532145],[73.8943121,21.675395],[73.8903978,21.6966142],[73.8807392,21.7153692],[73.8683527,21.7179384],[73.8532677,21.7353767],[73.8381231,21.7449112],[73.8331852,21.755358],[73.8248647,21.7595553],[73.824945,21.7652315],[73.834698,21.7740531],[73.8295676,21.777547],[73.8292704,21.7850609],[73.8376532,21.7877046],[73.8375173,21.7901249],[73.8268838,21.7939832],[73.8268053,21.797564],[73.8328534,21.8004737],[73.8285781,21.8034303],[73.82743,21.8099099],[73.8085759,21.8096959],[73.803706,21.8202604],[73.7959515,21.8247274],[73.807316,21.8363329],[73.836759,21.8436754],[73.8716082,21.8415075],[73.8867823,21.8546609],[73.9209638,21.8610261],[73.9653907,21.8843213],[74.0288585,21.9121369],[74.0471676,21.9246086],[74.0840483,21.9337269],[74.1282236,21.9497783],[74.1353762,21.9502409],[74.1403001,21.9454579],[74.1457853,21.9463216],[74.1468478,21.9528919],[74.1574329,21.9508221],[74.1700156,21.9429844],[74.1818442,21.9294161],[74.1939999,21.9259028],[74.2624834,21.9340217],[74.2801691,21.9328949],[74.2894206,21.9398273],[74.2947113,21.9594774],[74.3006741,21.9669462],[74.3123652,21.9735275],[74.3387061,21.9737612],[74.3507019,21.9781209],[74.3608481,21.9903141],[74.3750445,21.9999999],[74.388327,22.020751],[74.4324048,22.0295556],[74.4436858,22.0224077]]]}},{"type":"Feature","properties":{"district":"Nashik","name":"Nashik District","layerType":"district","_id":"district-mh-all-nashik-20"},"geometry":{"type":"Polygon","coordinates":[[[74.1290047,20.8641359],[74.1495653,20.8503378],[74.1587539,20.8519384],[74.1593107,20.8621123],[74.1913671,20.8591069],[74.1960024,20.8551903],[74.2015868,20.859548],[74.2083088,20.8552375],[74.2244111,20.8567202],[74.2277293,20.8503496],[74.2335974,20.8488922],[74.2426948,20.8497601],[74.2517496,20.8595314],[74.2561407,20.8594809],[74.2583172,20.8538075],[74.2656304,20.8513961],[74.2921811,20.8547152],[74.3148414,20.8429498],[74.3253822,20.8481442],[74.3330287,20.8365218],[74.3369459,20.8369454],[74.3382916,20.8498126],[74.3468304,20.8475655],[74.3505056,20.8589443],[74.352119,20.8565798],[74.3554674,20.8587162],[74.3567317,20.8535997],[74.3534343,20.8488592],[74.3575163,20.848634],[74.3587279,20.8445939],[74.3604098,20.8467491],[74.3715335,20.8439825],[74.3734456,20.8405377],[74.3848832,20.8420206],[74.3819591,20.8489734],[74.3853297,20.8535317],[74.3867161,20.8515084],[74.3872769,20.8564356],[74.3914041,20.8579353],[74.392099,20.8550235],[74.3973352,20.8602554],[74.396202,20.8491466],[74.4031657,20.8390975],[74.3894269,20.8400296],[74.3870676,20.8391615],[74.388261,20.8358057],[74.3960835,20.832381],[74.4054298,20.8181514],[74.4166674,20.8097966],[74.4396561,20.7985777],[74.4431787,20.8010707],[74.4421091,20.808122],[74.448477,20.814658],[74.4560309,20.8121535],[74.4664218,20.8192261],[74.4758047,20.8199518],[74.4748208,20.8271097],[74.4788522,20.8341578],[74.4832535,20.829487],[74.482498,20.8211729],[74.4913319,20.8152879],[74.4939211,20.8188405],[74.5053293,20.8188796],[74.5084717,20.8085926],[74.5118665,20.8084433],[74.5255874,20.8155151],[74.530262,20.8297766],[74.5360269,20.8347838],[74.5414786,20.8290169],[74.5619393,20.8238793],[74.5726164,20.8309131],[74.5727917,20.8203067],[74.577623,20.8168536],[74.6027873,20.8111885],[74.6193231,20.8039587],[74.6318486,20.790661],[74.6331931,20.7832672],[74.6644902,20.7741586],[74.6626537,20.7626722],[74.6534252,20.7522675],[74.6577185,20.7499424],[74.6601849,20.7379419],[74.6523247,20.726847],[74.6576667,20.7163647],[74.6557056,20.7036812],[74.6506546,20.6948418],[74.6747612,20.6937286],[74.7087756,20.6858733],[74.7211325,20.677215],[74.733377,20.6770154],[74.7309881,20.673155],[74.7332655,20.6740814],[74.7381984,20.6659549],[74.743012,20.6703168],[74.7490911,20.6666941],[74.7535103,20.6694848],[74.7560587,20.6661294],[74.7621912,20.6671535],[74.761946,20.6639794],[74.7687039,20.6626462],[74.7701708,20.6673363],[74.7724154,20.6627909],[74.779862,20.6665099],[74.7875237,20.660995],[74.7940766,20.6623692],[74.8031794,20.6586697],[74.800051,20.6382225],[74.8080578,20.6384344],[74.8112749,20.6355484],[74.8126485,20.6193058],[74.8095678,20.5898139],[74.7998805,20.5875968],[74.7920425,20.5740151],[74.793417,20.5558114],[74.7995255,20.5524052],[74.797331,20.5447352],[74.79323,20.5388656],[74.7612844,20.5374267],[74.7602127,20.5326047],[74.7668541,20.5224131],[74.7710199,20.5074771],[74.7791598,20.5089018],[74.7838821,20.4973691],[74.7707155,20.4724269],[74.7744406,20.4699844],[74.7870984,20.4765628],[74.7941975,20.4763733],[74.799596,20.4704558],[74.7987636,20.4531203],[74.801905,20.4472016],[74.8133765,20.4422553],[74.8168254,20.4374094],[74.8164013,20.431041],[74.8240586,20.428355],[74.8369709,20.4163401],[74.8377192,20.4072758],[74.829947,20.4066713],[74.8245689,20.3989515],[74.8515427,20.3809356],[74.8496781,20.369019],[74.8553248,20.3627415],[74.8563454,20.3448954],[74.859153,20.3361693],[74.8647091,20.335279],[74.863635,20.3139617],[74.85524,20.3136699],[74.856194,20.2980126],[74.8543885,20.2873878],[74.8517073,20.2861472],[74.8635806,20.2764478],[74.9050274,20.2718969],[74.914626,20.2754044],[74.9349327,20.2700326],[74.9329029,20.2517127],[74.9135113,20.2461984],[74.905146,20.2469859],[74.9078883,20.2194267],[74.9284335,20.2159643],[74.9281165,20.1847618],[74.9218686,20.1756724],[74.928764,20.1607817],[74.9279812,20.1545354],[74.9067779,20.1550011],[74.9071059,20.1664589],[74.8984309,20.1690596],[74.896874,20.1787812],[74.8936944,20.1802451],[74.8550086,20.1797183],[74.8520179,20.2125533],[74.8553763,20.2303621],[74.8293974,20.2353745],[74.8273176,20.2467022],[74.8180324,20.2504635],[74.8063137,20.2456933],[74.8019112,20.2381983],[74.7938305,20.238692],[74.783126,20.2345012],[74.7818919,20.2298327],[74.785654,20.2284838],[74.8000036,20.232669],[74.7834614,20.2077065],[74.7619445,20.2047651],[74.7566516,20.1985998],[74.7601767,20.184984],[74.7349574,20.1887528],[74.734775,20.1972066],[74.7291953,20.1922337],[74.7191249,20.1927918],[74.7209567,20.1875777],[74.7115781,20.1731932],[74.7171475,20.1572551],[74.7141662,20.1337027],[74.7094189,20.1353355],[74.7112215,20.1296796],[74.7056204,20.1235322],[74.7095251,20.1228307],[74.7040925,20.1158225],[74.7049552,20.1135273],[74.7286881,20.1147094],[74.7361142,20.0825792],[74.7288295,20.0797288],[74.7103432,20.0799516],[74.711515,20.0689123],[74.7206554,20.0541635],[74.7066481,20.0419032],[74.7129816,20.0247409],[74.7177636,20.0196772],[74.7133618,20.0158248],[74.6952189,20.016986],[74.690673,20.0118518],[74.6863569,19.9995467],[74.6884146,19.995245],[74.6822437,19.9896826],[74.6849959,19.969912],[74.6722467,19.9628298],[74.670818,19.9473907],[74.649897,19.9464668],[74.5686472,19.9542983],[74.5548398,19.9675441],[74.5228969,19.9765816],[74.5197085,19.9741204],[74.5189517,19.9667049],[74.510055,19.9689187],[74.5085446,19.9727657],[74.494693,19.9701299],[74.4920115,19.9622205],[74.479222,19.9640163],[74.4783799,19.9713334],[74.4826124,19.9784137],[74.4811841,19.9949684],[74.4588713,19.9949709],[74.4511328,19.9786638],[74.4422436,19.9738329],[74.3820286,19.9812662],[74.3774787,19.9726759],[74.3647183,19.9747813],[74.3628534,19.9652263],[74.3495289,19.9674707],[74.3455079,19.9843623],[74.3177995,19.9854252],[74.3161922,19.9788262],[74.3030818,19.9666722],[74.2872505,19.9855979],[74.2816508,19.958225],[74.2679261,19.9630165],[74.2479697,19.9629836],[74.2477409,19.9361524],[74.2713212,19.9335656],[74.2761352,19.918565],[74.2745562,19.9064363],[74.2901396,19.9037615],[74.29265,19.897952],[74.3353258,19.8866156],[74.338528,19.872588],[74.3623238,19.8714384],[74.3631119,19.8331303],[74.3681633,19.8345298],[74.3671741,19.811173],[74.3742834,19.8023223],[74.3681097,19.8056153],[74.353558,19.7960729],[74.3425217,19.7987157],[74.3285828,19.796251],[74.3225709,19.7800117],[74.3256006,19.7728573],[74.3173109,19.7657589],[74.2885517,19.7758933],[74.2741405,19.7765859],[74.2695186,19.7614137],[74.2475149,19.751845],[74.2465192,19.7444399],[74.2236204,19.7420802],[74.22028,19.737603],[74.1886556,19.739235],[74.1832878,19.7322733],[74.1664924,19.72992],[74.1642962,19.7182402],[74.1562475,19.7076277],[74.1577745,19.7045202],[74.151336,19.6866574],[74.1391496,19.6949837],[74.1354264,19.6917896],[74.1438494,19.6719682],[74.1343043,19.6672992],[74.1199173,19.6428734],[74.1159935,19.6464663],[74.1104384,19.6445885],[74.1019054,19.6480062],[74.0962542,19.6409503],[74.0691494,19.6609646],[74.0358797,19.666187],[74.0217521,19.6729666],[73.9950479,19.6678115],[73.9846024,19.6699187],[73.9784297,19.6757283],[73.9716829,19.6746905],[73.970111,19.6710698],[73.9608232,19.6740431],[73.9573654,19.6688632],[73.950299,19.6724246],[73.9303255,19.6707329],[73.9284436,19.674592],[73.9242493,19.6738113],[73.9075562,19.6845947],[73.903943,19.6934192],[73.9062729,19.6968948],[73.9122178,19.6942435],[73.9126455,19.6964764],[73.8948806,19.717809],[73.8982242,19.7259185],[73.8989293,19.7460649],[73.888766,19.7507772],[73.8805212,19.7385185],[73.8679874,19.7413228],[73.8647028,19.7486064],[73.855602,19.7470989],[73.8579149,19.7431131],[73.8493085,19.7455119],[73.8367567,19.7404568],[73.8401302,19.7337444],[73.8393277,19.72339],[73.8181791,19.7121025],[73.8135787,19.7007095],[73.8146163,19.69005],[73.809701,19.6836877],[73.8051911,19.6893354],[73.7940445,19.6882394],[73.8057664,19.6769628],[73.7938283,19.6746437],[73.7898243,19.6695038],[73.7902886,19.6629585],[73.7789487,19.6535996],[73.7824543,19.6466877],[73.7927466,19.6421704],[73.7759103,19.6406078],[73.7778157,19.6353282],[73.7755538,19.629497],[73.7671064,19.6316184],[73.7377128,19.6186045],[73.7302635,19.6177177],[73.7248092,19.6213969],[73.7125581,19.6165553],[73.7033444,19.594182],[73.6964066,19.5914888],[73.6868902,19.5925793],[73.6693898,19.5860819],[73.6692265,19.5883203],[73.6417619,19.5895552],[73.6305666,19.5946041],[73.6186929,19.5859046],[73.614001,19.5954821],[73.6063419,19.5949636],[73.5836458,19.6064998],[73.5765821,19.6021855],[73.5812075,19.6129541],[73.5754698,19.6184002],[73.563284,19.6184785],[73.5595858,19.6443677],[73.5450547,19.6572348],[73.5438896,19.6648825],[73.5356038,19.6737137],[73.5289158,19.6877487],[73.528251,19.6958084],[73.5160343,19.6985028],[73.5191049,19.7072204],[73.4861346,19.7224305],[73.4859143,19.729292],[73.5027963,19.7325831],[73.4995333,19.7375644],[73.5038486,19.7467518],[73.4980184,19.7606842],[73.4900643,19.7630966],[73.4786827,19.7598825],[73.4492486,19.7671242],[73.4429548,19.7849207],[73.4438068,19.8047967],[73.439805,19.8073625],[73.4418968,19.826221],[73.4294376,19.833509],[73.4228384,19.8318216],[73.4205179,19.834804],[73.4195401,19.8498504],[73.4148971,19.8599821],[73.4176192,19.8676819],[73.4264888,19.8720837],[73.4362194,19.8724198],[73.4226504,19.9159446],[73.4377123,19.9314234],[73.4410241,19.9422615],[73.4398029,19.9559349],[73.4492164,19.9536913],[73.4546742,19.9581263],[73.449124,19.966482],[73.450769,19.9847856],[73.4411638,19.9807814],[73.4319956,19.9821056],[73.4224608,19.9904219],[73.4160416,19.9999398],[73.4149377,20.0104227],[73.4073369,20.0165036],[73.3922682,20.0142035],[73.376932,20.0210906],[73.3660588,20.0193255],[73.3625093,20.022451],[73.3634469,20.0336758],[73.3578391,20.036495],[73.3576534,20.0399137],[73.3459805,20.0361063],[73.3322552,20.0450746],[73.3310883,20.0417394],[73.3147327,20.0488623],[73.311629,20.0553141],[73.3077299,20.0561687],[73.3129781,20.0909215],[73.2934751,20.098065],[73.2711068,20.0953325],[73.2688091,20.1087192],[73.2526562,20.1126871],[73.2477195,20.1226627],[73.2546738,20.1274669],[73.2538972,20.137958],[73.2651456,20.1402577],[73.2789741,20.149796],[73.2830758,20.1970357],[73.2897532,20.1987667],[73.2998278,20.2095364],[73.3146399,20.2021296],[73.3260687,20.2057036],[73.3438356,20.1993829],[73.3463891,20.2093098],[73.3577568,20.2126321],[73.3613028,20.2081979],[73.3545815,20.2035938],[73.3540489,20.1998325],[73.3657956,20.1956757],[73.3667372,20.2041362],[73.3745595,20.2046957],[73.378708,20.2113282],[73.3839478,20.2114187],[73.3864501,20.207985],[73.3860654,20.1955386],[73.3893025,20.1926217],[73.3944784,20.1986437],[73.4058787,20.1954863],[73.4149865,20.1978523],[73.4210801,20.2066876],[73.4169817,20.2122614],[73.4178366,20.2223472],[73.4138793,20.2241446],[73.4137665,20.2349637],[73.4107967,20.2381524],[73.4166507,20.2417086],[73.4132436,20.2439991],[73.4151807,20.2510688],[73.4119985,20.2523252],[73.4151977,20.2611676],[73.4124467,20.2644788],[73.4156445,20.2672873],[73.4128772,20.2710343],[73.4150291,20.2748841],[73.4227926,20.2746427],[73.427605,20.2808513],[73.4157106,20.3170447],[73.4142861,20.3254004],[73.4184817,20.3301777],[73.4174487,20.334184],[73.4093599,20.3485706],[73.413661,20.3522054],[73.4126672,20.3608816],[73.4064441,20.3733978],[73.4045069,20.3860982],[73.3849349,20.3719959],[73.3800978,20.3789514],[73.3793658,20.3901262],[73.380635,20.3943884],[73.3872792,20.3983037],[73.3951395,20.3961079],[73.3992577,20.4055849],[73.4047977,20.4029894],[73.4047368,20.4095517],[73.4122701,20.4107294],[73.4137255,20.4158457],[73.4191811,20.4128228],[73.4188476,20.418649],[73.4231173,20.4221571],[73.4213567,20.4303321],[73.4288258,20.4427454],[73.4313168,20.4537329],[73.4358509,20.4564637],[73.4447998,20.4747365],[73.4564829,20.478978],[73.4576151,20.4898618],[73.4673644,20.498221],[73.4698659,20.5203072],[73.4936242,20.5380685],[73.4757677,20.542655],[73.4792032,20.5602438],[73.4731531,20.5846353],[73.4485209,20.5942403],[73.4297697,20.595169],[73.4211202,20.6258683],[73.4119097,20.6270177],[73.4077403,20.6244263],[73.4074978,20.6338744],[73.3937876,20.6422677],[73.393045,20.6502209],[73.404777,20.6544599],[73.412451,20.6614675],[73.4311755,20.6649217],[73.4348348,20.6718438],[73.4325477,20.6767809],[73.4442972,20.681103],[73.4476416,20.689845],[73.4481095,20.694668],[73.4410858,20.7007159],[73.4492336,20.716088],[73.4581526,20.7168109],[73.4669363,20.7220597],[73.4746481,20.7203879],[73.4759651,20.7092952],[73.4833949,20.7016222],[73.4841705,20.6922596],[73.4901788,20.6854046],[73.4862648,20.6751643],[73.4829655,20.6783549],[73.4790873,20.6773051],[73.4892349,20.6557336],[73.4956244,20.6536065],[73.5043102,20.6693535],[73.516347,20.666769],[73.5199485,20.6769779],[73.5301909,20.6742424],[73.5507994,20.6485595],[73.5577246,20.6459366],[73.5618532,20.6503974],[73.5701536,20.6509466],[73.599515,20.6369031],[73.6150935,20.6248869],[73.6166336,20.6184197],[73.6218288,20.6147301],[73.6282605,20.5831929],[73.6450209,20.5739784],[73.6522511,20.5657848],[73.6681902,20.5633291],[73.6947775,20.5782646],[73.6985217,20.5754538],[73.7323256,20.5744197],[73.7444834,20.5651169],[73.7599157,20.5729454],[73.7633931,20.5855525],[73.7676321,20.5865488],[73.7766348,20.60069],[73.7897268,20.6050279],[73.7993318,20.6004663],[73.8153665,20.6126573],[73.8242937,20.6119058],[73.8366962,20.6206073],[73.8327414,20.6457167],[73.8388462,20.6590861],[73.8306952,20.6714091],[73.8315581,20.6743855],[73.8172059,20.6720375],[73.8128604,20.6909409],[73.8146014,20.6937416],[73.8245148,20.7001938],[73.8357503,20.7018586],[73.8540956,20.6929693],[73.8562448,20.7003941],[73.860555,20.7000693],[73.866146,20.7097976],[73.8739027,20.7290638],[73.8825294,20.7334263],[73.89551,20.7316638],[73.9032282,20.7257509],[73.9173266,20.7248492],[73.9178664,20.7294077],[73.927262,20.7343439],[73.9291798,20.727709],[73.9426612,20.7420837],[73.9392899,20.7506711],[73.9415064,20.7578737],[73.9327077,20.7636485],[73.9329781,20.7918745],[73.9361226,20.8009012],[73.9321054,20.8080653],[73.9440434,20.8237725],[73.940563,20.8284706],[73.9403185,20.8394388],[73.962511,20.8424769],[73.9663719,20.8529675],[74.0041694,20.842552],[74.0064044,20.8363508],[74.0120286,20.8414805],[74.0150825,20.8524156],[74.0175126,20.8441827],[74.0261979,20.8521049],[74.03273,20.8395189],[74.0436133,20.8348187],[74.0616807,20.8483628],[74.0773088,20.8487709],[74.0970919,20.8410384],[74.1028249,20.8447883],[74.1001351,20.8500795],[74.1029006,20.8542212],[74.1114372,20.8550112],[74.1166709,20.8629224],[74.1204257,20.8608747],[74.1290047,20.8641359]],[[74.7285462,20.0855088],[74.7312472,20.0852699],[74.7312032,20.087889],[74.7285462,20.0855088]]]}},{"type":"Feature","properties":{"district":"Dharashiv","name":"Dharashiv District","layerType":"district","_id":"district-mh-all-dharashiv-21"},"geometry":{"type":"MultiPolygon","coordinates":[[[[75.6030915,18.1477195],[75.6037598,18.1455149],[75.6011374,18.1476892],[75.5935763,18.1460879],[75.5883744,18.1528395],[75.6023669,18.1591803],[75.6030915,18.1477195]]],[[[75.6117672,18.1610175],[75.6144053,18.150605],[75.6095943,18.1502795],[75.6071615,18.1457484],[75.6087915,18.152465],[75.6046947,18.1589052],[75.6117672,18.1610175]]],[[[75.585246,18.6981706],[75.60551,18.6873647],[75.6160392,18.663787],[75.6454642,18.6483216],[75.6613444,18.6458132],[75.6665735,18.6514386],[75.6642861,18.6737418],[75.6692776,18.690658],[75.7011946,18.6891724],[75.7090022,18.6823116],[75.7304036,18.6740688],[75.7329384,18.6799676],[75.7546974,18.6801846],[75.7714172,18.6691546],[75.7769168,18.6728039],[75.7834809,18.6601955],[75.7921049,18.6546874],[75.7978125,18.6728964],[75.802065,18.6727537],[75.810453,18.6686224],[75.8207409,18.6685177],[75.8227808,18.6626121],[75.8294133,18.6637601],[75.8485554,18.6555729],[75.8574825,18.6597377],[75.8556407,18.6493831],[75.870282,18.6536604],[75.8734877,18.6533448],[75.8739455,18.6482397],[75.9058295,18.6492555],[75.9202926,18.6433],[75.9374511,18.6413909],[75.9443012,18.6355971],[75.9463324,18.6251008],[75.9430829,18.6213309],[75.9436424,18.6105611],[75.9480864,18.6050595],[75.9569143,18.6046636],[75.9861077,18.6188051],[75.9934916,18.6173661],[75.996841,18.6082133],[75.9825702,18.5921903],[75.9953307,18.5828678],[76.0078612,18.5854953],[76.0048805,18.6009],[76.007392,18.6063682],[76.0122479,18.6077685],[76.0313244,18.6006],[76.0362758,18.5922514],[76.0435331,18.5905745],[76.0482708,18.577082],[76.0535196,18.574595],[76.0792083,18.576346],[76.1016828,18.5879394],[76.1186406,18.5839898],[76.1347642,18.5876593],[76.1548889,18.5793015],[76.1569587,18.5601406],[76.1603395,18.5549512],[76.1697097,18.5603803],[76.1663372,18.5724404],[76.1683095,18.5835974],[76.1771454,18.5844952],[76.2003455,18.5813748],[76.2012622,18.5776687],[76.2196936,18.5745608],[76.2318487,18.5752989],[76.2418053,18.5721461],[76.2546712,18.5754019],[76.2543992,18.5638133],[76.2758903,18.556621],[76.273743,18.5366899],[76.2529325,18.5212873],[76.2553524,18.5012498],[76.2532476,18.4962217],[76.2617146,18.4930022],[76.2538934,18.4845892],[76.2588091,18.4784046],[76.2662381,18.4761131],[76.2692267,18.4696957],[76.2624591,18.4632905],[76.2669111,18.4246113],[76.2343844,18.434827],[76.2258535,18.4340907],[76.2208562,18.4291847],[76.2145557,18.4080922],[76.2040706,18.395368],[76.2240149,18.3796899],[76.2465082,18.3762256],[76.2569604,18.364988],[76.2876342,18.3890476],[76.289367,18.3752655],[76.2841529,18.3400123],[76.3154756,18.3301971],[76.316803,18.3266532],[76.314489,18.2839051],[76.3061265,18.2736752],[76.3073608,18.2687509],[76.3033693,18.26266],[76.2952812,18.2614448],[76.2838868,18.2493017],[76.2856925,18.2333119],[76.3013926,18.2318095],[76.2930054,18.198516],[76.2801031,18.1833779],[76.2814973,18.1515215],[76.2750058,18.1404749],[76.2831144,18.1257927],[76.2793687,18.1110279],[76.2945985,18.1068891],[76.2948126,18.1001494],[76.3060428,18.098178],[76.3070797,18.0936134],[76.3271692,18.0967546],[76.3296806,18.0779211],[76.3405089,18.0614115],[76.3489352,18.0621191],[76.3552825,18.0830045],[76.3723956,18.0900303],[76.3787922,18.0887409],[76.3825917,18.0777787],[76.3878225,18.0766964],[76.3985855,18.066045],[76.396842,18.0597575],[76.3848837,18.0605581],[76.3836635,18.045077],[76.4042035,18.0439952],[76.4047851,18.0460752],[76.416758,18.0421911],[76.4200098,18.0361001],[76.4272103,18.0340506],[76.4478023,18.0319908],[76.4616545,18.0270661],[76.4655843,18.0317734],[76.4887674,18.0245517],[76.4949638,18.0271969],[76.4991441,18.0511288],[76.5113688,18.0504068],[76.5103453,18.0232193],[76.5395916,18.0318363],[76.5481821,18.0308822],[76.5529954,18.0264423],[76.5640075,18.0310094],[76.5752423,18.0242723],[76.5781719,18.0371981],[76.5863687,18.0375272],[76.5980671,18.0330287],[76.6025266,18.0377366],[76.6096992,18.0388735],[76.6103329,18.0261515],[76.603713,18.0078925],[76.6171583,18.0013278],[76.6625375,18.0004266],[76.678445,17.9961281],[76.6892373,17.9701956],[76.6730657,17.9671205],[76.6742681,17.9480749],[76.6805591,17.9435004],[76.6736054,17.9196693],[76.7071352,17.9163906],[76.7238695,17.918332],[76.7256672,17.9125147],[76.7378696,17.9097899],[76.7411575,17.8959047],[76.7384821,17.8566816],[76.7530039,17.85782],[76.7676299,17.8520037],[76.7900185,17.8265982],[76.7828804,17.8166515],[76.7789318,17.801093],[76.7671434,17.7985089],[76.7647437,17.7896037],[76.7606002,17.7870004],[76.7509107,17.787053],[76.741679,17.7797658],[76.7214886,17.7876889],[76.7146225,17.781455],[76.7119119,17.7732673],[76.7204828,17.7696793],[76.7183271,17.7532283],[76.7233083,17.7514067],[76.7278283,17.7387718],[76.6994266,17.7268856],[76.703557,17.7237364],[76.703655,17.7159954],[76.7019065,17.7103763],[76.6931986,17.7074457],[76.6909674,17.6812609],[76.6868219,17.6807733],[76.6847403,17.68545],[76.6741251,17.6901831],[76.6641326,17.688705],[76.6547436,17.7191532],[76.6333526,17.7281861],[76.6281705,17.7497321],[76.6312972,17.7532733],[76.6126859,17.7705198],[76.6051374,17.757558],[76.6000748,17.7271851],[76.5933179,17.7203563],[76.5883371,17.7075782],[76.5827178,17.7054207],[76.5701816,17.7073868],[76.5678014,17.7424764],[76.5640621,17.7505939],[76.5727077,17.7605395],[76.5612624,17.7646192],[76.5306876,17.7582603],[76.5232757,17.7597973],[76.5273017,17.7387449],[76.5240362,17.715407],[76.4987487,17.7180897],[76.4892122,17.7147593],[76.4866718,17.7099295],[76.4844877,17.6785118],[76.4879957,17.6595233],[76.4589151,17.6581229],[76.4523656,17.65523],[76.4526734,17.6497317],[76.4423397,17.6491189],[76.4442077,17.6426724],[76.4329114,17.646396],[76.4141806,17.6471486],[76.4027891,17.6571946],[76.3791825,17.6604948],[76.3786045,17.6858761],[76.3636248,17.6864738],[76.3564443,17.6975047],[76.3396898,17.6937487],[76.3163598,17.6981203],[76.315544,17.7144226],[76.304151,17.7200172],[76.2946301,17.7297893],[76.2809169,17.7267519],[76.2686016,17.7293969],[76.2544242,17.7169772],[76.2495057,17.7052671],[76.2384761,17.7059353],[76.239945,17.6987024],[76.222648,17.6991082],[76.222145,17.6896268],[76.2040636,17.6890497],[76.1879603,17.6832114],[76.1659804,17.6936853],[76.1656649,17.7003099],[76.1458934,17.6998127],[76.144563,17.7111834],[76.147106,17.7164822],[76.1493878,17.7187097],[76.1678182,17.7156837],[76.1751707,17.7297063],[76.1473391,17.7347887],[76.1440667,17.756139],[76.1334477,17.7558463],[76.1268244,17.7677557],[76.1034411,17.7649769],[76.0961925,17.7776796],[76.0847335,17.7777642],[76.0599338,17.7696794],[76.0535519,17.7635469],[76.0295975,17.7656086],[76.0026523,17.7503473],[76.0005302,17.7557418],[76.0048771,17.7851779],[76.0103002,17.7874538],[76.0107022,17.7906314],[76.0078061,17.8007852],[76.0193134,17.8282023],[76.0063276,17.8309475],[75.9958189,17.8384522],[75.9805759,17.8437458],[75.9746206,17.8390865],[75.9774854,17.8203081],[75.9659818,17.8181564],[75.962278,17.8309579],[75.9430281,17.8441888],[75.9395225,17.852398],[75.9329986,17.851905],[75.9230225,17.8330713],[75.9112174,17.8327872],[75.8903539,17.8442848],[75.8760285,17.8462273],[75.8708265,17.8585343],[75.8563413,17.8691901],[75.8421872,17.9027106],[75.8462064,17.9047383],[75.8511985,17.921848],[75.8471815,17.9303812],[75.8380858,17.9323635],[75.8383072,17.9590138],[75.845026,17.9771262],[75.8407249,17.983646],[75.8531157,18.0093461],[75.8691644,18.011378],[75.8836287,18.0040894],[75.9085632,18.0032749],[75.9112306,17.9829978],[75.9145877,17.9775242],[75.9234683,17.9740458],[75.9517985,17.9787998],[75.9739873,17.9711131],[75.9797144,17.9724463],[75.9850525,17.9938808],[75.9963872,17.9950271],[76.0038694,18.0281536],[76.0187236,18.0421584],[76.0138298,18.0530649],[76.0070295,18.0511209],[76.000509,18.0569441],[75.9860957,18.0531669],[75.9938095,18.0674394],[75.9902556,18.069099],[75.9867189,18.0879183],[75.9557248,18.0858086],[75.9553235,18.1003798],[75.9461728,18.1041922],[75.9440695,18.1197626],[75.9378848,18.1265681],[75.9435229,18.1290688],[75.9458092,18.136581],[75.9496175,18.1389065],[75.9571225,18.1608905],[75.9515543,18.1720523],[75.9349847,18.1837017],[75.9327815,18.1912246],[75.9237356,18.1946447],[75.9337202,18.223923],[75.9438609,18.2410496],[75.9425341,18.2477745],[75.9282995,18.2598751],[75.9301557,18.2774891],[75.9262944,18.2843228],[75.9234223,18.305276],[75.9040825,18.3271261],[75.8953487,18.357989],[75.8786446,18.3652941],[75.858668,18.3589347],[75.8418362,18.3633904],[75.8238198,18.3795237],[75.7972869,18.3804644],[75.7956401,18.3884023],[75.7801513,18.3960019],[75.7813424,18.3996384],[75.7729398,18.4050368],[75.7703433,18.4105216],[75.7672449,18.4319298],[75.7624065,18.4404927],[75.7674494,18.4467014],[75.7652759,18.4504599],[75.7538355,18.4368567],[75.7229821,18.4309568],[75.7069257,18.3970014],[75.7090523,18.3918652],[75.7251802,18.3868116],[75.7295083,18.3614903],[75.7189463,18.3468434],[75.7181251,18.3375343],[75.7052078,18.3388894],[75.693669,18.3263421],[75.6836131,18.3241629],[75.6788625,18.3280253],[75.6616076,18.3314716],[75.6528148,18.3327646],[75.6484619,18.3303148],[75.6291253,18.2995186],[75.6258962,18.2877271],[75.6141464,18.2725321],[75.6289001,18.2662287],[75.6285869,18.2428845],[75.622358,18.2424274],[75.5875744,18.2543923],[75.5824537,18.2449744],[75.5691484,18.2363599],[75.5624281,18.2174887],[75.5612302,18.2034813],[75.5485669,18.2044932],[75.5533075,18.189226],[75.5439108,18.1764313],[75.5426158,18.1502851],[75.5304842,18.1337358],[75.5262569,18.1309492],[75.5238037,18.1353695],[75.5156301,18.1383957],[75.516551,18.1460875],[75.5026003,18.1558396],[75.496156,18.1569078],[75.4884726,18.1518779],[75.4859814,18.1532207],[75.488929,18.162532],[75.4845235,18.1742615],[75.4613356,18.1702007],[75.4596207,18.1651778],[75.4660066,18.1647564],[75.463077,18.1592535],[75.4472386,18.1715526],[75.4298202,18.1745264],[75.4260116,18.1843777],[75.430847,18.1978628],[75.4383233,18.205441],[75.4257247,18.2150412],[75.4271113,18.2298553],[75.4197436,18.2397884],[75.4285404,18.2470954],[75.4292644,18.2610639],[75.3944034,18.2638282],[75.3937947,18.2873896],[75.4005254,18.2962692],[75.3916948,18.3080066],[75.4025812,18.317214],[75.3983902,18.321501],[75.4032564,18.328617],[75.3869708,18.3277546],[75.379834,18.3458347],[75.3633026,18.3569558],[75.3583113,18.3684391],[75.3501546,18.3696338],[75.3447875,18.3769853],[75.3363369,18.3807365],[75.3334471,18.3893341],[75.3277922,18.3847042],[75.3239221,18.3923131],[75.3156508,18.3950252],[75.3049568,18.3901452],[75.29726,18.4007003],[75.2894205,18.4015182],[75.2857451,18.4053492],[75.2851408,18.4180459],[75.3012106,18.4307584],[75.2965981,18.4568932],[75.3031805,18.4787327],[75.2963612,18.4957711],[75.3027536,18.5069941],[75.3103497,18.5096687],[75.3129787,18.5198498],[75.3302864,18.5255002],[75.3296208,18.5376962],[75.34392,18.5608599],[75.3659035,18.551127],[75.3732305,18.5516967],[75.3931814,18.5442377],[75.4148315,18.5305898],[75.4358416,18.5548339],[75.4451436,18.5840607],[75.4530244,18.5955419],[75.4588898,18.5947676],[75.4616434,18.6056869],[75.4861357,18.6193362],[75.489643,18.6269843],[75.49921,18.6206893],[75.5172185,18.632082],[75.5214628,18.6389722],[75.5399982,18.6390096],[75.5458847,18.6443213],[75.5475409,18.6533338],[75.540034,18.658064],[75.5439365,18.6796902],[75.5641102,18.6855747],[75.5811951,18.6838788],[75.585246,18.6981706]]]]}},{"type":"Feature","properties":{"district":"Palghar","name":"Palghar District","layerType":"district","_id":"district-mh-all-palghar-22"},"geometry":{"type":"Polygon","coordinates":[[[72.8744292,20.2263865],[72.8896133,20.2202374],[72.8930627,20.225845],[72.9002817,20.2270221],[72.9212259,20.2227127],[72.9330547,20.2163284],[72.9494941,20.215852],[72.9614735,20.2104379],[72.9619371,20.18346],[72.9751097,20.1816559],[72.9768789,20.17865],[72.9738549,20.1747374],[72.9744031,20.1602461],[72.9616771,20.1372729],[72.9637201,20.1262257],[72.9728106,20.113959],[72.9773555,20.11278],[72.9923282,20.1190073],[72.9969542,20.1417528],[73.0104125,20.134654],[73.0120662,20.1285721],[72.9996099,20.1230219],[73.0007171,20.1133874],[73.0100091,20.1060455],[73.0147982,20.0957428],[73.0424187,20.065506],[73.0506232,20.0637436],[73.0551903,20.099871],[73.0636929,20.0995867],[73.0837543,20.0912819],[73.1022626,20.091237],[73.1060356,20.0875425],[73.1069732,20.0753896],[73.1112831,20.071679],[73.1140409,20.0760151],[73.1189312,20.0750947],[73.1190458,20.0786616],[73.124103,20.0779675],[73.1250596,20.0828372],[73.1301036,20.0817258],[73.1363851,20.0863671],[73.1374514,20.0789626],[73.1414507,20.0805699],[73.1466895,20.0738558],[73.1486173,20.0784889],[73.1545593,20.0751342],[73.1518441,20.0729725],[73.1563236,20.0639018],[73.1635578,20.0601446],[73.1647778,20.0556223],[73.1764405,20.0519641],[73.177638,20.0479027],[73.1911705,20.0505366],[73.1920964,20.0547061],[73.1861486,20.0591707],[73.1885643,20.0767131],[73.1968466,20.0759618],[73.2095236,20.0849995],[73.2138641,20.1167541],[73.2101701,20.1196403],[73.2170079,20.1286093],[73.2179267,20.1366457],[73.2248838,20.140197],[73.2249523,20.1238026],[73.2292936,20.1226265],[73.2407919,20.1278165],[73.2467342,20.1265249],[73.2526562,20.1126871],[73.2688091,20.1087192],[73.270908,20.0959104],[73.2932712,20.0980555],[73.3112799,20.0922564],[73.3124232,20.0815565],[73.3090326,20.0769458],[73.3065675,20.0566382],[73.3112117,20.0559939],[73.3135107,20.0495027],[73.3292823,20.0419138],[73.3355433,20.0436302],[73.3459805,20.0361063],[73.3557702,20.0400265],[73.3634348,20.0325169],[73.3625093,20.022451],[73.3660588,20.0193255],[73.3799332,20.0208631],[73.3919885,20.0140998],[73.4062467,20.0169948],[73.4142946,20.0118016],[73.4160416,19.9999398],[73.4264389,19.9859197],[73.4371227,19.9813592],[73.4494091,19.9838671],[73.4516823,19.9818451],[73.4489896,19.9666291],[73.4559907,19.9594814],[73.4492164,19.9536913],[73.4391239,19.9540018],[73.4392895,19.934941],[73.4300256,19.9205276],[73.42261,19.9153899],[73.4362416,19.872452],[73.4196954,19.8689765],[73.4148971,19.8599821],[73.4198828,19.8500634],[73.4181919,19.8458044],[73.4224732,19.8318218],[73.4312162,19.8327299],[73.4421669,19.8235441],[73.4399409,19.8090938],[73.4430371,19.8059661],[73.4424905,19.7864475],[73.4481906,19.7682088],[73.4772165,19.7602032],[73.4959483,19.7620199],[73.5037435,19.7481527],[73.5000105,19.7430086],[73.5016181,19.7321656],[73.4859143,19.729292],[73.485602,19.725746],[73.4760962,19.7311118],[73.4740115,19.723029],[73.4649359,19.7183627],[73.4582702,19.7228224],[73.4534225,19.7143435],[73.4471229,19.7176463],[73.4392128,19.7086419],[73.4334195,19.7107644],[73.4298516,19.7021449],[73.4238995,19.707069],[73.4146477,19.708726],[73.4151752,19.6977776],[73.4047515,19.7008368],[73.3862744,19.6954974],[73.383667,19.6997831],[73.3800976,19.6990929],[73.3810605,19.6906553],[73.3764495,19.6883931],[73.3683073,19.6904707],[73.3675264,19.6868007],[73.3589921,19.6870553],[73.3490356,19.6952517],[73.3308143,19.6951381],[73.3194225,19.6749465],[73.3108402,19.6736122],[73.3013617,19.6894643],[73.2887143,19.6932375],[73.2837376,19.6910866],[73.275399,19.6684805],[73.2712678,19.6671677],[73.2724277,19.6544763],[73.2674709,19.6519016],[73.2799014,19.6384736],[73.2836631,19.6262665],[73.2768415,19.6243112],[73.2574014,19.6304654],[73.250362,19.6216983],[73.2473191,19.6104012],[73.2387098,19.6119288],[73.2340301,19.6165729],[73.2303529,19.6141944],[73.2270624,19.603097],[73.1947649,19.5998813],[73.1943767,19.5949377],[73.2043291,19.5790958],[73.2040596,19.5697151],[73.2099601,19.5638142],[73.2081642,19.5575023],[73.1979844,19.5534702],[73.1868577,19.541322],[73.1794162,19.5378362],[73.168012,19.5224711],[73.1333752,19.5166788],[73.1300636,19.5097565],[73.1331063,19.5011681],[73.1074833,19.49411],[73.1004633,19.4956186],[73.0963241,19.4907798],[73.0726164,19.4791799],[73.0582011,19.478961],[73.0532983,19.481573],[73.0485257,19.4927511],[73.0362761,19.4972867],[73.0274971,19.4911665],[73.0158888,19.5075056],[73.0107647,19.5026131],[73.0035874,19.5036268],[72.9999362,19.4959449],[72.9902153,19.4901831],[72.9948462,19.4802563],[72.9937099,19.4677562],[73.018856,19.4475091],[73.0037791,19.4316668],[73.0029614,19.4262344],[72.9905255,19.417986],[72.9869981,19.4121157],[72.9794641,19.4113814],[72.9769718,19.3986755],[72.9601305,19.3987932],[72.962142,19.3857861],[72.9591524,19.3817327],[72.9498998,19.3795867],[72.9418951,19.3322385],[72.944931,19.3129326],[72.9552145,19.3003338],[72.943137,19.2970952],[72.9323201,19.2871932],[72.9223821,19.2900944],[72.9022435,19.2896862],[72.8722181,19.3208246],[72.8602883,19.3261624],[72.8308495,19.328521],[72.8299515,19.3346214],[72.8271,19.3357196],[72.8204606,19.3290596],[72.8063754,19.3237202],[72.798828,19.3245846],[72.767067,19.3606207],[72.7668881,19.3650833],[72.7598429,19.3693193],[72.7553788,19.3656063],[72.7470001,19.3723839],[72.7450052,19.3776189],[72.7531824,19.3794556],[72.7598432,19.3932257],[72.7536298,19.4300519],[72.7431377,19.4583782],[72.7487053,19.4706472],[72.7495477,19.4892693],[72.7441317,19.4993848],[72.7203794,19.5005182],[72.719974,19.5125467],[72.7162122,19.5194102],[72.7214009,19.5229083],[72.7214004,19.5348178],[72.7110904,19.5407835],[72.7175249,19.5654158],[72.7101192,19.5716802],[72.7144219,19.5822538],[72.7089324,19.5985828],[72.7182283,19.5977622],[72.7253215,19.6103403],[72.7220214,19.6180945],[72.7106042,19.6224536],[72.7116115,19.6259629],[72.7190257,19.6297049],[72.7107092,19.6392638],[72.7070957,19.6391743],[72.7055272,19.6499469],[72.6994192,19.6602098],[72.7026912,19.6702269],[72.701152,19.6845634],[72.7084053,19.6949897],[72.7081437,19.7038107],[72.6975368,19.7190731],[72.6855803,19.7177309],[72.6831757,19.714461],[72.6756768,19.7155138],[72.6739028,19.7399078],[72.677835,19.7510021],[72.6718706,19.7610356],[72.6745911,19.7647763],[72.6818328,19.7600534],[72.6833866,19.7623947],[72.6828719,19.7925183],[72.6719904,19.8131517],[72.6656424,19.8135042],[72.6683625,19.8024701],[72.6536183,19.8120428],[72.6520424,19.8275136],[72.6420746,19.8442665],[72.6469857,19.84862],[72.6474704,19.8695779],[72.649734,19.8702511],[72.6559717,19.8618778],[72.6697166,19.8658239],[72.6802717,19.8648962],[72.6806207,19.9006382],[72.6749263,19.9039524],[72.678619,19.920643],[72.6639562,19.9324022],[72.6816995,19.9426756],[72.6894468,19.9573561],[72.7055882,19.9665816],[72.7216381,19.9713508],[72.7166664,19.9745509],[72.7210594,19.9963974],[72.7127618,20.0224903],[72.7144265,20.0407788],[72.7081707,20.0715423],[72.7104652,20.0781864],[72.7260131,20.0799046],[72.7387658,20.1176752],[72.7450235,20.1161],[72.7450999,20.1224763],[72.7371433,20.1272081],[72.7376711,20.1343358],[72.7626931,20.1298212],[72.7748054,20.1321458],[72.7936214,20.1235729],[72.7922122,20.1328169],[72.7875843,20.1387238],[72.7886239,20.1493238],[72.7972321,20.149675],[72.804195,20.1538703],[72.8107117,20.1515032],[72.8160208,20.1445185],[72.8244699,20.1420217],[72.8224642,20.1546108],[72.8161312,20.1576893],[72.8199672,20.1747389],[72.8165807,20.184085],[72.8237232,20.1886675],[72.8369524,20.1884569],[72.8311382,20.1959002],[72.8378336,20.2077186],[72.8611848,20.2076106],[72.8589707,20.2234843],[72.868968,20.2275737],[72.8744292,20.2263865]]]}},{"type":"Feature","properties":{"district":"Parbhani","name":"Parbhani District","layerType":"district","_id":"district-mh-all-parbhani-23"},"geometry":{"type":"Polygon","coordinates":[[[76.5959605,19.8267972],[76.6053928,19.8104722],[76.597869,19.8043343],[76.5970506,19.7995678],[76.6093353,19.7935965],[76.6096812,19.7906235],[76.5928496,19.7844331],[76.596315,19.7771547],[76.6101344,19.7765174],[76.6154754,19.7812734],[76.6273116,19.7840124],[76.6280796,19.7906401],[76.6228809,19.7989775],[76.6301003,19.8038599],[76.6394532,19.789604],[76.6426747,19.7736671],[76.6587567,19.7771583],[76.6693172,19.7754846],[76.6866097,19.7679074],[76.6858626,19.758359],[76.6911819,19.7550437],[76.6962391,19.7563375],[76.6997325,19.7642338],[76.7083233,19.7700573],[76.7168782,19.76888],[76.7238509,19.7496251],[76.7199263,19.7411023],[76.7358432,19.7339532],[76.7388961,19.7294431],[76.7316723,19.7194978],[76.7322999,19.7143479],[76.7437367,19.7113098],[76.7478855,19.7061177],[76.7496559,19.695642],[76.75909,19.6865203],[76.7623276,19.6854539],[76.7708667,19.6928895],[76.7724243,19.7009797],[76.7672308,19.719151],[76.7813541,19.732846],[76.7896235,19.722327],[76.7828934,19.7036638],[76.7864627,19.6895354],[76.7857642,19.6769984],[76.7910478,19.670441],[76.7979214,19.6720954],[76.8089097,19.6830163],[76.8211379,19.6707091],[76.8248351,19.6818532],[76.8218106,19.6903977],[76.8137933,19.6991056],[76.8148389,19.7030644],[76.8219553,19.7068047],[76.8402666,19.7025214],[76.8481091,19.7068578],[76.8634758,19.6742562],[76.8502939,19.6634801],[76.8509497,19.6483945],[76.8567144,19.6456448],[76.8703162,19.6465896],[76.8752873,19.6370852],[76.8671354,19.6240425],[76.8781882,19.6217905],[76.8969333,19.6429502],[76.9079739,19.6452719],[76.914146,19.6394787],[76.9146659,19.6175632],[76.9261975,19.6164482],[76.9300323,19.6110721],[76.9252132,19.6066824],[76.9244412,19.5998688],[76.9044619,19.5902933],[76.9034429,19.5850566],[76.892692,19.582529],[76.8889306,19.5604729],[76.8819624,19.5510019],[76.8844953,19.5499437],[76.8825015,19.5355154],[76.8573513,19.5354754],[76.8557176,19.5237366],[76.8552686,19.5070358],[76.8596949,19.5020743],[76.8560864,19.4915106],[76.865483,19.4777204],[76.866065,19.4682458],[76.8875989,19.4620597],[76.8864427,19.4568755],[76.8808462,19.4568151],[76.8793189,19.4528684],[76.874956,19.4540634],[76.8732181,19.4486352],[76.8679583,19.4481023],[76.8699424,19.4445145],[76.8650629,19.4390448],[76.8958748,19.4289433],[76.9025858,19.4454537],[76.920044,19.4430544],[76.9252454,19.4373958],[76.9228645,19.4277461],[76.9159978,19.4240142],[76.9200345,19.4164493],[76.9113762,19.4119021],[76.9005805,19.3873972],[76.8921451,19.379127],[76.8934106,19.3655653],[76.8885811,19.3551178],[76.8895083,19.3501947],[76.8997968,19.3392082],[76.8999542,19.3416641],[76.9160567,19.338587],[76.9096495,19.3365706],[76.9086215,19.3319985],[76.8995442,19.3332424],[76.9009454,19.3251739],[76.8983556,19.320622],[76.8893373,19.3227246],[76.8887143,19.3178512],[76.8937267,19.3168012],[76.8911611,19.3080298],[76.9025209,19.2979276],[76.9224148,19.2983001],[76.9229141,19.3102481],[76.9358677,19.3079501],[76.9386334,19.3130919],[76.9562084,19.3204177],[76.9827376,19.318201],[76.9857819,19.2891784],[76.9900298,19.2878246],[76.9896202,19.2821321],[76.9938302,19.2801405],[76.9950901,19.2753344],[76.9994279,19.2734453],[77.0023608,19.282961],[77.0220886,19.2851868],[77.0220596,19.2787338],[77.0108456,19.2741509],[77.0097912,19.269678],[77.0116095,19.2544485],[77.0254908,19.2472615],[77.0405057,19.2456857],[77.0521313,19.2525278],[77.0783544,19.2573026],[77.0874991,19.2531698],[77.0889865,19.2401152],[77.0981359,19.2358826],[77.1114487,19.2386074],[77.1252904,19.2369894],[77.139458,19.2263008],[77.1543168,19.221793],[77.1624383,19.2312355],[77.169835,19.2299998],[77.1788896,19.2252253],[77.1760046,19.2111256],[77.1812102,19.1961565],[77.1771104,19.1675519],[77.1917766,19.163873],[77.1916588,19.1369482],[77.1881477,19.131286],[77.1809143,19.1313928],[77.1751983,19.1215448],[77.1709291,19.123568],[77.1641499,19.1204865],[77.1615699,19.1144342],[77.1624262,19.0941821],[77.155485,19.0827773],[77.1410724,19.0714369],[77.1346815,19.070867],[77.1207426,19.0787156],[77.0938564,19.0663575],[77.0898291,19.0688891],[77.0855099,19.0761447],[77.0863807,19.0859743],[77.088565,19.0901228],[77.1012245,19.0946353],[77.1037306,19.0997762],[77.100307,19.1089169],[77.0852308,19.1093628],[77.0741868,19.084596],[77.0621606,19.0691454],[77.0611476,19.0627184],[77.0666364,19.0449874],[77.0644268,19.0318999],[77.0433143,19.0312882],[77.0411899,19.0051383],[77.0556649,18.9983838],[77.0562834,18.9883058],[77.037178,18.9681201],[77.0357887,18.9526575],[77.0312976,18.9503626],[77.0227885,18.9325821],[77.0093785,18.9336261],[77.0060525,18.9292602],[76.9886726,18.9357688],[76.9829118,18.914414],[76.9785903,18.9125951],[76.9758991,18.9126941],[76.9724648,18.9250525],[76.9574806,18.9335088],[76.9531412,18.9322727],[76.9474781,18.926116],[76.9472863,18.9090918],[76.9305376,18.9018147],[76.9323754,18.8950272],[76.9543584,18.8920279],[76.9524398,18.8739377],[76.9821697,18.8801418],[77.01453,18.8798231],[77.0195285,18.8439717],[77.0083696,18.8430909],[76.9900997,18.8286858],[76.9679091,18.8290715],[76.9534434,18.8339488],[76.9371713,18.8321542],[76.9356678,18.8346004],[76.9050856,18.8391683],[76.8671489,18.8301938],[76.8624303,18.8174074],[76.8608757,18.822547],[76.8533837,18.818862],[76.8535173,18.8069721],[76.8460087,18.8078294],[76.8418823,18.8132536],[76.8284143,18.8121397],[76.8115679,18.7999068],[76.8012107,18.8021937],[76.7835055,18.7968432],[76.7773469,18.776082],[76.7438017,18.775528],[76.7372655,18.7603144],[76.7340368,18.7601751],[76.7339162,18.7533415],[76.7280159,18.7499544],[76.6977779,18.7562261],[76.6979317,18.7594892],[76.6844773,18.7591472],[76.6778517,18.7535344],[76.6712332,18.7620973],[76.6816562,18.778707],[76.6725898,18.7895283],[76.6744494,18.7936646],[76.6691402,18.8040929],[76.6705559,18.8136687],[76.6638091,18.8203075],[76.6447598,18.8216223],[76.6383706,18.8383911],[76.6420603,18.847725],[76.6288893,18.8466124],[76.62033,18.8564015],[76.6206517,18.8676804],[76.5878495,18.8682067],[76.5827474,18.8729252],[76.5809817,18.8796475],[76.584572,18.9033241],[76.5823944,18.930886],[76.584768,18.9329268],[76.58201,18.9434256],[76.5604798,18.9488439],[76.5368565,18.9490287],[76.5328166,18.923227],[76.5356313,18.9179015],[76.5201903,18.9182927],[76.5109644,18.9231225],[76.5029846,18.9481665],[76.4791011,18.9537824],[76.473274,18.9618582],[76.4773596,18.975297],[76.4696994,18.976557],[76.4687442,18.9830221],[76.4716893,18.9880465],[76.4771718,18.9884909],[76.4797496,19.0011618],[76.4555139,19.0098489],[76.4533784,19.0246082],[76.4485438,19.0263831],[76.4491471,19.0340231],[76.438305,19.0423696],[76.4380243,19.0473578],[76.4516484,19.0508934],[76.4338884,19.0715413],[76.4374035,19.0877128],[76.4320965,19.0959248],[76.4249997,19.0983143],[76.4199299,19.0915037],[76.4115959,19.0913368],[76.392565,19.1135259],[76.3893689,19.1242584],[76.3786986,19.1308044],[76.3691961,19.1275935],[76.3589517,19.1086737],[76.3484839,19.0997909],[76.3359647,19.0991912],[76.3220419,19.1073154],[76.318978,19.1155926],[76.3289201,19.121692],[76.3327016,19.1350792],[76.3560159,19.1474288],[76.3602047,19.1552587],[76.3606529,19.1596444],[76.3542501,19.1672],[76.3579029,19.1808422],[76.3507027,19.1938309],[76.3597414,19.2044065],[76.3634372,19.2157167],[76.3637246,19.2339116],[76.3591965,19.2408383],[76.3399461,19.2518393],[76.3315535,19.2502819],[76.3209428,19.2542239],[76.3062651,19.2650375],[76.2976795,19.262754],[76.2845642,19.2658994],[76.2594603,19.2537113],[76.2551039,19.2431663],[76.2501221,19.2411913],[76.240526,19.2454505],[76.2246523,19.243076],[76.2220148,19.2447953],[76.2253851,19.2574807],[76.2133823,19.2615075],[76.2133861,19.2695027],[76.2074172,19.2767631],[76.2183758,19.2916362],[76.2070799,19.2998467],[76.2106145,19.3178484],[76.2292327,19.3134894],[76.2365449,19.3179609],[76.2383049,19.3354943],[76.2630669,19.3339206],[76.2754851,19.3443798],[76.2762067,19.346553],[76.257494,19.356622],[76.264324,19.3664967],[76.2827994,19.3656178],[76.2901071,19.3952224],[76.2843603,19.3983381],[76.2889699,19.4314987],[76.3014013,19.4317815],[76.3131292,19.466419],[76.3241348,19.4568589],[76.3359302,19.4536516],[76.3403296,19.456471],[76.3429443,19.4716013],[76.364588,19.4722017],[76.3751917,19.5057358],[76.3683685,19.5093488],[76.3754571,19.5365587],[76.3919997,19.5314425],[76.3955577,19.5406728],[76.4107104,19.5384848],[76.4149467,19.5343165],[76.441726,19.541585],[76.4454556,19.5531564],[76.4479129,19.5846844],[76.4364969,19.5869682],[76.4375851,19.5987124],[76.4335949,19.6044583],[76.4426901,19.6139984],[76.4513828,19.6162151],[76.456139,19.6369927],[76.4449246,19.6429682],[76.4494022,19.6596781],[76.4525601,19.6665183],[76.4616978,19.6642984],[76.4660977,19.6663418],[76.4699473,19.6781201],[76.4808263,19.678053],[76.4879382,19.6841847],[76.4881665,19.7026248],[76.4839004,19.7214359],[76.4593886,19.7251916],[76.4594296,19.7458638],[76.4827299,19.7452364],[76.4874711,19.7533212],[76.4884443,19.7628114],[76.5101355,19.7608289],[76.5125839,19.7705096],[76.4968964,19.7731297],[76.4866599,19.7792487],[76.4818435,19.7883715],[76.4840408,19.7997361],[76.5114465,19.7989697],[76.514485,19.8081994],[76.5125074,19.8230632],[76.5329113,19.8231867],[76.5411153,19.8180775],[76.5527416,19.820905],[76.5644052,19.8155549],[76.5696281,19.8264473],[76.5832577,19.8265234],[76.5915635,19.8304623],[76.5959605,19.8267972]]]}},{"type":"Feature","properties":{"district":"Pune","name":"Pune District","layerType":"district","_id":"district-mh-all-pune-24"},"geometry":{"type":"Polygon","coordinates":[[[73.8089839,19.3920492],[73.8385885,19.3751834],[73.8429818,19.3710987],[73.8407645,19.3663141],[73.8532705,19.355808],[73.8664494,19.3551701],[73.8756718,19.3602135],[73.884091,19.3727552],[73.8903815,19.3723405],[73.9049464,19.3619709],[73.9141978,19.3605075],[73.9268673,19.3387126],[73.9325856,19.341126],[73.9362112,19.3388228],[73.9404392,19.3426676],[73.9550915,19.3417347],[73.9535348,19.3473743],[73.9690695,19.3540386],[73.9737721,19.3494679],[73.9873596,19.3507894],[73.9968667,19.3539181],[73.9986513,19.3589814],[74.0022866,19.3422789],[74.0115257,19.335302],[74.0121289,19.3291666],[74.0181338,19.3219566],[74.0177062,19.3152332],[74.0238382,19.3148374],[74.02528,19.312009],[74.0201262,19.3099088],[74.0249439,19.2994072],[74.0223989,19.3002362],[74.0187757,19.2955953],[74.0060061,19.3051107],[74.00817,19.2969528],[74.0056475,19.2935967],[74.0159305,19.2939463],[74.0193345,19.2840457],[74.0226172,19.2878673],[74.0294795,19.2829964],[74.0298063,19.2779698],[74.0238178,19.2685408],[74.0326574,19.2582759],[74.0314751,19.2512448],[74.0440639,19.2620584],[74.0496394,19.2435534],[74.0547878,19.2418706],[74.0590444,19.2455879],[74.0715149,19.2354496],[74.0814453,19.2340046],[74.0892578,19.2282088],[74.0919016,19.2299772],[74.085151,19.2328652],[74.0839783,19.2375357],[74.1251227,19.2228216],[74.1512964,19.2257296],[74.1551974,19.220348],[74.1532356,19.2197148],[74.1571201,19.2042293],[74.1652075,19.2080659],[74.1637252,19.2150821],[74.167998,19.2240211],[74.1892777,19.2096387],[74.2202817,19.2032593],[74.2276749,19.2038236],[74.2467898,19.2192315],[74.2562289,19.21972],[74.2614672,19.2239473],[74.2604255,19.2261567],[74.2745384,19.2195118],[74.2928364,19.2176962],[74.316163,19.2078371],[74.3095752,19.2040682],[74.3089916,19.1992318],[74.3006464,19.1895105],[74.273614,19.1857628],[74.2680812,19.1822711],[74.2638605,19.1702179],[74.2654193,19.1615654],[74.2570948,19.1578178],[74.25157,19.1484184],[74.2444637,19.1450554],[74.2346375,19.1229231],[74.229585,19.1214179],[74.2256189,19.1295549],[74.2117537,19.1286995],[74.1969575,19.1011842],[74.2021639,19.0889738],[74.1906683,19.0762932],[74.1911433,19.0598211],[74.1728819,19.0416716],[74.1739424,19.0314304],[74.1880542,19.0239268],[74.1903039,19.0160499],[74.1987211,19.0148577],[74.199757,19.0057868],[74.2109658,19.0096755],[74.2130785,19.0079319],[74.2145297,19.0023323],[74.2111703,18.9943176],[74.22181,18.9947791],[74.2256723,18.9856479],[74.2208315,18.9777916],[74.2222397,18.9705514],[74.235345,18.9690599],[74.2390767,18.9575096],[74.236363,18.9543144],[74.2491488,18.9548731],[74.2533446,18.9433705],[74.2604203,18.9377882],[74.2696168,18.9201113],[74.2807992,18.914548],[74.2861716,18.9057635],[74.2947585,18.903512],[74.2954344,18.8875352],[74.308148,18.868122],[74.3056739,18.8619645],[74.3080861,18.8534133],[74.3278993,18.8369605],[74.3377643,18.8360447],[74.3456309,18.8455252],[74.3496299,18.8453138],[74.3778769,18.832069],[74.3902166,18.8325614],[74.3972882,18.8283485],[74.3986333,18.8230069],[74.3843873,18.8049483],[74.388245,18.7848227],[74.4000161,18.7758884],[74.3941489,18.7682122],[74.3979438,18.7428379],[74.4098884,18.7414374],[74.425144,18.7466453],[74.4372586,18.7372176],[74.4317266,18.7327959],[74.4373345,18.7299449],[74.441054,18.7218166],[74.4473709,18.7202406],[74.4703392,18.7267818],[74.4772592,18.7206013],[74.4814926,18.7035938],[74.4736766,18.6949859],[74.4759779,18.6868704],[74.4867623,18.6771098],[74.4978702,18.6797814],[74.5035936,18.6777633],[74.5093879,18.6692425],[74.5010342,18.6591526],[74.489778,18.6559718],[74.4864064,18.6471906],[74.4726576,18.6490022],[74.4713645,18.6417312],[74.4799929,18.6316772],[74.5047178,18.6240605],[74.5091019,18.613422],[74.5347107,18.6182668],[74.5488302,18.6128227],[74.5519624,18.6067333],[74.5434205,18.5999392],[74.5408628,18.58226],[74.5529431,18.5747847],[74.5658105,18.5561563],[74.57695,18.5497285],[74.5766166,18.5446077],[74.5692838,18.5446809],[74.5706513,18.5392824],[74.5658381,18.5247186],[74.5514673,18.5142841],[74.5472656,18.5076746],[74.5580173,18.4929264],[74.5703491,18.4849554],[74.5811399,18.4725202],[74.6172599,18.4665968],[74.6315213,18.4538438],[74.6428528,18.4502404],[74.6737891,18.461241],[74.6722444,18.4687672],[74.6629447,18.468409],[74.6560416,18.4733227],[74.6560563,18.4825641],[74.6615106,18.4912565],[74.6820195,18.4965837],[74.700654,18.5065553],[74.7103841,18.5023857],[74.7257101,18.4859665],[74.7275226,18.4807893],[74.7233487,18.4484166],[74.7160871,18.4320997],[74.7170556,18.4226589],[74.7261864,18.4141265],[74.7307572,18.4013115],[74.7383834,18.3972987],[74.7521936,18.3965407],[74.7774688,18.4099801],[74.7933946,18.4019819],[74.8095811,18.3836995],[74.7986431,18.3593467],[74.7991887,18.3516591],[74.8155857,18.3417133],[74.8259217,18.3444311],[74.8338036,18.3416402],[74.8341328,18.3205066],[74.8425514,18.3121494],[74.8440425,18.3009716],[74.8329301,18.2953183],[74.8006891,18.3014215],[74.7965797,18.2957611],[74.7952111,18.2856392],[74.7991665,18.2775706],[74.8189375,18.2662558],[74.8334198,18.2484935],[74.8424833,18.2453344],[74.8751449,18.2490426],[74.8921042,18.2594883],[74.9235596,18.2596791],[74.9476366,18.2664384],[74.9624231,18.2522569],[74.9907071,18.2405671],[75.0360372,18.2615628],[75.0431756,18.2614391],[75.0445467,18.2551448],[75.023549,18.2360526],[75.0087888,18.2103823],[75.0174524,18.193949],[75.024244,18.189689],[75.0380038,18.196303],[75.0568339,18.1990611],[75.0854564,18.2194232],[75.1024567,18.2212652],[75.1081317,18.2171108],[75.1119308,18.2050347],[75.1103372,18.1870466],[75.0918827,18.1489094],[75.0921563,18.1228158],[75.0958418,18.1186446],[75.1108738,18.1172679],[75.1520526,18.1219189],[75.1609236,18.1172905],[75.1623626,18.1085381],[75.1557476,18.1016428],[75.1358242,18.0927415],[75.1287263,18.0745722],[75.1132995,18.0748276],[75.0941045,18.0689607],[75.0853945,18.0569896],[75.0806237,18.039091],[75.051586,18.0241582],[75.0468758,18.012724],[75.0277659,17.9894913],[75.0201976,17.9683432],[75.0221519,17.9631057],[75.0384694,17.9497543],[75.0531256,17.9521038],[75.0608222,17.9598982],[75.0683276,17.9783119],[75.0795928,17.9822864],[75.1012435,17.9765986],[75.1079525,17.9978227],[75.1133297,18.0013615],[75.1201996,18.0004186],[75.1247392,17.9961642],[75.1291405,17.9786387],[75.1360599,17.9718992],[75.1197451,17.9735093],[75.1160482,17.9709764],[75.1161841,17.9664602],[75.1278139,17.9614965],[75.1295504,17.9564484],[75.1167163,17.947094],[75.1120555,17.9384069],[75.1076334,17.9375941],[75.0961123,17.9466239],[75.0819225,17.9408119],[75.0800125,17.9362323],[75.0877645,17.9285384],[75.0872199,17.9255809],[75.0739799,17.9173025],[75.0671714,17.9187808],[75.0559378,17.9280295],[75.0510013,17.9272665],[75.0449324,17.9199707],[75.0531377,17.9087743],[75.0527827,17.9038548],[75.0395047,17.9062993],[75.0275867,17.8958329],[75.0224752,17.8954408],[75.0179806,17.9090992],[74.9830455,17.9179848],[74.9648913,17.9171372],[74.9534602,17.9228623],[74.9419767,17.9239309],[74.9428347,17.936718],[74.9361947,17.9417472],[74.9128757,17.9454903],[74.9029391,17.943662],[74.8937981,17.9364983],[74.8847934,17.9419163],[74.8736617,17.9431854],[74.8701322,17.9514338],[74.865778,17.9523963],[74.8543474,17.9463743],[74.8458763,17.9458508],[74.8430533,17.9520074],[74.8577936,17.9695065],[74.8620873,17.992538],[74.8450753,17.9965837],[74.8338019,17.9924658],[74.8300466,17.9945912],[74.8230601,18.011717],[74.8180955,18.0153388],[74.8117248,18.0096723],[74.8107273,17.9992047],[74.8026239,17.9966641],[74.7903144,18.0084065],[74.7742032,18.0107614],[74.7719268,18.0193363],[74.7656376,18.0238516],[74.7498342,18.0161437],[74.7453733,18.0181982],[74.7408021,18.0270302],[74.7231759,18.0311048],[74.7141231,18.0283378],[74.7079556,18.0305086],[74.7019943,18.0381283],[74.6940693,18.0372911],[74.6900038,18.0401206],[74.6848832,18.0593183],[74.6747535,18.0614261],[74.6647219,18.0699073],[74.6541922,18.0681922],[74.653874,18.0590164],[74.6414895,18.0442313],[74.629675,18.0568791],[74.619854,18.0484166],[74.6110621,18.0464713],[74.589424,18.0556585],[74.5824853,18.0460246],[74.57841,18.0539584],[74.5694123,18.0552109],[74.5626566,18.0673127],[74.5577487,18.070164],[74.5464792,18.067899],[74.5422631,18.061885],[74.5335574,18.057937],[74.5019655,18.0601963],[74.4854366,18.0557265],[74.4729201,18.0484793],[74.4598412,18.0464123],[74.4359994,18.0648256],[74.3942463,18.0733356],[74.3831638,18.0696057],[74.3720601,18.0744958],[74.3676343,18.0853209],[74.3598742,18.0875268],[74.3581591,18.0957632],[74.3537821,18.0968899],[74.3274806,18.0852328],[74.3200256,18.0734743],[74.3004088,18.0675596],[74.2954609,18.0737757],[74.2796353,18.0747673],[74.2628259,18.0810322],[74.2375706,18.0988188],[74.2101442,18.0972494],[74.2043732,18.1036842],[74.1959583,18.1050556],[74.184287,18.1128831],[74.1611152,18.1085956],[74.1459321,18.1222654],[74.1374924,18.1168331],[74.1179132,18.1332926],[74.1014488,18.1235904],[74.0873808,18.1211],[74.0757201,18.1224194],[74.0679743,18.1366073],[74.0531185,18.1416225],[74.0429352,18.1354837],[74.0281307,18.1322777],[74.0089319,18.1485786],[74.0057787,18.1603979],[73.9995182,18.1589637],[73.9934715,18.1509221],[73.98134,18.1514908],[73.9791872,18.1550585],[73.9618234,18.1616791],[73.9589936,18.1676962],[73.9437183,18.1790091],[73.9384566,18.1731874],[73.9221027,18.1717391],[73.9048813,18.1591536],[73.9004776,18.1622074],[73.8952223,18.1818584],[73.8916182,18.1818768],[73.8828894,18.1727118],[73.8739485,18.1749561],[73.8728343,18.166369],[73.888144,18.154],[73.8959971,18.1394945],[73.9016845,18.1369431],[73.9016198,18.1296625],[73.8905152,18.1230865],[73.8877199,18.1162584],[73.8613061,18.119628],[73.8792134,18.0868467],[73.8695265,18.0759901],[73.8712759,18.0541889],[73.8686427,18.0470238],[73.8644282,18.0465315],[73.8650172,18.0417103],[73.8577201,18.0310803],[73.8545239,18.0303969],[73.846336,18.0397446],[73.8405463,18.0310031],[73.8289961,18.0295161],[73.8246068,18.0301322],[73.8233444,18.0340528],[73.8135504,18.0351108],[73.813361,18.037987],[73.7926516,18.0206244],[73.7824013,18.0263005],[73.7739258,18.0272153],[73.7662004,18.0241654],[73.7545316,18.0293894],[73.7561754,18.0382372],[73.7375755,18.0369794],[73.7202282,18.0427801],[73.7022908,18.0443451],[73.6632019,18.0250751],[73.6588891,18.0286621],[73.6585823,18.0334101],[73.6510382,18.0367309],[73.6461942,18.0430851],[73.6311441,18.0448808],[73.6289876,18.0495719],[73.6131772,18.0596918],[73.6146826,18.0685985],[73.6209077,18.0771192],[73.6055241,18.0827381],[73.6028865,18.0811253],[73.6006026,18.0845279],[73.6084499,18.0918703],[73.609393,18.0967844],[73.5951358,18.1082279],[73.6087305,18.131885],[73.6074729,18.1402591],[73.6098109,18.1329597],[73.6069736,18.1238271],[73.6267924,18.1230255],[73.6192361,18.1267004],[73.6269825,18.1324783],[73.6284524,18.1412398],[73.6336998,18.1466639],[73.6411704,18.1407139],[73.6519072,18.1576658],[73.6610475,18.1547675],[73.6610531,18.1516312],[73.6662391,18.1587643],[73.6562719,18.1713569],[73.6233568,18.1765524],[73.5979337,18.1885164],[73.5946207,18.1776004],[73.5812024,18.1791933],[73.5633092,18.1926083],[73.5598172,18.2138424],[73.5572923,18.1987697],[73.5424049,18.2060939],[73.537164,18.1893906],[73.5205073,18.1877206],[73.5341342,18.2082559],[73.5221379,18.2115693],[73.5331309,18.2200229],[73.5311039,18.2279438],[73.5454106,18.2418711],[73.544866,18.2482956],[73.531284,18.2568438],[73.5232356,18.2472475],[73.5169751,18.2476267],[73.5083287,18.2557033],[73.5007651,18.2568447],[73.5052961,18.2567103],[73.5049838,18.2603295],[73.5148138,18.2717313],[73.5049505,18.2717538],[73.5034563,18.2797029],[73.4990092,18.2821833],[73.4946739,18.2769252],[73.4853588,18.2758955],[73.4823572,18.2720079],[73.4775996,18.2740298],[73.4731752,18.2891976],[73.4758962,18.2989159],[73.4729533,18.3007858],[73.452367,18.2977894],[73.4459529,18.304306],[73.4387387,18.3048592],[73.4252184,18.2997103],[73.4259215,18.3048237],[73.4210493,18.3101387],[73.4262902,18.3199088],[73.4211791,18.3196069],[73.4219107,18.3284281],[73.4271365,18.3304047],[73.4331452,18.3500752],[73.4406168,18.3579314],[73.4228367,18.3729127],[73.4244967,18.3869296],[73.4204805,18.403235],[73.4126855,18.4055473],[73.4102733,18.3988524],[73.399514,18.4001589],[73.3939159,18.4448384],[73.3959852,18.4478936],[73.4014934,18.4453595],[73.4022854,18.4627197],[73.4065146,18.4643107],[73.4038045,18.4766993],[73.4094166,18.4768788],[73.4084068,18.4995335],[73.4021921,18.4994058],[73.3970463,18.4897298],[73.3927557,18.4921099],[73.3899354,18.482731],[73.3805327,18.4817754],[73.3821836,18.4778423],[73.3773193,18.4799852],[73.3743615,18.4658201],[73.3622139,18.4717793],[73.3607768,18.4848548],[73.3787768,18.4820147],[73.3774843,18.4887378],[73.3753809,18.4884252],[73.3765295,18.495212],[73.3802852,18.4942335],[73.3972094,18.5042755],[73.3892273,18.5022465],[73.3817791,18.5058388],[73.355953,18.5334467],[73.3443583,18.5326092],[73.3416541,18.5400144],[73.3563088,18.5566709],[73.3362431,18.5507992],[73.324793,18.5561818],[73.3238912,18.5595914],[73.3229189,18.5721414],[73.3309583,18.5814955],[73.3284627,18.5938051],[73.3308672,18.5929335],[73.3322489,18.5973914],[73.3345495,18.5960803],[73.3345118,18.6099583],[73.3405561,18.6050428],[73.3682221,18.6381317],[73.3706661,18.6449787],[73.3753968,18.6452713],[73.3758575,18.6502484],[73.3854325,18.6550397],[73.3880658,18.6643288],[73.3834522,18.6740702],[73.3876127,18.6771815],[73.3831698,18.6831865],[73.3856576,18.6944339],[73.3822425,18.6933389],[73.3683334,18.7027137],[73.3590268,18.6994433],[73.3583174,18.713414],[73.3478963,18.6944513],[73.3395035,18.697805],[73.3331867,18.6948521],[73.3295505,18.7012568],[73.3452398,18.7105873],[73.3426259,18.7154487],[73.3468847,18.7191493],[73.3546179,18.7213381],[73.3572109,18.7530436],[73.3510448,18.7575315],[73.3631144,18.7727584],[73.368885,18.7948298],[73.3736753,18.7884134],[73.3784021,18.7927616],[73.3815172,18.8039647],[73.3786528,18.8182581],[73.3834524,18.8214538],[73.389046,18.8534491],[73.4015005,18.8423458],[73.4123415,18.8568369],[73.4252716,18.8622881],[73.4366889,18.8848378],[73.4350179,18.900968],[73.4387436,18.9034881],[73.4319477,18.914757],[73.4410753,18.9279794],[73.4529495,18.9238228],[73.4621015,18.9272354],[73.4565137,18.9436894],[73.4620694,18.9670851],[73.4785101,18.9697509],[73.4802373,18.9779263],[73.4847574,18.9806443],[73.4931258,18.9743871],[73.493341,18.9689959],[73.5107166,18.9694089],[73.5107093,18.9731622],[73.5168634,18.9790549],[73.5219901,18.9778491],[73.524584,18.9868208],[73.5336269,18.9911857],[73.5359172,18.9961935],[73.5414682,18.9961753],[73.5430142,19.0016849],[73.5545271,19.0097397],[73.5543298,19.0127802],[73.5497828,19.0111043],[73.5394697,19.0172778],[73.5436768,19.0238692],[73.5335479,19.0297295],[73.5394155,19.0481972],[73.5153092,19.0459731],[73.5169012,19.0578373],[73.5234738,19.0552435],[73.5206675,19.0706893],[73.5278705,19.085313],[73.5135199,19.0848444],[73.5123704,19.0958763],[73.5186737,19.0992022],[73.5246815,19.1289272],[73.5414927,19.1214167],[73.5424868,19.1249667],[73.5425659,19.1398497],[73.5337726,19.1464434],[73.5328412,19.1535498],[73.540041,19.1606413],[73.5425823,19.1588275],[73.5377712,19.1670646],[73.5365342,19.178841],[73.5379558,19.1768573],[73.5451729,19.1791241],[73.5459626,19.1860118],[73.5495274,19.1871112],[73.5561114,19.1839333],[73.5599078,19.1872262],[73.5646305,19.1853442],[73.5753856,19.194171],[73.5838414,19.1902846],[73.5969168,19.1956597],[73.6061421,19.190476],[73.6056848,19.1949382],[73.608143,19.193617],[73.6103879,19.201356],[73.6086534,19.2106089],[73.6226925,19.2164581],[73.6262424,19.2079608],[73.6305263,19.2068196],[73.6449322,19.220143],[73.6583424,19.2393349],[73.6626669,19.2420737],[73.6720588,19.2394663],[73.6853928,19.2423224],[73.6950121,19.2581823],[73.6879713,19.2714036],[73.6805217,19.2738858],[73.6737072,19.2897771],[73.6676043,19.2914039],[73.6729335,19.3011074],[73.6692645,19.3051674],[73.6797866,19.308124],[73.6868626,19.3151314],[73.7035188,19.314064],[73.7086551,19.3244296],[73.7457591,19.3366225],[73.7434841,19.3243975],[73.7489574,19.3183702],[73.7503291,19.3272355],[73.769028,19.3309393],[73.7717081,19.3423756],[73.7816894,19.3349662],[73.7873927,19.3381855],[73.7919799,19.3336305],[73.7946556,19.3409823],[73.7916171,19.353515],[73.7780164,19.3871446],[73.8009237,19.3951243],[73.8089839,19.3920492]],[[73.849521,18.1769425],[73.8479328,18.1681225],[73.8578543,18.1629803],[73.8631757,18.165611],[73.8667004,18.1752787],[73.849521,18.1769425]]]}},{"type":"Feature","properties":{"district":"Raigad","name":"Raigad District","layerType":"district","_id":"district-mh-all-raigad-25"},"geometry":{"type":"Polygon","coordinates":[[[73.4674448,19.1354826],[73.4783074,19.1327133],[73.4862793,19.1241371],[73.4905103,19.1279462],[73.5248323,19.1299338],[73.5223538,19.1226049],[73.5246107,19.1185762],[73.5180067,19.1007102],[73.5126989,19.096136],[73.5148321,19.0843252],[73.5281896,19.085808],[73.5206675,19.0706893],[73.5245889,19.0556166],[73.5172887,19.0579776],[73.5157781,19.047805],[73.5386642,19.048265],[73.5335479,19.0297295],[73.5436768,19.0238692],[73.5394697,19.0172778],[73.5485421,19.0107212],[73.5543298,19.0127802],[73.5547776,19.0098551],[73.543108,19.0017632],[73.5417347,18.997144],[73.534751,18.9962091],[73.5325691,18.990417],[73.5257882,18.9877718],[73.5219901,18.9778491],[73.5172637,18.9801367],[73.5095909,18.9677439],[73.4938787,18.9688206],[73.4937622,18.9736065],[73.4847574,18.9806443],[73.4802373,18.9779263],[73.4794267,18.9700121],[73.4621318,18.9670995],[73.4591184,18.9640701],[73.4561026,18.9455912],[73.4621015,18.9272354],[73.4529495,18.9238228],[73.4422028,18.9279308],[73.4316248,18.9155118],[73.4391281,18.9047635],[73.4353583,18.9014887],[73.4366889,18.8848378],[73.4303831,18.8696423],[73.4234886,18.8606638],[73.4123415,18.8568369],[73.4022889,18.843097],[73.3903293,18.854114],[73.3884135,18.8513488],[73.3828005,18.8260551],[73.3839076,18.8185952],[73.3800973,18.8186408],[73.3791659,18.8150663],[73.3808561,18.8006001],[73.3746988,18.789024],[73.3706276,18.7944985],[73.3681795,18.7937306],[73.3639952,18.7743926],[73.3510448,18.7575315],[73.3572109,18.7530436],[73.3554321,18.7429304],[73.358058,18.7377899],[73.3540387,18.73338],[73.3544021,18.7225258],[73.3453365,18.7185137],[73.3442511,18.7099398],[73.330317,18.6997614],[73.3331137,18.6943085],[73.3395035,18.697805],[73.3419513,18.6947595],[73.3457948,18.6966706],[73.3462024,18.6936005],[73.3583169,18.7134326],[73.3572454,18.7001016],[73.3710547,18.7008376],[73.3839203,18.6942451],[73.3837023,18.6808476],[73.3873968,18.6771836],[73.3826555,18.6753243],[73.3882187,18.6660866],[73.3862806,18.6552008],[73.3785971,18.6523602],[73.3754087,18.645767],[73.3686698,18.642928],[73.3682269,18.6382783],[73.341685,18.6056931],[73.3393714,18.6045717],[73.3345686,18.6100305],[73.3345077,18.5966253],[73.3284627,18.5938051],[73.3320146,18.5830679],[73.3229189,18.5721414],[73.3235296,18.5568763],[73.3356318,18.5503663],[73.3568192,18.5577289],[73.346618,18.5491561],[73.3489468,18.5458474],[73.3414402,18.5412993],[73.3430289,18.5325765],[73.3556742,18.5337644],[73.3808909,18.5076283],[73.3892273,18.5022465],[73.3973264,18.5054642],[73.3810289,18.4947816],[73.3752403,18.4940928],[73.3788464,18.4829133],[73.3769811,18.4812071],[73.3664957,18.4822426],[73.3614351,18.4861656],[73.3613043,18.4722489],[73.3742983,18.4645312],[73.3768566,18.478871],[73.3824382,18.4765883],[73.3800056,18.4813232],[73.3893973,18.4825209],[73.3898644,18.489536],[73.3927557,18.4921099],[73.3969995,18.4897116],[73.4021921,18.4994058],[73.407123,18.4995128],[73.4094166,18.4768788],[73.4044528,18.4767201],[73.4064098,18.4650174],[73.4022854,18.4627197],[73.4018692,18.4458029],[73.3959852,18.4478936],[73.3938507,18.4442988],[73.3989199,18.4018885],[73.4029335,18.398046],[73.4048157,18.4008187],[73.4110252,18.4007433],[73.4126855,18.4055473],[73.4204805,18.403235],[73.4244967,18.3869296],[73.4226224,18.373066],[73.439752,18.3588264],[73.4331452,18.3500752],[73.4277788,18.3319312],[73.4216675,18.3263811],[73.4204864,18.3203777],[73.4262902,18.3199088],[73.4210493,18.3101387],[73.4252184,18.2997103],[73.4403732,18.3048399],[73.4538354,18.2974191],[73.4696077,18.3015248],[73.4752845,18.3001913],[73.4736105,18.2815606],[73.4795067,18.2728056],[73.4819501,18.2712249],[73.4843792,18.2754127],[73.4932179,18.2758615],[73.4989836,18.2821968],[73.5034563,18.2797029],[73.5044412,18.2727975],[73.5148998,18.2719936],[73.5049838,18.2603295],[73.5052961,18.2567103],[73.5007651,18.2568447],[73.5071768,18.2554185],[73.5165266,18.2474444],[73.5248153,18.2483177],[73.530767,18.2565987],[73.5439784,18.2493358],[73.5465168,18.2425379],[73.5310795,18.2279931],[73.5331309,18.2200229],[73.522061,18.2116057],[73.5341342,18.2082559],[73.520805,18.1887639],[73.5227552,18.1871032],[73.5353938,18.1888802],[73.5423742,18.2060918],[73.5574128,18.1982253],[73.5597112,18.2125556],[73.5630506,18.1943004],[73.5689266,18.1866529],[73.5779371,18.1836945],[73.5822536,18.1781567],[73.5939176,18.1768073],[73.5973007,18.1872383],[73.6097991,18.1848323],[73.6304083,18.1744993],[73.6544734,18.1720908],[73.6618245,18.1664674],[73.6662754,18.1560796],[73.661057,18.1516272],[73.6616355,18.1546024],[73.6497179,18.1569565],[73.6484741,18.1495237],[73.6419751,18.1423437],[73.6336987,18.1469083],[73.6337154,18.1438641],[73.6291735,18.1419296],[73.6282241,18.1340452],[73.6192361,18.1267004],[73.6258911,18.1239102],[73.6236496,18.122676],[73.6123823,18.1245346],[73.607998,18.1222808],[73.6100123,18.1334553],[73.609224,18.1409364],[73.606999,18.139639],[73.6078566,18.1295314],[73.595858,18.1099467],[73.599678,18.1027176],[73.6095665,18.0953682],[73.6006026,18.0845279],[73.6026982,18.0810018],[73.6055241,18.0827381],[73.6209077,18.0771192],[73.615128,18.069545],[73.6137544,18.0586036],[73.6299945,18.0491533],[73.6317821,18.0449742],[73.6461942,18.0430851],[73.659843,18.0318325],[73.6504405,18.0221495],[73.6575416,18.0125952],[73.6427321,18.0017183],[73.6378653,17.9921503],[73.6324075,17.9925639],[73.6269137,17.9864265],[73.6358774,17.9808034],[73.6385661,17.971701],[73.6180809,17.9583379],[73.6107241,17.947772],[73.5976228,17.9403407],[73.5903949,17.9396528],[73.5842735,17.9473002],[73.5795253,17.9468798],[73.5762961,17.9428321],[73.5774332,17.9334769],[73.5633884,17.9170399],[73.551907,17.9091748],[73.5393432,17.9059553],[73.533312,17.9000462],[73.5353445,17.8923787],[73.561677,17.8930078],[73.5699951,17.8804049],[73.5707829,17.8783079],[73.5540526,17.8654487],[73.5406623,17.8717316],[73.5331109,17.883113],[73.5326579,17.8792563],[73.5224293,17.8720534],[73.5222152,17.8656115],[73.5102508,17.8522008],[73.4997322,17.8522221],[73.4891211,17.8670474],[73.4690608,17.8668344],[73.460396,17.8652943],[73.4512766,17.8565097],[73.4504388,17.8517514],[73.4446812,17.8506209],[73.4387649,17.858765],[73.4429156,17.8691491],[73.4346182,17.9048799],[73.4268748,17.9086832],[73.4228865,17.8975576],[73.4188653,17.8935665],[73.4143367,17.8941402],[73.4044598,17.8830217],[73.3807555,17.8822756],[73.3706438,17.8886742],[73.3684616,17.9079611],[73.3759409,17.9130001],[73.3739818,17.9252716],[73.3607535,17.937525],[73.3603078,17.9553457],[73.3506086,17.9591184],[73.3413894,17.9734224],[73.3480762,17.989708],[73.355792,17.9928686],[73.3586388,18.0072965],[73.3542945,18.0150232],[73.348439,18.0182102],[73.3462756,18.0247171],[73.3344724,18.0116483],[73.3282655,18.0240352],[73.3139838,18.0283201],[73.3078633,18.0228889],[73.3005655,18.0242689],[73.2900769,18.0361622],[73.2941917,18.0603543],[73.2868574,18.071303],[73.2755916,18.0670669],[73.2631219,18.0711144],[73.2546232,18.0635236],[73.2424139,18.06299],[73.2301948,18.0564766],[73.2153103,18.058852],[73.2055802,18.0692589],[73.201571,18.0690542],[73.1913784,18.0583477],[73.1741302,18.0597642],[73.1514891,18.033493],[73.1493734,18.0217971],[73.1322019,18.0140228],[73.1177318,17.9811086],[73.1146854,17.9796778],[73.1025848,17.9821147],[73.0922578,17.9897099],[73.0724211,17.990109],[73.041372,17.9859858],[73.036683,17.9827126],[73.0319282,17.9887329],[73.0193887,17.9898382],[73.0178259,17.9920754],[73.0211118,17.9933161],[73.0152812,18.0076689],[73.008531,18.0106566],[73.0052061,18.021189],[73.021295,18.0274533],[73.0144408,18.0336016],[73.0060631,18.0520597],[73.0008611,18.0550229],[72.9939346,18.0508213],[72.9903756,18.0557662],[72.9947935,18.0676262],[72.9991601,18.0695497],[72.9969612,18.0803776],[72.9898196,18.0997923],[72.9797896,18.1080685],[72.9714966,18.1311637],[72.981343,18.1370335],[72.9886589,18.1579],[72.9804988,18.1878557],[72.9811362,18.1948685],[72.9572387,18.219047],[72.9468279,18.2235246],[72.9388327,18.2174116],[72.9317784,18.2204203],[72.9350091,18.2286143],[72.9424894,18.2340942],[72.9401906,18.2640705],[72.9352833,18.2725718],[72.9380481,18.2837221],[72.9509145,18.2838674],[72.9540407,18.2781304],[72.9643053,18.2801674],[72.9722344,18.2717831],[72.9730208,18.2661642],[72.9801998,18.2696818],[72.9806453,18.2766488],[72.9864814,18.2822788],[72.9793889,18.2978845],[72.9695554,18.3012056],[72.9641976,18.314484],[72.9581401,18.3131597],[72.9563964,18.3156161],[72.9600008,18.3209663],[72.9538671,18.3349637],[72.9436999,18.3430927],[72.935913,18.3439809],[72.9347325,18.3505956],[72.9188288,18.3486112],[72.9152236,18.3551377],[72.9119196,18.3654477],[72.9147494,18.3708615],[72.9243487,18.3765077],[72.9260327,18.3818609],[72.9229267,18.393082],[72.9132552,18.3940122],[72.9093515,18.4037596],[72.9070355,18.4029893],[72.9095767,18.422189],[72.9061659,18.4281079],[72.9065988,18.4391402],[72.8996354,18.4547532],[72.8952039,18.4576415],[72.893927,18.4709431],[72.9022107,18.4775776],[72.9016693,18.4916375],[72.9054664,18.502193],[72.9091374,18.5023826],[72.9114869,18.5066891],[72.9116226,18.5186825],[72.9053162,18.538556],[72.9217394,18.5471773],[72.921158,18.5505529],[72.8922157,18.6049672],[72.8839905,18.6164129],[72.8779564,18.617953],[72.8781284,18.6246621],[72.8764738,18.622536],[72.874423,18.6273079],[72.8784608,18.6295382],[72.8701415,18.6331566],[72.8612499,18.6296994],[72.8640565,18.6454277],[72.8607059,18.6494304],[72.8612977,18.6695574],[72.8578279,18.6900893],[72.8516447,18.6993944],[72.8577998,18.7062023],[72.862055,18.7200035],[72.8605648,18.7414474],[72.8642749,18.7575383],[72.858946,18.7692978],[72.8614076,18.7929216],[72.869215,18.8107913],[72.8743669,18.8045678],[72.8851798,18.8052314],[72.8908837,18.8002721],[72.900561,18.8054278],[72.9133746,18.8002666],[72.9273886,18.8208943],[72.9451516,18.8263825],[72.9458985,18.8137644],[72.9479527,18.8162291],[72.9563015,18.8006664],[72.9913823,18.7808102],[72.9959432,18.7730178],[72.9940019,18.7871127],[72.9782722,18.8075959],[72.99783,18.8026033],[72.9992249,18.8081516],[72.9849293,18.814985],[72.9750876,18.8395015],[72.981353,18.8567466],[72.9943756,18.8709817],[72.9745092,18.8632694],[72.9638776,18.8418392],[72.9583223,18.8409878],[72.9513744,18.8446897],[72.9424838,18.8423672],[72.9267103,18.8479856],[72.9183479,18.8554076],[72.9159938,18.8615082],[72.9200817,18.8638618],[72.9189987,18.8664577],[72.9123359,18.8773211],[72.9027213,18.8822084],[72.9017484,18.8913579],[72.904073,18.9044352],[72.9164312,18.9081593],[72.9221446,18.9137154],[72.9371714,18.9105996],[72.9418572,18.9230934],[72.9391555,18.9297113],[72.9444751,18.9355506],[72.9404427,18.9436689],[72.9591713,18.9571623],[72.9514895,18.9589907],[72.9499672,18.9625557],[72.9471488,18.9867732],[73.0001809,18.9875398],[73.0436935,19.0073939],[73.049634,19.0159729],[73.0465471,19.0205714],[73.0489774,19.0449156],[73.0433154,19.0544747],[73.0458337,19.0606119],[73.044492,19.0786071],[73.0485756,19.0878735],[73.0474491,19.0984653],[73.0561881,19.101815],[73.0653721,19.1108217],[73.0748161,19.1102577],[73.0773755,19.114341],[73.0814724,19.1117746],[73.0830936,19.1152464],[73.0959532,19.1139073],[73.098641,19.1064231],[73.1106623,19.1110315],[73.1176339,19.1068113],[73.1209587,19.110054],[73.1287187,19.1085807],[73.1426942,19.1264531],[73.1543506,19.112964],[73.1821459,19.1058244],[73.1794078,19.1159384],[73.1940778,19.1274558],[73.212827,19.099391],[73.2306233,19.0873321],[73.2348625,19.0685567],[73.2371829,19.0697293],[73.2493798,19.062035],[73.2568382,19.0621073],[73.2640727,19.066267],[73.2642242,19.0722265],[73.2793789,19.0867753],[73.2977828,19.0834405],[73.2969588,19.0729293],[73.2999494,19.0721672],[73.3055349,19.0781214],[73.3154074,19.0785039],[73.3220067,19.086989],[73.3092825,19.0996022],[73.3075397,19.1067001],[73.3164019,19.1077529],[73.3214473,19.1167212],[73.3485911,19.1286938],[73.3583857,19.1307724],[73.372291,19.1266911],[73.3856552,19.1328042],[73.3955305,19.1316023],[73.4045491,19.134691],[73.4306348,19.1263807],[73.4445454,19.1335989],[73.4572572,19.1313973],[73.4674448,19.1354826]]]}},{"type":"Feature","properties":{"district":"Ratnagiri","name":"Ratnagiri District","layerType":"district","_id":"district-mh-all-ratnagiri-26"},"geometry":{"type":"MultiPolygon","coordinates":[[[[73.6948118,16.5855902],[73.7041987,16.5876354],[73.706819,16.5836524],[73.6995606,16.5786033],[73.6918269,16.583007],[73.6803859,16.5843296],[73.6880335,16.5925447],[73.6910747,16.5925233],[73.6948118,16.5855902]]],[[[73.2855951,16.9894272],[73.2854262,16.9893532],[73.2854824,16.9895057],[73.2855951,16.9894272]]],[[[73.1196105,17.7659121],[73.1194752,17.7655204],[73.1192215,17.7659854],[73.1201689,17.7665502],[73.1196105,17.7659121]]],[[[73.1015685,17.804117],[73.1013622,17.8040565],[73.1011168,17.8046387],[73.1015685,17.804117]]],[[[73.2883995,18.0681914],[73.2945925,18.0584539],[73.2910688,18.0520742],[73.2900769,18.0361622],[73.3005655,18.0242689],[73.3068596,18.0224328],[73.3150339,18.0288465],[73.3267592,18.0252449],[73.3316731,18.0145575],[73.3359991,18.012404],[73.3450221,18.0258617],[73.3585898,18.0073644],[73.3573857,17.9962294],[73.3457782,17.986018],[73.3416721,17.9713032],[73.3506086,17.9591184],[73.3613399,17.9544271],[73.3590342,17.9475149],[73.3607535,17.937525],[73.3685035,17.9334986],[73.3740306,17.9233972],[73.3759409,17.9130001],[73.3685102,17.9058741],[73.3714565,17.887586],[73.3828963,17.8819516],[73.4042674,17.8830951],[73.4138184,17.8937335],[73.4228548,17.8969532],[73.4262919,17.9087665],[73.4353906,17.9044397],[73.4381607,17.8784413],[73.443021,17.8704185],[73.4383811,17.8593452],[73.4446812,17.8506209],[73.4487877,17.8511578],[73.4611926,17.8670142],[73.4891211,17.8670474],[73.498791,17.8533098],[73.5102508,17.8522008],[73.520846,17.8647513],[73.5224293,17.8720534],[73.5328959,17.881283],[73.5497615,17.865334],[73.5539723,17.8653923],[73.569658,17.8781016],[73.5772406,17.8760769],[73.574276,17.8651784],[73.5879277,17.8534765],[73.5972342,17.8500746],[73.5964659,17.8461869],[73.5863139,17.8418158],[73.5844425,17.8338355],[73.5960386,17.8237712],[73.5952688,17.8026806],[73.5963596,17.7980601],[73.6020491,17.7950341],[73.5931634,17.789455],[73.5822002,17.7896128],[73.5825334,17.7859984],[73.5915755,17.7791459],[73.5918538,17.7729555],[73.5731532,17.7402851],[73.5720793,17.7300362],[73.5662848,17.7243026],[73.5823191,17.7143768],[73.5799742,17.7092869],[73.5922146,17.7020898],[73.6030805,17.704175],[73.615551,17.7141631],[73.6352905,17.6980595],[73.6523602,17.7073701],[73.6574804,17.6964976],[73.6868314,17.6857307],[73.6808657,17.6780815],[73.6924532,17.6736727],[73.693204,17.6685266],[73.7007493,17.660838],[73.6989168,17.6433045],[73.6904667,17.6286702],[73.7097238,17.6262406],[73.7193781,17.6216408],[73.7197784,17.6167354],[73.7127563,17.6075749],[73.7237731,17.5994078],[73.7277618,17.5889934],[73.7174119,17.5792228],[73.7154766,17.5735568],[73.7394299,17.5619874],[73.7462937,17.5540521],[73.738559,17.5320082],[73.7226678,17.5249445],[73.7208095,17.5185043],[73.7132974,17.5158051],[73.7043222,17.504837],[73.7097041,17.4994721],[73.7082452,17.4941562],[73.6937388,17.4874317],[73.6954048,17.4782881],[73.7059053,17.4659791],[73.6999076,17.4534336],[73.7065868,17.4448908],[73.70336,17.4379718],[73.7081238,17.43383],[73.7039256,17.4247725],[73.7005028,17.4208044],[73.6899751,17.4221974],[73.6809541,17.4149991],[73.6731393,17.4060343],[73.6683632,17.3933445],[73.6600631,17.3953804],[73.6542752,17.387532],[73.648884,17.3978358],[73.6442992,17.3976382],[73.6410158,17.3919656],[73.6454713,17.3827356],[73.6493158,17.384112],[73.6563812,17.376559],[73.6675659,17.3724028],[73.6732979,17.3761535],[73.6802569,17.374837],[73.6913618,17.3593774],[73.6740234,17.3477071],[73.6856937,17.345193],[73.6793041,17.328565],[73.6849813,17.3146545],[73.6788627,17.2961305],[73.689814,17.2856376],[73.6879545,17.2838748],[73.6912747,17.2776528],[73.6882762,17.2677229],[73.6946407,17.2605176],[73.6913686,17.2365147],[73.6950384,17.2301044],[73.7056202,17.2247607],[73.7149616,17.2035309],[73.698062,17.1806723],[73.6933853,17.1802497],[73.7075724,17.1714888],[73.7071983,17.1645365],[73.6886155,17.1567975],[73.6890232,17.1434448],[73.6943243,17.1389126],[73.7098047,17.1410753],[73.7167828,17.1312466],[73.7364861,17.121439],[73.7447393,17.1312551],[73.7498059,17.1294928],[73.7693267,17.1090754],[73.7783174,17.1083453],[73.7837803,17.0993494],[73.788358,17.0958769],[73.7925218,17.0982347],[73.8061022,17.0871618],[73.8036023,17.0625218],[73.8172495,17.065507],[73.83116,17.0588775],[73.8339851,17.0520237],[73.8248806,17.0374607],[73.8315601,17.0231207],[73.8274342,17.0119631],[73.8341447,17.0002935],[73.8315148,16.9912343],[73.8097183,16.9880422],[73.7859621,16.9930656],[73.7758556,16.9726826],[73.7715046,16.9744497],[73.7625944,16.9627234],[73.7891758,16.9399047],[73.7939407,16.9307918],[73.7910468,16.9306364],[73.7877624,16.9240758],[73.7922112,16.923282],[73.7886006,16.9080457],[73.7836952,16.9065484],[73.7804295,16.9107073],[73.7647786,16.9098162],[73.7602799,16.9047613],[73.7488036,16.9052092],[73.7424259,16.9178132],[73.7376752,16.9153427],[73.7373384,16.8994402],[73.7392702,16.8966764],[73.7473758,16.9042569],[73.7469186,16.8858433],[73.7671425,16.865929],[73.7641894,16.8620591],[73.7666755,16.8546801],[73.7628329,16.8519663],[73.7658379,16.8441916],[73.7644949,16.8300169],[73.7370898,16.8450356],[73.7324935,16.837162],[73.7275245,16.8346036],[73.7237957,16.8390855],[73.7186907,16.8373206],[73.7116629,16.8294449],[73.7290455,16.8208097],[73.7279057,16.8177248],[73.731981,16.8162812],[73.7372279,16.8213058],[73.7484881,16.8138978],[73.7506969,16.8069539],[73.7597653,16.8031753],[73.7599707,16.7915643],[73.7542955,16.7833514],[73.762745,16.7689543],[73.7704717,16.7705216],[73.7741849,16.7775507],[73.7797968,16.7794096],[73.7924464,16.7618539],[73.797577,16.7609081],[73.8128882,16.7686697],[73.8282211,16.7544104],[73.8277967,16.7433401],[73.8348313,16.7424],[73.8375891,16.7364897],[73.8294717,16.7279954],[73.8258879,16.7152242],[73.8179009,16.7147617],[73.8108979,16.7082619],[73.8167125,16.70908],[73.8253,16.6972617],[73.8423124,16.6941431],[73.8586465,16.6819584],[73.8502908,16.6734437],[73.8622975,16.6713476],[73.863492,16.668407],[73.8568092,16.6592533],[73.8532055,16.6589291],[73.8561606,16.656287],[73.849525,16.6504527],[73.8398727,16.6531285],[73.8302662,16.6490567],[73.7960308,16.6627674],[73.7840996,16.6593038],[73.7725688,16.6653351],[73.7688641,16.6621202],[73.764866,16.6437451],[73.762083,16.6449711],[73.7607368,16.641994],[73.7564192,16.6443863],[73.7537671,16.6413268],[73.7605906,16.6352797],[73.7609445,16.6295633],[73.7697559,16.624407],[73.7658267,16.6119487],[73.7667127,16.6030096],[73.7432885,16.6002688],[73.7313374,16.6079799],[73.7249656,16.6043777],[73.718711,16.6070192],[73.7100099,16.6036948],[73.6991332,16.6249181],[73.6909229,16.6239898],[73.6756612,16.6081243],[73.670441,16.5858816],[73.6623783,16.5894098],[73.6660986,16.581773],[73.6565718,16.5750552],[73.6484978,16.5756182],[73.6500643,16.5672865],[73.6460034,16.5619532],[73.6361223,16.5635093],[73.6330521,16.5598331],[73.6353028,16.5718376],[73.6324829,16.5782049],[73.6257141,16.5831645],[73.6210893,16.5825514],[73.6156329,16.5748596],[73.6121123,16.5570292],[73.5969315,16.542776],[73.5916747,16.5406384],[73.5790039,16.5454662],[73.5655808,16.5296882],[73.5537187,16.524193],[73.5441545,16.5153945],[73.5359532,16.5162782],[73.5264737,16.5246806],[73.5197856,16.5242763],[73.5116956,16.5173081],[73.497977,16.5203897],[73.4803218,16.5067012],[73.4743873,16.4969642],[73.4665959,16.4936801],[73.4339229,16.5037107],[73.4163163,16.5144754],[73.3944705,16.510436],[73.358751,16.5237071],[73.3499359,16.5312543],[73.3452383,16.5477258],[73.349446,16.5511516],[73.3482174,16.5563955],[73.357277,16.5544069],[73.3564364,16.5634422],[73.3459392,16.5656469],[73.3425078,16.579336],[73.3360975,16.579764],[73.3333313,16.5767651],[73.3241786,16.5816381],[73.3186477,16.5930235],[73.3199489,16.5983152],[73.3174207,16.601667],[73.3206945,16.6068709],[73.3254561,16.605081],[73.3319172,16.6081602],[73.3393252,16.6047774],[73.347275,16.6120925],[73.3532162,16.6078425],[73.3546371,16.6185321],[73.3508855,16.6239619],[73.345696,16.6207258],[73.3372619,16.6235899],[73.3328797,16.6185893],[73.3304506,16.6198589],[73.3350333,16.6268216],[73.3399191,16.6262653],[73.3404499,16.6324149],[73.3361795,16.6400937],[73.3294395,16.641793],[73.3249959,16.636293],[73.3224092,16.6417001],[73.3246151,16.6476713],[73.3282294,16.6456904],[73.3330548,16.6505738],[73.3297159,16.6873949],[73.3196916,16.696793],[73.3192109,16.706386],[73.3123058,16.7150491],[73.312003,16.7223774],[73.305241,16.7355736],[73.3070994,16.7479486],[73.304442,16.7658718],[73.3109953,16.7853806],[73.3183116,16.7962541],[73.3164796,16.8052297],[73.3015706,16.8106653],[73.2967748,16.8158032],[73.2950468,16.8391322],[73.2891386,16.8442921],[73.2940012,16.851683],[73.2918812,16.8520242],[73.2935367,16.8560342],[73.2891799,16.8574033],[73.2958018,16.8603572],[73.2874301,16.8808959],[73.3024876,16.8918472],[73.29387,16.8984445],[73.2820732,16.8926261],[73.2787926,16.8940389],[73.2876738,16.9193093],[73.2840586,16.9239139],[73.2832954,16.9307985],[73.2879688,16.9352347],[73.2831835,16.950368],[73.2922404,16.9548739],[73.2966058,16.9805156],[73.2997179,16.981884],[73.2784831,16.9928281],[73.2756571,16.9843693],[73.271236,16.9850922],[73.2675468,16.9967122],[73.2762368,17.0010566],[73.2818086,16.9984951],[73.2840533,17.0110962],[73.2760408,17.02345],[73.2678299,17.0249764],[73.2660987,17.0213874],[73.2586399,17.0198593],[73.2559409,17.0265583],[73.2582125,17.048775],[73.2684003,17.0451358],[73.2683568,17.0393484],[73.2763986,17.037365],[73.2801175,17.0396843],[73.2880566,17.0597217],[73.2890519,17.0744097],[73.2837145,17.0789028],[73.2862917,17.0843476],[73.282462,17.1072028],[73.2776905,17.113073],[73.2677444,17.1144823],[73.2723133,17.1212171],[73.2534115,17.1883631],[73.2373869,17.1940247],[73.2316262,17.1991438],[73.2332826,17.2015226],[73.2429572,17.1985075],[73.2465452,17.2041385],[73.2439711,17.2237938],[73.240767,17.2278754],[73.2362661,17.2270502],[73.2315484,17.2456741],[73.2248547,17.2475731],[73.2285017,17.2510597],[73.2212399,17.2606805],[73.2226164,17.2654023],[73.2197579,17.2701617],[73.2116136,17.2770865],[73.2085316,17.2702183],[73.2041603,17.2722481],[73.2030601,17.2887009],[73.191455,17.2979564],[73.1920986,17.3032973],[73.1969018,17.306797],[73.2054153,17.2991569],[73.211496,17.306893],[73.2226512,17.3063251],[73.2261418,17.3018509],[73.2292475,17.2824777],[73.2329473,17.285533],[73.2409301,17.2851797],[73.2492338,17.280215],[73.2571684,17.2797679],[73.2582294,17.2852895],[73.2554099,17.2907764],[73.2355564,17.288108],[73.2350531,17.3032939],[73.2392827,17.3098662],[73.238689,17.3168033],[73.2247416,17.3222567],[73.2195371,17.3279745],[73.2207063,17.3334571],[73.22894,17.3339694],[73.215394,17.3452792],[73.2146154,17.3495459],[73.2184406,17.3526041],[73.211064,17.3615903],[73.2132795,17.3686804],[73.2092557,17.3716094],[73.2077943,17.3841284],[73.2027765,17.3896358],[73.1964158,17.3856623],[73.1829786,17.3842872],[73.175212,17.3896252],[73.1676964,17.4030527],[73.1688458,17.4097119],[73.1767489,17.4078143],[73.1849886,17.4142663],[73.1860019,17.4302116],[73.1976402,17.4389965],[73.1969811,17.4419604],[73.1846102,17.4429088],[73.1844974,17.4557052],[73.1916627,17.4629189],[73.192428,17.4681003],[73.1739256,17.5169073],[73.1617653,17.5276029],[73.1533248,17.5288602],[73.1510027,17.5376743],[73.1432383,17.5442009],[73.1371868,17.555642],[73.139557,17.5691588],[73.1499817,17.5741077],[73.1526472,17.5993745],[73.1482085,17.5986935],[73.13789,17.6108041],[73.1320127,17.633777],[73.12755,17.6380288],[73.1346449,17.6478906],[73.1314029,17.6564314],[73.1210631,17.6674079],[73.1139837,17.6889782],[73.1171878,17.697778],[73.1348349,17.7074527],[73.1331072,17.7242756],[73.124426,17.7465703],[73.1252727,17.7521954],[73.1191251,17.7612927],[73.1212201,17.7666988],[73.1173765,17.7684808],[73.1107716,17.7899369],[73.0985845,17.8082193],[73.089908,17.8121054],[73.0948639,17.8273041],[73.0882504,17.8377029],[73.084575,17.8584356],[73.074999,17.8821122],[73.0701903,17.8821186],[73.0679557,17.8913195],[73.0621086,17.8916952],[73.0547265,17.8996533],[73.0516756,17.9055059],[73.054341,17.909045],[73.0507208,17.9289752],[73.0464333,17.9345083],[73.0399109,17.9344313],[73.0312963,17.9422226],[73.0288505,17.949555],[73.0303723,17.9673628],[73.0400074,17.9783629],[73.036683,17.9827126],[73.041372,17.9859858],[73.0922578,17.9897099],[73.1091548,17.9799709],[73.1177318,17.9811086],[73.1334399,18.0156069],[73.1484175,18.0208688],[73.150787,18.0323867],[73.1761713,18.0607776],[73.1913784,18.0583477],[73.201571,18.0690542],[73.2053198,18.0694055],[73.2153103,18.058852],[73.2301948,18.0564766],[73.2445172,18.0637085],[73.2546232,18.0635236],[73.2614463,18.0707753],[73.2755916,18.0670669],[73.2852387,18.0702281],[73.2883995,18.0681914]]]]}},{"type":"Feature","properties":{"district":"Sangli","name":"Sangli District","layerType":"district","_id":"district-mh-all-sangli-27"},"geometry":{"type":"Polygon","coordinates":[[[74.9090343,17.6208987],[74.9165773,17.6218125],[74.9215418,17.6185249],[74.9151946,17.5994762],[74.9155784,17.5809835],[74.9204761,17.5767973],[74.944309,17.5903119],[74.9530776,17.5878455],[74.9609768,17.5918587],[74.9620477,17.5632574],[74.9847635,17.5451268],[74.9836739,17.5382691],[74.9602211,17.523056],[74.9432203,17.521875],[74.9370898,17.5093014],[74.943092,17.5073994],[74.9478538,17.498436],[74.9605774,17.4919984],[74.9734044,17.4661308],[74.9794738,17.4654619],[74.988708,17.4747333],[75.0271197,17.4952592],[75.0374208,17.4898628],[75.0417483,17.4705938],[75.0325867,17.4449461],[75.0351419,17.4180834],[75.0228962,17.4088847],[75.0041593,17.4131037],[75.0031093,17.4087702],[74.997883,17.4067651],[74.9944279,17.3926227],[75.0014589,17.3891792],[75.0083196,17.3682051],[74.9833587,17.3554921],[74.9679748,17.3414201],[74.9669372,17.3352186],[74.9704384,17.3269176],[74.9597743,17.293087],[74.9366828,17.2853893],[74.9363774,17.276159],[74.9090245,17.2759735],[74.8992335,17.2609489],[74.8981455,17.2417959],[74.8931716,17.2398373],[74.8937071,17.2362081],[74.8858099,17.2333763],[74.8852248,17.2208033],[74.8723328,17.2198862],[74.8770571,17.2121002],[74.8670776,17.2176533],[74.8573443,17.2154178],[74.8484174,17.2043289],[74.8592644,17.211057],[74.8541162,17.2028519],[74.8610446,17.2099939],[74.8651915,17.2104409],[74.8621822,17.2082827],[74.8675313,17.2051389],[74.8682034,17.2097818],[74.8710658,17.2088705],[74.8693934,17.2024179],[74.8624921,17.1964529],[74.8709791,17.1978872],[74.8712702,17.19017],[74.8767164,17.1941213],[74.879969,17.1886881],[74.8887765,17.1964814],[74.8952157,17.1934339],[74.8860379,17.1897926],[74.8938978,17.1846021],[74.8865339,17.1812619],[74.8955871,17.1763714],[74.8994342,17.183962],[74.9003892,17.1768173],[74.9184637,17.1737261],[74.920925,17.1659054],[74.940977,17.1690488],[74.9500131,17.1738802],[74.946933,17.1834994],[74.9519055,17.1858042],[74.9495852,17.1929308],[74.9467943,17.1903634],[74.9439033,17.1944092],[74.9396656,17.1922861],[74.9408358,17.1975001],[74.9475962,17.1988447],[74.9436297,17.2046996],[74.9523815,17.202871],[74.9535123,17.1988096],[74.9582923,17.2013613],[74.9653445,17.1969073],[74.9640187,17.1951299],[74.9756954,17.1930481],[74.9792234,17.1938988],[74.9851872,17.2046016],[75.0094525,17.2100177],[75.017881,17.2244107],[75.0764733,17.22186],[75.0786276,17.2245203],[75.0760869,17.2401038],[75.0794714,17.246863],[75.0873861,17.2507608],[75.0937807,17.2516091],[75.101024,17.24319],[75.1140792,17.2408549],[75.1429776,17.2440139],[75.1746817,17.2396903],[75.1806586,17.2363449],[75.1895333,17.2507665],[75.1935082,17.2679975],[75.204506,17.2703637],[75.2047357,17.2634991],[75.2252701,17.254358],[75.2469595,17.2564153],[75.2392239,17.2383024],[75.2401863,17.2182336],[75.2332965,17.213364],[75.2276266,17.213602],[75.2168438,17.2046729],[75.2170024,17.1940783],[75.222237,17.1836461],[75.2353875,17.1787493],[75.2682506,17.1833371],[75.2663227,17.1790936],[75.269525,17.1775965],[75.2702742,17.1483752],[75.2942597,17.1459392],[75.3006237,17.1559029],[75.3041717,17.170504],[75.2828721,17.1957694],[75.2828847,17.2060472],[75.2871816,17.2156576],[75.320052,17.2203051],[75.3302314,17.2181081],[75.3366465,17.2391019],[75.3655474,17.2362068],[75.3705554,17.2162589],[75.3699501,17.1905026],[75.3884844,17.1906844],[75.4067588,17.1847242],[75.4063161,17.1905988],[75.4088497,17.1908038],[75.4022281,17.2115107],[75.4092931,17.2289637],[75.4083308,17.239342],[75.4209888,17.2656406],[75.4284539,17.2679408],[75.44426,17.2550121],[75.4657912,17.2518427],[75.4672099,17.2444342],[75.5149933,17.2403325],[75.5251981,17.2568297],[75.5315434,17.2606132],[75.5443219,17.2782265],[75.578991,17.2925024],[75.5921039,17.3026386],[75.6055425,17.3046085],[75.6228,17.2940188],[75.6301911,17.2806315],[75.6283871,17.2752818],[75.6524051,17.2737945],[75.6577985,17.2621189],[75.6614299,17.2139359],[75.6555265,17.2056844],[75.6398473,17.1943197],[75.6401165,17.1896885],[75.6293824,17.1885468],[75.6253766,17.1740003],[75.6281212,17.1629968],[75.644869,17.1446486],[75.6500011,17.1311122],[75.6503469,17.1156923],[75.671995,17.1160207],[75.6722761,17.1025323],[75.6755609,17.096884],[75.6736612,17.08992],[75.6787384,17.0771509],[75.676765,17.0664664],[75.6598503,17.0638002],[75.6503072,17.057255],[75.6413086,17.0391876],[75.6487635,17.0324595],[75.669694,17.0381603],[75.6660472,16.9806368],[75.6715862,16.9762114],[75.67243,16.9703999],[75.6770822,16.9690027],[75.6759314,16.9667078],[75.6704665,16.9621897],[75.6534735,16.9608124],[75.6462998,16.9543107],[75.6420577,16.9545511],[75.6384478,16.9574611],[75.6352935,16.9694955],[75.608525,16.9712163],[75.6068535,17.0045711],[75.5720429,17.0094593],[75.5671889,17.0078331],[75.5677017,16.9675926],[75.5439158,16.9653832],[75.5275474,16.9677657],[75.5099967,16.9506299],[75.4890777,16.9444227],[75.488825,16.9609064],[75.4832365,16.9759946],[75.4668424,16.9808769],[75.465569,16.9878726],[75.4418177,16.9823113],[75.4279323,16.9665348],[75.3918303,16.9800303],[75.3690554,16.9721388],[75.3485549,16.9575505],[75.281277,16.9564183],[75.2793761,16.9236219],[75.2831279,16.9095235],[75.2892506,16.9047309],[75.2805368,16.878272],[75.2659893,16.8638419],[75.2376609,16.8679409],[75.2280852,16.8439602],[75.2142022,16.8416992],[75.1827161,16.8431492],[75.1887941,16.8738197],[75.176576,16.867707],[75.162184,16.8680004],[75.1357268,16.8758735],[75.133977,16.8937059],[75.1203228,16.9025305],[75.1175396,16.9131825],[75.0964929,16.9135802],[75.0916612,16.9270833],[75.0893337,16.9515822],[75.0730435,16.9491413],[75.0620358,16.9415215],[75.0454194,16.9419265],[75.0350911,16.932904],[75.0271785,16.9321671],[75.025859,16.9282805],[75.0265857,16.9441363],[75.0053151,16.946137],[74.9929089,16.9520704],[74.9650048,16.9476184],[74.9673201,16.9413201],[74.9602951,16.9378448],[74.9649328,16.9272336],[74.9509076,16.9328072],[74.9466275,16.9396513],[74.9318812,16.9447387],[74.9230717,16.9369676],[74.9241115,16.9288267],[74.9342155,16.9242284],[74.9330379,16.9196553],[74.945798,16.9102404],[74.9548577,16.9101698],[74.9566674,16.9054947],[74.9620757,16.910287],[74.9634757,16.9083043],[74.9605652,16.8819562],[74.9383658,16.8801466],[74.9355332,16.872654],[74.9261065,16.87207],[74.9241357,16.8635286],[74.9015672,16.8625598],[74.9101704,16.8356377],[74.9108167,16.7895423],[74.9201268,16.7725883],[74.8898658,16.7712574],[74.8708729,16.7740185],[74.8640106,16.7638632],[74.8508458,16.7722011],[74.8445128,16.7618155],[74.7991916,16.7537144],[74.7959486,16.7480424],[74.7726405,16.7509881],[74.7681784,16.743721],[74.7610953,16.7415431],[74.7511946,16.7302799],[74.7322933,16.7186207],[74.6928152,16.7152902],[74.7005807,16.7315044],[74.699178,16.7363139],[74.6633095,16.7493126],[74.6458331,16.752363],[74.6425781,16.7567706],[74.6415424,16.7727944],[74.6294332,16.7879513],[74.6018705,16.8000896],[74.5718847,16.8030638],[74.5594804,16.8071906],[74.5573685,16.8193272],[74.5524252,16.8267393],[74.5341011,16.8460978],[74.526837,16.8465631],[74.5186061,16.8519262],[74.5158944,16.8575413],[74.5130884,16.8520649],[74.5136854,16.8394794],[74.5022689,16.8338815],[74.5005731,16.8296305],[74.4964606,16.8311262],[74.49389,16.8437618],[74.4959013,16.8565696],[74.4725567,16.8684775],[74.4584267,16.8529742],[74.4372983,16.8512175],[74.4228401,16.8440989],[74.4146402,16.8439512],[74.4066553,16.8478868],[74.4045336,16.8528461],[74.4139344,16.8641926],[74.4158659,16.8767864],[74.4145471,16.8792421],[74.4042748,16.8762652],[74.4002432,16.8828537],[74.3878473,16.8708124],[74.3785326,16.86868],[74.3629374,16.8535045],[74.3553714,16.8625346],[74.3541997,16.8727763],[74.3455541,16.8735552],[74.3376429,16.8807946],[74.3260857,16.877846],[74.314383,16.8913156],[74.296233,16.8942364],[74.2818162,16.9185158],[74.25723,16.9065092],[74.2465105,16.886561],[74.2364111,16.8861237],[74.2321866,16.8903784],[74.2308585,16.9033339],[74.2247507,16.9132977],[74.2152659,16.9092954],[74.2110726,16.8935951],[74.1928505,16.8937068],[74.1816179,16.9007341],[74.1730759,16.902056],[74.1617948,16.8972159],[74.1463864,16.8829679],[74.1350861,16.8881025],[74.1207314,16.9131773],[74.1005277,16.9101953],[74.0917111,16.9182997],[74.0806333,16.9074973],[74.0648343,16.9030656],[74.0632821,16.9112459],[74.0531688,16.9143339],[74.0467223,16.9224014],[74.0384196,16.9238759],[74.0360591,16.9391033],[74.0228848,16.9430977],[74.0281338,16.9512421],[74.0199646,16.9603772],[74.0261903,16.9639886],[74.0207447,16.9699677],[74.0237683,16.9843772],[74.0030936,16.9925403],[73.9985399,16.9914455],[73.996414,16.9958282],[73.9908135,16.9971724],[73.9882308,16.9895279],[73.9830643,16.9862924],[73.9734864,16.9901492],[73.9691034,17.0069401],[73.9786665,17.0091083],[73.9781944,17.0364481],[73.9736733,17.035731],[73.9579177,17.057496],[73.9481051,17.0587112],[73.9468999,17.063497],[73.940257,17.0629463],[73.9382234,17.0690103],[73.9309391,17.0744504],[73.9210865,17.0748299],[73.9145039,17.0709556],[73.9138755,17.0765664],[73.904254,17.0847798],[73.9037162,17.0964702],[73.8987964,17.1033019],[73.8743028,17.1165113],[73.87117,17.1223894],[73.8749867,17.1289647],[73.8563129,17.1392046],[73.8533706,17.1488121],[73.8465045,17.1542255],[73.8389297,17.156465],[73.8202177,17.1702571],[73.7991881,17.1712395],[73.7923772,17.1782626],[73.7758739,17.1820775],[73.7679563,17.1749006],[73.7707491,17.16352],[73.7770953,17.1540738],[73.7731879,17.149629],[73.7474235,17.1549367],[73.7423632,17.1600689],[73.744724,17.1636102],[73.7425717,17.1764798],[73.7374808,17.1756961],[73.7323727,17.1700873],[73.7210472,17.1690582],[73.713177,17.1736877],[73.7086833,17.1706498],[73.6934237,17.1801633],[73.698062,17.1806723],[73.705074,17.1889353],[73.7149616,17.2035309],[73.7151884,17.2092179],[73.702981,17.2258363],[73.6928191,17.2306469],[73.6911121,17.2435468],[73.6952098,17.2617667],[73.7013584,17.2648895],[73.7072214,17.2601563],[73.7203793,17.2615541],[73.7343653,17.2770631],[73.7462614,17.2779393],[73.7551579,17.2680131],[73.7589888,17.2559948],[73.7682248,17.2504137],[73.7986356,17.2444847],[73.8091253,17.2318502],[73.8161997,17.2334731],[73.8346743,17.226033],[73.8505022,17.1988088],[73.8702358,17.1914065],[73.8819426,17.1713143],[73.8839986,17.1552958],[73.9004819,17.1595375],[73.9172725,17.14858],[73.9182379,17.1449095],[73.9369341,17.1346795],[73.9791073,17.1320007],[73.9846264,17.126029],[73.9838716,17.116904],[74.0085571,17.1102544],[74.0309321,17.0912581],[74.0431513,17.098845],[74.047913,17.0974331],[74.051217,17.1049474],[74.0734778,17.097953],[74.079682,17.1019275],[74.0936299,17.100883],[74.0990273,17.1054427],[74.1003311,17.1170854],[74.1100768,17.1233504],[74.1193533,17.1222306],[74.1283577,17.1149339],[74.1407765,17.1188598],[74.1574572,17.1269855],[74.1613104,17.1308129],[74.1620819,17.1400644],[74.1751837,17.1427691],[74.1774009,17.149173],[74.1975268,17.1514177],[74.2231359,17.1394491],[74.2469059,17.1415394],[74.2470157,17.154807],[74.238878,17.1532505],[74.2327523,17.155834],[74.2385954,17.1606748],[74.2470301,17.1620346],[74.2466131,17.1676701],[74.2527485,17.1736395],[74.2479528,17.1828926],[74.2684256,17.187025],[74.2771384,17.1858157],[74.2767319,17.1792031],[74.2870457,17.1972369],[74.2842959,17.2074098],[74.2766634,17.2131316],[74.2687649,17.21406],[74.2660601,17.2223071],[74.2845947,17.2339772],[74.2878159,17.2474411],[74.2803443,17.2494168],[74.2745605,17.2467933],[74.2751401,17.2529226],[74.2666801,17.256846],[74.2574862,17.2841367],[74.2630877,17.2894405],[74.2566613,17.2927055],[74.2614977,17.3064438],[74.2896737,17.3110683],[74.2932665,17.3142638],[74.2879975,17.3248395],[74.2893061,17.3280951],[74.27896,17.3404038],[74.2881228,17.355456],[74.286661,17.3586079],[74.2790209,17.3605886],[74.2606689,17.3549255],[74.2543469,17.3632333],[74.2594464,17.3630066],[74.2566604,17.3703518],[74.2620554,17.3773079],[74.2600973,17.3846107],[74.2727146,17.3972718],[74.2836382,17.4191174],[74.2946942,17.4254408],[74.3292028,17.4191506],[74.3427133,17.4199096],[74.3463691,17.4103479],[74.3933044,17.4090846],[74.4155542,17.4027398],[74.431289,17.3907739],[74.4683017,17.3939132],[74.4751148,17.3881137],[74.4979546,17.3834421],[74.5212136,17.4055968],[74.5224746,17.412501],[74.5295781,17.4197486],[74.5431771,17.422372],[74.5817194,17.4135676],[74.5884541,17.4453935],[74.5950844,17.4490854],[74.6043881,17.4468276],[74.6063702,17.4387462],[74.6245365,17.4129626],[74.6224907,17.3993508],[74.6301684,17.4011484],[74.6375338,17.3973149],[74.6461346,17.4005158],[74.6620428,17.3970675],[74.6692153,17.3901132],[74.6808605,17.3926181],[74.6883522,17.402178],[74.6924574,17.4016409],[74.687423,17.4065027],[74.6894944,17.40835],[74.6867758,17.4090489],[74.6825251,17.4228735],[74.6925941,17.4295522],[74.6919293,17.4356451],[74.6956112,17.4390095],[74.6946188,17.4782843],[74.6851048,17.4868476],[74.6955757,17.4889941],[74.7183949,17.4846055],[74.7253619,17.4750591],[74.7329294,17.4792521],[74.7566812,17.4755211],[74.7761301,17.464116],[74.8064883,17.453335],[74.8167066,17.4676685],[74.8209675,17.4666646],[74.8343159,17.4893657],[74.8433994,17.4936688],[74.849097,17.5029502],[74.8601403,17.5112655],[74.8599981,17.5254136],[74.8635675,17.5281414],[74.8568937,17.5584119],[74.8713316,17.5652691],[74.8807979,17.5779042],[74.8796225,17.6042755],[74.8905528,17.6176733],[74.90742,17.629736],[74.9090343,17.6208987]]]}},{"type":"Feature","properties":{"district":"Satara","name":"Satara District","layerType":"district","_id":"district-mh-all-satara-28"},"geometry":{"type":"MultiPolygon","coordinates":[[[[73.8562977,18.1772759],[73.8665417,18.1757261],[73.8594143,18.1633729],[73.847041,18.1688006],[73.8471388,18.174983],[73.8562977,18.1772759]]],[[[73.8985652,18.173062],[73.9037244,18.159325],[73.9221027,18.1717391],[73.9349824,18.1720532],[73.9451891,18.1790526],[73.9589936,18.1676962],[73.9618234,18.1616791],[73.9791872,18.1550585],[73.9813119,18.1515037],[73.9935053,18.1512546],[73.9932135,18.1546823],[74.0043285,18.161191],[74.0085583,18.1493745],[74.0273291,18.1334365],[74.0418252,18.1352174],[74.0531185,18.1416225],[74.0679743,18.1366073],[74.0757201,18.1224194],[74.0803362,18.1208221],[74.1008712,18.123121],[74.1179132,18.1332926],[74.1374924,18.1168331],[74.1459321,18.1222654],[74.1611152,18.1085956],[74.1851993,18.1129066],[74.1959583,18.1050556],[74.2043732,18.1036842],[74.2101442,18.0972494],[74.2357872,18.0995975],[74.2628259,18.0810322],[74.2796353,18.0747673],[74.2954609,18.0737757],[74.3004088,18.0675596],[74.3187843,18.0725134],[74.3264454,18.0844784],[74.3537821,18.0968899],[74.3581591,18.0957632],[74.3598742,18.0875268],[74.3688933,18.0837666],[74.3723995,18.0741556],[74.382638,18.0696894],[74.3942463,18.0733356],[74.437205,18.0643805],[74.4598412,18.0464123],[74.473728,18.048722],[74.5004115,18.0600784],[74.5325243,18.0578112],[74.5422631,18.061885],[74.5484086,18.0688488],[74.5577487,18.070164],[74.5626566,18.0673127],[74.5682938,18.0566191],[74.5789809,18.0533641],[74.5811349,18.0465797],[74.5846859,18.046111],[74.589424,18.0556585],[74.6093103,18.0464532],[74.6218611,18.0495686],[74.6294928,18.0569197],[74.6413805,18.0442118],[74.6499389,18.0527784],[74.6536485,18.0585723],[74.6538807,18.067678],[74.6577665,18.0695068],[74.6663635,18.0693475],[74.6734167,18.0621117],[74.6840875,18.060095],[74.690943,18.0388108],[74.7008214,18.0384649],[74.7106684,18.029557],[74.6864802,18.0202257],[74.6623156,18.003819],[74.6676546,17.9886998],[74.6673647,17.9801024],[74.6555934,17.9368979],[74.6556795,17.9265765],[74.6524541,17.9187076],[74.6441502,17.9158661],[74.6372964,17.9009576],[74.6350033,17.901554],[74.631958,17.8857563],[74.6360712,17.8735764],[74.6243251,17.8650352],[74.6123892,17.862204],[74.608082,17.8468881],[74.6103472,17.8435217],[74.6203071,17.8457775],[74.6201076,17.8404405],[74.6154096,17.8397047],[74.6180235,17.8375236],[74.6130616,17.8335822],[74.6173614,17.8345032],[74.6179576,17.8306603],[74.623236,17.8363523],[74.6266183,17.8319406],[74.6291312,17.83859],[74.6378169,17.8302458],[74.6428688,17.8310466],[74.6380246,17.8376007],[74.6484945,17.8387759],[74.6365443,17.8409137],[74.6519621,17.8443965],[74.6438357,17.8475091],[74.6474454,17.8502183],[74.6474065,17.8552587],[74.6519156,17.856931],[74.6524885,17.8621923],[74.6643428,17.8632181],[74.6663561,17.8581998],[74.6729614,17.8567921],[74.672793,17.8538434],[74.6789302,17.8498366],[74.6779193,17.8407238],[74.6815015,17.8393596],[74.6784338,17.8362592],[74.6826639,17.8348486],[74.6837046,17.8297255],[74.6912537,17.8284544],[74.6848522,17.8275767],[74.6881699,17.8236017],[74.6945282,17.8218053],[74.6897465,17.8233748],[74.6892668,17.820568],[74.6841487,17.8195453],[74.6837119,17.8169637],[74.6900623,17.8167415],[74.6845366,17.8127668],[74.6879906,17.8089379],[74.688653,17.8117058],[74.6917111,17.8095711],[74.6932165,17.8056926],[74.6947148,17.8120704],[74.6983638,17.8137456],[74.6960347,17.8064757],[74.7026621,17.8091889],[74.6977676,17.8041709],[74.7010773,17.800539],[74.6948466,17.798001],[74.699606,17.7934415],[74.7057051,17.7959659],[74.6995803,17.7908432],[74.7058353,17.7922622],[74.7081868,17.7888288],[74.7132825,17.7962245],[74.7142413,17.7868757],[74.7152228,17.7898422],[74.7268136,17.7936157],[74.7258,17.7977718],[74.7284087,17.7924742],[74.7307693,17.794471],[74.7409358,17.7889148],[74.7483872,17.7915509],[74.7559175,17.7809516],[74.7561191,17.7751966],[74.7501129,17.7811431],[74.7507057,17.7863665],[74.7459136,17.7841294],[74.7513727,17.7734419],[74.7492724,17.7712962],[74.7406678,17.7754283],[74.7438397,17.7723232],[74.7384777,17.7691239],[74.7400444,17.7675567],[74.7450187,17.7690554],[74.7444117,17.7667284],[74.7483328,17.7660379],[74.7537444,17.7699441],[74.7577534,17.7625032],[74.7582407,17.7685187],[74.760775,17.7689488],[74.7595871,17.762772],[74.7631575,17.7652827],[74.7643238,17.7610291],[74.7675402,17.7680506],[74.7717085,17.7686658],[74.7715522,17.7720738],[74.7761944,17.7722746],[74.7743315,17.7735518],[74.7786054,17.7763542],[74.7856921,17.7674337],[74.7861981,17.7618433],[74.7994445,17.7615662],[74.8177873,17.7506311],[74.8385241,17.7272046],[74.8436461,17.7311685],[74.8517221,17.7257682],[74.8554972,17.7292787],[74.867512,17.73106],[74.8703872,17.728283],[74.8721776,17.7256034],[74.8647208,17.7041307],[74.8650224,17.6932011],[74.8712189,17.6905619],[74.8756466,17.6811525],[74.8851548,17.6832641],[74.8873017,17.6692059],[74.9051362,17.6302748],[74.8796225,17.6042755],[74.8814397,17.5834438],[74.8763531,17.5699013],[74.8691648,17.5636565],[74.8565476,17.5597512],[74.8634711,17.5290639],[74.859958,17.5233861],[74.8604042,17.5116213],[74.8442426,17.4946791],[74.8343159,17.4893657],[74.8217522,17.4673594],[74.8167066,17.4676685],[74.8070126,17.4529196],[74.7775541,17.4634882],[74.7551713,17.4761614],[74.7317288,17.4795268],[74.7257442,17.474336],[74.7253511,17.4786352],[74.7167986,17.4852237],[74.6865006,17.4878061],[74.6866164,17.4834616],[74.6938559,17.4799372],[74.6962663,17.4686118],[74.6942403,17.4659414],[74.6960358,17.4388228],[74.6919293,17.4356451],[74.6925941,17.4295522],[74.6825439,17.4221561],[74.6867758,17.4090489],[74.6894944,17.40835],[74.6871498,17.4072659],[74.6924574,17.4016409],[74.6884922,17.4021597],[74.6849239,17.3941311],[74.6710003,17.3898745],[74.6534647,17.3996048],[74.6427527,17.4006855],[74.6380481,17.3974693],[74.6316132,17.4006921],[74.6230768,17.3994532],[74.6240553,17.413901],[74.6065584,17.438533],[74.6053831,17.4456115],[74.5954056,17.4490545],[74.5884162,17.446218],[74.5822709,17.4134917],[74.5643285,17.4190707],[74.556176,17.4174954],[74.5442543,17.4224201],[74.5274921,17.4191805],[74.5223341,17.406854],[74.4966023,17.3833851],[74.4751148,17.3881137],[74.4683017,17.3939132],[74.4548166,17.3909038],[74.4301131,17.3911143],[74.4173461,17.4019261],[74.4042776,17.4069603],[74.3448425,17.4104268],[74.3443142,17.4197193],[74.2936301,17.4252201],[74.2818363,17.417289],[74.2728708,17.3977224],[74.2604336,17.3856535],[74.2620554,17.3773079],[74.2567372,17.3711506],[74.2590869,17.3642712],[74.2543469,17.3632333],[74.260296,17.3549899],[74.2790209,17.3605886],[74.2854525,17.3592681],[74.2883294,17.3538811],[74.27896,17.3404038],[74.2906309,17.3259491],[74.2872237,17.326084],[74.2932665,17.3142638],[74.2896737,17.3110683],[74.261522,17.3066491],[74.2610726,17.2999201],[74.2562233,17.2933904],[74.2630877,17.2894405],[74.2573216,17.2845625],[74.2665614,17.2569201],[74.2750486,17.2529954],[74.2748925,17.2471705],[74.2797444,17.249316],[74.287763,17.2475349],[74.2845947,17.2339772],[74.2660601,17.2223071],[74.2696519,17.2135786],[74.2771791,17.2127913],[74.285381,17.2053624],[74.2866927,17.1950482],[74.2780027,17.1788792],[74.2775883,17.1851797],[74.2663701,17.1873934],[74.2479528,17.1828926],[74.2530322,17.170971],[74.2465124,17.1693156],[74.245428,17.160613],[74.2400984,17.1607127],[74.2329084,17.155281],[74.2468968,17.1548764],[74.2469059,17.1415394],[74.2211289,17.1397804],[74.1994483,17.1516832],[74.1775946,17.1491983],[74.1751837,17.1427691],[74.1620819,17.1400644],[74.1613104,17.1308129],[74.1574572,17.1269855],[74.1410682,17.1189494],[74.1283577,17.1149339],[74.1195337,17.1222441],[74.1095728,17.1230256],[74.1004369,17.1172615],[74.0987656,17.1055641],[74.0946248,17.1017802],[74.078476,17.1020309],[74.073049,17.0981343],[74.0528081,17.1053172],[74.049142,17.0970925],[74.0442529,17.0997642],[74.0304202,17.09038],[74.0290057,17.0952681],[74.0088134,17.110101],[73.9850479,17.116869],[73.984435,17.1265652],[73.9794884,17.1312627],[73.9564928,17.1353083],[73.938283,17.1342223],[73.9182379,17.1449095],[73.9012578,17.1595491],[73.8849144,17.1554989],[73.8816348,17.1605888],[73.8819426,17.1713143],[73.8702358,17.1914065],[73.8507707,17.1986681],[73.835895,17.2245604],[73.8175392,17.2334362],[73.8101052,17.231976],[73.7987049,17.2449399],[73.7844464,17.2452215],[73.7656077,17.2509634],[73.7655454,17.2542963],[73.759398,17.2551196],[73.7551579,17.2680131],[73.7462614,17.2779393],[73.7336871,17.2762305],[73.7203408,17.2616796],[73.7085318,17.2605075],[73.7022386,17.2647571],[73.6928235,17.2621119],[73.6886122,17.2672608],[73.6912747,17.2776528],[73.6869155,17.2831558],[73.6891891,17.2845161],[73.6881035,17.2902669],[73.6781429,17.2947774],[73.6849813,17.3146545],[73.6795492,17.3305889],[73.6856937,17.345193],[73.6825473,17.3483283],[73.6753717,17.3476677],[73.6913618,17.3593774],[73.6791433,17.3751166],[73.6575014,17.3752521],[73.6496798,17.3842486],[73.6454501,17.3818118],[73.6415903,17.3938539],[73.6482668,17.3978092],[73.653999,17.3877703],[73.6612442,17.3951706],[73.6665986,17.3928472],[73.68005,17.4141817],[73.6899751,17.4221974],[73.7005028,17.4208044],[73.7040759,17.423439],[73.7081187,17.4338211],[73.703452,17.4378918],[73.7058179,17.4433239],[73.7007646,17.4530478],[73.7059549,17.4659221],[73.6964837,17.4772365],[73.693985,17.4865657],[73.7082452,17.4941562],[73.7097041,17.4994721],[73.7043222,17.504837],[73.7143359,17.5166799],[73.7210789,17.519344],[73.7209712,17.5249163],[73.7294866,17.5262407],[73.7408033,17.5339444],[73.7385214,17.5357345],[73.7465258,17.556886],[73.7155591,17.5734747],[73.7174119,17.5792228],[73.7274216,17.5888166],[73.7249922,17.5978943],[73.7135003,17.6067345],[73.7206981,17.6178523],[73.7155028,17.624526],[73.6904811,17.6286582],[73.6989168,17.6433045],[73.6968186,17.6515881],[73.7013803,17.6589431],[73.6962949,17.6626014],[73.6972497,17.6664564],[73.692623,17.6732633],[73.6813083,17.6791268],[73.6866918,17.6854341],[73.6627909,17.6972332],[73.6575943,17.6962546],[73.6503524,17.7080013],[73.6352905,17.6980595],[73.6334619,17.7021258],[73.6140088,17.7137979],[73.6039421,17.7044635],[73.5922146,17.7020898],[73.5799742,17.7092869],[73.5828623,17.7130186],[73.5677805,17.7233685],[73.5729854,17.7312111],[73.5729716,17.7400441],[73.5774922,17.7436496],[73.5784237,17.7501055],[73.5915832,17.7723727],[73.5915755,17.7791459],[73.5819515,17.7886506],[73.5931634,17.789455],[73.601265,17.7942201],[73.594551,17.8033055],[73.5940496,17.8165778],[73.596933,17.8232323],[73.5844425,17.8338355],[73.5865121,17.8414679],[73.5964659,17.8461869],[73.5966654,17.8493335],[73.5889173,17.8518179],[73.5745683,17.8651687],[73.5781894,17.8751099],[73.5707829,17.8783079],[73.5606561,17.8932827],[73.5353445,17.8923787],[73.5329694,17.8987291],[73.5393432,17.9059553],[73.5506004,17.9087982],[73.56335,17.9170057],[73.5777891,17.93416],[73.5760676,17.9410927],[73.5788383,17.9462895],[73.5831598,17.9480344],[73.5903949,17.9396528],[73.6002864,17.9422045],[73.6371828,17.9708376],[73.6391877,17.9760302],[73.6275881,17.9848851],[73.6273713,17.9886843],[73.6342239,17.9932615],[73.6378653,17.9921503],[73.6424231,18.001552],[73.6568415,18.0109023],[73.6514968,18.020898],[73.65818,18.0285648],[73.6661375,18.0247226],[73.7022908,18.0443451],[73.7202282,18.0427801],[73.7372088,18.0370248],[73.7561891,18.0386155],[73.7545316,18.0293894],[73.765985,18.0234421],[73.7753325,18.0278634],[73.7926473,18.0205715],[73.813361,18.037987],[73.8134895,18.0353499],[73.8217553,18.0340567],[73.8263026,18.0296498],[73.8399119,18.0306685],[73.8461334,18.0398062],[73.8537366,18.0317759],[73.8588239,18.0317599],[73.871125,18.0539264],[73.869652,18.0751506],[73.8801557,18.0865519],[73.8736071,18.0934834],[73.8607685,18.1195935],[73.8877199,18.1162584],[73.8917319,18.1254701],[73.9015451,18.1288004],[73.9016612,18.1368259],[73.8965549,18.1392419],[73.8893633,18.1525495],[73.8728395,18.1663619],[73.8737343,18.1742919],[73.884315,18.173373],[73.8936637,18.1826658],[73.8985652,18.173062]]]]}},{"type":"Feature","properties":{"district":"Sindhudurg","name":"Sindhudurg District","layerType":"district","_id":"district-mh-all-sindhudurg-29"},"geometry":{"type":"Polygon","coordinates":[[[73.7765299,16.6627093],[73.7785754,16.6644147],[73.7840996,16.6593038],[73.7960308,16.6627674],[73.8298891,16.6492862],[73.8398727,16.6531285],[73.8481288,16.6502994],[73.8513784,16.6482597],[73.8479332,16.642884],[73.8530694,16.6269119],[73.8621637,16.6146707],[73.8593509,16.6048976],[73.8416461,16.5886458],[73.8459248,16.5729725],[73.8306224,16.5570413],[73.8309627,16.549665],[73.8217385,16.5506328],[73.8148397,16.5442764],[73.8461071,16.5272128],[73.8462169,16.5202483],[73.8416113,16.5159704],[73.8397472,16.5077539],[73.8487482,16.4991156],[73.8515489,16.4881796],[73.8580968,16.4851175],[73.8642432,16.4753226],[73.8853785,16.4699259],[73.8874022,16.4638294],[73.8865645,16.4522492],[73.8825617,16.4456176],[73.8720871,16.4421298],[73.8673003,16.4339151],[73.8503148,16.4229794],[73.8502479,16.4157324],[73.8351873,16.4024206],[73.8367472,16.3921991],[73.8545375,16.3866394],[73.8632762,16.3727861],[73.8500112,16.3548924],[73.8434203,16.3553103],[73.8373229,16.346052],[73.8321306,16.3450026],[73.8395611,16.3399182],[73.8477841,16.324918],[73.8388847,16.3164364],[73.8467458,16.3142769],[73.8459238,16.300533],[73.8553141,16.3162565],[73.8633981,16.3087409],[73.8868503,16.3283389],[73.8897601,16.3226452],[73.8941955,16.3286397],[73.9021955,16.3286311],[73.9016049,16.3078495],[73.8887653,16.2996392],[73.8897206,16.2898513],[73.8818906,16.279188],[73.8941308,16.262788],[73.890794,16.257843],[73.9059932,16.2560022],[73.9173079,16.2458474],[73.8893579,16.2303163],[73.8973114,16.2346007],[73.9136633,16.23447],[73.913828,16.2324144],[73.9356642,16.243518],[73.9428639,16.2437882],[73.9459097,16.2398732],[73.9391572,16.2362685],[73.9339623,16.2249613],[73.9184204,16.2190702],[73.9251475,16.2182996],[73.9293629,16.2113001],[73.9227451,16.202612],[73.9378032,16.2086726],[73.9441503,16.2064645],[73.9559096,16.208523],[73.95435,16.20009],[73.9375729,16.1858318],[73.9441391,16.1823381],[73.9428448,16.1747344],[73.9288583,16.1694303],[73.9220402,16.1735926],[73.9146533,16.1718411],[73.9176199,16.1674484],[73.9083347,16.1597285],[73.9187796,16.1536335],[73.9144914,16.1497583],[73.9166973,16.1453002],[73.9143343,16.1400783],[73.9060599,16.1357844],[73.8895315,16.1400834],[73.8825031,16.1456092],[73.8701682,16.142677],[73.8675846,16.1468703],[73.8662265,16.1399914],[73.8634792,16.1396978],[73.8452956,16.1530913],[73.853631,16.134716],[73.8468177,16.1316696],[73.8498816,16.1283318],[73.8462271,16.1240006],[73.8490149,16.1180258],[73.8446184,16.1070567],[73.835419,16.0997776],[73.8343227,16.0933962],[73.8440211,16.0846333],[73.8426045,16.0791128],[73.8553973,16.0748939],[73.8596279,16.0702019],[73.8529366,16.0818338],[73.8448499,16.0843118],[73.8437767,16.0939087],[73.8625434,16.1070423],[73.8734439,16.106301],[73.8640635,16.0966483],[73.866351,16.0950175],[73.8738508,16.0970445],[73.8977186,16.0887743],[73.9007539,16.0888254],[73.8999728,16.0958321],[73.904405,16.1007303],[73.9176148,16.0979667],[73.9421233,16.0998799],[73.9614716,16.0950938],[73.9958784,16.0927422],[73.9910103,16.0794224],[74.0028161,16.0793431],[74.0113743,16.0666322],[74.0071611,16.0665298],[74.0088867,16.0645096],[73.9967806,16.0580092],[73.9996986,16.0583237],[74.0025425,16.0529921],[74.000727,16.0412838],[74.0131705,16.0371803],[74.0165971,16.0387244],[74.0249392,16.032213],[74.0342707,16.0313219],[74.0384493,16.0342348],[74.043776,16.0312642],[74.0502468,16.0328799],[74.0517945,16.0431807],[74.0585045,16.0510343],[74.0763193,16.0243399],[74.0895232,16.0157513],[74.0908869,16.0076928],[74.0625562,15.9843424],[74.0554757,15.9741497],[74.0550955,15.9665788],[74.0455816,15.9571154],[74.0525591,15.9452122],[74.0591769,15.9420466],[74.072618,15.9488003],[74.0743292,15.9462035],[74.0815318,15.9330056],[74.0895122,15.9033198],[74.0931076,15.9001059],[74.0872046,15.8744642],[74.0912253,15.8734926],[74.0875634,15.8683355],[74.067262,15.8583684],[74.0481778,15.8425379],[74.0327221,15.8370284],[74.0304332,15.8188431],[74.0344203,15.8040966],[74.0492519,15.8052393],[74.0668011,15.8151716],[74.0658375,15.8254864],[74.0737721,15.833978],[74.1022319,15.8406721],[74.1100165,15.8226078],[74.144193,15.8321413],[74.142447,15.8226418],[74.1588172,15.8218258],[74.1524945,15.797633],[74.1536251,15.7868202],[74.1724953,15.7738101],[74.1815594,15.775098],[74.1987209,15.7850077],[74.2084115,15.779391],[74.1996516,15.7576429],[74.1895255,15.7521221],[74.1615566,15.7512945],[74.1535305,15.7438965],[74.1509749,15.7358077],[74.1339553,15.7298165],[74.1307596,15.7233559],[74.125818,15.7241126],[74.1223467,15.7207879],[74.126104,15.7184603],[74.1263613,15.7090503],[74.132007,15.703247],[74.1307185,15.6896255],[74.1259607,15.6813674],[74.1098606,15.6729612],[74.0929167,15.6743809],[74.0882752,15.6699365],[74.0990133,15.6599035],[74.1109414,15.6576934],[74.1182645,15.6520316],[74.1139061,15.6464942],[74.0942937,15.6423674],[74.0784946,15.6317572],[74.0637174,15.6270713],[74.032812,15.6225655],[74.0213767,15.6064299],[73.9933585,15.6106381],[73.9793765,15.6266436],[73.9709541,15.6273914],[73.9678578,15.6305772],[73.9611325,15.6452987],[73.9672773,15.6587668],[73.9626594,15.67361],[73.9638023,15.691918],[73.9595264,15.6999849],[73.9453189,15.6969846],[73.9483438,15.7028635],[73.9473434,15.7093025],[73.9522777,15.7141731],[73.9416251,15.7297965],[73.9406175,15.7389981],[73.9352429,15.7441144],[73.9148019,15.7454425],[73.9087626,15.7491923],[73.8991814,15.7459957],[73.8854016,15.7510371],[73.877421,15.7504411],[73.872989,15.7545656],[73.8730585,15.760877],[73.8798516,15.7743145],[73.8661681,15.7852196],[73.8640486,15.7984919],[73.857266,15.8006845],[73.8538205,15.7986073],[73.8470654,15.7857989],[73.8526364,15.7821413],[73.850054,15.7796334],[73.8447591,15.7810332],[73.8384866,15.7675632],[73.8298446,15.764296],[73.8305582,15.7532912],[73.8266355,15.7433827],[73.818484,15.739521],[73.8112955,15.7423127],[73.7972284,15.7342193],[73.7907018,15.7359379],[73.784974,15.7261252],[73.7655209,15.7336296],[73.7428362,15.7365749],[73.7288774,15.727666],[73.7186558,15.7261806],[73.7133805,15.7298877],[73.7077743,15.7294872],[73.706809,15.7324239],[73.6936237,15.7241545],[73.6894251,15.7295609],[73.6760401,15.726998],[73.6637388,15.7404879],[73.649862,15.7449],[73.6639424,15.7530199],[73.6541637,15.7915253],[73.656258,15.7957604],[73.6369196,15.8149145],[73.6393897,15.8205093],[73.6276514,15.8489997],[73.6230877,15.8554521],[73.6132245,15.8556542],[73.5955377,15.8974496],[73.5864237,15.9107589],[73.5692489,15.9129505],[73.5674718,15.9190259],[73.5484341,15.9277858],[73.540076,15.9367312],[73.5357212,15.9378565],[73.5322811,15.932439],[73.5192391,15.9405796],[73.5110757,15.9399298],[73.5024367,15.9560795],[73.504757,15.9653127],[73.4892803,15.9884912],[73.490937,16.0111308],[73.4844475,16.0331249],[73.4771531,16.0414134],[73.4669252,16.0459828],[73.4691108,16.0501636],[73.4670037,16.053743],[73.4570131,16.0544227],[73.4560094,16.0633528],[73.4646754,16.0668059],[73.4624368,16.0690192],[73.46475,16.0761621],[73.4571273,16.0813594],[73.4581669,16.086035],[73.4649206,16.086937],[73.4585966,16.0909573],[73.4578204,16.1175891],[73.4396435,16.1913335],[73.4353853,16.1997593],[73.4298745,16.198895],[73.4264837,16.2057091],[73.423264,16.2309171],[73.4153259,16.2556563],[73.4188201,16.2580511],[73.4146568,16.2581875],[73.4039723,16.2982608],[73.3943582,16.3129783],[73.3932518,16.3319343],[73.3865141,16.3380822],[73.3895073,16.3485036],[73.3864749,16.3576836],[73.3689201,16.3629256],[73.3720158,16.3703385],[73.3668843,16.3778939],[73.3709728,16.3906116],[73.3660492,16.3970557],[73.3661146,16.4147999],[73.3580656,16.4240387],[73.3586697,16.4416604],[73.3525517,16.4431449],[73.3471168,16.4500376],[73.3433515,16.4741575],[73.3331745,16.4858274],[73.3240099,16.5149009],[73.3173857,16.5144207],[73.319062,16.518886],[73.3113764,16.5405639],[73.3206787,16.5539983],[73.3249207,16.5526613],[73.3270888,16.5575368],[73.3335366,16.5583944],[73.3273606,16.5658982],[73.3445423,16.5696073],[73.346266,16.5650946],[73.355059,16.5665587],[73.3564364,16.5634422],[73.356108,16.5550304],[73.3482174,16.5563955],[73.3494564,16.5512417],[73.3442258,16.5487677],[73.3511159,16.5292922],[73.3683179,16.5184885],[73.3958141,16.510353],[73.4157042,16.5146879],[73.4339229,16.5037107],[73.4665959,16.4936801],[73.4743873,16.4969642],[73.4803218,16.5067012],[73.4967981,16.5198982],[73.5105416,16.5167165],[73.5254318,16.5251405],[73.5343472,16.517241],[73.5441545,16.5153945],[73.5528624,16.5238382],[73.5655808,16.5296882],[73.5783708,16.545142],[73.590228,16.5412665],[73.5998467,16.5440666],[73.6125104,16.5579745],[73.615266,16.5746049],[73.6209781,16.5823543],[73.6276384,16.582409],[73.6331674,16.5762729],[73.6350232,16.5705583],[73.6318715,16.5609461],[73.6476941,16.5631526],[73.6500643,16.5672865],[73.6481037,16.574994],[73.655173,16.5748958],[73.6650386,16.5801725],[73.661316,16.5890853],[73.6690462,16.5847566],[73.676371,16.6094827],[73.6919162,16.6241236],[73.6998345,16.6244772],[73.708357,16.6040715],[73.7208781,16.6072265],[73.7245905,16.6041331],[73.7307825,16.607936],[73.7420475,16.5999602],[73.7672823,16.6031404],[73.7658882,16.6131246],[73.7695232,16.6231462],[73.7537671,16.6413268],[73.7564192,16.6443863],[73.7601106,16.6415826],[73.7633532,16.6442069],[73.7676846,16.6505156],[73.7682927,16.6608064],[73.7715641,16.6636345],[73.7765299,16.6627093]],[[73.6784759,16.5841928],[73.6930537,16.5827984],[73.6989259,16.5778106],[73.706819,16.5836524],[73.7054262,16.587472],[73.6948118,16.5855902],[73.6920926,16.5921817],[73.6880335,16.5925447],[73.6784759,16.5841928]]]}},{"type":"Feature","properties":{"district":"Solapur","name":"Solapur District","layerType":"district","_id":"district-mh-all-solapur-30"},"geometry":{"type":"Polygon","coordinates":[[[75.2302972,18.5406912],[75.2392611,18.5404705],[75.2434205,18.5261399],[75.2593666,18.5084082],[75.2664566,18.5082576],[75.2711628,18.5140909],[75.2887065,18.520685],[75.3113762,18.5202711],[75.3101542,18.5089491],[75.3034493,18.5080081],[75.2963682,18.4962326],[75.3031385,18.4790119],[75.2966688,18.4583371],[75.2963813,18.4456299],[75.299951,18.4420386],[75.3009831,18.4309864],[75.2851408,18.4180459],[75.2862725,18.4047418],[75.2992551,18.399331],[75.3066229,18.3891997],[75.3139551,18.3950642],[75.3227961,18.3932587],[75.3264996,18.3851081],[75.3319222,18.3897239],[75.3352265,18.387822],[75.3352448,18.3822985],[75.3447875,18.3769853],[75.34906,18.3704236],[75.3583113,18.3684391],[75.3593663,18.3612183],[75.3821604,18.3433225],[75.3869708,18.3277546],[75.4032564,18.328617],[75.3982149,18.3234156],[75.401474,18.3161729],[75.3915384,18.3072786],[75.4003772,18.2974472],[75.3930969,18.2851013],[75.395966,18.280513],[75.3944359,18.2646272],[75.4293186,18.2613321],[75.4285404,18.2470954],[75.4197436,18.2397884],[75.4275144,18.231],[75.4256701,18.2156705],[75.4383572,18.2044071],[75.430847,18.1978628],[75.4260116,18.1843777],[75.4287617,18.1750687],[75.4472386,18.1715526],[75.4618661,18.1592609],[75.4657462,18.1649076],[75.4592689,18.165305],[75.4602761,18.1696038],[75.4865103,18.1738242],[75.4855198,18.1675692],[75.488929,18.162532],[75.4859814,18.1532207],[75.496156,18.1569078],[75.5026003,18.1558396],[75.516551,18.1460875],[75.5143005,18.1404145],[75.523206,18.1357704],[75.5255711,18.1309508],[75.5312577,18.1342588],[75.5426158,18.1502851],[75.5440696,18.1772863],[75.5533075,18.189226],[75.5485669,18.2044932],[75.5601901,18.203049],[75.5684765,18.2357899],[75.5834179,18.2458895],[75.5873267,18.2540275],[75.6245969,18.2418053],[75.6285869,18.2428845],[75.6296974,18.2658876],[75.6138134,18.2714118],[75.6251649,18.2860286],[75.6285807,18.2980615],[75.6472764,18.3296811],[75.6548117,18.3325705],[75.6857843,18.3245656],[75.695752,18.3268553],[75.7052078,18.3388894],[75.7180423,18.3373368],[75.7192525,18.3472241],[75.7294525,18.3623989],[75.724076,18.3873273],[75.710781,18.390328],[75.7064444,18.3962939],[75.7235807,18.4332686],[75.7503877,18.435469],[75.7677395,18.4509693],[75.7624065,18.4404927],[75.767553,18.4305662],[75.7703433,18.4105216],[75.7729398,18.4050368],[75.7812684,18.401018],[75.782046,18.3947906],[75.7939555,18.3894249],[75.7966534,18.3815956],[75.8238198,18.3795237],[75.8401962,18.3640714],[75.8497933,18.3610791],[75.8603596,18.3593511],[75.8786446,18.3652941],[75.8943822,18.3592492],[75.903337,18.3276618],[75.9200754,18.3122547],[75.9243209,18.3034344],[75.9262944,18.2843228],[75.9301734,18.278622],[75.9287502,18.258774],[75.9431062,18.2453077],[75.9436426,18.2400352],[75.9337202,18.223923],[75.923431,18.1933633],[75.9324847,18.1912732],[75.9349847,18.1837017],[75.950799,18.1728192],[75.9565404,18.1626266],[75.9493661,18.1385365],[75.9386432,18.1270299],[75.9440695,18.1197626],[75.9449713,18.1071271],[75.9552814,18.0998561],[75.9556128,18.0869777],[75.9866597,18.088337],[75.9894946,18.0730238],[75.9938095,18.0674394],[75.9844397,18.0537925],[75.9905347,18.0527409],[76.0020785,18.0570166],[76.0062701,18.0508733],[76.0119729,18.0524685],[76.0187243,18.042159],[76.0044943,18.0294853],[75.9959372,17.9954228],[75.9832949,17.9935559],[75.9797609,17.9729411],[75.9748282,17.971537],[75.9524404,17.9789127],[75.9218748,17.9745219],[75.9154693,17.9772766],[75.9086862,17.988136],[75.9085632,18.0032749],[75.8840318,18.0040007],[75.870024,18.0112118],[75.8531157,18.0093461],[75.8402365,17.9826022],[75.8448563,17.9746439],[75.8388554,17.9617095],[75.8370951,17.9474941],[75.8380502,17.9326414],[75.8471815,17.9303812],[75.8512567,17.922115],[75.8425147,17.9007359],[75.8455711,17.8902276],[75.8559991,17.8691324],[75.8639926,17.8664804],[75.8724476,17.8565038],[75.8750145,17.8464251],[75.8892354,17.8447243],[75.9050426,17.8357173],[75.9152054,17.832597],[75.9249185,17.8337873],[75.931862,17.850499],[75.9383818,17.8524735],[75.9410868,17.8520167],[75.9430281,17.8441888],[75.9621806,17.8311349],[75.9656813,17.819348],[75.9772373,17.8201164],[75.9748759,17.8414311],[75.9798862,17.8434583],[75.9945451,17.8390229],[76.0082366,17.8301838],[76.0195606,17.8283747],[76.0080789,17.8010925],[76.0111374,17.7883436],[76.0048371,17.783513],[75.9994883,17.7562547],[76.0023553,17.7519275],[76.0070803,17.7508908],[76.0295427,17.7656116],[76.0532655,17.7635077],[76.0593544,17.7694441],[76.0868603,17.7780058],[76.097242,17.7774672],[76.1026555,17.7650404],[76.1293257,17.7677446],[76.133012,17.7564953],[76.1425848,17.756043],[76.1491713,17.7338938],[76.1741939,17.7303046],[76.1678182,17.7156837],[76.1498401,17.7186036],[76.147106,17.7164822],[76.144563,17.7111834],[76.1460891,17.7008161],[76.1650342,17.7005325],[76.164701,17.6937746],[76.1877298,17.6832716],[76.2050225,17.689267],[76.2219293,17.6876508],[76.2225953,17.6976926],[76.2388298,17.6975434],[76.2385313,17.7054583],[76.2495057,17.7052671],[76.2541297,17.7161583],[76.267451,17.7287478],[76.2802108,17.7267201],[76.293701,17.7297566],[76.3027039,17.7207257],[76.3151286,17.7149486],[76.3163024,17.6982524],[76.3379375,17.6934992],[76.3560403,17.6976186],[76.3632032,17.6866832],[76.3715702,17.6846035],[76.3784206,17.6866461],[76.3803298,17.6644663],[76.378231,17.6608136],[76.4027891,17.6571946],[76.4128025,17.6477417],[76.4278567,17.6447383],[76.4280686,17.6317516],[76.4196661,17.603859],[76.3817006,17.6022493],[76.3778452,17.5981129],[76.3500305,17.5940996],[76.3367431,17.5973012],[76.3312492,17.5936754],[76.3331264,17.56556],[76.3385321,17.5568038],[76.3406925,17.5424746],[76.3622247,17.5374558],[76.3671576,17.5198956],[76.3613607,17.5141673],[76.3472733,17.5127517],[76.343329,17.5006561],[76.3452314,17.4939616],[76.3746884,17.4956497],[76.3752749,17.4917241],[76.369505,17.4842594],[76.3503613,17.474175],[76.3313501,17.4706355],[76.3332796,17.4357443],[76.3698914,17.4363457],[76.3706018,17.4104816],[76.3634265,17.3776681],[76.4091205,17.3713878],[76.4120507,17.3507982],[76.3960322,17.3459894],[76.3836508,17.3161703],[76.3540117,17.3143165],[76.3542858,17.324401],[76.3443169,17.3543793],[76.3138648,17.3479737],[76.3129328,17.344705],[76.3188572,17.3381415],[76.317762,17.3326107],[76.2763604,17.3345742],[76.2720091,17.3605919],[76.2670211,17.3634751],[76.25107,17.360499],[76.250428,17.3696808],[76.2450053,17.3714495],[76.2439834,17.3787853],[76.2301632,17.3757735],[76.2269091,17.3651341],[76.2105369,17.3620027],[76.1969754,17.3636133],[76.1707239,17.3526971],[76.1733121,17.3337988],[76.1792563,17.3185744],[76.183264,17.3156803],[76.176315,17.3007875],[76.1657145,17.3031959],[76.1627135,17.3443799],[76.133002,17.358319],[76.1189533,17.3705043],[76.0989056,17.363706],[76.0898104,17.3536399],[76.0931489,17.3492141],[76.0869805,17.3359334],[76.07913,17.3316024],[76.0721361,17.3353147],[76.0616088,17.3549352],[76.0285318,17.3511369],[76.0143324,17.3535333],[75.9982723,17.3379682],[75.9668184,17.3358199],[75.9308194,17.3225728],[75.9100775,17.3445187],[75.8945023,17.3508305],[75.8905819,17.3565223],[75.8952368,17.3781789],[75.8939272,17.4024201],[75.8836401,17.4182215],[75.8773881,17.4172505],[75.8745225,17.4123622],[75.8752029,17.398086],[75.8594996,17.3858663],[75.8504111,17.411124],[75.8320819,17.4210683],[75.8220314,17.4214643],[75.8135752,17.3957202],[75.8140341,17.3734828],[75.807011,17.3682233],[75.7944532,17.3693428],[75.7779838,17.3780968],[75.7710319,17.3874885],[75.7651522,17.4059116],[75.7488468,17.4091148],[75.7335948,17.420093],[75.7272316,17.4188902],[75.712003,17.4078685],[75.6888862,17.4111037],[75.6831524,17.4180193],[75.6780945,17.4340558],[75.6758759,17.4559431],[75.6582209,17.4584532],[75.6496771,17.4695253],[75.6332958,17.4770384],[75.6274888,17.4637181],[75.6219657,17.4593738],[75.6131845,17.4244744],[75.6068393,17.4207801],[75.6135163,17.3919151],[75.6048694,17.394021],[75.59248,17.3869945],[75.5745236,17.3833862],[75.5807067,17.3523773],[75.5951365,17.3462133],[75.6099288,17.3450404],[75.6120806,17.3254209],[75.603453,17.3046685],[75.5936675,17.3034008],[75.5795921,17.2927271],[75.5423675,17.2769349],[75.5123915,17.2401541],[75.4685743,17.244219],[75.4657912,17.2518427],[75.444825,17.2547532],[75.4284539,17.2679408],[75.4220731,17.2660155],[75.4083308,17.239342],[75.4095743,17.2297468],[75.4029508,17.2133191],[75.4083612,17.1924908],[75.4047681,17.1851976],[75.3890888,17.1906491],[75.3713994,17.1909401],[75.3702439,17.2185095],[75.3644897,17.2362106],[75.3345947,17.2388024],[75.330244,17.2181031],[75.3170151,17.2204184],[75.2871816,17.2156576],[75.2828847,17.2060472],[75.2828286,17.1958752],[75.2970149,17.1821632],[75.3041717,17.170504],[75.2962253,17.1459809],[75.2719889,17.1480674],[75.2699642,17.1505088],[75.2695719,17.177793],[75.2663227,17.1790936],[75.2682506,17.1833371],[75.2353875,17.1787493],[75.2222975,17.1835816],[75.216297,17.1953459],[75.2168438,17.2046729],[75.2269356,17.2128737],[75.2401863,17.2182336],[75.2393492,17.239837],[75.2472945,17.2554592],[75.2252701,17.254358],[75.2052736,17.2632713],[75.204506,17.2703637],[75.1947179,17.2684845],[75.189974,17.2509652],[75.1806586,17.2363449],[75.176571,17.240155],[75.1444799,17.2434871],[75.1337261,17.2406387],[75.1247644,17.2434448],[75.115458,17.2401593],[75.1114884,17.2430397],[75.101024,17.24319],[75.096734,17.2491643],[75.0888291,17.2507326],[75.0810121,17.2478553],[75.0760869,17.2401038],[75.0778871,17.2217343],[75.017881,17.2244107],[75.0094525,17.2100177],[74.9866597,17.204869],[74.976924,17.1929401],[74.9640187,17.1951299],[74.9653445,17.1969073],[74.9582923,17.2013613],[74.9535123,17.1988096],[74.9523815,17.202871],[74.9436297,17.2046996],[74.9475962,17.1988447],[74.9408358,17.1975001],[74.9396656,17.1922861],[74.9430777,17.1930944],[74.9459581,17.1892985],[74.9485092,17.1924678],[74.9510132,17.1874023],[74.9464732,17.1849705],[74.9494222,17.1757377],[74.9409921,17.1690642],[74.920925,17.1659054],[74.9188478,17.1724946],[74.9003892,17.1768173],[74.9002701,17.1825051],[74.8955871,17.1763714],[74.8865339,17.1812619],[74.8935507,17.1832952],[74.8860379,17.1897926],[74.8952157,17.1934339],[74.8887765,17.1964814],[74.879969,17.1886881],[74.8745936,17.1944977],[74.8712702,17.19017],[74.8711703,17.1965918],[74.8624921,17.1964529],[74.8693934,17.2024179],[74.8710658,17.2088705],[74.8688241,17.2100883],[74.8650576,17.2054897],[74.8624563,17.2112926],[74.8541162,17.2028519],[74.85836,17.2082608],[74.8573548,17.2116904],[74.8483302,17.2037002],[74.8573443,17.2154178],[74.8670776,17.2176533],[74.8756561,17.2122344],[74.8746877,17.2217578],[74.8833461,17.2191328],[74.885546,17.2351632],[74.8915934,17.2348354],[74.8945478,17.2382089],[74.8927256,17.2397157],[74.8980644,17.241526],[74.8995116,17.2636725],[74.9090245,17.2759735],[74.9352446,17.2755202],[74.9366828,17.2853893],[74.9597743,17.293087],[74.9704384,17.3269176],[74.967133,17.3334739],[74.9694005,17.3435089],[74.9833587,17.3554921],[75.0079719,17.3680178],[75.0015323,17.3884237],[74.9956159,17.3926358],[74.9974284,17.405598],[75.0047443,17.413477],[75.0225228,17.4086364],[75.0351065,17.4180551],[75.032692,17.4432428],[75.0417944,17.4701134],[75.0390454,17.4865829],[75.032059,17.4950992],[75.0271197,17.4952592],[74.988708,17.4747333],[74.9794738,17.4654619],[74.9736793,17.4661301],[74.9686881,17.4713676],[74.9605774,17.4919984],[74.9478538,17.498436],[74.943092,17.5073994],[74.9370898,17.5093014],[74.9431497,17.5218891],[74.9596039,17.522687],[74.9831745,17.5383281],[74.9850215,17.5441147],[74.9620477,17.5632574],[74.9618606,17.591464],[74.9530776,17.5878455],[74.9448812,17.5906348],[74.9211998,17.5770235],[74.9155784,17.5809835],[74.9173088,17.5976069],[74.9149223,17.6014558],[74.9228599,17.6188195],[74.9090343,17.6208987],[74.9089265,17.6279175],[74.9033289,17.6323523],[74.8986075,17.6487986],[74.8913329,17.6585671],[74.8851548,17.6832641],[74.8756466,17.6811525],[74.8712189,17.6905619],[74.8650224,17.6932011],[74.864604,17.7050928],[74.8718375,17.7270224],[74.8592623,17.7308367],[74.8488948,17.7246327],[74.8470276,17.7316386],[74.8385241,17.7272046],[74.8147236,17.7535395],[74.8070828,17.7550337],[74.800006,17.7610979],[74.7877703,17.7607059],[74.7786054,17.7763542],[74.7751082,17.7704509],[74.771497,17.7726531],[74.7721239,17.7698175],[74.7675402,17.7680506],[74.7643238,17.7610291],[74.7635933,17.7650534],[74.7587005,17.7652302],[74.7605281,17.7681241],[74.7582407,17.7685187],[74.7577534,17.7625032],[74.7553589,17.7629343],[74.7544174,17.7701976],[74.7494263,17.7656886],[74.7451801,17.768553],[74.7382176,17.7676403],[74.7438397,17.7723232],[74.7404249,17.7748403],[74.751408,17.7723956],[74.7465143,17.7782915],[74.7468809,17.7833594],[74.7507057,17.7863665],[74.7515174,17.7783199],[74.7559944,17.7743641],[74.7559175,17.7809516],[74.7483872,17.7915509],[74.7368963,17.7904745],[74.7343573,17.7943435],[74.7273662,17.7934911],[74.7260809,17.7975083],[74.7248929,17.7926401],[74.7194169,17.7922872],[74.7149045,17.7877092],[74.7122203,17.7919923],[74.7141913,17.7956491],[74.7062846,17.7892742],[74.7063982,17.7921564],[74.7001737,17.7898918],[74.7066841,17.7960844],[74.7004622,17.7935591],[74.6941131,17.7973312],[74.7017858,17.7989138],[74.6977676,17.8041709],[74.7038066,17.8089309],[74.6970373,17.804947],[74.6978274,17.8121766],[74.6947148,17.8120704],[74.6932165,17.8056926],[74.6901164,17.8112354],[74.6888641,17.8090146],[74.6857182,17.8119417],[74.6899325,17.8166339],[74.6824707,17.8188328],[74.6882884,17.8201033],[74.6897465,17.8233748],[74.6944084,17.8216707],[74.684009,17.8264388],[74.6893608,17.8286161],[74.6840289,17.8289938],[74.6825242,17.8340412],[74.6785724,17.8347103],[74.6812792,17.837922],[74.6779096,17.8404392],[74.6789302,17.8498366],[74.6642233,17.8599553],[74.6645327,17.8631104],[74.6528571,17.8626682],[74.6485837,17.8505108],[74.6435902,17.8486429],[74.6463706,17.8450186],[74.6508986,17.8457784],[74.6499138,17.843799],[74.6365195,17.8411128],[74.6482058,17.8389669],[74.6360582,17.8371459],[74.6420366,17.8324605],[74.6361321,17.8297217],[74.6293136,17.8400928],[74.6274631,17.8315331],[74.624115,17.8364703],[74.6194512,17.8296371],[74.6156362,17.8308981],[74.617439,17.8337458],[74.6140393,17.8325746],[74.6180238,17.837109],[74.6154096,17.8397047],[74.6203037,17.839459],[74.6200806,17.8451061],[74.6076722,17.8452587],[74.6122768,17.8533346],[74.6091384,17.8589758],[74.6255203,17.8653456],[74.6360253,17.8752611],[74.6320113,17.8849104],[74.6322437,17.8943879],[74.6427677,17.9144506],[74.6524541,17.9187076],[74.655667,17.92638],[74.6673003,17.9782044],[74.6676601,17.9885548],[74.662987,18.0048948],[74.6930779,18.0236885],[74.7112383,18.0292994],[74.7231759,18.0311048],[74.7408021,18.0270302],[74.749418,18.0161193],[74.7601817,18.0225923],[74.7681023,18.0233181],[74.7730834,18.0175171],[74.7733252,18.0114602],[74.7903144,18.0084065],[74.8026239,17.9966641],[74.8124503,18.0002863],[74.8122568,18.0106365],[74.8180955,18.0153388],[74.824738,18.0087644],[74.8322369,17.9931772],[74.8447026,17.9965008],[74.862548,17.9912365],[74.8587834,17.9710115],[74.8438035,17.9541112],[74.8453648,17.9462106],[74.8528326,17.9460173],[74.8686134,17.9521754],[74.8735042,17.9432169],[74.8836415,17.9422996],[74.8947227,17.9365392],[74.9029391,17.943662],[74.9128757,17.9454903],[74.9365614,17.9417206],[74.9427555,17.9368891],[74.9419767,17.9239309],[74.9534602,17.9228623],[74.9634989,17.9173624],[74.9830455,17.9179848],[75.0179806,17.9090992],[75.0201967,17.8973402],[75.0249409,17.8949749],[75.0378221,17.9058393],[75.0542175,17.9053981],[75.0449324,17.9199707],[75.0493301,17.926331],[75.0568695,17.9276009],[75.0671714,17.9187808],[75.0739799,17.9173025],[75.0879269,17.9276121],[75.0808733,17.9343103],[75.0819225,17.9408119],[75.0961123,17.9466239],[75.1062024,17.9383217],[75.1112381,17.9380104],[75.1183653,17.948598],[75.1271591,17.9523811],[75.1288105,17.960737],[75.1166615,17.9656802],[75.1154062,17.9695669],[75.1210045,17.973514],[75.1349464,17.9708163],[75.1295946,17.9778533],[75.1247729,17.9960341],[75.1188216,18.0010737],[75.1086361,17.9989488],[75.1037299,17.9786421],[75.0991762,17.975737],[75.0795928,17.9822864],[75.0689459,17.9796132],[75.0633775,17.9643326],[75.0531256,17.9521038],[75.0391345,17.9495403],[75.0221519,17.9631057],[75.0201976,17.9683432],[75.0277659,17.9894913],[75.0468758,18.012724],[75.051586,18.0241582],[75.0806237,18.039091],[75.0853945,18.0569896],[75.0947253,18.0696306],[75.1122495,18.0743684],[75.1287263,18.0745722],[75.1358242,18.0927415],[75.1557476,18.1016428],[75.1623626,18.1085381],[75.1609236,18.1172905],[75.1520526,18.1219189],[75.111897,18.1172562],[75.097432,18.1182824],[75.0921563,18.1228158],[75.0918827,18.1489094],[75.1103372,18.1870466],[75.1119308,18.2050347],[75.1061142,18.2199944],[75.0825149,18.2184132],[75.0580882,18.1995765],[75.038009,18.1963037],[75.024244,18.189689],[75.0174524,18.193949],[75.0087888,18.2103823],[75.023549,18.2360526],[75.0445467,18.2551448],[75.0431756,18.2614391],[75.0367997,18.2617771],[74.9919785,18.2409039],[74.9631011,18.2516525],[74.9488861,18.2664028],[74.9235596,18.2596791],[74.8921042,18.2594883],[74.8757635,18.2491142],[74.8395952,18.2457565],[74.832507,18.2491408],[74.8170334,18.2678827],[74.7977509,18.2791113],[74.7963506,18.2945956],[74.8029766,18.3021914],[74.8329301,18.2953183],[74.8420654,18.2984904],[74.8444171,18.3082136],[74.8341328,18.3205066],[74.8334044,18.335029],[74.8516946,18.3299437],[74.8572629,18.3349607],[74.8637279,18.3357938],[74.8666126,18.35225],[74.8814436,18.3565231],[74.9080522,18.3567776],[74.9146828,18.3786251],[74.9216975,18.3780635],[74.9497264,18.3882862],[74.9671874,18.3862335],[74.9703886,18.3925467],[74.9807996,18.4005621],[75.0053872,18.4033397],[75.0153836,18.4366244],[75.050168,18.4296797],[75.0595318,18.4195064],[75.0794427,18.4234141],[75.0802388,18.4277958],[75.0889562,18.4317078],[75.0913509,18.4544763],[75.1047232,18.4895928],[75.1217778,18.4924704],[75.1329849,18.5258308],[75.1588482,18.5199251],[75.1793916,18.5265398],[75.1819844,18.5305263],[75.2016273,18.5313185],[75.2127197,18.5531022],[75.2153603,18.5535396],[75.222712,18.5443398],[75.2302972,18.5406912]],[[75.6037598,18.1455149],[75.6024677,18.1590178],[75.5884197,18.1529032],[75.5935763,18.1460879],[75.6037598,18.1455149]],[[75.60501,18.1559889],[75.6089411,18.1510161],[75.6069095,18.1471964],[75.6101195,18.146502],[75.6141623,18.1505673],[75.6141062,18.1579135],[75.6087683,18.1609165],[75.6055994,18.1602439],[75.60501,18.1559889]]]}},{"type":"Feature","properties":{"district":"Mumbai Suburban","name":"Mumbai Suburban District","layerType":"district","_id":"district-mh-all-mumbai-suburban-31"},"geometry":{"type":"Polygon","coordinates":[[[72.8500708,19.2694856],[72.87539,19.2606415],[72.8883309,19.2498066],[72.9041059,19.2470634],[72.9060262,19.2377562],[72.9177998,19.2239537],[72.9200492,19.2152401],[72.9304293,19.2087382],[72.9368267,19.2108171],[72.9335478,19.2042235],[72.935802,19.1900977],[72.9544508,19.1838226],[72.9610454,19.1774321],[72.9655578,19.1780253],[72.9725766,19.1622106],[72.9805009,19.1558246],[72.9656765,19.0990778],[72.9660896,19.0692882],[72.9756496,19.0473922],[72.9764609,19.0386232],[72.9560796,18.9881371],[72.902518,18.9791326],[72.8875074,18.9801666],[72.879841,18.9907777],[72.8857246,19.0120732],[72.8773849,19.0248322],[72.8814764,19.0364849],[72.8797447,19.0467836],[72.8668715,19.0530042],[72.8394217,19.0483486],[72.8369518,19.0527748],[72.8317805,19.0532463],[72.8180173,19.0408347],[72.823956,19.0547297],[72.8218371,19.0761045],[72.8234737,19.080634],[72.8283205,19.0777545],[72.832673,19.083964],[72.8265301,19.0836237],[72.8269923,19.0964096],[72.8210925,19.1183205],[72.8279602,19.1159579],[72.8040804,19.1414509],[72.8060776,19.1466528],[72.8107975,19.1452409],[72.8068457,19.1514507],[72.8009032,19.1407739],[72.7955547,19.1407704],[72.7975268,19.135344],[72.7865477,19.1331599],[72.7894961,19.1487974],[72.7823843,19.158706],[72.784472,19.1628608],[72.7816423,19.1678846],[72.7857877,19.1674742],[72.7943952,19.1741174],[72.7953306,19.1936967],[72.7938361,19.1962041],[72.7814101,19.1954306],[72.7861974,19.2044855],[72.7804995,19.2079521],[72.7814297,19.2180883],[72.7755759,19.2271909],[72.7805526,19.2336631],[72.778728,19.239635],[72.7838395,19.2650693],[72.7894817,19.2616916],[72.7989591,19.26249],[72.8116978,19.2504613],[72.8236245,19.2461115],[72.8385054,19.2531545],[72.8362862,19.2596372],[72.8391339,19.2672491],[72.8500708,19.2694856]]]}},{"type":"Feature","properties":{"district":"Thane","name":"Thane District","layerType":"district","_id":"district-mh-all-thane-32"},"geometry":{"type":"Polygon","coordinates":[[[73.4826802,19.7257859],[73.4937677,19.7175732],[73.518462,19.7071644],[73.5145598,19.6986923],[73.5285464,19.6977281],[73.5282688,19.6892292],[73.5346544,19.6745867],[73.5423768,19.6674396],[73.5450547,19.6572348],[73.5595858,19.6443677],[73.5629269,19.6191958],[73.5688271,19.616245],[73.5754698,19.6184002],[73.5812075,19.6129541],[73.5814121,19.6087072],[73.5751038,19.6024412],[73.5836458,19.6064998],[73.6025741,19.5971621],[73.614001,19.5954821],[73.6181418,19.5863215],[73.6145135,19.5770919],[73.6196642,19.5795894],[73.6284617,19.5685014],[73.6266613,19.553057],[73.621905,19.5485299],[73.62301,19.5433594],[73.6323941,19.5396905],[73.6343165,19.5326699],[73.6388247,19.5385972],[73.6566617,19.5368845],[73.664438,19.5127959],[73.6760586,19.5104163],[73.6790029,19.5184743],[73.6862195,19.5137028],[73.6896749,19.5067318],[73.686817,19.5011029],[73.7075958,19.4964528],[73.7129702,19.4858142],[73.7083595,19.4845693],[73.7066463,19.479445],[73.6962068,19.4788372],[73.6955221,19.4710385],[73.6847848,19.4661545],[73.684602,19.4448023],[73.6931112,19.4336162],[73.700652,19.435223],[73.7073955,19.4289475],[73.7106979,19.4316921],[73.730717,19.4302313],[73.728985,19.4220024],[73.735921,19.4075427],[73.7509846,19.4073578],[73.7531451,19.3973098],[73.7680735,19.3925681],[73.7710756,19.3878405],[73.7779821,19.3872411],[73.7947443,19.3427406],[73.7932415,19.3337885],[73.7875164,19.3381462],[73.7791305,19.3358391],[73.7724717,19.3414975],[73.7701539,19.3315541],[73.7504531,19.3274048],[73.7488212,19.3185649],[73.7460969,19.3184417],[73.7433963,19.324232],[73.7468667,19.3372338],[73.7086551,19.3244296],[73.7018633,19.3127025],[73.6879839,19.3149317],[73.6838822,19.3134754],[73.6816005,19.3074963],[73.6692645,19.3051674],[73.6729335,19.3011074],[73.6674733,19.2914306],[73.6742708,19.2883752],[73.6805217,19.2738858],[73.6888785,19.2702029],[73.6950121,19.2581823],[73.6932673,19.2514696],[73.6853928,19.2423224],[73.6583424,19.2393349],[73.6336763,19.2081208],[73.6266506,19.2073194],[73.6226336,19.215141],[73.6086534,19.2106089],[73.6105325,19.2019384],[73.6060819,19.1919801],[73.5950603,19.195542],[73.5922001,19.1921136],[73.5823095,19.1904046],[73.5726546,19.1929536],[73.5669818,19.1900606],[73.5661464,19.1846013],[73.5602566,19.1875343],[73.5561114,19.1839333],[73.5474332,19.1871154],[73.5441632,19.1773789],[73.5365342,19.178841],[73.5377712,19.1670646],[73.5425823,19.1588275],[73.5400986,19.1607431],[73.5328412,19.1535498],[73.5337726,19.1464434],[73.5425502,19.1405386],[73.542436,19.1202555],[73.5230854,19.1312178],[73.4922401,19.1279451],[73.4865255,19.1232725],[73.4787378,19.1323575],[73.4683066,19.1354283],[73.4572572,19.1313973],[73.4465928,19.1340976],[73.4317903,19.1271396],[73.4140026,19.1298328],[73.4058364,19.1345233],[73.3856552,19.1328042],[73.3725286,19.1270396],[73.3583857,19.1307724],[73.3257473,19.1190116],[73.3168944,19.1086541],[73.3090352,19.106926],[73.3092825,19.0996022],[73.3215268,19.0845777],[73.3139553,19.0769048],[73.3058792,19.0784402],[73.29763,19.0723181],[73.2977828,19.0834405],[73.2815143,19.0873023],[73.2652356,19.0730562],[73.2642884,19.0665912],[73.2507392,19.0617726],[73.2390298,19.0692988],[73.2348625,19.0685567],[73.2306233,19.0873321],[73.2139192,19.0986069],[73.1940778,19.1274558],[73.1794078,19.1159384],[73.1816604,19.1077592],[73.1543506,19.112964],[73.1431635,19.1271846],[73.1291695,19.1086052],[73.1209587,19.110054],[73.1157592,19.1073609],[73.1110312,19.1111193],[73.098641,19.1064231],[73.0950246,19.1143067],[73.0850641,19.115143],[73.0814724,19.1117746],[73.0778208,19.1144499],[73.0748161,19.1102577],[73.0653721,19.1108217],[73.0569555,19.1022879],[73.0474171,19.0979001],[73.0435612,19.0711427],[73.0461423,19.05969],[73.0432316,19.0545343],[73.0489774,19.0449156],[73.0465471,19.0205714],[73.049634,19.0159729],[73.043718,19.0075027],[72.9981483,18.9870007],[72.9573166,18.98783],[72.9586789,18.9988587],[72.9764609,19.0386232],[72.9756496,19.0473922],[72.9660896,19.0692882],[72.9656765,19.0990778],[72.9798962,19.1551221],[72.9725766,19.1622106],[72.9659657,19.176406],[72.9614604,19.1770637],[72.9535386,19.1850842],[72.9340626,19.191132],[72.9335478,19.2042235],[72.9379003,19.2110867],[72.9293027,19.2093493],[72.9203012,19.2134928],[72.9186137,19.2224151],[72.9060262,19.2377562],[72.9058519,19.2462328],[72.890167,19.2496247],[72.8589356,19.268353],[72.8405669,19.2672088],[72.8362862,19.2596372],[72.8385054,19.2531545],[72.8240156,19.2459616],[72.8127389,19.2497423],[72.7997247,19.2625497],[72.7894817,19.2616916],[72.7851414,19.264489],[72.7789379,19.2793311],[72.7838882,19.2816088],[72.7858591,19.30638],[72.7945955,19.314092],[72.8157195,19.3144773],[72.8302309,19.3273094],[72.8602883,19.3261624],[72.8716101,19.3220155],[72.9022435,19.2896862],[72.9223821,19.2900944],[72.9323201,19.2871932],[72.9371422,19.2893253],[72.943137,19.2970952],[72.9552145,19.3003338],[72.9444013,19.314539],[72.9422571,19.3307441],[72.9492723,19.3792705],[72.9590835,19.3816479],[72.9621283,19.3854946],[72.959779,19.3978994],[72.9769718,19.3986755],[72.980579,19.413091],[72.9882917,19.4135987],[73.0190313,19.446275],[72.9937099,19.4677562],[72.9942537,19.4828837],[72.9884565,19.4898509],[72.9999362,19.4959449],[73.0029537,19.5018541],[73.0107647,19.5026131],[73.0158888,19.5075056],[73.0233609,19.4939724],[73.028938,19.4908612],[73.0386213,19.4970526],[73.0481182,19.4931718],[73.0570861,19.4789801],[73.0726164,19.4791799],[73.1036105,19.4961941],[73.1074833,19.49411],[73.1331063,19.5011681],[73.1295659,19.510893],[73.1353915,19.5177502],[73.168012,19.5224711],[73.1790508,19.5371214],[73.1979844,19.5534702],[73.2081642,19.5575023],[73.2101441,19.5635772],[73.2046844,19.568818],[73.2043114,19.5778523],[73.1960967,19.5911986],[73.1944831,19.6000173],[73.2256471,19.6036421],[73.2330862,19.6157449],[73.2473076,19.6102781],[73.250362,19.6216983],[73.2573054,19.6285553],[73.2561097,19.6317961],[73.2768415,19.6243112],[73.2836631,19.6262665],[73.2794517,19.6394671],[73.2674709,19.6519016],[73.2724277,19.6544763],[73.271041,19.66715],[73.275399,19.6684805],[73.2831065,19.6901143],[73.2887143,19.6932375],[73.3013617,19.6894643],[73.3105981,19.6745932],[73.3193251,19.6735538],[73.3308143,19.6951381],[73.3490356,19.6952517],[73.3588311,19.6868841],[73.3799882,19.6893947],[73.3798751,19.6982555],[73.3825636,19.7000773],[73.3862744,19.6954974],[73.4031444,19.7008862],[73.4148531,19.6974449],[73.4133481,19.7078533],[73.4238995,19.707069],[73.4287428,19.7026409],[73.4320204,19.7035011],[73.4334195,19.7107644],[73.4392128,19.7086419],[73.4460442,19.7167776],[73.4554514,19.7149631],[73.4566914,19.7219194],[73.4632394,19.718777],[73.4740115,19.723029],[73.4755677,19.7301812],[73.4826802,19.7257859]]]}},{"type":"Feature","properties":{"district":"Wardha","name":"Wardha District","layerType":"district","_id":"district-mh-all-wardha-33"},"geometry":{"type":"Polygon","coordinates":[[[78.095833,21.3542872],[78.1039165,21.3563097],[78.1236063,21.3470083],[78.1492707,21.3427587],[78.1522478,21.3328734],[78.1581871,21.3313048],[78.211385,21.3338173],[78.2326543,21.3273697],[78.2486448,21.330625],[78.254857,21.3257591],[78.2562548,21.3300833],[78.2678064,21.3215704],[78.2774439,21.3064548],[78.2941617,21.2931313],[78.3126458,21.2945773],[78.3032451,21.2760272],[78.3112722,21.2680652],[78.3210009,21.2731944],[78.3284342,21.2705899],[78.324579,21.255782],[78.3303905,21.250621],[78.358852,21.2525217],[78.3747146,21.2422523],[78.4115868,21.2391663],[78.4171968,21.2285631],[78.4261557,21.2266975],[78.4449684,21.2360185],[78.4538363,21.2260744],[78.463553,21.2238633],[78.4704739,21.2165906],[78.4767982,21.2198521],[78.4784105,21.2131769],[78.4853668,21.2104401],[78.5033035,21.186927],[78.509872,21.1868964],[78.5105818,21.1826954],[78.5195995,21.1746617],[78.5187388,21.1621091],[78.5275065,21.1513485],[78.5302187,21.1404375],[78.541224,21.135996],[78.5478394,21.1272223],[78.5528379,21.1257512],[78.5549242,21.1168216],[78.577945,21.1142053],[78.5847248,21.116636],[78.5916256,21.1095092],[78.5993267,21.1080685],[78.5945386,21.0980818],[78.5979666,21.0955629],[78.5974006,21.0903527],[78.6104723,21.086629],[78.6070434,21.069617],[78.6114451,21.0700048],[78.6158866,21.0655172],[78.6213876,21.0681318],[78.6258231,21.066529],[78.6293051,21.058231],[78.6435882,21.0582037],[78.6496326,21.0518898],[78.6491695,21.0355764],[78.6558982,21.033198],[78.6762417,21.0357105],[78.6862632,21.0208852],[78.7103615,21.0139501],[78.7157189,21.0047191],[78.725787,21.0033331],[78.7294385,20.9949754],[78.7237953,20.9885116],[78.7244026,20.9690601],[78.7314166,20.9603472],[78.7323732,20.949003],[78.7383885,20.9447206],[78.7484766,20.9445831],[78.7411014,20.9406925],[78.7414377,20.9381365],[78.7525877,20.9237041],[78.7664624,20.9204443],[78.7690248,20.9133644],[78.7828084,20.9106388],[78.7754757,20.9096476],[78.7730243,20.9040901],[78.7855142,20.890247],[78.8171818,20.8807293],[78.8245864,20.892925],[78.8301061,20.8947602],[78.8399568,20.8929394],[78.850918,20.8862051],[78.8479123,20.8794899],[78.8600383,20.8745202],[78.8578012,20.8566485],[78.8614815,20.8410663],[78.865497,20.8401628],[78.8673693,20.8343556],[78.8735628,20.8300183],[78.8779035,20.8298224],[78.8836055,20.8436018],[78.9128525,20.8359919],[78.912657,20.8196074],[78.9164697,20.8164451],[78.9118613,20.8084955],[78.9244169,20.7981259],[78.9453855,20.7937375],[78.9444703,20.7820567],[78.9409997,20.7802319],[78.9424239,20.7667884],[78.9511084,20.7685247],[78.958793,20.760375],[78.9729253,20.7558347],[78.9865902,20.7535559],[78.9960774,20.7560423],[78.9971735,20.7450677],[79.0113272,20.7477869],[79.0155983,20.7398298],[79.0346781,20.7381115],[79.0357399,20.7411454],[79.0493953,20.7378893],[79.0515976,20.7300161],[79.0725141,20.7266812],[79.0729206,20.719276],[79.0857285,20.7168126],[79.0895284,20.7114813],[79.1033236,20.7157148],[79.1090628,20.7007046],[79.1048211,20.6886923],[79.1411237,20.6792282],[79.1484648,20.6524796],[79.1694213,20.6464882],[79.1686387,20.6269991],[79.1802579,20.6191207],[79.1840469,20.6212658],[79.1888983,20.5991568],[79.1949562,20.6023751],[79.2039741,20.601711],[79.2199769,20.5892022],[79.2222129,20.5707621],[79.217638,20.5526114],[79.2123691,20.5469069],[79.1942511,20.5390773],[79.1836541,20.5226132],[79.1810147,20.5123756],[79.170974,20.5146494],[79.1660919,20.4932798],[79.1581071,20.4786634],[79.1502139,20.4830446],[79.1406894,20.4820857],[79.1325016,20.4570672],[79.1197535,20.4512665],[79.102668,20.4575322],[79.0981281,20.4633862],[79.0602449,20.4689923],[79.053509,20.4669778],[79.0471573,20.469555],[79.0478282,20.4749033],[79.0434526,20.4773834],[79.0230479,20.483331],[79.0092433,20.4644269],[79.0065408,20.455087],[79.0003881,20.4512616],[78.9873461,20.4657508],[78.9814961,20.4598028],[78.9684636,20.4602822],[78.9657259,20.4459066],[78.9532219,20.4298575],[78.9455611,20.4304442],[78.9448597,20.4279347],[78.9107562,20.4314253],[78.8988395,20.4376],[78.8847747,20.4278528],[78.8549281,20.4220115],[78.8543878,20.4269296],[78.8423202,20.4342829],[78.8391915,20.4281182],[78.8340936,20.4272214],[78.8519542,20.4154366],[78.8410362,20.4060594],[78.8211845,20.4043076],[78.8168426,20.3946436],[78.8203483,20.3715216],[78.8258283,20.3628822],[78.8198018,20.3511081],[78.8311656,20.334737],[78.8305321,20.3215454],[78.8060503,20.310685],[78.7987736,20.299562],[78.7886852,20.2973756],[78.7771647,20.3005687],[78.762752,20.2945346],[78.7460276,20.2976465],[78.7391458,20.2937829],[78.7333725,20.2971657],[78.7290474,20.3067326],[78.7061442,20.3122521],[78.710228,20.3383977],[78.7082469,20.3498143],[78.6906398,20.3580071],[78.6880937,20.3714962],[78.6627574,20.3968121],[78.659082,20.4119208],[78.6448129,20.4212341],[78.6483229,20.4344696],[78.6193066,20.435581],[78.611988,20.4448594],[78.6081213,20.4398453],[78.609355,20.4336838],[78.6051102,20.4315927],[78.5802069,20.4331351],[78.5643599,20.4393294],[78.5552964,20.4512733],[78.5460756,20.4543255],[78.5341866,20.4691152],[78.5351594,20.4805536],[78.5214355,20.4920717],[78.5217206,20.5004695],[78.5072659,20.5235017],[78.4964351,20.5224286],[78.484941,20.5284808],[78.4714447,20.5278378],[78.4498856,20.5129395],[78.4428784,20.5136082],[78.4349898,20.5192672],[78.4112769,20.5119344],[78.3860531,20.5194798],[78.3788026,20.529393],[78.3670659,20.534053],[78.3555653,20.5290377],[78.3337922,20.5452478],[78.2979532,20.5556139],[78.2919608,20.5610164],[78.2799857,20.5602396],[78.2742356,20.5709552],[78.2632951,20.5784909],[78.262636,20.5872153],[78.2568164,20.5978523],[78.2594741,20.6018875],[78.2514497,20.6164326],[78.2531738,20.6337806],[78.2489385,20.6461031],[78.2694414,20.6670748],[78.2668575,20.680454],[78.2772362,20.6896753],[78.2788581,20.7001006],[78.2848586,20.7004076],[78.2897189,20.7094727],[78.294387,20.7082792],[78.2914216,20.7024245],[78.2938328,20.6991487],[78.3004832,20.7047673],[78.2997299,20.7151041],[78.3056893,20.7212239],[78.3116909,20.7378913],[78.3051204,20.7441067],[78.3084357,20.7553618],[78.3054834,20.7652998],[78.2923654,20.7769058],[78.2956041,20.7930505],[78.2934959,20.7999753],[78.2977349,20.8116584],[78.3093614,20.8123425],[78.3172231,20.8190493],[78.312711,20.8327028],[78.3076611,20.8346795],[78.2966996,20.8269286],[78.2929323,20.8274923],[78.2930257,20.8396559],[78.2797692,20.8429067],[78.2755233,20.861287],[78.2626922,20.8714977],[78.2570925,20.8870683],[78.2231932,20.8996682],[78.2143182,20.9078988],[78.2064872,20.899904],[78.1814713,20.9045871],[78.1746284,20.9143929],[78.176418,20.9228321],[78.1698044,20.9297146],[78.1682373,20.9418747],[78.1431967,20.9524702],[78.1488304,20.9673382],[78.1481333,20.9834643],[78.1355119,21.0033113],[78.1348862,21.0094765],[78.1447119,21.0234776],[78.1442608,21.0285205],[78.1362035,21.0381798],[78.1450911,21.0407141],[78.1497197,21.0480772],[78.1466053,21.05845],[78.1505371,21.0740648],[78.1446848,21.1032613],[78.1323868,21.1050169],[78.1283445,21.1144467],[78.1435009,21.1398765],[78.0915636,21.1795141],[78.0985904,21.1887867],[78.0969668,21.1983362],[78.0854661,21.2117697],[78.0712929,21.2207936],[78.0697646,21.2275539],[78.0732374,21.2326391],[78.0711114,21.2375891],[78.0673357,21.2399881],[78.0594579,21.2387819],[78.0522408,21.2572365],[78.0615772,21.2774503],[78.0760192,21.2764612],[78.0804636,21.2815857],[78.0778136,21.2919294],[78.0688962,21.2983671],[78.0793518,21.3273127],[78.0739074,21.3527527],[78.0856545,21.3592677],[78.095833,21.3542872]]]}},{"type":"Feature","properties":{"district":"Washim","name":"Washim District","layerType":"district","_id":"district-mh-all-washim-34"},"geometry":{"type":"MultiPolygon","coordinates":[[[[77.5816487,20.7267031],[77.5905388,20.7264588],[77.6007303,20.7180886],[77.633287,20.7134372],[77.631462,20.7022492],[77.6379336,20.6943821],[77.6326492,20.672808],[77.6359185,20.6688762],[77.6352199,20.6592088],[77.6528223,20.6617557],[77.6548522,20.6593629],[77.6486757,20.6493934],[77.6588589,20.6464755],[77.6586399,20.636467],[77.6488329,20.6234331],[77.647091,20.60466],[77.6448561,20.6049312],[77.6281424,20.5669882],[77.6502903,20.5639813],[77.6429848,20.532931],[77.6534723,20.5312827],[77.6678397,20.5395417],[77.6906985,20.534011],[77.6896536,20.524125],[77.685761,20.5194022],[77.6676659,20.5174492],[77.6625892,20.5013741],[77.6529025,20.4952501],[77.6550351,20.4949749],[77.654038,20.4809223],[77.6486657,20.4731074],[77.6492464,20.4596516],[77.6438482,20.4519331],[77.635685,20.4522718],[77.613731,20.4610089],[77.6126279,20.4567333],[77.5979084,20.4480109],[77.6034781,20.4424036],[77.6040043,20.4369512],[77.5902629,20.4292083],[77.595936,20.414146],[77.5844496,20.4174324],[77.5817419,20.4155318],[77.5718041,20.3863489],[77.5782845,20.3723719],[77.5689526,20.3601519],[77.5675808,20.330382],[77.5835306,20.3269155],[77.5879152,20.306464],[77.5947987,20.3030492],[77.594327,20.2807285],[77.6100385,20.2777103],[77.6103518,20.2641215],[77.6320197,20.2614992],[77.6435931,20.2505905],[77.6654339,20.2473988],[77.6653789,20.2414814],[77.652562,20.2134163],[77.6570741,20.2045074],[77.6447682,20.188113],[77.6485831,20.1859363],[77.6519856,20.1723064],[77.6659184,20.1729735],[77.6790579,20.1673736],[77.6737749,20.1476904],[77.6767407,20.1440425],[77.6819989,20.1443066],[77.6820998,20.1417176],[77.6709139,20.1210008],[77.6681867,20.1014285],[77.6577078,20.0971954],[77.6535341,20.079599],[77.6404757,20.0737186],[77.6402304,20.0607098],[77.6299872,20.0452924],[77.6139853,20.0373603],[77.6010321,20.0346259],[77.5961867,20.0378506],[77.5900619,20.0320745],[77.584616,20.0335256],[77.5806723,20.028832],[77.5683572,20.0427727],[77.5568537,20.047764],[77.5501983,20.06551],[77.5411654,20.06909],[77.5364315,20.0794522],[77.5263197,20.0902727],[77.5248234,20.0980883],[77.5000592,20.0859186],[77.4944113,20.0787582],[77.4860443,20.0774455],[77.4792676,20.0844334],[77.4649456,20.0701742],[77.4594785,20.069363],[77.4461382,20.070397],[77.4067374,20.0833816],[77.3834518,20.0864954],[77.3660693,20.0982144],[77.3691227,20.0896072],[77.3559864,20.076548],[77.3527058,20.0659599],[77.3697202,20.0495466],[77.3708189,20.04404],[77.3541125,20.0202044],[77.3553395,20.0141036],[77.3408349,20.0084086],[77.3363693,19.9884525],[77.3372707,19.9753249],[77.3257476,19.9739267],[77.3219359,19.9592495],[77.3038055,19.9653322],[77.3032192,19.9532687],[77.2990693,19.9438654],[77.2843977,19.937083],[77.2835543,19.9126998],[77.2778276,19.9186026],[77.2697849,19.9186206],[77.2671807,19.8985208],[77.2574333,19.9015359],[77.2390805,19.8896876],[77.2355101,19.8906586],[77.2339018,19.8967892],[77.2452685,19.9063625],[77.2379871,19.9126768],[77.2380147,19.9337205],[77.2352588,19.9386748],[77.2097537,19.9381546],[77.2054921,19.942114],[77.2038625,19.948577],[77.2080392,19.9673279],[77.2147537,19.9740107],[77.2020913,19.990627],[77.1778587,19.9797582],[77.17095,19.9654281],[77.1546516,19.9660966],[77.1417636,19.9571039],[77.1363811,19.9528032],[77.1336147,19.9418851],[77.1124016,19.9393753],[77.1026085,19.931429],[77.093649,19.9344998],[77.0930966,19.9437052],[77.0825795,19.9555424],[77.0842071,19.9646438],[77.070204,19.973041],[77.0704434,19.9803817],[77.0637151,19.9840445],[77.0616282,19.9938876],[77.0430238,19.998535],[77.03597,20.0088501],[77.0254866,20.0096799],[77.0197208,20.0029412],[77.0125417,20.0023887],[76.993321,20.0174814],[76.9883352,19.9983056],[76.9724003,19.9964146],[76.9618918,19.9872825],[76.9437823,19.9848411],[76.9234214,19.9763202],[76.9018948,19.9647534],[76.9000786,19.9544951],[76.8941333,19.9492245],[76.8598351,19.9615371],[76.8379738,19.963746],[76.8220652,19.9302425],[76.7724387,19.9356197],[76.7654625,19.9049188],[76.7471484,19.9123063],[76.7425533,19.901879],[76.7437791,19.8870573],[76.7393024,19.8731095],[76.7206258,19.8695586],[76.6934465,19.8741264],[76.69019,19.8589236],[76.681382,19.8471045],[76.6616572,19.8532482],[76.6480455,19.8657272],[76.6587231,19.8856173],[76.6596223,19.8920994],[76.6550837,19.8995754],[76.634578,19.8993176],[76.6243083,19.8895364],[76.6117061,19.8931402],[76.6130089,19.9096435],[76.6066456,19.9246302],[76.6230518,19.9231676],[76.629619,19.9267365],[76.6364529,19.9336833],[76.6345099,19.9563817],[76.6464211,19.9648865],[76.6590629,19.9643842],[76.6608134,19.9765881],[76.6455728,19.9845955],[76.6584988,20.0038398],[76.6584277,20.0218193],[76.6632104,20.0463535],[76.6247828,20.0512833],[76.6304783,20.0820206],[76.6340894,20.0806758],[76.6338713,20.074085],[76.6484581,20.0695637],[76.6518983,20.0913888],[76.6602378,20.0972245],[76.6582834,20.1134592],[76.6664175,20.1191177],[76.6693573,20.1260003],[76.6957877,20.1216574],[76.7569357,20.1309102],[76.7621705,20.1613081],[76.7487387,20.1677098],[76.7493201,20.1869941],[76.7452265,20.195751],[76.7467821,20.206724],[76.768276,20.209358],[76.7847033,20.2032169],[76.7892151,20.2059209],[76.794474,20.217256],[76.801522,20.2210048],[76.8109987,20.2210767],[76.8242671,20.2419698],[76.8211405,20.2606598],[76.8260763,20.2697343],[76.8201118,20.2798864],[76.8323138,20.282763],[76.8380096,20.2890773],[76.8377579,20.2960466],[76.85825,20.299371],[76.8658385,20.2906114],[76.8686966,20.2778622],[76.8726093,20.2754253],[76.8802089,20.2797047],[76.8807059,20.2940068],[76.9088331,20.3131114],[76.8922283,20.3167463],[76.8967323,20.3344275],[76.9047288,20.3443153],[76.9167084,20.3513478],[76.919469,20.3596361],[76.9305789,20.357209],[76.9361531,20.3705701],[76.9430763,20.3653742],[76.9533094,20.3634675],[76.9774054,20.3699956],[76.9744645,20.380373],[76.9816193,20.3813705],[76.9814663,20.3883672],[76.9863383,20.3891643],[76.9893491,20.3944786],[76.9953054,20.3935457],[76.9910149,20.4054048],[76.9935798,20.4090414],[77.0035701,20.4146344],[77.0144812,20.412715],[77.0141165,20.433239],[77.0213026,20.4429746],[77.0223142,20.4499191],[77.0428395,20.4498256],[77.0590242,20.4453718],[77.0596589,20.4394351],[77.047105,20.4193072],[77.0509454,20.4074218],[77.0453564,20.3869056],[77.0620798,20.3815157],[77.0810356,20.3890328],[77.0745035,20.3936113],[77.0731361,20.4014759],[77.0785715,20.422689],[77.1029435,20.4152125],[77.104935,20.4109717],[77.1200684,20.4109982],[77.1224565,20.4019057],[77.1318313,20.3965048],[77.1321089,20.3915683],[77.1364838,20.3914088],[77.1420568,20.380152],[77.1512753,20.3909641],[77.1512856,20.3988626],[77.1706497,20.4010555],[77.1842833,20.3984348],[77.1918684,20.4032351],[77.1972442,20.42222],[77.1829714,20.4316472],[77.1855506,20.4473845],[77.2016754,20.4495592],[77.2095456,20.4449601],[77.2134761,20.4477958],[77.2239667,20.4476251],[77.2295717,20.4733943],[77.2454032,20.4727197],[77.2468149,20.4597405],[77.2663021,20.4586036],[77.2674152,20.4479456],[77.2807363,20.4200537],[77.28456,20.4183325],[77.2951566,20.4215761],[77.2975542,20.4441672],[77.3138552,20.4519961],[77.3245321,20.4501807],[77.3263109,20.4648135],[77.3332097,20.4725679],[77.343427,20.4716359],[77.3425415,20.4818468],[77.324827,20.4870321],[77.3274695,20.4973454],[77.369706,20.4957747],[77.3681195,20.480947],[77.3704882,20.4810258],[77.3816332,20.4831458],[77.3840379,20.4953353],[77.388981,20.5016967],[77.3956662,20.5254405],[77.3684015,20.5255003],[77.3645705,20.5183114],[77.336471,20.5257451],[77.3411726,20.5472663],[77.3354865,20.5505403],[77.3390917,20.5740543],[77.3620835,20.5676356],[77.3656875,20.5833338],[77.3956785,20.5798101],[77.3994438,20.5853167],[77.4078487,20.5872623],[77.4098536,20.5944725],[77.4136803,20.5958411],[77.4121772,20.6054518],[77.4152848,20.608118],[77.4324918,20.6123626],[77.4670713,20.610911],[77.4647831,20.6282792],[77.438446,20.6444814],[77.438702,20.6523109],[77.4308869,20.6622577],[77.4509132,20.6571271],[77.4537978,20.6645626],[77.4613614,20.6658699],[77.4635899,20.6601882],[77.4785913,20.6551544],[77.4852335,20.6611139],[77.4810121,20.682045],[77.4928205,20.6828727],[77.5008662,20.6749],[77.5041689,20.6648593],[77.5108422,20.6644117],[77.5152982,20.673287],[77.5150336,20.6816413],[77.5429043,20.6782152],[77.5395952,20.6963714],[77.5235121,20.6973121],[77.5262382,20.7011842],[77.5497386,20.703901],[77.5634349,20.7010507],[77.5651576,20.7070371],[77.5730449,20.7053724],[77.5779495,20.7252432],[77.5816487,20.7267031]]],[[[77.6338012,20.7542502],[77.6314669,20.7380712],[77.6253961,20.7363229],[77.6235333,20.7303212],[77.6130335,20.7306867],[77.6197438,20.755825],[77.6338012,20.7542502]]]]}},{"type":"Feature","properties":{"district":"Yavatmal","name":"Yavatmal District","layerType":"district","_id":"district-mh-all-yavatmal-35"},"geometry":{"type":"Polygon","coordinates":[[[78.2697703,20.6969349],[78.2769389,20.6962215],[78.2776908,20.6935261],[78.2765668,20.6885024],[78.2665193,20.6779806],[78.2702442,20.6683007],[78.248666,20.6454949],[78.2532723,20.6351125],[78.2517843,20.6144451],[78.2583632,20.6053662],[78.2570166,20.5980927],[78.262369,20.5880407],[78.2629343,20.5797763],[78.2742356,20.5709552],[78.2799857,20.5602396],[78.2919608,20.5610164],[78.3080844,20.5520439],[78.3337922,20.5452478],[78.3555653,20.5290377],[78.3667878,20.5341473],[78.3806485,20.5280396],[78.3860531,20.5194798],[78.4099255,20.5119436],[78.4335576,20.5194939],[78.4421851,20.513863],[78.4507534,20.5132386],[78.4741259,20.5281643],[78.4836067,20.5286628],[78.4950154,20.5224439],[78.5072659,20.5235017],[78.5217206,20.5004695],[78.5208852,20.4930801],[78.53448,20.4818115],[78.5356405,20.4664023],[78.5460756,20.4543255],[78.5552964,20.4512733],[78.5631743,20.4400972],[78.5802069,20.4331351],[78.6051102,20.4315927],[78.609355,20.4336838],[78.6088912,20.4426309],[78.6129081,20.4445309],[78.6193066,20.435581],[78.6472728,20.4352788],[78.6480458,20.4299589],[78.6437451,20.4244662],[78.6454792,20.4202244],[78.6593511,20.4114708],[78.6636569,20.3953595],[78.6893985,20.3692097],[78.6906398,20.3580071],[78.7078037,20.3505842],[78.7102787,20.3405455],[78.7076745,20.3111408],[78.7289462,20.3067464],[78.7371552,20.2938149],[78.7493976,20.2978641],[78.7665279,20.2951342],[78.776201,20.3007065],[78.7886852,20.2973756],[78.7987736,20.299562],[78.8195818,20.2780191],[78.8120427,20.2588855],[78.8191558,20.2503219],[78.8580914,20.254079],[78.8936521,20.2495365],[78.9097796,20.2554481],[78.9206674,20.2535119],[78.9220775,20.2396704],[78.9371062,20.2296715],[78.9390169,20.2207918],[78.9574997,20.2128629],[78.9623986,20.2073469],[78.9544693,20.1943625],[78.9576647,20.1830592],[78.9535907,20.1729566],[78.957494,20.1678453],[78.973531,20.1620337],[78.9812657,20.149135],[78.9701411,20.1451353],[78.969448,20.1285966],[78.9771792,20.1243973],[78.9888209,20.1291926],[78.9998042,20.1266039],[79.021213,20.1104129],[79.0324807,20.0954994],[79.0468834,20.0875519],[79.0449984,20.068805],[79.0571181,20.0659571],[79.068243,20.0698371],[79.0726677,20.0635354],[79.0728638,20.0524857],[79.0793286,20.0427838],[79.0813338,20.0259975],[79.1078481,20.0081093],[79.1122007,19.995348],[79.1109137,19.9900134],[79.1018825,19.9901395],[79.0922505,19.9834018],[79.0924714,19.9786322],[79.1089783,19.9706048],[79.1033966,19.959091],[79.0890249,19.9482431],[79.0911131,19.9176445],[79.1003867,19.9176249],[79.1117386,19.9053958],[79.1479139,19.8975191],[79.1490746,19.8948787],[79.1336909,19.8676175],[79.1193717,19.861896],[79.1118387,19.8505782],[79.099346,19.8430362],[79.090293,19.842759],[79.0841203,19.8280842],[79.0719439,19.8179327],[79.0612236,19.8170803],[79.0432953,19.8220537],[79.0356231,19.8176119],[79.0301815,19.8047445],[79.0222898,19.8002609],[79.0025167,19.8075149],[78.9684202,19.8070473],[78.9549908,19.8008978],[78.9377935,19.7799331],[78.9382901,19.7725182],[78.9491257,19.7628887],[78.9490401,19.7505049],[78.9244771,19.7484617],[78.901108,19.7373553],[78.87929,19.7491001],[78.8813777,19.7641073],[78.8783385,19.7672102],[78.8562823,19.7713044],[78.8466822,19.763667],[78.8270656,19.755991],[78.816919,19.7618327],[78.8043517,19.7562529],[78.7969336,19.7600092],[78.7939829,19.7688718],[78.782366,19.7784097],[78.7711227,19.7793833],[78.756371,19.7725054],[78.7454633,19.7815479],[78.7388696,19.7831776],[78.7304982,19.780555],[78.724523,19.7682583],[78.7197098,19.7665399],[78.7062724,19.7721557],[78.6996064,19.78822],[78.6663537,19.7997548],[78.6555415,19.8001412],[78.6432115,19.8076621],[78.6189867,19.8099799],[78.6044161,19.8182145],[78.5722874,19.8158457],[78.5484529,19.8242234],[78.5307776,19.8184547],[78.5152653,19.8190214],[78.508757,19.8111096],[78.5072229,19.7975484],[78.4885107,19.7932867],[78.4731325,19.8168962],[78.4519598,19.8128807],[78.4316786,19.8148763],[78.4220142,19.8183712],[78.4002822,19.8340277],[78.3864583,19.8453594],[78.3817904,19.8570416],[78.3830364,19.8739055],[78.3806713,19.8804362],[78.3368794,19.8830035],[78.3299259,19.8863137],[78.3246499,19.8973732],[78.3338534,19.9048971],[78.3337013,19.9091201],[78.3263568,19.9165907],[78.3070279,19.9142976],[78.2832045,19.9057312],[78.2756874,19.8753609],[78.2647978,19.8679853],[78.2520209,19.8657061],[78.2439195,19.8719132],[78.2411678,19.8839521],[78.2563197,19.9035599],[78.2557005,19.9166128],[78.250671,19.924349],[78.232267,19.91005],[78.2165439,19.9089168],[78.2042882,19.8984244],[78.1888619,19.8963015],[78.1789182,19.9040282],[78.1424301,19.9105483],[78.1287401,19.8953536],[78.1058665,19.890781],[78.0749557,19.8957068],[78.0616935,19.9091046],[78.0579248,19.92085],[78.0533827,19.9235585],[78.0334784,19.9199316],[78.0145793,19.907705],[77.9989053,19.9114019],[77.967504,19.9054894],[77.9525487,19.9088667],[77.9360573,19.8918164],[77.9250776,19.8905945],[77.9177077,19.8841947],[77.9035581,19.881284],[77.8753408,19.8477841],[77.8703915,19.8335741],[77.8703722,19.8216063],[77.8485547,19.7994241],[77.8518209,19.7851368],[77.863419,19.774072],[77.8592271,19.7466437],[77.8666252,19.7415205],[77.876499,19.7440538],[77.8796405,19.7349985],[77.8918301,19.7256411],[77.8995173,19.7336995],[77.9127481,19.7291423],[77.9293209,19.7384541],[77.9458196,19.7308006],[77.9630113,19.706831],[77.9801519,19.6998911],[77.9826378,19.6919854],[77.980996,19.6809696],[77.9898491,19.6731663],[78.000458,19.6726279],[78.0307899,19.6925006],[78.0472832,19.6907055],[78.0544547,19.6803452],[78.0565874,19.661957],[78.0694901,19.6599263],[78.080166,19.6409307],[78.0873384,19.6369913],[78.0953267,19.6374267],[78.0982412,19.6490449],[78.1053389,19.6559754],[78.1237028,19.6507996],[78.1316994,19.664665],[78.1774033,19.6506437],[78.1964948,19.6157311],[78.1897956,19.5967595],[78.1916659,19.5883176],[78.1848581,19.5762289],[78.1890844,19.5673782],[78.188185,19.5583964],[78.151401,19.5451851],[78.1230959,19.5500347],[78.1192858,19.5452905],[78.134375,19.5297614],[78.1346999,19.5193213],[78.1229607,19.5102761],[78.1188107,19.4928412],[78.1087853,19.4810061],[78.0954713,19.4839273],[78.067539,19.4585889],[78.0439034,19.4744546],[78.0311876,19.4879233],[78.0237257,19.4897103],[78.0188451,19.4880802],[78.0153142,19.4809229],[78.0155784,19.4569599],[78.0099278,19.4531367],[77.993678,19.4541972],[77.9830091,19.4639878],[77.98786,19.4779479],[77.9753232,19.4929489],[77.9708956,19.5089549],[77.954396,19.5118763],[77.9392645,19.4978069],[77.9366325,19.4986566],[77.9351747,19.504696],[77.9148179,19.5172729],[77.9078701,19.5341918],[77.903123,19.5327532],[77.8967154,19.5223432],[77.8914463,19.520878],[77.8883008,19.5171573],[77.8873193,19.5059638],[77.8806617,19.5020781],[77.8777077,19.5037312],[77.8776245,19.5141754],[77.85936,19.5224286],[77.8432871,19.5116353],[77.8420094,19.4878558],[77.838063,19.48383],[77.8275256,19.4827135],[77.8248409,19.4775958],[77.8463881,19.4531047],[77.8376084,19.4494772],[77.8312182,19.4390412],[77.8184663,19.4411736],[77.8128038,19.4582673],[77.8054042,19.4644786],[77.8002508,19.4606774],[77.7987028,19.4500386],[77.7867244,19.449559],[77.7745903,19.4399558],[77.7508419,19.4308971],[77.7438746,19.43207],[77.7408287,19.4377823],[77.7271504,19.4344627],[77.6963341,19.4396591],[77.6951735,19.4566372],[77.7097767,19.4684931],[77.7130224,19.47847],[77.7234876,19.474457],[77.7395338,19.4844384],[77.7341809,19.496739],[77.7477343,19.5053514],[77.7508131,19.5134684],[77.7451381,19.5257068],[77.7267783,19.5320117],[77.7051707,19.5224139],[77.7054215,19.534156],[77.696684,19.5393694],[77.6759915,19.5388272],[77.6512874,19.5495599],[77.6413363,19.5476521],[77.6351452,19.5503331],[77.6320309,19.5572233],[77.6423383,19.5553441],[77.6487065,19.5581771],[77.6376626,19.5947228],[77.6384345,19.6008208],[77.6439807,19.6063355],[77.6383123,19.6103989],[77.6289692,19.6059532],[77.6267156,19.6079881],[77.6265252,19.6235285],[77.6225775,19.6273376],[77.6139791,19.6277046],[77.6124498,19.6329075],[77.6165156,19.637424],[77.6059173,19.6407407],[77.6063984,19.6486193],[77.5980548,19.6422987],[77.5926165,19.6514148],[77.5828442,19.6505998],[77.5790686,19.6572668],[77.5718528,19.6505034],[77.5546572,19.6509304],[77.5516134,19.6602758],[77.5412779,19.6604783],[77.5383377,19.6689161],[77.5280598,19.6682996],[77.5041159,19.6736892],[77.5006791,19.6787083],[77.4831748,19.677243],[77.4754851,19.6834804],[77.4601489,19.6816251],[77.4423946,19.6922516],[77.4494386,19.7001551],[77.438878,19.7244944],[77.4319077,19.7303862],[77.4144214,19.7368089],[77.4103035,19.7454965],[77.3938415,19.7287326],[77.3843997,19.7258154],[77.3799196,19.7311803],[77.381409,19.7389792],[77.3764924,19.7481429],[77.3831122,19.7656782],[77.4002936,19.7664692],[77.4045667,19.7746029],[77.4008581,19.7812837],[77.3776467,19.7868492],[77.3841921,19.8099125],[77.3906536,19.8127691],[77.3876885,19.8231401],[77.3660411,19.8257283],[77.3537666,19.8173547],[77.3446432,19.8253051],[77.3403467,19.8312496],[77.3414958,19.836232],[77.3598832,19.8357385],[77.3517432,19.8498265],[77.3640333,19.8588936],[77.3449357,19.8638843],[77.3435329,19.869212],[77.346492,19.8756965],[77.3325222,19.8781142],[77.3254531,19.8873611],[77.3190318,19.8896493],[77.3077157,19.8826457],[77.2959628,19.8839176],[77.29207,19.8906099],[77.2930725,19.8950051],[77.3123643,19.8943461],[77.3104473,19.9039393],[77.3127927,19.9128657],[77.3066173,19.9143904],[77.292233,19.9033569],[77.2841889,19.9057009],[77.2843977,19.937083],[77.2986011,19.9433526],[77.3032192,19.9532687],[77.303835,19.964651],[77.3219359,19.9592495],[77.3246448,19.9736131],[77.3372091,19.9746387],[77.3363972,19.9903446],[77.3408349,20.0084086],[77.3553395,20.0141036],[77.3543172,20.0202285],[77.3725973,20.0468861],[77.3526123,20.0643439],[77.356195,20.0772378],[77.3684923,20.0881839],[77.3651696,20.0978173],[77.3834518,20.0864954],[77.407792,20.0836744],[77.444882,20.0707964],[77.4613306,20.0694834],[77.4792676,20.0844334],[77.485611,20.0773279],[77.4935466,20.0787477],[77.498688,20.0850896],[77.5248234,20.0980883],[77.5263197,20.0902727],[77.5363926,20.0797363],[77.5411654,20.06909],[77.5501983,20.06551],[77.5549045,20.0474562],[77.5601927,20.0482935],[77.5683572,20.0427727],[77.580374,20.0291721],[77.584616,20.0335256],[77.5900619,20.0320745],[77.5955646,20.0361527],[77.6139853,20.0373603],[77.6152329,20.0403593],[77.6299182,20.0453036],[77.6398119,20.0604212],[77.6404757,20.0737186],[77.654384,20.0804028],[77.6567013,20.0975261],[77.6689342,20.1024369],[77.6703517,20.1198546],[77.6821253,20.1409904],[77.6820186,20.1438233],[77.6740614,20.1472157],[77.679465,20.166688],[77.6664498,20.1728335],[77.6534789,20.1721681],[77.6489995,20.1751552],[77.6493986,20.1850268],[77.6442528,20.186948],[77.6570741,20.2045074],[77.6523085,20.2110519],[77.652948,20.2153797],[77.6655435,20.2466578],[77.6435931,20.2505905],[77.6336505,20.2612632],[77.6103518,20.2641215],[77.6102418,20.2787542],[77.594327,20.2807285],[77.5945653,20.301541],[77.5858632,20.3124458],[77.583808,20.3254594],[77.5753096,20.3308239],[77.5674713,20.3296293],[77.5673352,20.3451803],[77.5688031,20.3598658],[77.5788443,20.3721765],[77.5718692,20.385807],[77.5738924,20.400233],[77.5809324,20.4077696],[77.5835395,20.4169626],[77.5953699,20.4124498],[77.5960814,20.4173578],[77.5901914,20.4292251],[77.5977863,20.4319078],[77.6037584,20.4392309],[77.601644,20.4460079],[77.5977881,20.4475842],[77.6055209,20.455913],[77.6113758,20.4556291],[77.6135783,20.4610281],[77.6428591,20.4503356],[77.6494832,20.4609647],[77.6483747,20.471881],[77.6540313,20.4806391],[77.6556886,20.4945125],[77.6533629,20.4977801],[77.6622537,20.5004424],[77.6669614,20.5169106],[77.6840387,20.5198134],[77.689327,20.5236998],[77.6907119,20.534008],[77.6688633,20.539968],[77.6543855,20.5320269],[77.6442517,20.5319581],[77.6504043,20.5639828],[77.659209,20.5639446],[77.665909,20.5792987],[77.691003,20.5775816],[77.6938298,20.5690759],[77.7043179,20.5649491],[77.7162383,20.5656175],[77.7310166,20.5595978],[77.7412357,20.5613259],[77.7511503,20.5453443],[77.7685838,20.5436552],[77.7700903,20.5388156],[77.7799939,20.5381778],[77.7913863,20.5605003],[77.8037201,20.5640851],[77.810283,20.5838376],[77.82018,20.5810834],[77.8395064,20.5649787],[77.8477758,20.5706627],[77.846202,20.5880098],[77.867429,20.5954659],[77.8674576,20.6110686],[77.8777675,20.6101471],[77.8859578,20.6249663],[77.8948029,20.625829],[77.9164147,20.6075029],[77.917543,20.599463],[77.9138251,20.5908882],[77.9184745,20.5870408],[77.9118051,20.5672733],[77.9146121,20.5644712],[77.925023,20.5666856],[77.922291,20.5599911],[77.9247018,20.5591348],[77.9343174,20.5779647],[77.944963,20.5815457],[77.9492497,20.5797184],[77.9501744,20.5749312],[77.9744801,20.5890508],[77.9777674,20.60529],[77.98574,20.6137212],[77.9895769,20.6126437],[77.9952228,20.62422],[78.0211124,20.6267555],[78.0187491,20.6291465],[78.0261684,20.6331626],[78.0190776,20.6409708],[78.0278421,20.6584032],[78.0359005,20.6592259],[78.038814,20.6664662],[78.0629959,20.6698851],[78.0655252,20.672964],[78.0787084,20.6652613],[78.0838073,20.6720957],[78.0886678,20.6720507],[78.0986213,20.6664269],[78.0995313,20.6630653],[78.0937112,20.6432704],[78.1105125,20.6402883],[78.1124222,20.6478148],[78.129368,20.6474528],[78.1316909,20.6523837],[78.1260061,20.6582184],[78.126891,20.6623929],[78.1312656,20.663895],[78.1568982,20.6567684],[78.1575955,20.6659787],[78.1720335,20.6700109],[78.1792709,20.667803],[78.1822081,20.6779993],[78.2057967,20.6745026],[78.2134645,20.6925492],[78.2273543,20.6930347],[78.2406866,20.6843279],[78.2419093,20.6868387],[78.255217,20.6835986],[78.2588973,20.6978541],[78.2697703,20.6969349]]]}}]}