{"type":"FeatureCollection","features":[{"type":"Feature","geometry":{"type":"Polygon","coordinates":[[[77.15567919287533,20.13239768832297,0],[77.15652877809497,20.13217817687024,0],[77.15674509246429,20.13299021896191,0],[77.15592198362914,20.13315646578532,0],[77.15567919287533,20.13239768832297,0]]]},"properties":{"plotIndex":0,"source":"washim_soyabean.kml"}},{"type":"Feature","geometry":{"type":"Polygon","coordinates":[[[77.15590691475961,20.1332097906578,0],[77.15679394023387,20.13305274635925,0],[77.15713036183078,20.13414245218104,0],[77.15668153551184,20.13407841873241,0],[77.15618448968107,20.13417355684832,0],[77.15590691475961,20.1332097906578,0]]]},"properties":{"plotIndex":1,"source":"washim_soyabean.kml"}},{"type":"Feature","geometry":{"type":"Polygon","coordinates":[[[77.1562234651889,20.13426603594441,0],[77.1570653198833,20.13421707377945,0],[77.15712667499778,20.13473337376982,0],[77.15629302722098,20.13467282748505,0],[77.1562234651889,20.13426603594441,0]]]},"properties":{"plotIndex":2,"source":"washim_soyabean.kml"}},{"type":"Feature","geometry":{"type":"Polygon","coordinates":[[[77.15630668206623,20.1347142010436,0],[77.15705834585943,20.13480079480328,0],[77.15729609283281,20.13488854698548,0],[77.15750040550692,20.13560608953239,0],[77.15663176281106,20.13584104813674,0],[77.15630668206623,20.1347142010436,0]]]},"properties":{"plotIndex":3,"source":"washim_soyabean.kml"}},{"type":"Feature","geometry":{"type":"Polygon","coordinates":[[[77.15664190580422,20.13588068483986,0],[77.15754020418892,20.13563081020781,0],[77.1578883312169,20.13610013783638,0],[77.15684705791692,20.13641118628757,0],[77.15664190580422,20.13588068483986,0]]]},"properties":{"plotIndex":4,"source":"washim_soyabean.kml"}},{"type":"Feature","geometry":{"type":"Polygon","coordinates":[[[77.15581476238339,20.13613150878211,0],[77.15662322866267,20.13588934021195,0],[77.1568169226257,20.13640234515649,0],[77.15605196930495,20.13664518211856,0],[77.15599051251783,20.13666245888997,0],[77.15581476238339,20.13613150878211,0]]]},"properties":{"plotIndex":5,"source":"washim_soyabean.kml"}},{"type":"Feature","geometry":{"type":"Polygon","coordinates":[[[77.15602383230468,20.13668173100131,0],[77.15683532784085,20.1364365779261,0],[77.1579165442958,20.13611445280002,0],[77.15816468696767,20.13636383156105,0],[77.15821768487163,20.13648512529943,0],[77.15823976365911,20.13655448869617,0],[77.15747257706337,20.13683233637743,0],[77.1570410345314,20.13694760039047,0],[77.15626275885754,20.1372825075906,0],[77.15602383230468,20.13668173100131,0]]]},"properties":{"plotIndex":6,"source":"washim_soyabean.kml"}},{"type":"Feature","geometry":{"type":"Polygon","coordinates":[[[77.15623560828165,20.13737228301224,0],[77.15664052266776,20.13719658471958,0],[77.1568274498932,20.13755990373761,0],[77.15643551981438,20.13775405230991,0],[77.15623560828165,20.13737228301224,0]]]},"properties":{"plotIndex":7,"source":"washim_soyabean.kml"}},{"type":"Feature","geometry":{"type":"Polygon","coordinates":[[[77.15664761695452,20.13717998535126,0],[77.15771544313621,20.13677521302044,0],[77.15789803488701,20.13714279653273,0],[77.15684171774666,20.13755182415413,0],[77.15664761695452,20.13717998535126,0]]]},"properties":{"plotIndex":8,"source":"washim_soyabean.kml"}},{"type":"Feature","geometry":{"type":"Polygon","coordinates":[[[77.15776032131484,20.13676871589784,0],[77.15824435101759,20.13658872586657,0],[77.15870728999955,20.13683366906711,0],[77.15793198050434,20.13713015185729,0],[77.15776032131484,20.13676871589784,0]]]},"properties":{"plotIndex":9,"source":"washim_soyabean.kml"}},{"type":"Feature","geometry":{"type":"Polygon","coordinates":[[[77.15641826013088,20.13777015282831,0],[77.15790565830837,20.13716250661926,0],[77.15810122717706,20.13753151620363,0],[77.15659832207608,20.13819529259128,0],[77.15641826013088,20.13777015282831,0]]]},"properties":{"plotIndex":10,"source":"washim_soyabean.kml"}},{"type":"Feature","geometry":{"type":"Polygon","coordinates":[[[77.15792355646592,20.13716014363632,0],[77.1587268334046,20.13684411510212,0],[77.1589991342411,20.13709449249629,0],[77.15812883104793,20.13751928186155,0],[77.15792355646592,20.13716014363632,0]]]},"properties":{"plotIndex":11,"source":"washim_soyabean.kml"}},{"type":"Feature","geometry":{"type":"Polygon","coordinates":[[[77.15897694722148,20.13753172516121,0],[77.15888996571755,20.13732861809115,0],[77.15889903828452,20.137215169058,0],[77.1589830590954,20.13712703608851,0],[77.15908112595199,20.13708601276658,0],[77.15923107529065,20.13706121711609,0],[77.15948760439423,20.13700136870952,0],[77.15949668072605,20.13711579429625,0],[77.1593329180228,20.13725160188203,0],[77.159106815595,20.13743991920788,0],[77.15897694722148,20.13753172516121,0]]]},"properties":{"plotIndex":12,"source":"washim_soyabean.kml"}},{"type":"Feature","geometry":{"type":"Polygon","coordinates":[[[77.1581569959389,20.13769431128589,0],[77.15820539633316,20.13767032007492,0],[77.1582202290357,20.13763720774636,0],[77.15820558974268,20.13760150451083,0],[77.15817952682156,20.13758223016864,0],[77.15811471707921,20.13760547925682,0],[77.15810050831604,20.13754737435416,0],[77.15874802397951,20.13722888923161,0],[77.1588707965534,20.13719021043404,0],[77.15887915131874,20.13733752367692,0],[77.15892117085819,20.1374777652536,0],[77.15896970578738,20.13755093380404,0],[77.15827710960693,20.13792074765124,0],[77.1581569959389,20.13769431128589,0]]]},"properties":{"plotIndex":13,"source":"washim_soyabean.kml"}},{"type":"Feature","geometry":{"type":"Polygon","coordinates":[[[77.15706356999209,20.13799243411037,0],[77.15806482163167,20.13757544754427,0],[77.15826792565473,20.13793363585426,0],[77.15725173352646,20.13839818635499,0],[77.15706356999209,20.13799243411037,0]]]},"properties":{"plotIndex":14,"source":"washim_soyabean.kml"}},{"type":"Feature","geometry":{"type":"Polygon","coordinates":[[[77.15661267193494,20.13821399672945,0],[77.15703649737624,20.13801248293952,0],[77.1572217072606,20.13841790307911,0],[77.15679060803882,20.13862861477341,0],[77.15661267193494,20.13821399672945,0]]]},"properties":{"plotIndex":15,"source":"washim_soyabean.kml"}},{"type":"Feature","geometry":{"type":"Polygon","coordinates":[[[77.15496840342493,20.13490281956902,0],[77.15629205715643,20.1346809890493,0],[77.15662506467724,20.13586969826363,0],[77.15545545754392,20.13620477399618,0],[77.15496840342493,20.13490281956902,0]]]},"properties":{"plotIndex":16,"source":"washim_soyabean.kml"}},{"type":"Feature","geometry":{"type":"Polygon","coordinates":[[[77.15420067229995,20.13358941842788,0],[77.15499392503773,20.13393318149334,0],[77.15568538779556,20.13418663121922,0],[77.15620911122639,20.13436540651229,0],[77.15625065046086,20.13461978147677,0],[77.15460088561187,20.13491508093962,0],[77.15420067229995,20.13358941842788,0]]]},"properties":{"plotIndex":17,"source":"washim_soyabean.kml"}},{"type":"Feature","geometry":{"type":"Polygon","coordinates":[[[77.15533384183958,20.13285191993013,0],[77.15577901445239,20.13276286882736,0],[77.15615399333456,20.13422641648839,0],[77.15569898388767,20.13404732477002,0],[77.15533384183958,20.13285191993013,0]]]},"properties":{"plotIndex":18,"source":"washim_soyabean.kml"}},{"type":"Feature","geometry":{"type":"Polygon","coordinates":[[[77.1549369268867,20.13184334337308,0],[77.15523093677724,20.13175622058095,0],[77.15562978252805,20.1322783473634,0],[77.15565148209,20.13236682804422,0],[77.15570011399858,20.13253743697321,0],[77.15575859533567,20.13273349451973,0],[77.15531303477283,20.13283432608606,0],[77.1549369268867,20.13184334337308,0]]]},"properties":{"plotIndex":19,"source":"washim_soyabean.kml"}},{"type":"Feature","geometry":{"type":"Polygon","coordinates":[[[77.15457450877182,20.13193461611038,0],[77.15492960015669,20.13184740647511,0],[77.15531243925801,20.13284971651825,0],[77.15487695151464,20.13293042203065,0],[77.15457450877182,20.13193461611038,0]]]},"properties":{"plotIndex":20,"source":"washim_soyabean.kml"}},{"type":"Feature","geometry":{"type":"Polygon","coordinates":[[[77.15428861277532,20.13283563808554,0],[77.1542663126512,20.13263588781807,0],[77.15416068848847,20.13199963286464,0],[77.15455761140872,20.13194001506738,0],[77.15477238588188,20.13269056399875,0],[77.15483236234314,20.13295607320224,0],[77.15431989506311,20.13306103317106,0],[77.15428861277532,20.13283563808554,0]]]},"properties":{"plotIndex":21,"source":"washim_soyabean.kml"}},{"type":"Feature","geometry":{"type":"Polygon","coordinates":[[[77.15435635726159,20.13308155193061,0],[77.15486258023681,20.13300959743545,0],[77.1549574540785,20.1337975010583,0],[77.1543932144726,20.13357472464906,0],[77.15435635726159,20.13308155193061,0]]]},"properties":{"plotIndex":22,"source":"washim_soyabean.kml"}},{"type":"Feature","geometry":{"type":"Polygon","coordinates":[[[77.15488530139326,20.13296772547611,0],[77.15531294473625,20.13286639649352,0],[77.15567091303669,20.13403675793112,0],[77.15499891846773,20.13381397023934,0],[77.15488530139326,20.13296772547611,0]]]},"properties":{"plotIndex":23,"source":"washim_soyabean.kml"}},{"type":"Feature","geometry":{"type":"Polygon","coordinates":[[[77.15711752233553,20.13383341532329,0],[77.15803184670251,20.13373112648143,0],[77.1582080946308,20.13456634926625,0],[77.15735875102943,20.1347006966314,0],[77.15711752233553,20.13383341532329,0]]]},"properties":{"plotIndex":24,"source":"washim_soyabean.kml"}},{"type":"Feature","geometry":{"type":"Polygon","coordinates":[[[77.15805339621058,20.13372256388298,0],[77.15918312863559,20.13361633429924,0],[77.15926513681543,20.13439757839293,0],[77.15824032868849,20.13455667553071,0],[77.15805339621058,20.13372256388298,0]]]},"properties":{"plotIndex":25,"source":"washim_soyabean.kml"}},{"type":"Feature","geometry":{"type":"Polygon","coordinates":[[[77.15799402414717,20.13301943153663,0],[77.15909170227614,20.13293428807948,0],[77.1591617922313,20.13357954495658,0],[77.15822705244548,20.13367238608173,0],[77.15799402414717,20.13301943153663,0]]]},"properties":{"plotIndex":26,"source":"washim_soyabean.kml"}},{"type":"Feature","geometry":{"type":"Polygon","coordinates":[[[77.15689087234333,20.13308037990857,0],[77.15796599832117,20.13300699197736,0],[77.15819142432038,20.13367017490183,0],[77.15709739779238,20.13381309775617,0],[77.15689087234333,20.13308037990857,0]]]},"properties":{"plotIndex":27,"source":"washim_soyabean.kml"}},{"type":"Feature","geometry":{"type":"Polygon","coordinates":[[[77.15656703181108,20.13203064476651,0],[77.15701238948768,20.13201829888263,0],[77.15762027333457,20.13198237751468,0],[77.15778805763037,20.1320224817927,0],[77.15789817784547,20.13294279174817,0],[77.15683947506751,20.13302434825562,0],[77.15656703181108,20.13203064476651,0]]]},"properties":{"plotIndex":28,"source":"washim_soyabean.kml"}},{"type":"Feature","geometry":{"type":"Polygon","coordinates":[[[77.15793183429135,20.13297986389558,0],[77.1578204022394,20.13198768640461,0],[77.15896793618039,20.13195038468903,0],[77.15911891562791,20.13287962637823,0],[77.15793183429135,20.13297986389558,0]]]},"properties":{"plotIndex":29,"source":"washim_soyabean.kml"}},{"type":"Feature","geometry":{"type":"Polygon","coordinates":[[[77.1574163676942,20.13119318453728,0],[77.15889387307855,20.13108819257723,0],[77.1589759588569,20.13193188173617,0],[77.15738638631855,20.13194182011837,0],[77.1574163676942,20.13119318453728,0]]]},"properties":{"plotIndex":30,"source":"washim_soyabean.kml"}},{"type":"Feature","geometry":{"type":"Polygon","coordinates":[[[77.15745938667399,20.1311415486989,0],[77.15737623443083,20.13044554603676,0],[77.15883903889272,20.13036405917557,0],[77.15890085378226,20.13106470305274,0],[77.15745938667399,20.1311415486989,0]]]},"properties":{"plotIndex":31,"source":"washim_soyabean.kml"}},{"type":"Feature","geometry":{"type":"Polygon","coordinates":[[[77.1572783474292,20.12964207684739,0],[77.15798271345155,20.12961242592736,0],[77.15798116303473,20.13035770594337,0],[77.15736452223521,20.13037152206775,0],[77.1572783474292,20.12964207684739,0]]]},"properties":{"plotIndex":32,"source":"washim_soyabean.kml"}},{"type":"Feature","geometry":{"type":"Polygon","coordinates":[[[77.15803344249422,20.12962602321781,0],[77.15871894879702,20.12957283937202,0],[77.15883135623471,20.13029988214551,0],[77.15801413587565,20.13037577024226,0],[77.15803344249422,20.12962602321781,0]]]},"properties":{"plotIndex":33,"source":"washim_soyabean.kml"}},{"type":"Feature","geometry":{"type":"Polygon","coordinates":[[[77.15710031609329,20.13936946478947,0],[77.15675545922343,20.138675468118,0],[77.15730316951749,20.13841865792199,0],[77.15761165392621,20.13915634569943,0],[77.15710031609329,20.13936946478947,0]]]},"properties":{"plotIndex":34,"source":"washim_soyabean.kml"}},{"type":"Feature","geometry":{"type":"Polygon","coordinates":[[[77.15615285936138,20.13899649036012,0],[77.15666898384653,20.13870618191967,0],[77.15708337556974,20.13937976301366,0],[77.15659797507155,20.13960801206267,0],[77.15615285936138,20.13899649036012,0]]]},"properties":{"plotIndex":35,"source":"washim_soyabean.kml"}},{"type":"Feature","geometry":{"type":"Polygon","coordinates":[[[77.15558445209874,20.13865526244699,0],[77.15655914870828,20.13819349105403,0],[77.15676887760361,20.1386245289704,0],[77.15583025554466,20.13909932582518,0],[77.15558445209874,20.13865526244699,0]]]},"properties":{"plotIndex":36,"source":"washim_soyabean.kml"}},{"type":"Feature","geometry":{"type":"Polygon","coordinates":[[[77.15533631632805,20.13823579418449,0],[77.15638482723453,20.13777506892285,0],[77.15655671041118,20.13817274452565,0],[77.15556348215871,20.13863057399188,0],[77.15533631632805,20.13823579418449,0]]]},"properties":{"plotIndex":37,"source":"washim_soyabean.kml"}},{"type":"Feature","geometry":{"type":"Polygon","coordinates":[[[77.15405936784163,20.13769589984278,0],[77.15454902494187,20.13755758280672,0],[77.15612766356041,20.13703899954658,0],[77.15624146783284,20.13729555848731,0],[77.15544717566374,20.1376328260585,0],[77.15486587473197,20.13785250865824,0],[77.15411884045683,20.13811959098155,0],[77.15405936784163,20.13769589984278,0]]]},"properties":{"plotIndex":38,"source":"washim_soyabean.kml"}},{"type":"Feature","geometry":{"type":"Polygon","coordinates":[[[77.15386992999478,20.13659481584693,0],[77.15506473483543,20.13633421847877,0],[77.15579455181127,20.13613145430395,0],[77.1561087851,20.13701390513176,0],[77.15406621979635,20.13766534267761,0],[77.15386992999478,20.13659481584693,0]]]},"properties":{"plotIndex":39,"source":"washim_soyabean.kml"}},{"type":"Feature","geometry":{"type":"Polygon","coordinates":[[[77.15309394314181,20.13754870405658,0],[77.1528299421118,20.13696516421003,0],[77.153790771786,20.13665687753397,0],[77.15395862436102,20.13735554407306,0],[77.15309394314181,20.13754870405658,0]]]},"properties":{"plotIndex":40,"source":"washim_soyabean.kml"}},{"type":"Feature","geometry":{"type":"Polygon","coordinates":[[[77.15396224585872,20.13739174638081,0],[77.15426109387451,20.13904402359881,0],[77.15353679177052,20.13821757555695,0],[77.15325592455957,20.13791987780596,0],[77.15308836242882,20.13761023672946,0],[77.15396224585872,20.13739174638081,0]]]},"properties":{"plotIndex":41,"source":"washim_soyabean.kml"}},{"type":"Feature","geometry":{"type":"Polygon","coordinates":[[[77.15283072009676,20.13692188563924,0],[77.15270123120135,20.13654241877452,0],[77.15370303549452,20.13621714924439,0],[77.15383086567212,20.13659239276681,0],[77.15283072009676,20.13692188563924,0]]]},"properties":{"plotIndex":42,"source":"washim_soyabean.kml"}},{"type":"Feature","geometry":{"type":"Polygon","coordinates":[[[77.15250653476342,20.13626335083105,0],[77.15342959569739,20.13543859155498,0],[77.15371994046073,20.13620220402962,0],[77.15264159858138,20.13655388728962,0],[77.15250653476342,20.13626335083105,0]]]},"properties":{"plotIndex":43,"source":"washim_soyabean.kml"}},{"type":"Feature","geometry":{"type":"Polygon","coordinates":[[[77.1534733372774,20.13543894504346,0],[77.15390042858945,20.13522974516075,0],[77.15414049263754,20.13506849698034,0],[77.15494737047358,20.13489185789725,0],[77.15542034724531,20.13619995527951,0],[77.1538801497079,20.13655093672461,0],[77.1534733372774,20.13543894504346,0]]]},"properties":{"plotIndex":44,"source":"washim_soyabean.kml"}},{"type":"Feature","geometry":{"type":"Polygon","coordinates":[[[77.15738123358197,20.13839921647408,0],[77.15863500412584,20.13781766980286,0],[77.15900132444234,20.13851465275937,0],[77.15767193017825,20.13912979764749,0],[77.15738123358197,20.13839921647408,0]]]},"properties":{"plotIndex":45,"source":"washim_soyabean.kml"}},{"type":"Feature","geometry":{"type":"Polygon","coordinates":[[[77.15767264829174,20.13918896597076,0],[77.15868220139512,20.13870946865689,0],[77.15900133398775,20.13924391999369,0],[77.15791253175011,20.1398061299887,0],[77.15767264829174,20.13918896597076,0]]]},"properties":{"plotIndex":46,"source":"washim_soyabean.kml"}},{"type":"Feature","geometry":{"type":"Polygon","coordinates":[[[77.15792705047647,20.13983102385412,0],[77.15879908250837,20.13941059054533,0],[77.15924827217835,20.14032157145844,0],[77.15829239066566,20.14071707388939,0],[77.15792705047647,20.13983102385412,0]]]},"properties":{"plotIndex":47,"source":"washim_soyabean.kml"}},{"type":"Feature","geometry":{"type":"Polygon","coordinates":[[[77.15893433522092,20.13963960633461,0],[77.15904004424306,20.13957857050756,0],[77.1589308457422,20.1393382668561,0],[77.15982794197087,20.13893747497802,0],[77.16037390780517,20.13986414294642,0],[77.15928431113298,20.14031850286706,0],[77.15893433522092,20.13963960633461,0]]]},"properties":{"plotIndex":48,"source":"washim_soyabean.kml"}},{"type":"Feature","geometry":{"type":"Polygon","coordinates":[[[77.15988903033893,20.13894569001361,0],[77.16060016322945,20.13867211594815,0],[77.16105553438497,20.13953398589834,0],[77.160417378918,20.13983321977648,0],[77.15988903033893,20.13894569001361,0]]]},"properties":{"plotIndex":49,"source":"washim_soyabean.kml"}},{"type":"Feature","geometry":{"type":"Polygon","coordinates":[[[77.16064805882144,20.13866259427173,0],[77.16148968144971,20.13825607741136,0],[77.16240048748324,20.13885646939165,0],[77.16109673502751,20.13949901166563,0],[77.16064805882144,20.13866259427173,0]]]},"properties":{"plotIndex":50,"source":"washim_soyabean.kml"}},{"type":"Feature","geometry":{"type":"Polygon","coordinates":[[[77.16075283597102,20.13971439938627,0],[77.16242911020932,20.13889112255457,0],[77.16259395712677,20.13906619600888,0],[77.1628570291967,20.13947064799017,0],[77.16103924904324,20.14022686100033,0],[77.16075283597102,20.13971439938627,0]]]},"properties":{"plotIndex":51,"source":"washim_soyabean.kml"}},{"type":"Feature","geometry":{"type":"Polygon","coordinates":[[[77.1587395975036,20.13866918199639,0],[77.15973900405012,20.13820824298473,0],[77.15967873613339,20.13802746015475,0],[77.1589658183287,20.13837363295427,0],[77.1587018952998,20.13783216508462,0],[77.15952108462986,20.13729811815518,0],[77.15970144972755,20.13755019855624,0],[77.15989765566952,20.13763244506364,0],[77.16008813775989,20.13766723995218,0],[77.16025589688172,20.13777434027384,0],[77.16048468038159,20.13789291144553,0],[77.1607589509767,20.13776527332015,0],[77.16131018689873,20.13812324439884,0],[77.16120368772273,20.13824002154574,0],[77.16057210628624,20.13860573525039,0],[77.15904242772453,20.13924691041086,0],[77.1587395975036,20.13866918199639,0]]]},"properties":{"plotIndex":52,"source":"washim_soyabean.kml"}},{"type":"Feature","geometry":{"type":"Polygon","coordinates":[[[77.15512689195495,20.13151704153885,0],[77.15445740363323,20.13060110431486,0],[77.15601984327641,20.13016835409918,0],[77.15651541643116,20.13214852546065,0],[77.15584841380104,20.1323124603538,0],[77.15580927624224,20.13218091127518,0],[77.155641579045,20.13222623710722,0],[77.15512689195495,20.13151704153885,0]]]},"properties":{"plotIndex":53,"source":"washim_soyabean.kml"}},{"type":"Feature","geometry":{"type":"Polygon","coordinates":[[[77.15462271319542,20.13107361480383,0],[77.15473471419423,20.13104082783505,0],[77.15523683211312,20.13173578029359,0],[77.154949117443,20.1318169896686,0],[77.15462271319542,20.13107361480383,0]]]},"properties":{"plotIndex":54,"source":"washim_soyabean.kml"}},{"type":"Feature","geometry":{"type":"Polygon","coordinates":[[[77.15407860749735,20.13120387123758,0],[77.15459429066797,20.13108556424272,0],[77.15492469387544,20.13182704283427,0],[77.15416939234728,20.13198271606881,0],[77.15407860749735,20.13120387123758,0]]]},"properties":{"plotIndex":55,"source":"washim_soyabean.kml"}},{"type":"Feature","geometry":{"type":"Polygon","coordinates":[[[77.15372057781663,20.13125246723109,0],[77.15405756369269,20.13118281766273,0],[77.15414714033899,20.13199709161212,0],[77.15382047050656,20.13204666715306,0],[77.15372057781663,20.13125246723109,0]]]},"properties":{"plotIndex":56,"source":"washim_soyabean.kml"}},{"type":"Feature","geometry":{"type":"Polygon","coordinates":[[[77.1538297491509,20.13206907675057,0],[77.15414862940979,20.13202118052367,0],[77.15425684171547,20.1327415418034,0],[77.1542876064601,20.13307834766984,0],[77.15432630931689,20.13309000175615,0],[77.15438202203816,20.13355599477978,0],[77.15394025898296,20.13329026284638,0],[77.1538297491509,20.13206907675057,0]]]},"properties":{"plotIndex":57,"source":"washim_soyabean.kml"}},{"type":"Feature","geometry":{"type":"Polygon","coordinates":[[[77.15138127474127,20.13355875987302,0],[77.15270946256734,20.13315698548526,0],[77.15298500445596,20.13406353426457,0],[77.15174702433127,20.13443863470988,0],[77.15138127474127,20.13355875987302,0]]]},"properties":{"plotIndex":58,"source":"washim_soyabean.kml"}},{"type":"Feature","geometry":{"type":"Polygon","coordinates":[[[77.15151261073692,20.13290198527691,0],[77.15127174182575,20.1323979598443,0],[77.15233999609497,20.1322698749324,0],[77.1525024844689,20.1327048957613,0],[77.15151261073692,20.13290198527691,0]]]},"properties":{"plotIndex":59,"source":"washim_soyabean.kml"}},{"type":"Feature","geometry":{"type":"Polygon","coordinates":[[[77.151547334092,20.13292420479496,0],[77.15252532380578,20.13272849019008,0],[77.15268294665215,20.13311204258932,0],[77.15179126393059,20.13338614006305,0],[77.151547334092,20.13292420479496,0]]]},"properties":{"plotIndex":60,"source":"washim_soyabean.kml"}},{"type":"Feature","geometry":{"type":"Polygon","coordinates":[[[77.15136038443761,20.13354204810713,0],[77.15089222565275,20.13249380282608,0],[77.15123822318293,20.13238666755364,0],[77.15178001968276,20.13339113992023,0],[77.15136038443761,20.13354204810713,0]]]},"properties":{"plotIndex":61,"source":"washim_soyabean.kml"}},{"type":"Feature","geometry":{"type":"Polygon","coordinates":[[[77.15066471012663,20.13196959531663,0],[77.15094355033277,20.13188316174558,0],[77.15101163685712,20.13192798623568,0],[77.15106910966274,20.13194791413724,0],[77.15113619814898,20.13194810809395,0],[77.15116605412621,20.13189981276103,0],[77.15117771519292,20.13183108447575,0],[77.15112292209848,20.13176997979981,0],[77.1510148383487,20.13182308434576,0],[77.15064205163281,20.13194236845472,0],[77.15051423629022,20.13154925626682,0],[77.15116963323429,20.13141494832418,0],[77.15230288481735,20.13123393671532,0],[77.15234852854944,20.13216835895827,0],[77.15141630420143,20.13224268071035,0],[77.15085246898269,20.13242733035227,0],[77.15066471012663,20.13196959531663,0]]]},"properties":{"plotIndex":62,"source":"washim_soyabean.kml"}},{"type":"Feature","geometry":{"type":"Polygon","coordinates":[[[77.15091396375249,20.13130494480819,0],[77.15083837350213,20.13119454455626,0],[77.1505489752102,20.13047125753686,0],[77.15145974882435,20.13027028087517,0],[77.15226963162861,20.1301621524216,0],[77.1522976411568,20.13031109662201,0],[77.15233354172065,20.13115628057908,0],[77.15102618477098,20.13139950570449,0],[77.15091396375249,20.13130494480819,0]]]},"properties":{"plotIndex":63,"source":"washim_soyabean.kml"}},{"type":"Feature","geometry":{"type":"Polygon","coordinates":[[[77.15044836147719,20.13101752201693,0],[77.15034753731402,20.13104928329269,0],[77.14987388966276,20.12993958098861,0],[77.15021912387425,20.12985265182523,0],[77.1503922346307,20.13050176618287,0],[77.15052134682504,20.13048717907774,0],[77.15078162012635,20.13118899127458,0],[77.15058010329011,20.13128477991502,0],[77.15044836147719,20.13101752201693,0]]]},"properties":{"plotIndex":64,"source":"washim_soyabean.kml"}},{"type":"Feature","geometry":{"type":"Polygon","coordinates":[[[77.15042559119142,20.13046860949975,0],[77.15023153046928,20.12983058296622,0],[77.14987847009454,20.12990735166637,0],[77.14976046698547,20.12969372436372,0],[77.15082539925638,20.12937543357416,0],[77.15116586637255,20.13028119885227,0],[77.15042559119142,20.13046860949975,0]]]},"properties":{"plotIndex":65,"source":"washim_soyabean.kml"}},{"type":"Feature","geometry":{"type":"Polygon","coordinates":[[[77.15085409581648,20.12937362574022,0],[77.15175986411481,20.12907666710632,0],[77.15223101495607,20.13009098626926,0],[77.15119684082916,20.13027136970111,0],[77.15085409581648,20.12937362574022,0]]]},"properties":{"plotIndex":66,"source":"washim_soyabean.kml"}},{"type":"Feature","geometry":{"type":"Polygon","coordinates":[[[77.14931765357886,20.12859091228572,0],[77.15117184573366,20.12788859715847,0],[77.15169876264997,20.12903819576285,0],[77.14975560341786,20.12967087990351,0],[77.14931765357886,20.12859091228572,0]]]},"properties":{"plotIndex":67,"source":"washim_soyabean.kml"}},{"type":"Feature","geometry":{"type":"Polygon","coordinates":[[[77.14901303251695,20.127800321771,0],[77.1501019675602,20.1273960178277,0],[77.15011489125874,20.12732408633129,0],[77.15065141322229,20.12712167798043,0],[77.15117132623965,20.12787127889883,0],[77.14931969952363,20.12856559130218,0],[77.14901303251695,20.127800321771,0]]]},"properties":{"plotIndex":68,"source":"washim_soyabean.kml"}},{"type":"Feature","geometry":{"type":"Polygon","coordinates":[[[77.1483417421959,20.12607981221324,0],[77.14974135629498,20.12630756604354,0],[77.14988011037256,20.12675659270665,0],[77.14994419779588,20.12702403668607,0],[77.15006563741002,20.12738788607378,0],[77.14899697760637,20.12775954589533,0],[77.1483417421959,20.12607981221324,0]]]},"properties":{"plotIndex":69,"source":"washim_soyabean.kml"}},{"type":"Feature","geometry":{"type":"Polygon","coordinates":[[[77.15007690939129,20.12726838321141,0],[77.14989339888692,20.12657469854312,0],[77.15007054328498,20.1264364839845,0],[77.15038399807656,20.12649356629887,0],[77.15171484507799,20.12670104342204,0],[77.15197997942978,20.12678010426145,0],[77.15237993799502,20.1273535722231,0],[77.15119992818684,20.12786830500615,0],[77.15066311094131,20.12712401623644,0],[77.15059163649147,20.12708648024967,0],[77.15007690939129,20.12726838321141,0]]]},"properties":{"plotIndex":70,"source":"washim_soyabean.kml"}},{"type":"Feature","geometry":{"type":"Polygon","coordinates":[[[77.14970887889037,20.12595392233072,0],[77.15082944455945,20.1255132032712,0],[77.15188644786694,20.12666999953551,0],[77.14978963229643,20.12615864900908,0],[77.14970887889037,20.12595392233072,0]]]},"properties":{"plotIndex":71,"source":"washim_soyabean.kml"}},{"type":"Feature","geometry":{"type":"Polygon","coordinates":[[[77.14941483119117,20.12531706904003,0],[77.15045024612454,20.12484106480485,0],[77.15090872666457,20.12544983269269,0],[77.14968193882791,20.12592145381586,0],[77.14941483119117,20.12531706904003,0]]]},"properties":{"plotIndex":72,"source":"washim_soyabean.kml"}},{"type":"Feature","geometry":{"type":"Polygon","coordinates":[[[77.14909725005288,20.12472491351547,0],[77.14973954171086,20.12393740923724,0],[77.15045112885133,20.1248164080814,0],[77.14939825500082,20.12528343241349,0],[77.14909725005288,20.12472491351547,0]]]},"properties":{"plotIndex":73,"source":"washim_soyabean.kml"}},{"type":"Feature","geometry":{"type":"Polygon","coordinates":[[[77.14836995532701,20.12568981237421,0],[77.14860978035489,20.12537272756655,0],[77.14908092857358,20.12473015276306,0],[77.14975232183151,20.12612981714035,0],[77.1483290881645,20.12592055202602,0],[77.14836995532701,20.12568981237421,0]]]},"properties":{"plotIndex":74,"source":"washim_soyabean.kml"}},{"type":"Feature","geometry":{"type":"Polygon","coordinates":[[[77.15440053518485,20.13052428095776,0],[77.15425273164489,20.13026509312199,0],[77.15593709472134,20.12962998602076,0],[77.15603022999147,20.13009656428404,0],[77.15440053518485,20.13052428095776,0]]]},"properties":{"plotIndex":75,"source":"washim_soyabean.kml"}},{"type":"Feature","geometry":{"type":"Polygon","coordinates":[[[77.15369662377425,20.12931251494483,0],[77.15413309700811,20.12905832034098,0],[77.15477251294541,20.12871048175569,0],[77.1552076913109,20.12988129254413,0],[77.15420801355233,20.13022694406088,0],[77.15369662377425,20.12931251494483,0]]]},"properties":{"plotIndex":76,"source":"washim_soyabean.kml"}},{"type":"Feature","geometry":{"type":"Polygon","coordinates":[[[77.15499219612042,20.12913472125457,0],[77.15578053832084,20.12888402666821,0],[77.15595824884834,20.12958422949131,0],[77.15526294388913,20.12984381434621,0],[77.15499219612042,20.12913472125457,0]]]},"properties":{"plotIndex":77,"source":"washim_soyabean.kml"}},{"type":"Feature","geometry":{"type":"Polygon","coordinates":[[[77.15482825253692,20.12867850287245,0],[77.15567453340002,20.12847022560328,0],[77.15578228078438,20.12884636013738,0],[77.15497413086484,20.12909988857509,0],[77.15482825253692,20.12867850287245,0]]]},"properties":{"plotIndex":78,"source":"washim_soyabean.kml"}},{"type":"Feature","geometry":{"type":"Polygon","coordinates":[[[77.15390252720366,20.12890847448713,0],[77.15362086099324,20.12843240936886,0],[77.15553045237503,20.12796912612852,0],[77.15564547895237,20.12844959135859,0],[77.15390252720366,20.12890847448713,0]]]},"properties":{"plotIndex":79,"source":"washim_soyabean.kml"}},{"type":"Feature","geometry":{"type":"Polygon","coordinates":[[[77.15457576146389,20.12814685859132,0],[77.15425816525087,20.12733976953163,0],[77.15542454270869,20.12719862242231,0],[77.15556615296525,20.12793521723167,0],[77.15457576146389,20.12814685859132,0]]]},"properties":{"plotIndex":80,"source":"washim_soyabean.kml"}},{"type":"Feature","geometry":{"type":"Polygon","coordinates":[[[77.15363667783271,20.12838369309996,0],[77.1533541043897,20.12770601377275,0],[77.15384067155388,20.12750910187155,0],[77.15378606581501,20.127391097888,0],[77.15414758897626,20.12731431016194,0],[77.15455471122803,20.12813681266541,0],[77.15363667783271,20.12838369309996,0]]]},"properties":{"plotIndex":81,"source":"washim_soyabean.kml"}},{"type":"Feature","geometry":{"type":"Polygon","coordinates":[[[77.15579483033193,20.12881133870949,0],[77.15556292903248,20.12800704688746,0],[77.15674263542422,20.12781829809717,0],[77.15688209374983,20.1286123469217,0],[77.15579483033193,20.12881133870949,0]]]},"properties":{"plotIndex":82,"source":"washim_soyabean.kml"}},{"type":"Feature","geometry":{"type":"Polygon","coordinates":[[[77.15580061547605,20.1288243288947,0],[77.15648437477252,20.12872033696303,0],[77.1566512375008,20.1294640185811,0],[77.15598625728182,20.12959791652417,0],[77.15580061547605,20.1288243288947,0]]]},"properties":{"plotIndex":83,"source":"washim_soyabean.kml"}},{"type":"Feature","geometry":{"type":"Polygon","coordinates":[[[77.15650223528965,20.12870842644694,0],[77.15692202444826,20.12862161943797,0],[77.1571028764842,20.12941285181543,0],[77.15669119364439,20.12946071649546,0],[77.15650223528965,20.12870842644694,0]]]},"properties":{"plotIndex":84,"source":"washim_soyabean.kml"}},{"type":"Feature","geometry":{"type":"Polygon","coordinates":[[[77.15596212889332,20.12962631662581,0],[77.15655695119034,20.12954166284904,0],[77.15665292507666,20.12987575944344,0],[77.1560472550428,20.12998281782546,0],[77.15596212889332,20.12962631662581,0]]]},"properties":{"plotIndex":85,"source":"washim_soyabean.kml"}},{"type":"Feature","geometry":{"type":"Polygon","coordinates":[[[77.15604649033925,20.13001844662603,0],[77.15666957099192,20.12989037217075,0],[77.15674810983003,20.13039950807092,0],[77.15616721140661,20.13048888690561,0],[77.15604649033925,20.13001844662603,0]]]},"properties":{"plotIndex":86,"source":"washim_soyabean.kml"}},{"type":"Feature","geometry":{"type":"Polygon","coordinates":[[[77.1567539463496,20.13012712987517,0],[77.15657523554425,20.12951046291552,0],[77.15712933208842,20.12943891471338,0],[77.15719204356319,20.12976846769961,0],[77.15730329406672,20.1303492030986,0],[77.15678808107043,20.13042052872786,0],[77.1567539463496,20.13012712987517,0]]]},"properties":{"plotIndex":87,"source":"washim_soyabean.kml"}},{"type":"Feature","geometry":{"type":"Polygon","coordinates":[[[77.15681895080458,20.13082638847542,0],[77.15679940437433,20.13070996910973,0],[77.15698563152318,20.13068229045472,0],[77.1569548335323,20.13043465909533,0],[77.15729786032674,20.13039013308522,0],[77.15735750580582,20.13078488080772,0],[77.15681895080458,20.13082638847542,0]]]},"properties":{"plotIndex":88,"source":"washim_soyabean.kml"}},{"type":"Feature","geometry":{"type":"Polygon","coordinates":[[[77.15688259696195,20.13121024732861,0],[77.15679762326555,20.13085350145429,0],[77.15734961611999,20.13081361024303,0],[77.15739689216812,20.13117572472862,0],[77.15688259696195,20.13121024732861,0]]]},"properties":{"plotIndex":89,"source":"washim_soyabean.kml"}},{"type":"Feature","geometry":{"type":"Polygon","coordinates":[[[77.1561638691676,20.13051107774136,0],[77.15670596451082,20.13043511994714,0],[77.15684603149053,20.13120654019519,0],[77.1563390043001,20.1312457057029,0],[77.1561638691676,20.13051107774136,0]]]},"properties":{"plotIndex":90,"source":"washim_soyabean.kml"}},{"type":"Feature","geometry":{"type":"Polygon","coordinates":[[[77.15634059072201,20.13129469091932,0],[77.15739190649977,20.13120660131336,0],[77.15732346635608,20.13191092659962,0],[77.15650190171758,20.13195315711148,0],[77.15634059072201,20.13129469091932,0]]]},"properties":{"plotIndex":91,"source":"washim_soyabean.kml"}},{"type":"Feature","geometry":{"type":"Polygon","coordinates":[[[77.15872891880622,20.12948310802911,0],[77.15926221759635,20.12940611712041,0],[77.15931202303868,20.12992543578454,0],[77.15882489365063,20.12999186221022,0],[77.15872891880622,20.12948310802911,0]]]},"properties":{"plotIndex":92,"source":"washim_soyabean.kml"}},{"type":"Feature","geometry":{"type":"Polygon","coordinates":[[[77.15928129357776,20.12946193050221,0],[77.15927841866421,20.12937370849276,0],[77.15914319746675,20.12880259215476,0],[77.15934763328829,20.12880849578016,0],[77.15942751934881,20.12899356777228,0],[77.15953125569749,20.12987991211389,0],[77.15933404377927,20.12990797998204,0],[77.15928129357776,20.12946193050221,0]]]},"properties":{"plotIndex":93,"source":"washim_soyabean.kml"}},{"type":"Feature","geometry":{"type":"Polygon","coordinates":[[[77.15947606658804,20.12921291454178,0],[77.15980628779307,20.12916447706452,0],[77.15982334210173,20.12919626335191,0],[77.15990010694465,20.12985513097331,0],[77.15954877821919,20.1298915232169,0],[77.15947606658804,20.12921291454178,0]]]},"properties":{"plotIndex":94,"source":"washim_soyabean.kml"}},{"type":"Feature","geometry":{"type":"Polygon","coordinates":[[[77.1598220734625,20.12912013452971,0],[77.1601226451602,20.12906743871453,0],[77.16022099918025,20.12981679979148,0],[77.1599168783613,20.12985273959289,0],[77.1598220734625,20.12912013452971,0]]]},"properties":{"plotIndex":95,"source":"washim_soyabean.kml"}},{"type":"Feature","geometry":{"type":"Polygon","coordinates":[[[77.16014581054952,20.12901959744255,0],[77.16150369022161,20.12874921997624,0],[77.16168910791917,20.1295829527281,0],[77.16027960715691,20.12978636227047,0],[77.16014581054952,20.12901959744255,0]]]},"properties":{"plotIndex":96,"source":"washim_soyabean.kml"}},{"type":"Feature","geometry":{"type":"Polygon","coordinates":[[[77.16158094829564,20.12897644027909,0],[77.1624611651173,20.1288501159011,0],[77.16306016360717,20.12926783335451,0],[77.16302978233011,20.12936467756848,0],[77.16171092655233,20.12957190569752,0],[77.16158094829564,20.12897644027909,0]]]},"properties":{"plotIndex":97,"source":"washim_soyabean.kml"}},{"type":"Feature","geometry":{"type":"Polygon","coordinates":[[[77.16321376432126,20.12916345414445,0],[77.16437993745794,20.12903285303418,0],[77.16460801832919,20.1295098657193,0],[77.1638136711679,20.12966727206821,0],[77.16321376432126,20.12916345414445,0]]]},"properties":{"plotIndex":98,"source":"washim_soyabean.kml"}},{"type":"Feature","geometry":{"type":"Polygon","coordinates":[[[77.16382481472391,20.12969837181627,0],[77.16464152765654,20.12952676990064,0],[77.1648569013066,20.13002608124575,0],[77.16432819796407,20.1301423799106,0],[77.16382481472391,20.12969837181627,0]]]},"properties":{"plotIndex":99,"source":"washim_soyabean.kml"}},{"type":"Feature","geometry":{"type":"Polygon","coordinates":[[[77.16436745065357,20.13016025306418,0],[77.1655129247533,20.12989291801264,0],[77.16548488833543,20.13027851420184,0],[77.16457511149486,20.13042758457782,0],[77.16436745065357,20.13016025306418,0]]]},"properties":{"plotIndex":100,"source":"washim_soyabean.kml"}},{"type":"Feature","geometry":{"type":"Polygon","coordinates":[[[77.16464560153513,20.13056737568019,0],[77.1651349096095,20.13097931957633,0],[77.16476718755345,20.13108546526754,0],[77.16464560153513,20.13056737568019,0]]]},"properties":{"plotIndex":101,"source":"washim_soyabean.kml"}},{"type":"Feature","geometry":{"type":"Polygon","coordinates":[[[77.16507833497985,20.13189932470184,0],[77.164958937968,20.13170488703415,0],[77.16485317450449,20.13146430983705,0],[77.16479543454093,20.13110355153513,0],[77.16511946153358,20.13100248493943,0],[77.16515017451933,20.13104345976976,0],[77.1652874375897,20.13121151079046,0],[77.16536173101797,20.13127728300375,0],[77.16563125521805,20.1315313378293,0],[77.16585103462478,20.13175075686792,0],[77.16518479903276,20.13209592152722,0],[77.16507833497985,20.13189932470184,0]]]},"properties":{"plotIndex":102,"source":"washim_soyabean.kml"}},{"type":"Feature","geometry":{"type":"Polygon","coordinates":[[[77.16517185268307,20.1321288755942,0],[77.16584023514841,20.13178277622723,0],[77.16599347650201,20.13188363369177,0],[77.16524979116248,20.13226760629311,0],[77.16517185268307,20.1321288755942,0]]]},"properties":{"plotIndex":103,"source":"washim_soyabean.kml"}},{"type":"Feature","geometry":{"type":"Polygon","coordinates":[[[77.16526278658104,20.13228083056262,0],[77.16598266825751,20.13190740159461,0],[77.16662299435932,20.13244598444075,0],[77.16562503377301,20.13290132441688,0],[77.16526278658104,20.13228083056262,0]]]},"properties":{"plotIndex":104,"source":"washim_soyabean.kml"}},{"type":"Feature","geometry":{"type":"Polygon","coordinates":[[[77.16581171371305,20.13325420261926,0],[77.16561735548056,20.13292911766379,0],[77.16664316143219,20.13245148311827,0],[77.1670154099468,20.13275384263867,0],[77.16601862280797,20.13326318885111,0],[77.16597820504599,20.13318123647674,0],[77.16581171371305,20.13325420261926,0]]]},"properties":{"plotIndex":105,"source":"washim_soyabean.kml"}},{"type":"Feature","geometry":{"type":"Polygon","coordinates":[[[77.1659405082881,20.13332611647977,0],[77.16651062504565,20.1330332920971,0],[77.16706760367809,20.13278713494226,0],[77.16730664952959,20.13300904091199,0],[77.16608057604765,20.13358999523324,0],[77.1659405082881,20.13332611647977,0]]]},"properties":{"plotIndex":106,"source":"washim_soyabean.kml"}},{"type":"Feature","geometry":{"type":"Polygon","coordinates":[[[77.16608063005489,20.13361873220704,0],[77.16732093065549,20.13302991270773,0],[77.1676911350285,20.13325966058145,0],[77.16627988765595,20.13397377287383,0],[77.16608063005489,20.13361873220704,0]]]},"properties":{"plotIndex":107,"source":"washim_soyabean.kml"}},{"type":"Feature","geometry":{"type":"Polygon","coordinates":[[[77.16629042612894,20.13398488606552,0],[77.16770865691743,20.1332803588073,0],[77.16810992922211,20.13358025352604,0],[77.16653127495132,20.13440479578424,0],[77.16629042612894,20.13398488606552,0]]]},"properties":{"plotIndex":108,"source":"washim_soyabean.kml"}},{"type":"Feature","geometry":{"type":"Polygon","coordinates":[[[77.16762358407227,20.13471230432694,0],[77.16835484565657,20.13431441523601,0],[77.16886313824385,20.13496132524758,0],[77.16800255261172,20.13534692773773,0],[77.16762358407227,20.13471230432694,0]]]},"properties":{"plotIndex":109,"source":"washim_soyabean.kml"}},{"type":"Feature","geometry":{"type":"Polygon","coordinates":[[[77.16694828202722,20.13513439200999,0],[77.16762457008014,20.13471530089193,0],[77.16799045933011,20.13536093851033,0],[77.16731355607608,20.13570291413044,0],[77.16694828202722,20.13513439200999,0]]]},"properties":{"plotIndex":110,"source":"washim_soyabean.kml"}},{"type":"Feature","geometry":{"type":"Polygon","coordinates":[[[77.16735929014014,20.13572116850481,0],[77.1680192420111,20.13538171025908,0],[77.1684738973624,20.13600804909399,0],[77.16778143106336,20.13632705461999,0],[77.16735929014014,20.13572116850481,0]]]},"properties":{"plotIndex":111,"source":"washim_soyabean.kml"}},{"type":"Feature","geometry":{"type":"Polygon","coordinates":[[[77.16805419741057,20.13536463294585,0],[77.1688636282736,20.13499542572343,0],[77.16930445981146,20.13557300876269,0],[77.16850886986326,20.13599983958937,0],[77.16805419741057,20.13536463294585,0]]]},"properties":{"plotIndex":112,"source":"washim_soyabean.kml"}},{"type":"Feature","geometry":{"type":"Polygon","coordinates":[[[77.1690686129383,20.1352078507822,0],[77.1682291513199,20.13411939364857,0],[77.16865612025784,20.13392258570403,0],[77.16907349646036,20.13419825161464,0],[77.16967826516387,20.13453075288175,0],[77.17038600666812,20.13494597164071,0],[77.16937117654153,20.13557419413871,0],[77.1690686129383,20.1352078507822,0]]]},"properties":{"plotIndex":113,"source":"washim_soyabean.kml"}},{"type":"Feature","geometry":{"type":"Polygon","coordinates":[[[77.16901600428591,20.1341203718991,0],[77.16907471682005,20.13349922158112,0],[77.1702338902557,20.1339200958285,0],[77.1701484333384,20.13474218104846,0],[77.16901600428591,20.1341203718991,0]]]},"properties":{"plotIndex":114,"source":"washim_soyabean.kml"}},{"type":"Feature","geometry":{"type":"Polygon","coordinates":[[[77.17017042441864,20.13475455389761,0],[77.1702789326768,20.13379619168461,0],[77.17105089830933,20.13384353712303,0],[77.17108169509669,20.1339802914198,0],[77.17146639242183,20.13388957317333,0],[77.171398374574,20.13535692510008,0],[77.1708680378539,20.13514565489139,0],[77.17063679931694,20.13499248734589,0],[77.17017042441864,20.13475455389761,0]]]},"properties":{"plotIndex":115,"source":"washim_soyabean.kml"}},{"type":"Feature","geometry":{"type":"Polygon","coordinates":[[[77.1715033490881,20.13386248712258,0],[77.17235599822914,20.13369632254072,0],[77.17225527809283,20.13564767993561,0],[77.17144730670812,20.13536583142906,0],[77.1715033490881,20.13386248712258,0]]]},"properties":{"plotIndex":116,"source":"washim_soyabean.kml"}},{"type":"Feature","geometry":{"type":"Polygon","coordinates":[[[77.17236110915495,20.13422739677949,0],[77.17241890028968,20.13366702661701,0],[77.17261869897537,20.13356560561567,0],[77.17294881926992,20.13355190868591,0],[77.17270280782134,20.13577352754792,0],[77.17230372107086,20.13566504371278,0],[77.17236110915495,20.13422739677949,0]]]},"properties":{"plotIndex":117,"source":"washim_soyabean.kml"}},{"type":"Feature","geometry":{"type":"Polygon","coordinates":[[[77.17103289915471,20.13284771865328,0],[77.17183453072545,20.13270809938292,0],[77.17300969326192,20.13230555508002,0],[77.17324575922619,20.13341594093571,0],[77.17110502692564,20.13391657490087,0],[77.17103289915471,20.13284771865328,0]]]},"properties":{"plotIndex":118,"source":"washim_soyabean.kml"}},{"type":"Feature","geometry":{"type":"Polygon","coordinates":[[[77.17090933379966,20.13159858181373,0],[77.17157733385889,20.13148553759308,0],[77.1719586265205,20.13251955413971,0],[77.17100534211833,20.13279447934897,0],[77.17090933379966,20.13159858181373,0]]]},"properties":{"plotIndex":119,"source":"washim_soyabean.kml"}},{"type":"Feature","geometry":{"type":"Polygon","coordinates":[[[77.17160721242578,20.13147045255656,0],[77.17249962191529,20.13128377047119,0],[77.17258037169138,20.13147966177243,0],[77.17266214569203,20.13164347832434,0],[77.17283418428354,20.13230223629074,0],[77.17200038416178,20.13250674393274,0],[77.17160721242578,20.13147045255656,0]]]},"properties":{"plotIndex":120,"source":"washim_soyabean.kml"}},{"type":"Feature","geometry":{"type":"Polygon","coordinates":[[[77.17268687874584,20.13162544989146,0],[77.17346143710361,20.13147227847379,0],[77.17366367979646,20.13206925562144,0],[77.17286250303465,20.13229325671267,0],[77.17268687874584,20.13162544989146,0]]]},"properties":{"plotIndex":121,"source":"washim_soyabean.kml"}},{"type":"Feature","geometry":{"type":"Polygon","coordinates":[[[77.17306348615143,20.13232008732864,0],[77.17374575750367,20.13207266926823,0],[77.17418643648254,20.13322234248314,0],[77.17330253515877,20.13343333628947,0],[77.17306348615143,20.13232008732864,0]]]},"properties":{"plotIndex":122,"source":"washim_soyabean.kml"}},{"type":"Feature","geometry":{"type":"Polygon","coordinates":[[[77.17285068622769,20.13492667318722,0],[77.17299034587353,20.13351764135435,0],[77.1736718556592,20.13338209253716,0],[77.17357574999379,20.13449953679598,0],[77.17388018348622,20.13456145000101,0],[77.17321576532383,20.13583941104545,0],[77.17274670432552,20.13579162441951,0],[77.17285068622769,20.13492667318722,0]]]},"properties":{"plotIndex":123,"source":"washim_soyabean.kml"}},{"type":"Feature","geometry":{"type":"Polygon","coordinates":[[[77.17400196588504,20.1345123089282,0],[77.17505046927775,20.13464518559307,0],[77.17424095797746,20.1361426374063,0],[77.17327994778434,20.13586249543804,0],[77.17400196588504,20.1345123089282,0]]]},"properties":{"plotIndex":124,"source":"washim_soyabean.kml"}},{"type":"Feature","geometry":{"type":"Polygon","coordinates":[[[77.17371136387877,20.1333466956898,0],[77.17477239741658,20.13314514454958,0],[77.17467113908353,20.13454419055718,0],[77.17360951478558,20.13444278067398,0],[77.17371136387877,20.1333466956898,0]]]},"properties":{"plotIndex":125,"source":"washim_soyabean.kml"}},{"type":"Feature","geometry":{"type":"Polygon","coordinates":[[[77.17472465019532,20.13396052664609,0],[77.17532996419834,20.13396488497257,0],[77.17505883896142,20.13458702373455,0],[77.17470943282801,20.13455210843546,0],[77.17472465019532,20.13396052664609,0]]]},"properties":{"plotIndex":126,"source":"washim_soyabean.kml"}},{"type":"Feature","geometry":{"type":"Polygon","coordinates":[[[77.17479884100379,20.13311112316241,0],[77.17504655560565,20.13311055408012,0],[77.17495914376194,20.13391010117977,0],[77.1747299640091,20.13391416597163,0],[77.17479884100379,20.13311112316241,0]]]},"properties":{"plotIndex":127,"source":"washim_soyabean.kml"}},{"type":"Feature","geometry":{"type":"Polygon","coordinates":[[[77.17506462937592,20.13304655148745,0],[77.17546879674495,20.13294433904674,0],[77.17551704788647,20.13298450677632,0],[77.17561364425325,20.13347824938311,0],[77.17534380028923,20.1339162121644,0],[77.17499495916239,20.13389412016254,0],[77.17506462937592,20.13304655148745,0]]]},"properties":{"plotIndex":128,"source":"washim_soyabean.kml"}},{"type":"Feature","geometry":{"type":"Polygon","coordinates":[[[77.17523288266601,20.13434348257169,0],[77.17562359481295,20.13355413246538,0],[77.17582841575245,20.13353983304375,0],[77.17616098418854,20.13475493446602,0],[77.17484680338325,20.1350750409221,0],[77.17523288266601,20.13434348257169,0]]]},"properties":{"plotIndex":129,"source":"washim_soyabean.kml"}},{"type":"Feature","geometry":{"type":"Polygon","coordinates":[[[77.17454338048748,20.13563679590583,0],[77.17482687172856,20.1351205422744,0],[77.17563055637301,20.13491420944959,0],[77.17574755748807,20.13552487912851,0],[77.17528831229593,20.13553208736181,0],[77.17454338048748,20.13563679590583,0]]]},"properties":{"plotIndex":130,"source":"washim_soyabean.kml"}},{"type":"Feature","geometry":{"type":"Polygon","coordinates":[[[77.17567031791924,20.1349012162333,0],[77.1761884408494,20.13478423904882,0],[77.17633385830439,20.135377496717,0],[77.17578121263921,20.13548237613899,0],[77.17567031791924,20.1349012162333,0]]]},"properties":{"plotIndex":131,"source":"washim_soyabean.kml"}},{"type":"Feature","geometry":{"type":"Polygon","coordinates":[[[77.17428975595823,20.13613299886964,0],[77.1745391387119,20.13566592360044,0],[77.17575660154105,20.13555901748111,0],[77.17586756097593,20.13618176357077,0],[77.17473668819856,20.13636188020502,0],[77.17428975595823,20.13613299886964,0]]]},"properties":{"plotIndex":132,"source":"washim_soyabean.kml"}},{"type":"Feature","geometry":{"type":"Polygon","coordinates":[[[77.17432863737608,20.1362276024997,0],[77.17552651408067,20.1367050162191,0],[77.17558136038315,20.13699272483736,0],[77.17455374604818,20.13717087531633,0],[77.17432863737608,20.1362276024997,0]]]},"properties":{"plotIndex":133,"source":"washim_soyabean.kml"}},{"type":"Feature","geometry":{"type":"Polygon","coordinates":[[[77.17386049804226,20.13608768179594,0],[77.17430652760906,20.1362192189593,0],[77.17451631915065,20.13707503984126,0],[77.17409990578872,20.13713567294104,0],[77.17386049804226,20.13608768179594,0]]]},"properties":{"plotIndex":134,"source":"washim_soyabean.kml"}},{"type":"Feature","geometry":{"type":"Polygon","coordinates":[[[77.16275893209382,20.13874019392628,0],[77.1642767317031,20.13787671874562,0],[77.16469654178336,20.13865012272541,0],[77.16310125404127,20.1393102018807,0],[77.16275893209382,20.13874019392628,0]]]},"properties":{"plotIndex":135,"source":"washim_soyabean.kml"}},{"type":"Feature","geometry":{"type":"Polygon","coordinates":[[[77.16313767280366,20.13934017261157,0],[77.16494126676857,20.13858662594088,0],[77.16521645165346,20.1390667138555,0],[77.1635558201189,20.13971867056107,0],[77.16313767280366,20.13934017261157,0]]]},"properties":{"plotIndex":136,"source":"washim_soyabean.kml"}},{"type":"Feature","geometry":{"type":"Polygon","coordinates":[[[77.15617276398174,20.11646277567228,0],[77.15709461552997,20.1163180436717,0],[77.15722391151397,20.11685222228883,0],[77.15630942439222,20.11696901448197,0],[77.15617276398174,20.11646277567228,0]]]},"properties":{"plotIndex":137,"source":"washim_soyabean.kml"}},{"type":"Feature","geometry":{"type":"Polygon","coordinates":[[[77.15629522530025,20.11700865655575,0],[77.15723554617475,20.11688056578467,0],[77.15737879506649,20.117381645868,0],[77.15642363160147,20.11760113025018,0],[77.15629522530025,20.11700865655575,0]]]},"properties":{"plotIndex":138,"source":"washim_soyabean.kml"}},{"type":"Feature","geometry":{"type":"Polygon","coordinates":[[[77.15640988385914,20.11762924896499,0],[77.15740108300179,20.11742693315835,0],[77.15755645522108,20.11805828620264,0],[77.15653312589069,20.11821120316052,0],[77.15640988385914,20.11762924896499,0]]]},"properties":{"plotIndex":139,"source":"washim_soyabean.kml"}},{"type":"Feature","geometry":{"type":"Polygon","coordinates":[[[77.15654818133143,20.11825750567648,0],[77.15755881587707,20.11807823654012,0],[77.15769683685723,20.11872202989043,0],[77.15671208062668,20.1189556624529,0],[77.15654818133143,20.11825750567648,0]]]},"properties":{"plotIndex":140,"source":"washim_soyabean.kml"}},{"type":"Feature","geometry":{"type":"Polygon","coordinates":[[[77.15673205625727,20.1189873477838,0],[77.15768832115909,20.11875139795354,0],[77.15772248828581,20.11885650107968,0],[77.15796043345654,20.11988407566368,0],[77.15691719465754,20.11984528486555,0],[77.15673205625727,20.1189873477838,0]]]},"properties":{"plotIndex":141,"source":"washim_soyabean.kml"}},{"type":"Feature","geometry":{"type":"Polygon","coordinates":[[[77.15692336699006,20.11988403614387,0],[77.15772651152413,20.119960527548,0],[77.15763746953873,20.12093693195737,0],[77.15673509499499,20.1209083294749,0],[77.15692336699006,20.11988403614387,0]]]},"properties":{"plotIndex":142,"source":"washim_soyabean.kml"}},{"type":"Feature","geometry":{"type":"Polygon","coordinates":[[[77.15673914847682,20.12093994666025,0],[77.15761450150872,20.12101652208256,0],[77.1574949230988,20.12209721968457,0],[77.15663783813064,20.12180351981864,0],[77.15673914847682,20.12093994666025,0]]]},"properties":{"plotIndex":143,"source":"washim_soyabean.kml"}},{"type":"Feature","geometry":{"type":"Polygon","coordinates":[[[77.15700343575251,20.12197582619118,0],[77.1575331341135,20.12214215179652,0],[77.15753463151027,20.12242540151515,0],[77.15691829695167,20.12234924052327,0],[77.15700343575251,20.12197582619118,0]]]},"properties":{"plotIndex":144,"source":"washim_soyabean.kml"}},{"type":"Feature","geometry":{"type":"Polygon","coordinates":[[[77.15684423761859,20.1228301288935,0],[77.15693778871604,20.12237143454559,0],[77.15753012146821,20.1224395612558,0],[77.15755382241393,20.122813611196,0],[77.15684423761859,20.1228301288935,0]]]},"properties":{"plotIndex":145,"source":"washim_soyabean.kml"}},{"type":"Feature","geometry":{"type":"Polygon","coordinates":[[[77.15656253884322,20.12182195058925,0],[77.1569822195342,20.12197095482016,0],[77.15688232290617,20.12236643134565,0],[77.15692397870961,20.1223847869176,0],[77.15682124886845,20.12284254816398,0],[77.15636544294875,20.12286051918823,0],[77.15656253884322,20.12182195058925,0]]]},"properties":{"plotIndex":146,"source":"washim_soyabean.kml"}},{"type":"Feature","geometry":{"type":"Polygon","coordinates":[[[77.15632119336823,20.12320660042634,0],[77.15638570296619,20.12287585644788,0],[77.15754165415595,20.12282873911493,0],[77.15757474088558,20.12308663277135,0],[77.15716278423666,20.12308958094654,0],[77.15677475042732,20.12312364752389,0],[77.15658891633181,20.12315377796529,0],[77.15632119336823,20.12320660042634,0]]]},"properties":{"plotIndex":147,"source":"washim_soyabean.kml"}},{"type":"Feature","geometry":{"type":"Polygon","coordinates":[[[77.15643344868134,20.1232225478343,0],[77.15709029096656,20.12313920892728,0],[77.15806684003527,20.12306768052879,0],[77.15809593442448,20.12336857838885,0],[77.15654149827249,20.12361790825942,0],[77.15643344868134,20.1232225478343,0]]]},"properties":{"plotIndex":148,"source":"washim_soyabean.kml"}},{"type":"Feature","geometry":{"type":"Polygon","coordinates":[[[77.15705937699218,20.12362149628373,0],[77.15819337410954,20.12337757570563,0],[77.15918324895948,20.12320368990565,0],[77.15927787352904,20.12371135023812,0],[77.15872138981531,20.12374608847999,0],[77.15856807031614,20.12398375252423,0],[77.15828883294849,20.12401322254402,0],[77.15744705264112,20.12437413227086,0],[77.1567134200097,20.1237216570576,0],[77.15705937699218,20.12362149628373,0]]]},"properties":{"plotIndex":149,"source":"washim_soyabean.kml"}},{"type":"Feature","geometry":{"type":"Polygon","coordinates":[[[77.15813899782631,20.12333115247308,0],[77.15808057429923,20.12306035321314,0],[77.15916600591972,20.12306578287389,0],[77.15917115124584,20.12318551573845,0],[77.15813899782631,20.12333115247308,0]]]},"properties":{"plotIndex":150,"source":"washim_soyabean.kml"}},{"type":"Feature","geometry":{"type":"Polygon","coordinates":[[[77.15756107538824,20.1221273676964,0],[77.15905617761553,20.12243906981508,0],[77.15915258632734,20.12304613877553,0],[77.15760274026513,20.12301798058735,0],[77.15756107538824,20.1221273676964,0]]]},"properties":{"plotIndex":151,"source":"washim_soyabean.kml"}},{"type":"Feature","geometry":{"type":"Polygon","coordinates":[[[77.15848232400002,20.12230353085788,0],[77.15846842161811,20.12153868083147,0],[77.15922629228878,20.12164919989777,0],[77.15916558702787,20.12227554207995,0],[77.15892896237106,20.12224984652339,0],[77.15894688113104,20.12236858178337,0],[77.15848232400002,20.12230353085788,0]]]},"properties":{"plotIndex":152,"source":"washim_soyabean.kml"}},{"type":"Feature","geometry":{"type":"Polygon","coordinates":[[[77.15908158052851,20.12241404200262,0],[77.15897153459767,20.12239334133216,0],[77.15896760718245,20.12227482249235,0],[77.15919448710936,20.12229613187115,0],[77.15919638741401,20.12227310480669,0],[77.16022240748079,20.12228385080148,0],[77.1602626991209,20.12269609107891,0],[77.15911804583698,20.12271338227765,0],[77.15908158052851,20.12241404200262,0]]]},"properties":{"plotIndex":153,"source":"washim_soyabean.kml"}},{"type":"Feature","geometry":{"type":"Polygon","coordinates":[[[77.15918402847677,20.1229339176881,0],[77.16020354029115,20.1229018129674,0],[77.16022009030418,20.12362322812753,0],[77.15931734336752,20.12365379451384,0],[77.15918402847677,20.1229339176881,0]]]},"properties":{"plotIndex":154,"source":"washim_soyabean.kml"}},{"type":"Feature","geometry":{"type":"Polygon","coordinates":[[[77.15914194374393,20.12273312526133,0],[77.16022482998989,20.12271130990245,0],[77.16022445175032,20.12288793394229,0],[77.15916675899791,20.1229289776838,0],[77.15914194374393,20.12273312526133,0]]]},"properties":{"plotIndex":155,"source":"washim_soyabean.kml"}},{"type":"Feature","geometry":{"type":"Polygon","coordinates":[[[77.15870782927115,20.1240723606734,0],[77.15872493480856,20.12378402099715,0],[77.16016280660092,20.12371748873185,0],[77.16013543207453,20.1240907696328,0],[77.15870782927115,20.1240723606734,0]]]},"properties":{"plotIndex":156,"source":"washim_soyabean.kml"}},{"type":"Feature","geometry":{"type":"Polygon","coordinates":[[[77.15910808826548,20.12458860190976,0],[77.1590416028903,20.12412003103832,0],[77.15978091360046,20.12411009092482,0],[77.15978138409902,20.12450266487007,0],[77.15910808826548,20.12458860190976,0]]]},"properties":{"plotIndex":157,"source":"washim_soyabean.kml"}},{"type":"Feature","geometry":{"type":"Polygon","coordinates":[[[77.15848287471754,20.12407189865212,0],[77.1586569677929,20.12409397176777,0],[77.15900942760798,20.12408477030353,0],[77.15908125429777,20.1246021536618,0],[77.15794495925466,20.12488722273031,0],[77.15752305719465,20.12447204490268,0],[77.15848287471754,20.12407189865212,0]]]},"properties":{"plotIndex":158,"source":"washim_soyabean.kml"}},{"type":"Feature","geometry":{"type":"Polygon","coordinates":[[[77.15844868992933,20.12478517969145,0],[77.15884271305518,20.12469048645351,0],[77.1597549940188,20.12452338526913,0],[77.15979277246606,20.12475231164598,0],[77.15984544084205,20.12523579192188,0],[77.15984526899508,20.12555151487171,0],[77.15993983557314,20.12585553571085,0],[77.15978903611119,20.12593268976058,0],[77.15970861217122,20.1257727748159,0],[77.15951163116128,20.12582338952912,0],[77.15962469534861,20.12607039147502,0],[77.15937332480166,20.12611792895964,0],[77.15883385703764,20.12571182466486,0],[77.15851335983282,20.12550490715554,0],[77.15798053747567,20.12492544450376,0],[77.15844868992933,20.12478517969145,0]]]},"properties":{"plotIndex":159,"source":"washim_soyabean.kml"}},{"type":"Feature","geometry":{"type":"Polygon","coordinates":[[[77.17344389102898,20.14303409039341,0],[77.17454894903402,20.14273924826932,0],[77.17467456943609,20.1430396869916,0],[77.17399351863422,20.14320313145024,0],[77.17377717786161,20.14324061549298,0],[77.17353822528742,20.14327457619102,0],[77.17344389102898,20.14303409039341,0]]]},"properties":{"plotIndex":160,"source":"washim_soyabean.kml"}},{"type":"Feature","geometry":{"type":"Polygon","coordinates":[[[77.17330704093118,20.14274231168002,0],[77.17441408017172,20.14245079066367,0],[77.17455427126737,20.14271473266714,0],[77.17343192411406,20.1430230436878,0],[77.17330704093118,20.14274231168002,0]]]},"properties":{"plotIndex":161,"source":"washim_soyabean.kml"}},{"type":"Feature","geometry":{"type":"Polygon","coordinates":[[[77.17283097667992,20.14258624919084,0],[77.17426152489719,20.14217705937159,0],[77.17439386708936,20.14243364840234,0],[77.17293543921994,20.14285012688736,0],[77.17283097667992,20.14258624919084,0]]]},"properties":{"plotIndex":162,"source":"washim_soyabean.kml"}},{"type":"Feature","geometry":{"type":"Polygon","coordinates":[[[77.17273168348417,20.14231424756352,0],[77.17415948535528,20.14189052475203,0],[77.1742766338496,20.14215476175066,0],[77.17281487797315,20.14257071148665,0],[77.17273168348417,20.14231424756352,0]]]},"properties":{"plotIndex":163,"source":"washim_soyabean.kml"}},{"type":"Feature","geometry":{"type":"Polygon","coordinates":[[[77.17217571505456,20.14209275821315,0],[77.17361169767756,20.14159829148341,0],[77.17372049315185,20.14200595781249,0],[77.17246667539612,20.14242458065853,0],[77.17241648054974,20.14229729544472,0],[77.17229595788048,20.14232806442948,0],[77.17217571505456,20.14209275821315,0]]]},"properties":{"plotIndex":164,"source":"washim_soyabean.kml"}},{"type":"Feature","geometry":{"type":"Polygon","coordinates":[[[77.17188142394536,20.14181419288411,0],[77.17353437664774,20.14130265633645,0],[77.1736232545349,20.14156768558063,0],[77.17210519969916,20.14210682096323,0],[77.17188142394536,20.14181419288411,0]]]},"properties":{"plotIndex":165,"source":"washim_soyabean.kml"}},{"type":"Feature","geometry":{"type":"Polygon","coordinates":[[[77.1715036892394,20.14127881338032,0],[77.17202631804913,20.14103053937528,0],[77.17243713836471,20.14162128212217,0],[77.17187011073901,20.14179683973593,0],[77.1715036892394,20.14127881338032,0]]]},"properties":{"plotIndex":166,"source":"washim_soyabean.kml"}},{"type":"Feature","geometry":{"type":"Polygon","coordinates":[[[77.17206621301992,20.14102030165959,0],[77.17258145187613,20.14069147992656,0],[77.17297774935403,20.14125308069024,0],[77.17307474869935,20.14140243667334,0],[77.17245999764769,20.14160561942361,0],[77.17206621301992,20.14102030165959,0]]]},"properties":{"plotIndex":167,"source":"washim_soyabean.kml"}},{"type":"Feature","geometry":{"type":"Polygon","coordinates":[[[77.17103944340062,20.14071581619746,0],[77.17167191976435,20.14045768705753,0],[77.17206129014869,20.14097894549614,0],[77.17147372024408,20.14125759712543,0],[77.17103944340062,20.14071581619746,0]]]},"properties":{"plotIndex":168,"source":"washim_soyabean.kml"}},{"type":"Feature","geometry":{"type":"Polygon","coordinates":[[[77.17171682547358,20.14043728865609,0],[77.17224503714444,20.1402265652634,0],[77.17255587046819,20.14066522317957,0],[77.17211923360485,20.14096874181877,0],[77.17171682547358,20.14043728865609,0]]]},"properties":{"plotIndex":169,"source":"washim_soyabean.kml"}},{"type":"Feature","geometry":{"type":"Polygon","coordinates":[[[77.1733805483754,20.13983677799057,0],[77.1735785952129,20.14005406765612,0],[77.17244732999647,20.14042884584405,0],[77.17228208801944,20.14022736091694,0],[77.1733805483754,20.13983677799057,0]]]},"properties":{"plotIndex":170,"source":"washim_soyabean.kml"}},{"type":"Feature","geometry":{"type":"Polygon","coordinates":[[[77.17360170223571,20.1400661910264,0],[77.17375973424767,20.14024344348547,0],[77.17258132392334,20.14066359282912,0],[77.1724345367361,20.14045550158102,0],[77.17360170223571,20.1400661910264,0]]]},"properties":{"plotIndex":171,"source":"washim_soyabean.kml"}},{"type":"Feature","geometry":{"type":"Polygon","coordinates":[[[77.17282288193844,20.14058795159397,0],[77.17378648420728,20.14026333675124,0],[77.17397519023763,20.14046570606735,0],[77.1727493557676,20.1408923224646,0],[77.17260524964576,20.14068240082454,0],[77.17282288193844,20.14058795159397,0]]]},"properties":{"plotIndex":172,"source":"washim_soyabean.kml"}},{"type":"Feature","geometry":{"type":"Polygon","coordinates":[[[77.17398853558883,20.14047632155008,0],[77.17449862492504,20.14102605333538,0],[77.17413754967778,20.14111623998742,0],[77.1731093912882,20.14141992198675,0],[77.17277305514243,20.14091927008345,0],[77.17398853558883,20.14047632155008,0]]]},"properties":{"plotIndex":173,"source":"washim_soyabean.kml"}},{"type":"Feature","geometry":{"type":"Polygon","coordinates":[[[77.17454099243959,20.14102208290942,0],[77.17512015820427,20.14156909670095,0],[77.17432882595881,20.14182677900109,0],[77.17374058152959,20.14199787058023,0],[77.17363793317843,20.14161519077409,0],[77.17366177246049,20.14158570211376,0],[77.17356618293718,20.14129805191363,0],[77.17454099243959,20.14102208290942,0]]]},"properties":{"plotIndex":174,"source":"washim_soyabean.kml"}},{"type":"Feature","geometry":{"type":"Polygon","coordinates":[[[77.1751096953476,20.14157358910433,0],[77.17541108203217,20.14187273495633,0],[77.17432533674621,20.14217485541199,0],[77.1741833201374,20.14189358542601,0],[77.1751096953476,20.14157358910433,0]]]},"properties":{"plotIndex":175,"source":"washim_soyabean.kml"}},{"type":"Feature","geometry":{"type":"Polygon","coordinates":[[[77.1742934954368,20.14220588553171,0],[77.17542610780028,20.1418935077174,0],[77.1757023731219,20.14215989500505,0],[77.17443663271925,20.14244584385954,0],[77.1742934954368,20.14220588553171,0]]]},"properties":{"plotIndex":176,"source":"washim_soyabean.kml"}},{"type":"Feature","geometry":{"type":"Polygon","coordinates":[[[77.17575536081736,20.14216576880428,0],[77.17594875401389,20.14232918276797,0],[77.17453571336344,20.14265212250647,0],[77.17444423706452,20.14247036740654,0],[77.17575536081736,20.14216576880428,0]]]},"properties":{"plotIndex":177,"source":"washim_soyabean.kml"}},{"type":"Feature","geometry":{"type":"Polygon","coordinates":[[[77.17454870290774,20.14266612310128,0],[77.17461872837335,20.14265180223923,0],[77.17597566761843,20.1423362539979,0],[77.17633984020759,20.14272385640698,0],[77.17469608199819,20.14303313202893,0],[77.17454870290774,20.14266612310128,0]]]},"properties":{"plotIndex":178,"source":"washim_soyabean.kml"}},{"type":"Feature","geometry":{"type":"Polygon","coordinates":[[[77.17469128077559,20.1430560808918,0],[77.17501987332028,20.14400918750294,0],[77.17526031609827,20.14469813484035,0],[77.17507065638227,20.14470050447603,0],[77.17483796038971,20.14406635338863,0],[77.17451550828625,20.14309604882868,0],[77.17469128077559,20.1430560808918,0]]]},"properties":{"plotIndex":179,"source":"washim_soyabean.kml"}},{"type":"Feature","geometry":{"type":"Polygon","coordinates":[[[77.17485153737776,20.1430266916943,0],[77.17519815986985,20.14402448286644,0],[77.17529206655183,20.14429786932219,0],[77.17544470552451,20.14470745093147,0],[77.17527811078331,20.14469961531519,0],[77.17495052893283,20.14373834500809,0],[77.17469513444303,20.14304603840332,0],[77.17485153737776,20.1430266916943,0]]]},"properties":{"plotIndex":180,"source":"washim_soyabean.kml"}},{"type":"Feature","geometry":{"type":"Polygon","coordinates":[[[77.17350919975526,20.14331380250171,0],[77.17404851237133,20.14322648564992,0],[77.17443796970157,20.14452350929329,0],[77.17397389841423,20.14464077690832,0],[77.17350919975526,20.14331380250171,0]]]},"properties":{"plotIndex":181,"source":"washim_soyabean.kml"}},{"type":"Feature","geometry":{"type":"Polygon","coordinates":[[[77.17294178660926,20.14287603160586,0],[77.17328958108341,20.14276516422576,0],[77.17351145609888,20.14329033749732,0],[77.17347424462338,20.14330338536537,0],[77.17367893218398,20.14387280031844,0],[77.17353038694155,20.14392468875131,0],[77.17344017495361,20.14370436851438,0],[77.17332657201261,20.14373956116445,0],[77.17322627839282,20.14352023687749,0],[77.17315894745596,20.14338756619767,0],[77.17310477732455,20.14326737208714,0],[77.17300751162583,20.14303187678886,0],[77.17294178660926,20.14287603160586,0]]]},"properties":{"plotIndex":182,"source":"washim_soyabean.kml"}},{"type":"Feature","geometry":{"type":"Polygon","coordinates":[[[77.17190643132608,20.14376970451458,0],[77.17200879686675,20.14399126685944,0],[77.17087046128795,20.14449752373873,0],[77.1707811600254,20.14426964649958,0],[77.17190643132608,20.14376970451458,0]]]},"properties":{"plotIndex":183,"source":"washim_soyabean.kml"}},{"type":"Feature","geometry":{"type":"Polygon","coordinates":[[[77.17074273101002,20.14411498644011,0],[77.1718525837114,20.14364806777715,0],[77.17189170920548,20.14375316306676,0],[77.17076810375212,20.1442633601937,0],[77.17074273101002,20.14411498644011,0]]]},"properties":{"plotIndex":184,"source":"washim_soyabean.kml"}},{"type":"Feature","geometry":{"type":"Polygon","coordinates":[[[77.17153942340657,20.14165634027212,0],[77.17184281440723,20.14208445472457,0],[77.17104394322898,20.14236105315868,0],[77.17083956282075,20.14197935946645,0],[77.17153942340657,20.14165634027212,0]]]},"properties":{"plotIndex":185,"source":"washim_soyabean.kml"}},{"type":"Feature","geometry":{"type":"Polygon","coordinates":[[[77.17116553276873,20.1423257943733,0],[77.17151232353197,20.14221267255614,0],[77.17185009487928,20.14208060203082,0],[77.17197399377982,20.14219351798845,0],[77.17112153552067,20.14248594313742,0],[77.17106537406305,20.14238037083046,0],[77.17116553276873,20.1423257943733,0]]]},"properties":{"plotIndex":186,"source":"washim_soyabean.kml"}},{"type":"Feature","geometry":{"type":"Polygon","coordinates":[[[77.16956934593297,20.14247235215942,0],[77.16989192125986,20.14287563431816,0],[77.16885078856048,20.14328581741857,0],[77.16864328035619,20.14282792302085,0],[77.16905862485415,20.14266082112366,0],[77.16956934593297,20.14247235215942,0]]]},"properties":{"plotIndex":187,"source":"washim_soyabean.kml"}},{"type":"Feature","geometry":{"type":"Polygon","coordinates":[[[77.1700382066077,20.14116032559863,0],[77.17032105993961,20.1417989770081,0],[77.16952010791253,20.14208645591885,0],[77.16930975946457,20.14152811974503,0],[77.1700382066077,20.14116032559863,0]]]},"properties":{"plotIndex":188,"source":"washim_soyabean.kml"}},{"type":"Feature","geometry":{"type":"Polygon","coordinates":[[[77.17087985277972,20.14077652490403,0],[77.17106070929398,20.14098803199503,0],[77.17093619002647,20.14106861594134,0],[77.17101985106041,20.14119847883583,0],[77.17120490001528,20.14111423017689,0],[77.17133797027962,20.14135881088004,0],[77.1703297568196,20.1417687959188,0],[77.17005926152295,20.14115997787965,0],[77.17087985277972,20.14077652490403,0]]]},"properties":{"plotIndex":189,"source":"washim_soyabean.kml"}},{"type":"Feature","geometry":{"type":"Polygon","coordinates":[[[77.16970107206242,20.14038773785384,0],[77.17035394649099,20.14009027869623,0],[77.17091168617718,20.14075314535939,0],[77.17003886154873,20.14113514714247,0],[77.16970107206242,20.14038773785384,0]]]},"properties":{"plotIndex":190,"source":"washim_soyabean.kml"}},{"type":"Feature","geometry":{"type":"Polygon","coordinates":[[[77.16900884806518,20.14071009648179,0],[77.16967225018772,20.14037182050865,0],[77.170034270199,20.14115165897922,0],[77.16929640520132,20.14151879836231,0],[77.16900884806518,20.14071009648179,0]]]},"properties":{"plotIndex":191,"source":"washim_soyabean.kml"}},{"type":"Feature","geometry":{"type":"Polygon","coordinates":[[[77.16896832473161,20.14070454803425,0],[77.16910197708283,20.14111907798397,0],[77.16793524174179,20.14157984211803,0],[77.16777772554303,20.14123431536263,0],[77.16896832473161,20.14070454803425,0]]]},"properties":{"plotIndex":192,"source":"washim_soyabean.kml"}},{"type":"Feature","geometry":{"type":"Polygon","coordinates":[[[77.16910400000737,20.141127718803,0],[77.16924406788904,20.14153636774358,0],[77.16817484808486,20.14197841744518,0],[77.16795055848446,20.14162095030977,0],[77.16910400000737,20.141127718803,0]]]},"properties":{"plotIndex":193,"source":"washim_soyabean.kml"}},{"type":"Feature","geometry":{"type":"Polygon","coordinates":[[[77.16924967125321,20.14157869358673,0],[77.16943781111216,20.14210315210035,0],[77.16849638169991,20.14250778403081,0],[77.1682695734939,20.14200635028077,0],[77.16924967125321,20.14157869358673,0]]]},"properties":{"plotIndex":194,"source":"washim_soyabean.kml"}},{"type":"Feature","geometry":{"type":"Polygon","coordinates":[[[77.16824570800347,20.14202266183202,0],[77.16835160131711,20.1422616566588,0],[77.16735517643252,20.14266119497551,0],[77.16725795782904,20.14241527732175,0],[77.16824570800347,20.14202266183202,0]]]},"properties":{"plotIndex":195,"source":"washim_soyabean.kml"}},{"type":"Feature","geometry":{"type":"Polygon","coordinates":[[[77.16746039459801,20.14283230177655,0],[77.16841273577043,20.14243672688497,0],[77.1684876668476,20.14258380911556,0],[77.16757200510918,20.14293201723905,0],[77.16746039459801,20.14283230177655,0]]]},"properties":{"plotIndex":196,"source":"washim_soyabean.kml"}},{"type":"Feature","geometry":{"type":"Polygon","coordinates":[[[77.16736122822621,20.14267778167389,0],[77.16835686643884,20.14227345132007,0],[77.16841225404349,20.14241765736964,0],[77.1674649333996,20.14282504227965,0],[77.16736122822621,20.14267778167389,0]]]},"properties":{"plotIndex":197,"source":"washim_soyabean.kml"}},{"type":"Feature","geometry":{"type":"Polygon","coordinates":[[[77.16776817777267,20.14313274347528,0],[77.16862686815014,20.14282524466259,0],[77.16882545387578,20.14326533306467,0],[77.16825720576365,20.14346078259856,0],[77.16807887945991,20.14340139776564,0],[77.16792775437796,20.14335432930477,0],[77.16776817777267,20.14313274347528,0]]]},"properties":{"plotIndex":198,"source":"washim_soyabean.kml"}},{"type":"Feature","geometry":{"type":"Polygon","coordinates":[[[77.16874341531926,20.14381902718683,0],[77.17023615677955,20.14326242975158,0],[77.17030501394508,20.14339174065515,0],[77.168859805755,20.14397011080311,0],[77.16874341531926,20.14381902718683,0]]]},"properties":{"plotIndex":199,"source":"washim_soyabean.kml"}},{"type":"Feature","geometry":{"type":"Polygon","coordinates":[[[77.16900037745768,20.14409993512604,0],[77.17039304253004,20.14352015330152,0],[77.170459045446,20.14366527160094,0],[77.16918204253474,20.14419319642568,0],[77.16910747849266,20.1442561412006,0],[77.16900037745768,20.14409993512604,0]]]},"properties":{"plotIndex":200,"source":"washim_soyabean.kml"}},{"type":"Feature","geometry":{"type":"Polygon","coordinates":[[[77.17086252633325,20.14510607550919,0],[77.17107722731436,20.1454581127624,0],[77.17022856052894,20.14584621378653,0],[77.16996134804815,20.14581276727094,0],[77.16982425236999,20.14578188699868,0],[77.16973939535146,20.14565719395875,0],[77.17086252633325,20.14510607550919,0]]]},"properties":{"plotIndex":201,"source":"washim_soyabean.kml"}},{"type":"Feature","geometry":{"type":"Polygon","coordinates":[[[77.16959255710154,20.1453238525548,0],[77.17072976273754,20.14482162215473,0],[77.17077885744962,20.14492724941816,0],[77.17095985792967,20.14484317690602,0],[77.17100350010035,20.14494462236517,0],[77.16968733469177,20.14556561948656,0],[77.16959255710154,20.1453238525548,0]]]},"properties":{"plotIndex":202,"source":"washim_soyabean.kml"}},{"type":"Feature","geometry":{"type":"Polygon","coordinates":[[[77.16757152281228,20.14517954322331,0],[77.16791556978687,20.14578328480099,0],[77.16713656183178,20.14602000283267,0],[77.1669327244465,20.14542819678475,0],[77.16757152281228,20.14517954322331,0]]]},"properties":{"plotIndex":203,"source":"washim_soyabean.kml"}},{"type":"Feature","geometry":{"type":"Polygon","coordinates":[[[77.16794612966642,20.1457898506537,0],[77.16797354925167,20.14574954872679,0],[77.16847693756016,20.14620838900559,0],[77.16746289745173,20.1465613656008,0],[77.16720804074379,20.14603409487116,0],[77.16794612966642,20.1457898506537,0]]]},"properties":{"plotIndex":204,"source":"washim_soyabean.kml"}},{"type":"Feature","geometry":{"type":"Polygon","coordinates":[[[77.16761253209579,20.14521968573252,0],[77.16803393069138,20.14501946936225,0],[77.16901838606137,20.14592448219446,0],[77.16850085986658,20.1461932519924,0],[77.16797105680178,20.14573386258465,0],[77.16791173850191,20.14575185499147,0],[77.16761253209579,20.14521968573252,0]]]},"properties":{"plotIndex":205,"source":"washim_soyabean.kml"}},{"type":"Feature","geometry":{"type":"Polygon","coordinates":[[[77.16549243888218,20.14514966403952,0],[77.16622834604786,20.14491251376879,0],[77.16659161481763,20.14550776228986,0],[77.16586159393509,20.14569863487627,0],[77.16570890610811,20.14570308283027,0],[77.16549243888218,20.14514966403952,0]]]},"properties":{"plotIndex":206,"source":"washim_soyabean.kml"}},{"type":"Feature","geometry":{"type":"Polygon","coordinates":[[[77.16595397996137,20.14600393028286,0],[77.1670264270957,20.14572746260236,0],[77.16712868010401,20.14605253263061,0],[77.1660169056653,20.14633521947085,0],[77.16595397996137,20.14600393028286,0]]]},"properties":{"plotIndex":207,"source":"washim_soyabean.kml"}},{"type":"Feature","geometry":{"type":"Polygon","coordinates":[[[77.16610983321964,20.14661338196195,0],[77.16695027269046,20.14637047638994,0],[77.16704672157375,20.14667078764717,0],[77.16620538496507,20.14690591776058,0],[77.16610983321964,20.14661338196195,0]]]},"properties":{"plotIndex":208,"source":"washim_soyabean.kml"}},{"type":"Feature","geometry":{"type":"Polygon","coordinates":[[[77.16602033127114,20.14634839116482,0],[77.16715133071722,20.14606068343716,0],[77.16741439668755,20.14656115923353,0],[77.16714792422903,20.14664795508027,0],[77.16712359871453,20.1465386271461,0],[77.1670309673497,20.14656835946069,0],[77.16695680890776,20.14635821266265,0],[77.166098169811,20.14659734575244,0],[77.16602033127114,20.14634839116482,0]]]},"properties":{"plotIndex":209,"source":"washim_soyabean.kml"}},{"type":"Feature","geometry":{"type":"Polygon","coordinates":[[[77.16535642023196,20.14652168258156,0],[77.16598149611093,20.14632892401637,0],[77.16619583186366,20.14691606761063,0],[77.16559330255053,20.14708990689468,0],[77.16535642023196,20.14652168258156,0]]]},"properties":{"plotIndex":210,"source":"washim_soyabean.kml"}},{"type":"Feature","geometry":{"type":"Polygon","coordinates":[[[77.16531557011223,20.14650593004579,0],[77.16557175717668,20.14710472040992,0],[77.16476447173541,20.14730334349128,0],[77.16457591240848,20.14672793154643,0],[77.16531557011223,20.14650593004579,0]]]},"properties":{"plotIndex":211,"source":"washim_soyabean.kml"}},{"type":"Feature","geometry":{"type":"Polygon","coordinates":[[[77.16476152105284,20.14733468308171,0],[77.16616738076382,20.14695041508571,0],[77.1663366547696,20.14724262475744,0],[77.1649423122289,20.14770287256907,0],[77.16476152105284,20.14733468308171,0]]]},"properties":{"plotIndex":212,"source":"washim_soyabean.kml"}},{"type":"Feature","geometry":{"type":"Polygon","coordinates":[[[77.16778603595264,20.14679897338838,0],[77.16791728604898,20.14711805993658,0],[77.16647838278236,20.1475136088877,0],[77.1663817220618,20.14723948899848,0],[77.16778603595264,20.14679897338838,0]]]},"properties":{"plotIndex":213,"source":"washim_soyabean.kml"}},{"type":"Feature","geometry":{"type":"Polygon","coordinates":[[[77.16693532752643,20.14801726630608,0],[77.16728168164732,20.14865426804155,0],[77.1662563565841,20.14900246717009,0],[77.16591461183566,20.14841167826229,0],[77.16693532752643,20.14801726630608,0]]]},"properties":{"plotIndex":214,"source":"washim_soyabean.kml"}},{"type":"Feature","geometry":{"type":"Polygon","coordinates":[[[77.16716469486883,20.14873621851586,0],[77.1673215184808,20.14865272202347,0],[77.16740878253313,20.14857484400211,0],[77.16770339245174,20.14914455607627,0],[77.16695836934282,20.14943820449047,0],[77.16627594889877,20.14907003323491,0],[77.16716469486883,20.14873621851586,0]]]},"properties":{"plotIndex":215,"source":"washim_soyabean.kml"}},{"type":"Feature","geometry":{"type":"Polygon","coordinates":[[[77.16698248583077,20.14802264006508,0],[77.16802237532399,20.14769416538239,0],[77.16826956077753,20.14823993927264,0],[77.16748283123687,20.14858128816136,0],[77.16742535039981,20.14855142655722,0],[77.16728927103307,20.14862840368944,0],[77.16698248583077,20.14802264006508,0]]]},"properties":{"plotIndex":216,"source":"washim_soyabean.kml"}},{"type":"Feature","geometry":{"type":"Polygon","coordinates":[[[77.16896349152543,20.14798276436235,0],[77.16925247183597,20.14854149507547,0],[77.1679252176972,20.14908944131258,0],[77.16766438887849,20.14854851536232,0],[77.16896349152543,20.14798276436235,0]]]},"properties":{"plotIndex":217,"source":"washim_soyabean.kml"}},{"type":"Feature","geometry":{"type":"Polygon","coordinates":[[[77.16982854348225,20.14673901092678,0],[77.16996913492066,20.14692339645829,0],[77.16915078027658,20.14729149351071,0],[77.16899435983282,20.14704720273273,0],[77.16982854348225,20.14673901092678,0]]]},"properties":{"plotIndex":218,"source":"washim_soyabean.kml"}},{"type":"Feature","geometry":{"type":"Polygon","coordinates":[[[77.16449771690591,20.14314805910292,0],[77.16462200530614,20.14363091706733,0],[77.16392704589023,20.14384366733545,0],[77.16378832301035,20.14338232702732,0],[77.16449771690591,20.14314805910292,0]]]},"properties":{"plotIndex":219,"source":"washim_soyabean.kml"}},{"type":"Feature","geometry":{"type":"Polygon","coordinates":[[[77.16454781657417,20.14312931450378,0],[77.16546414212215,20.14280623837711,0],[77.16593651698655,20.14315999563581,0],[77.16550109402584,20.14335341002637,0],[77.16465037189127,20.14362067219962,0],[77.16454781657417,20.14312931450378,0]]]},"properties":{"plotIndex":220,"source":"washim_soyabean.kml"}},{"type":"Feature","geometry":{"type":"Polygon","coordinates":[[[77.16546622554668,20.14339019420088,0],[77.16580865435418,20.14322956152554,0],[77.1659621183283,20.14346141916914,0],[77.16615616563622,20.14360251718141,0],[77.16532144162936,20.14385847930207,0],[77.1651843614002,20.14352622584614,0],[77.16514319356988,20.14347232643623,0],[77.16529494505664,20.14342454730787,0],[77.16546622554668,20.14339019420088,0]]]},"properties":{"plotIndex":221,"source":"washim_soyabean.kml"}},{"type":"Feature","geometry":{"type":"Polygon","coordinates":[[[77.16359124097417,20.14446941112056,0],[77.16495500959549,20.14403342142928,0],[77.16525828310455,20.14451910870184,0],[77.16482103575886,20.14466113932809,0],[77.16408803417167,20.14477641152942,0],[77.16371056469794,20.14482517807361,0],[77.16359124097417,20.14446941112056,0]]]},"properties":{"plotIndex":222,"source":"washim_soyabean.kml"}},{"type":"Feature","geometry":{"type":"Polygon","coordinates":[[[77.160367462585,20.14386919701788,0],[77.16171278671152,20.14341247599237,0],[77.16192933416646,20.14395101793242,0],[77.1607043561424,20.1443419755405,0],[77.160367462585,20.14386919701788,0]]]},"properties":{"plotIndex":223,"source":"washim_soyabean.kml"}},{"type":"Feature","geometry":{"type":"Polygon","coordinates":[[[77.16079800167445,20.14461438496946,0],[77.16203936209781,20.14422388514515,0],[77.16227346603425,20.14477952312713,0],[77.16107119583504,20.14510880702026,0],[77.16079800167445,20.14461438496946,0]]]},"properties":{"plotIndex":224,"source":"washim_soyabean.kml"}},{"type":"Feature","geometry":{"type":"Polygon","coordinates":[[[77.1603063713431,20.14386450259688,0],[77.16041849254631,20.14397333908544,0],[77.16084135534155,20.14467716677806,0],[77.15941725124502,20.14535943957149,0],[77.15872711157877,20.14464942171583,0],[77.1603063713431,20.14386450259688,0]]]},"properties":{"plotIndex":225,"source":"washim_soyabean.kml"}},{"type":"Feature","geometry":{"type":"Polygon","coordinates":[[[77.16082969243223,20.14469942081675,0],[77.16109337605648,20.14519502937394,0],[77.15995212083146,20.14568524649581,0],[77.15946675662802,20.14538049074003,0],[77.16082969243223,20.14469942081675,0]]]},"properties":{"plotIndex":226,"source":"washim_soyabean.kml"}},{"type":"Feature","geometry":{"type":"Polygon","coordinates":[[[77.16018122386217,20.14577186378266,0],[77.16117453948786,20.14535559307809,0],[77.16134345629716,20.14560989568217,0],[77.1605362119174,20.14594947417959,0],[77.16018122386217,20.14577186378266,0]]]},"properties":{"plotIndex":227,"source":"washim_soyabean.kml"}},{"type":"Feature","geometry":{"type":"Polygon","coordinates":[[[77.1605502088323,20.14596011237822,0],[77.16131955557748,20.14564864838211,0],[77.16157595119999,20.14611533432422,0],[77.16117084210778,20.14627736305965,0],[77.1605502088323,20.14596011237822,0]]]},"properties":{"plotIndex":228,"source":"washim_soyabean.kml"}},{"type":"Feature","geometry":{"type":"Polygon","coordinates":[[[77.16117056127382,20.14628895800062,0],[77.16160831032943,20.14612419656167,0],[77.1618783158936,20.14674693768907,0],[77.16117056127382,20.14628895800062,0]]]},"properties":{"plotIndex":229,"source":"washim_soyabean.kml"}},{"type":"Feature","geometry":{"type":"Polygon","coordinates":[[[77.16268570783414,20.14606355930179,0],[77.16286704346358,20.14649596637825,0],[77.16198583704325,20.14679337177712,0],[77.16177539487974,20.14640067429961,0],[77.16268570783414,20.14606355930179,0]]]},"properties":{"plotIndex":230,"source":"washim_soyabean.kml"}},{"type":"Feature","geometry":{"type":"Polygon","coordinates":[[[77.16155353615108,20.14593926847409,0],[77.16250356423234,20.14561483448436,0],[77.1627071366434,20.14603930059958,0],[77.16176864534758,20.14638830869075,0],[77.16155353615108,20.14593926847409,0]]]},"properties":{"plotIndex":231,"source":"washim_soyabean.kml"}},{"type":"Feature","geometry":{"type":"Polygon","coordinates":[[[77.16134423498478,20.14554292845311,0],[77.1624951045055,20.14518490787241,0],[77.16267793463356,20.14557332694802,0],[77.16254354587794,20.14562252141934,0],[77.16250916028658,20.14558861708348,0],[77.16152514573677,20.14593504228282,0],[77.16134423498478,20.14554292845311,0]]]},"properties":{"plotIndex":232,"source":"washim_soyabean.kml"}},{"type":"Feature","geometry":{"type":"Polygon","coordinates":[[[77.16108742167285,20.14512928681255,0],[77.16222289865448,20.14481484295908,0],[77.16239934463948,20.1451919974176,0],[77.16133847915681,20.14553279223387,0],[77.16116135691078,20.14525829928038,0],[77.16108742167285,20.14512928681255,0]]]},"properties":{"plotIndex":233,"source":"washim_soyabean.kml"}},{"type":"Feature","geometry":{"type":"Polygon","coordinates":[[[77.16251544046925,20.14511838147673,0],[77.16361773264619,20.14483084466845,0],[77.16381349036524,20.14526004378854,0],[77.16271199377802,20.14558201908485,0],[77.16251544046925,20.14511838147673,0]]]},"properties":{"plotIndex":234,"source":"washim_soyabean.kml"}},{"type":"Feature","geometry":{"type":"Polygon","coordinates":[[[77.16274032164765,20.14605791717178,0],[77.1640068383983,20.14568835403925,0],[77.16423394863114,20.1461477278091,0],[77.16351868245339,20.14633914216817,0],[77.16290702891513,20.14649525736737,0],[77.16274032164765,20.14605791717178,0]]]},"properties":{"plotIndex":235,"source":"washim_soyabean.kml"}},{"type":"Feature","geometry":{"type":"Polygon","coordinates":[[[77.16278835307111,20.14655297040819,0],[77.16299820761543,20.14648972280118,0],[77.16379934926645,20.14631513121669,0],[77.16427038064911,20.1461877353968,0],[77.16443549797388,20.14674477639691,0],[77.16455328033194,20.14676149943122,0],[77.16463293114936,20.14702699499007,0],[77.16315786199553,20.14733362267815,0],[77.16288224601607,20.14674973906341,0],[77.16278835307111,20.14655297040819,0]]]},"properties":{"plotIndex":236,"source":"washim_soyabean.kml"}},{"type":"Feature","geometry":{"type":"Polygon","coordinates":[[[77.16311004474693,20.14738959092885,0],[77.16465446833764,20.14706432472311,0],[77.16503168515582,20.14789669101505,0],[77.16440220215256,20.14808989902619,0],[77.16311004474693,20.14738959092885,0]]]},"properties":{"plotIndex":237,"source":"washim_soyabean.kml"}},{"type":"Feature","geometry":{"type":"Polygon","coordinates":[[[77.17039839460125,20.14876855139835,0],[77.17060291652389,20.14932124247721,0],[77.16931869856415,20.14959566459386,0],[77.169169258216,20.14916979879855,0],[77.17039839460125,20.14876855139835,0]]]},"properties":{"plotIndex":238,"source":"washim_soyabean.kml"}},{"type":"Feature","geometry":{"type":"Polygon","coordinates":[[[77.1702162657034,20.14942342411178,0],[77.17064618713329,20.14933737511014,0],[77.1708915042786,20.1497902649302,0],[77.1703662853728,20.14995407854259,0],[77.1702162657034,20.14942342411178,0]]]},"properties":{"plotIndex":239,"source":"washim_soyabean.kml"}},{"type":"Feature","geometry":{"type":"Polygon","coordinates":[[[77.16974824859308,20.14952323454388,0],[77.17019391168013,20.14942051336881,0],[77.17035666182615,20.14994955213123,0],[77.16997521853384,20.15005925199389,0],[77.16974824859308,20.14952323454388,0]]]},"properties":{"plotIndex":240,"source":"washim_soyabean.kml"}},{"type":"Feature","geometry":{"type":"Polygon","coordinates":[[[77.16932987128598,20.1496253002193,0],[77.16973220076981,20.14953520070132,0],[77.16995227914607,20.15006413015094,0],[77.16953876844707,20.15017599952464,0],[77.16932987128598,20.1496253002193,0]]]},"properties":{"plotIndex":241,"source":"washim_soyabean.kml"}},{"type":"Feature","geometry":{"type":"Polygon","coordinates":[[[77.16955656441827,20.15020359545389,0],[77.17083770128838,20.1498331383932,0],[77.17095146804641,20.15005901469902,0],[77.16977036034737,20.15044671543389,0],[77.16955656441827,20.15020359545389,0]]]},"properties":{"plotIndex":242,"source":"washim_soyabean.kml"}},{"type":"Feature","geometry":{"type":"Polygon","coordinates":[[[77.16981361432673,20.15080873993674,0],[77.17102873299773,20.15025302129643,0],[77.17130882993843,20.15075685679221,0],[77.17028399418423,20.15128103768159,0],[77.16988306494686,20.15110130095407,0],[77.16981361432673,20.15080873993674,0]]]},"properties":{"plotIndex":243,"source":"washim_soyabean.kml"}},{"type":"Feature","geometry":{"type":"Polygon","coordinates":[[[77.17132141472301,20.15077016500403,0],[77.17151109839344,20.15098439237705,0],[77.17143805223326,20.15124925799671,0],[77.1709159982044,20.1516257935778,0],[77.17031623822749,20.1512996835961,0],[77.17132141472301,20.15077016500403,0]]]},"properties":{"plotIndex":244,"source":"washim_soyabean.kml"}},{"type":"Feature","geometry":{"type":"Polygon","coordinates":[[[77.17086715139291,20.15171012027456,0],[77.17149605093866,20.15124866106335,0],[77.17165906045696,20.15209397196891,0],[77.1715498388372,20.15213227386793,0],[77.17103584886151,20.15176436401197,0],[77.17086715139291,20.15171012027456,0]]]},"properties":{"plotIndex":245,"source":"washim_soyabean.kml"}},{"type":"Feature","geometry":{"type":"Polygon","coordinates":[[[77.16709906425696,20.15167633279906,0],[77.16789846585674,20.15153767684682,0],[77.16808870379164,20.15216916610105,0],[77.16686597440456,20.15242647701719,0],[77.16665428442933,20.15176492513693,0],[77.16709906425696,20.15167633279906,0]]]},"properties":{"plotIndex":246,"source":"washim_soyabean.kml"}},{"type":"Feature","geometry":{"type":"Polygon","coordinates":[[[77.16629788168153,20.15278101259628,0],[77.16692491080529,20.1526567841476,0],[77.16688187371355,20.1524337259863,0],[77.1681028480887,20.15217691110371,0],[77.1682440408702,20.15255521197829,0],[77.16829509809725,20.15266314216953,0],[77.16774213122932,20.15334781701839,0],[77.16651943042639,20.15361366047299,0],[77.16629788168153,20.15278101259628,0]]]},"properties":{"plotIndex":247,"source":"washim_soyabean.kml"}},{"type":"Feature","geometry":{"type":"Polygon","coordinates":[[[77.16517353786224,20.1535132847501,0],[77.16637247219568,20.15321117562609,0],[77.166490300769,20.15362546644674,0],[77.16531756762888,20.15388780747255,0],[77.16517353786224,20.1535132847501,0]]]},"properties":{"plotIndex":248,"source":"washim_soyabean.kml"}},{"type":"Feature","geometry":{"type":"Polygon","coordinates":[[[77.16467590156266,20.15217036716942,0],[77.16602212384045,20.15187282140901,0],[77.16628460607689,20.15281576882966,0],[77.16517007624256,20.15309741386753,0],[77.16500811314306,20.15267845098288,0],[77.16491042119266,20.15239741678743,0],[77.16467590156266,20.15217036716942,0]]]},"properties":{"plotIndex":249,"source":"washim_soyabean.kml"}},{"type":"Feature","geometry":{"type":"Polygon","coordinates":[[[77.16403341274852,20.15335327759747,0],[77.16508129469567,20.15311197563371,0],[77.16524643713112,20.15348557140987,0],[77.16513205560126,20.15349576022945,0],[77.1652950163055,20.15385455570985,0],[77.16440266773496,20.1541067216605,0],[77.16403341274852,20.15335327759747,0]]]},"properties":{"plotIndex":250,"source":"washim_soyabean.kml"}},{"type":"Feature","geometry":{"type":"Polygon","coordinates":[[[77.16590716798301,20.15380036284235,0],[77.1665768255064,20.15363438574026,0],[77.16686956298459,20.15503037379573,0],[77.16608520270485,20.15516653099583,0],[77.16596740389365,20.15401904312946,0],[77.16590716798301,20.15380036284235,0]]]},"properties":{"plotIndex":251,"source":"washim_soyabean.kml"}},{"type":"Feature","geometry":{"type":"Polygon","coordinates":[[[77.16413430564481,20.15370377151148,0],[77.16298056493268,20.15396032625528,0],[77.16276148118621,20.15296927943388,0],[77.16485488117485,20.15238504204386,0],[77.16512089847286,20.15307165664766,0],[77.16397249774275,20.15332330635518,0],[77.16413430564481,20.15370377151148,0]]]},"properties":{"plotIndex":252,"source":"washim_soyabean.kml"}},{"type":"Feature","geometry":{"type":"Polygon","coordinates":[[[77.16266715409182,20.15249652348483,0],[77.16442975975964,20.1520007839725,0],[77.16483515962874,20.15237582699601,0],[77.16279060499987,20.15293034035898,0],[77.16266715409182,20.15249652348483,0]]]},"properties":{"plotIndex":253,"source":"washim_soyabean.kml"}},{"type":"Feature","geometry":{"type":"Polygon","coordinates":[[[77.1626005722995,20.15201870332971,0],[77.16406493737635,20.15161308509674,0],[77.16441032923129,20.15196741479997,0],[77.1627086951131,20.15246576302422,0],[77.1626005722995,20.15201870332971,0]]]},"properties":{"plotIndex":254,"source":"washim_soyabean.kml"}},{"type":"Feature","geometry":{"type":"Polygon","coordinates":[[[77.16238554023421,20.15147318512269,0],[77.1636006381101,20.15115331753271,0],[77.16408075867915,20.15159469097699,0],[77.16258693059638,20.15198665807027,0],[77.16238554023421,20.15147318512269,0]]]},"properties":{"plotIndex":255,"source":"washim_soyabean.kml"}},{"type":"Feature","geometry":{"type":"Polygon","coordinates":[[[77.16228436663108,20.15108360397733,0],[77.16320894109002,20.15081737826712,0],[77.16359865824435,20.15113989924321,0],[77.1624105597712,20.15145015022404,0],[77.16228436663108,20.15108360397733,0]]]},"properties":{"plotIndex":256,"source":"washim_soyabean.kml"}},{"type":"Feature","geometry":{"type":"Polygon","coordinates":[[[77.1637791548266,20.15059734160116,0],[77.16491732930993,20.15025394676798,0],[77.16679590270394,20.14959776129603,0],[77.16712818800389,20.14976571367684,0],[77.16644817690862,20.15001388619411,0],[77.1646993254396,20.15061712266396,0],[77.16495847048596,20.15119084045423,0],[77.16403132469614,20.15149093808048,0],[77.163282100266,20.15080798451085,0],[77.1637791548266,20.15059734160116,0]]]},"properties":{"plotIndex":257,"source":"washim_soyabean.kml"}},{"type":"Feature","geometry":{"type":"Polygon","coordinates":[[[77.16677101422638,20.15143225555693,0],[77.16628207188776,20.15073507476979,0],[77.16660635492026,20.15059787694965,0],[77.16676476369489,20.1509308370091,0],[77.16735892690818,20.15070846859529,0],[77.16748886176687,20.15069287852605,0],[77.16779497447575,20.15122467246959,0],[77.16677101422638,20.15143225555693,0]]]},"properties":{"plotIndex":258,"source":"washim_soyabean.kml"}},{"type":"Feature","geometry":{"type":"Polygon","coordinates":[[[77.16572427382596,20.15163051319765,0],[77.16651174512668,20.15149305877392,0],[77.16674114117187,20.15144966527278,0],[77.16780861925751,20.15123834197858,0],[77.16790012467958,20.1514929622071,0],[77.16590935862511,20.15187551312995,0],[77.16572427382596,20.15163051319765,0]]]},"properties":{"plotIndex":259,"source":"washim_soyabean.kml"}},{"type":"Feature","geometry":{"type":"Polygon","coordinates":[[[77.16630035450297,20.15276398618593,0],[77.16606732774864,20.15188170270799,0],[77.16663787510055,20.15174885012343,0],[77.16691558477704,20.15264999689807,0],[77.16630035450297,20.15276398618593,0]]]},"properties":{"plotIndex":260,"source":"washim_soyabean.kml"}},{"type":"Feature","geometry":{"type":"Polygon","coordinates":[[[77.16464650395093,20.15215815698384,0],[77.16404697882321,20.15152122498845,0],[77.16537930619197,20.15107631765133,0],[77.1657529825211,20.15159911005071,0],[77.16569423677815,20.15162463692629,0],[77.16588656905853,20.15187316913759,0],[77.16464650395093,20.15215815698384,0]]]},"properties":{"plotIndex":261,"source":"washim_soyabean.kml"}},{"type":"Feature","geometry":{"type":"Polygon","coordinates":[[[77.16570936765272,20.15070990488907,0],[77.16557354985,20.15034941656161,0],[77.16634844303526,20.1500628879756,0],[77.16652379574667,20.15044262726558,0],[77.16570936765272,20.15070990488907,0]]]},"properties":{"plotIndex":262,"source":"washim_soyabean.kml"}},{"type":"Feature","geometry":{"type":"Polygon","coordinates":[[[77.16665806021959,20.15064135888747,0],[77.16649650081133,20.15035679807787,0],[77.16749248812438,20.15002422275038,0],[77.16760864679445,20.15032410799871,0],[77.16665806021959,20.15064135888747,0]]]},"properties":{"plotIndex":263,"source":"washim_soyabean.kml"}},{"type":"Feature","geometry":{"type":"Polygon","coordinates":[[[77.16757161749565,20.14982962927806,0],[77.16727558180126,20.14968109933426,0],[77.16912986153557,20.14894699591043,0],[77.16915889528138,20.14920491610536,0],[77.16757161749565,20.14982962927806,0]]]},"properties":{"plotIndex":264,"source":"washim_soyabean.kml"}},{"type":"Feature","geometry":{"type":"Polygon","coordinates":[[[77.16776824505708,20.14995021711375,0],[77.16924188968162,20.14944650363122,0],[77.16935006148395,20.1497657522148,0],[77.16816440818889,20.15016985387413,0],[77.16776824505708,20.14995021711375,0]]]},"properties":{"plotIndex":265,"source":"washim_soyabean.kml"}},{"type":"Feature","geometry":{"type":"Polygon","coordinates":[[[77.1681684855462,20.15019053553038,0],[77.16935480786516,20.14979868926217,0],[77.16950691596399,20.15020801164446,0],[77.1685836328466,20.1503713984982,0],[77.1681684855462,20.15019053553038,0]]]},"properties":{"plotIndex":266,"source":"washim_soyabean.kml"}},{"type":"Feature","geometry":{"type":"Polygon","coordinates":[[[77.16863781186551,20.15040236498723,0],[77.16954767741456,20.15023291824286,0],[77.16985374992741,20.15103844687784,0],[77.16967800097736,20.15096990981468,0],[77.16913722084199,20.15067125885282,0],[77.16863781186551,20.15040236498723,0]]]},"properties":{"plotIndex":267,"source":"washim_soyabean.kml"}},{"type":"Feature","geometry":{"type":"Polygon","coordinates":[[[77.16771301957652,20.15500232834792,0],[77.16762554942504,20.15354382506223,0],[77.1679051471322,20.15320012564868,0],[77.16833014585886,20.15266982677318,0],[77.17009833493174,20.15211396303923,0],[77.17037761070829,20.15289699679224,0],[77.17004914200147,20.15313724696917,0],[77.16990067198824,20.15332132659508,0],[77.16995403716903,20.15348778068877,0],[77.16942818048726,20.15393191347534,0],[77.16939070414469,20.1541682445078,0],[77.1690976629156,20.15422786948382,0],[77.16880194342258,20.15446256938278,0],[77.16843552672657,20.1546864464371,0],[77.16771301957652,20.15500232834792,0]]]},"properties":{"plotIndex":268,"source":"washim_soyabean.kml"}},{"type":"Feature","geometry":{"type":"Polygon","coordinates":[[[77.16660743754016,20.15365386382628,0],[77.16756621930426,20.15346975974445,0],[77.16766948715765,20.15495411281731,0],[77.16691905155052,20.15502323867516,0],[77.16660743754016,20.15365386382628,0]]]},"properties":{"plotIndex":269,"source":"washim_soyabean.kml"}},{"type":"Feature","geometry":{"type":"Polygon","coordinates":[[[77.16430452811183,20.15484782958757,0],[77.16473133603421,20.15477472972056,0],[77.16490994587917,20.15555008499339,0],[77.16445779262777,20.15561633061625,0],[77.16430452811183,20.15484782958757,0]]]},"properties":{"plotIndex":270,"source":"washim_soyabean.kml"}},{"type":"Feature","geometry":{"type":"Polygon","coordinates":[[[77.16433187011543,20.15481999539122,0],[77.16413799998539,20.15408710132947,0],[77.16433246087848,20.15406642938296,0],[77.16437951602329,20.15417180745217,0],[77.16526992445476,20.15387626382442,0],[77.16547626564733,20.15469343680818,0],[77.16481202798943,20.15479015241169,0],[77.16481152040606,20.15473451801801,0],[77.16433187011543,20.15481999539122,0]]]},"properties":{"plotIndex":271,"source":"washim_soyabean.kml"}},{"type":"Feature","geometry":{"type":"Polygon","coordinates":[[[77.16472295363262,20.15691617272114,0],[77.16442757957022,20.1565763658549,0],[77.1658474726316,20.15610336668248,0],[77.16594224203634,20.15649389694317,0],[77.16472295363262,20.15691617272114,0]]]},"properties":{"plotIndex":272,"source":"washim_soyabean.kml"}},{"type":"Feature","geometry":{"type":"Polygon","coordinates":[[[77.16540164675993,20.15717214207062,0],[77.16576562372845,20.1571040169027,0],[77.16598944733194,20.15803596571718,0],[77.16566198764849,20.15810342527396,0],[77.16540164675993,20.15717214207062,0]]]},"properties":{"plotIndex":273,"source":"washim_soyabean.kml"}},{"type":"Feature","geometry":{"type":"Polygon","coordinates":[[[77.16496162686944,20.15713817495646,0],[77.16485322420627,20.15698898279111,0],[77.16599177901522,20.15665405769969,0],[77.16605217373363,20.15682861070572,0],[77.16496162686944,20.15713817495646,0]]]},"properties":{"plotIndex":274,"source":"washim_soyabean.kml"}},{"type":"Feature","geometry":{"type":"Polygon","coordinates":[[[77.16333335555902,20.15784747256678,0],[77.16310852214761,20.15667830175713,0],[77.16344564593379,20.1565208557169,0],[77.1635295394362,20.15627365972184,0],[77.16364185580488,20.15624112355303,0],[77.16393628364045,20.15792570466345,0],[77.16346033824387,20.15801435360722,0],[77.16333335555902,20.15784747256678,0]]]},"properties":{"plotIndex":275,"source":"washim_soyabean.kml"}},{"type":"Feature","geometry":{"type":"Polygon","coordinates":[[[77.16256057643656,20.15768051379096,0],[77.1625181457996,20.15751134963099,0],[77.1624330465801,20.15699031887952,0],[77.16236045759022,20.15669795773101,0],[77.16217696677259,20.15630181363851,0],[77.16249582481056,20.15635197027462,0],[77.16281628092996,20.15630440991613,0],[77.162863027865,20.15638108629538,0],[77.16283870593833,20.15658223941142,0],[77.16305939957647,20.15785254761148,0],[77.16279488876118,20.15772370825427,0],[77.16257281361045,20.15771911219871,0],[77.16256057643656,20.15768051379096,0]]]},"properties":{"plotIndex":276,"source":"washim_soyabean.kml"}},{"type":"Feature","geometry":{"type":"Polygon","coordinates":[[[77.16165839319282,20.15883687617195,0],[77.16157169424191,20.15784587954033,0],[77.16247802874265,20.15782881537717,0],[77.16288903143538,20.15791426251968,0],[77.16289781591918,20.15863135765203,0],[77.16165839319282,20.15883687617195,0]]]},"properties":{"plotIndex":277,"source":"washim_soyabean.kml"}},{"type":"Feature","geometry":{"type":"Polygon","coordinates":[[[77.16292238213349,20.15795898872487,0],[77.16302620945095,20.15796089694396,0],[77.163333162459,20.15791524891606,0],[77.16343682625403,20.15800059153677,0],[77.16353601287663,20.15867925958617,0],[77.16326656528993,20.15860196115417,0],[77.16295088548672,20.15862434772369,0],[77.16292238213349,20.15795898872487,0]]]},"properties":{"plotIndex":278,"source":"washim_soyabean.kml"}},{"type":"Feature","geometry":{"type":"Polygon","coordinates":[[[77.15858937356151,20.15800020307883,0],[77.15890839742612,20.15799871027551,0],[77.15921429309469,20.15776687645215,0],[77.15940299619129,20.15778071341501,0],[77.15961330238231,20.1593127507831,0],[77.1586839508124,20.15950654263626,0],[77.15858937356151,20.15800020307883,0]]]},"properties":{"plotIndex":279,"source":"washim_soyabean.kml"}},{"type":"Feature","geometry":{"type":"Polygon","coordinates":[[[77.15767961079743,20.16043473701167,0],[77.15758829534582,20.15968564131132,0],[77.1586495226782,20.15953848575718,0],[77.15864798518744,20.16033919172903,0],[77.15767961079743,20.16043473701167,0]]]},"properties":{"plotIndex":280,"source":"washim_soyabean.kml"}},{"type":"Feature","geometry":{"type":"Polygon","coordinates":[[[77.15635566466764,20.15919921788312,0],[77.15631972213488,20.15833111615091,0],[77.15857841429822,20.15795104420652,0],[77.15860685934899,20.15883330483314,0],[77.15635566466764,20.15919921788312,0]]]},"properties":{"plotIndex":281,"source":"washim_soyabean.kml"}},{"type":"Feature","geometry":{"type":"Polygon","coordinates":[[[77.15544930552427,20.15820132936516,0],[77.1551679005111,20.1578846890289,0],[77.15610572259139,20.1577049235118,0],[77.15627450848028,20.15802638742989,0],[77.15544930552427,20.15820132936516,0]]]},"properties":{"plotIndex":282,"source":"washim_soyabean.kml"}},{"type":"Feature","geometry":{"type":"Polygon","coordinates":[[[77.1550822713229,20.15786547647926,0],[77.15496092927182,20.15743797048766,0],[77.15593638680858,20.15741583075434,0],[77.15609250632608,20.15768690508795,0],[77.1550822713229,20.15786547647926,0]]]},"properties":{"plotIndex":283,"source":"washim_soyabean.kml"}},{"type":"Feature","geometry":{"type":"Polygon","coordinates":[[[77.1549430631648,20.15740814334158,0],[77.15481665397995,20.15699835046114,0],[77.15564894289129,20.1570382773815,0],[77.15593821963549,20.15705519214582,0],[77.15597975270553,20.15740237846218,0],[77.1549430631648,20.15740814334158,0]]]},"properties":{"plotIndex":284,"source":"washim_soyabean.kml"}},{"type":"Feature","geometry":{"type":"Polygon","coordinates":[[[77.15463226813095,20.15490780592047,0],[77.155221419649,20.15486206259038,0],[77.15524860584705,20.1554287108853,0],[77.15470339844944,20.15546985101014,0],[77.15463226813095,20.15490780592047,0]]]},"properties":{"plotIndex":285,"source":"washim_soyabean.kml"}},{"type":"Feature","geometry":{"type":"Polygon","coordinates":[[[77.1545950197859,20.1548719508297,0],[77.15453206016026,20.15404537103591,0],[77.15511628408868,20.153991525253,0],[77.15521039291887,20.15482489301965,0],[77.1545950197859,20.1548719508297,0]]]},"properties":{"plotIndex":286,"source":"washim_soyabean.kml"}},{"type":"Feature","geometry":{"type":"Polygon","coordinates":[[[77.15522684495096,20.15482657849213,0],[77.15512379785523,20.15399844611374,0],[77.15563640388905,20.15392958984852,0],[77.15566507859457,20.1539355345536,0],[77.15579017893555,20.15479512282098,0],[77.15522684495096,20.15482657849213,0]]]},"properties":{"plotIndex":287,"source":"washim_soyabean.kml"}},{"type":"Feature","geometry":{"type":"Polygon","coordinates":[[[77.15527637922484,20.15541946120297,0],[77.15522664104114,20.15486220747439,0],[77.15577978191622,20.15482180730532,0],[77.15586040069792,20.15537895683821,0],[77.15527637922484,20.15541946120297,0]]]},"properties":{"plotIndex":288,"source":"washim_soyabean.kml"}},{"type":"Feature","geometry":{"type":"Polygon","coordinates":[[[77.15589255699412,20.15538502162769,0],[77.15580590290112,20.15482459290112,0],[77.15632970836853,20.1547854891014,0],[77.1563806342038,20.15540321865495,0],[77.15589255699412,20.15538502162769,0]]]},"properties":{"plotIndex":289,"source":"washim_soyabean.kml"}},{"type":"Feature","geometry":{"type":"Polygon","coordinates":[[[77.15638244271847,20.15519866121169,0],[77.15634914092496,20.15478530663346,0],[77.15680686356073,20.15474235106386,0],[77.15677787420567,20.15518809282996,0],[77.15638244271847,20.15519866121169,0]]]},"properties":{"plotIndex":290,"source":"washim_soyabean.kml"}},{"type":"Feature","geometry":{"type":"Polygon","coordinates":[[[77.15569195014449,20.15394475327035,0],[77.15626511351165,20.1538924830334,0],[77.1563433547949,20.15476799841777,0],[77.15581412313433,20.15479957608904,0],[77.15569195014449,20.15394475327035,0]]]},"properties":{"plotIndex":291,"source":"washim_soyabean.kml"}},{"type":"Feature","geometry":{"type":"Polygon","coordinates":[[[77.15628898462512,20.15389595286814,0],[77.15684345981457,20.15386804631629,0],[77.15681482183699,20.15472388607591,0],[77.15637381782332,20.15475936475553,0],[77.15628898462512,20.15389595286814,0]]]},"properties":{"plotIndex":292,"source":"washim_soyabean.kml"}},{"type":"Feature","geometry":{"type":"Polygon","coordinates":[[[77.15760624656514,20.15377796615625,0],[77.15750839074326,20.15274249715966,0],[77.1582212110749,20.15262763680402,0],[77.1584109044759,20.15364826090583,0],[77.15760624656514,20.15377796615625,0]]]},"properties":{"plotIndex":293,"source":"washim_soyabean.kml"}},{"type":"Feature","geometry":{"type":"Polygon","coordinates":[[[77.1586069991175,20.15429756035915,0],[77.15848912425928,20.15413587700547,0],[77.15845998101132,20.15387834223511,0],[77.15836779363843,20.15326003588239,0],[77.15940933214395,20.15303437531351,0],[77.15970873540975,20.15409951246419,0],[77.1586069991175,20.15429756035915,0]]]},"properties":{"plotIndex":294,"source":"washim_soyabean.kml"}},{"type":"Feature","geometry":{"type":"Polygon","coordinates":[[[77.1597452833205,20.15412974238106,0],[77.15942595943905,20.15299649041716,0],[77.16030298345119,20.15278444486994,0],[77.1603799333416,20.15322690862344,0],[77.1605216531956,20.15321417956963,0],[77.16074533923425,20.15396822321226,0],[77.1597452833205,20.15412974238106,0]]]},"properties":{"plotIndex":295,"source":"washim_soyabean.kml"}},{"type":"Feature","geometry":{"type":"Polygon","coordinates":[[[77.1607813740215,20.15396687332462,0],[77.1605451052629,20.15320328166285,0],[77.1613421392104,20.15296507191863,0],[77.16158745412034,20.15375011002636,0],[77.1607813740215,20.15396687332462,0]]]},"properties":{"plotIndex":296,"source":"washim_soyabean.kml"}},{"type":"Feature","geometry":{"type":"Polygon","coordinates":[[[77.15916332577171,20.15237187517093,0],[77.1590457026999,20.15180609321745,0],[77.16003333083897,20.1517735582125,0],[77.16054154589204,20.1517159240741,0],[77.16085402182156,20.15162241500999,0],[77.16102467500902,20.15210010186142,0],[77.1604914544075,20.15218161117336,0],[77.15978694180512,20.15236040999251,0],[77.15936482153988,20.15238375731237,0],[77.15916332577171,20.15237187517093,0]]]},"properties":{"plotIndex":297,"source":"washim_soyabean.kml"}},{"type":"Feature","geometry":{"type":"Polygon","coordinates":[[[77.16094962230817,20.14819135365408,0],[77.16036578734223,20.14723232615046,0],[77.16174254053104,20.14683603181629,0],[77.16279775201734,20.1474543044196,0],[77.16094962230817,20.14819135365408,0]]]},"properties":{"plotIndex":298,"source":"washim_soyabean.kml"}},{"type":"Feature","geometry":{"type":"Polygon","coordinates":[[[77.16035038041966,20.14721524768694,0],[77.15997170821163,20.14666598476112,0],[77.16073420485893,20.14637060598307,0],[77.16165791505,20.14680102950596,0],[77.16035038041966,20.14721524768694,0]]]},"properties":{"plotIndex":299,"source":"washim_soyabean.kml"}},{"type":"Feature","geometry":{"type":"Polygon","coordinates":[[[77.15992809371161,20.14663526935765,0],[77.15965694526442,20.14624588764614,0],[77.16013709983028,20.14601501766082,0],[77.160763477671,20.1463252550909,0],[77.15992809371161,20.14663526935765,0]]]},"properties":{"plotIndex":300,"source":"washim_soyabean.kml"}},{"type":"Feature","geometry":{"type":"Polygon","coordinates":[[[77.15850907833133,20.14701511245319,0],[77.15776342328583,20.14562500283757,0],[77.15898330600298,20.14520353040103,0],[77.15954131415575,20.14611008461148,0],[77.15977680355978,20.14653340705219,0],[77.15850907833133,20.14701511245319,0]]]},"properties":{"plotIndex":301,"source":"washim_soyabean.kml"}},{"type":"Feature","geometry":{"type":"Polygon","coordinates":[[[77.1576260062053,20.14734330246657,0],[77.1574310420955,20.14687921665169,0],[77.15715847879606,20.14698661999624,0],[77.15669048633401,20.14618818714463,0],[77.15771291238424,20.14562683360659,0],[77.15845072552636,20.14700480028763,0],[77.1576260062053,20.14734330246657,0]]]},"properties":{"plotIndex":302,"source":"washim_soyabean.kml"}},{"type":"Feature","geometry":{"type":"Polygon","coordinates":[[[77.15912933984998,20.14682690030628,0],[77.15957878578413,20.14662818478358,0],[77.1601044341961,20.1475215896048,0],[77.15962110076231,20.14769323139917,0],[77.15912933984998,20.14682690030628,0]]]},"properties":{"plotIndex":303,"source":"washim_soyabean.kml"}},{"type":"Feature","geometry":{"type":"Polygon","coordinates":[[[77.15898647700567,20.14792413206978,0],[77.15850093695876,20.14705056518067,0],[77.15885126285305,20.14688002726968,0],[77.15937216102535,20.14776303521052,0],[77.15898647700567,20.14792413206978,0]]]},"properties":{"plotIndex":304,"source":"washim_soyabean.kml"}},{"type":"Feature","geometry":{"type":"Polygon","coordinates":[[[77.15929300223546,20.14786188090824,0],[77.15976439845478,20.14768973807285,0],[77.16010652903701,20.14847013595498,0],[77.15963036465708,20.14865588440437,0],[77.15929300223546,20.14786188090824,0]]]},"properties":{"plotIndex":305,"source":"washim_soyabean.kml"}},{"type":"Feature","geometry":{"type":"Polygon","coordinates":[[[77.15977681433021,20.14766138434932,0],[77.1602170018801,20.14754428197194,0],[77.16061160591137,20.148311053419,0],[77.16015142476908,20.14849554056221,0],[77.15977681433021,20.14766138434932,0]]]},"properties":{"plotIndex":306,"source":"washim_soyabean.kml"}},{"type":"Feature","geometry":{"type":"Polygon","coordinates":[[[77.15651930529489,20.15125865424749,0],[77.15630285909921,20.15031457491138,0],[77.15721617864467,20.15020914256667,0],[77.15746753829943,20.15173838429202,0],[77.1565987425879,20.15176109225809,0],[77.15651930529489,20.15125865424749,0]]]},"properties":{"plotIndex":307,"source":"washim_soyabean.kml"}},{"type":"Feature","geometry":{"type":"Polygon","coordinates":[[[77.15658655874117,20.14994597316209,0],[77.1565293041945,20.14948722939326,0],[77.15755224677214,20.14935176846786,0],[77.15767395906101,20.14980903999291,0],[77.15658655874117,20.14994597316209,0]]]},"properties":{"plotIndex":308,"source":"washim_soyabean.kml"}},{"type":"Feature","geometry":{"type":"Polygon","coordinates":[[[77.15652446053929,20.14943503504709,0],[77.15645226728438,20.1488122547715,0],[77.15730488712119,20.14853242727456,0],[77.15752001695562,20.1493146448261,0],[77.15652446053929,20.14943503504709,0]]]},"properties":{"plotIndex":309,"source":"washim_soyabean.kml"}},{"type":"Feature","geometry":{"type":"Polygon","coordinates":[[[77.16331403336459,20.14294698642532,0],[77.1630711721934,20.14219031514898,0],[77.16479865616596,20.14154439501917,0],[77.16516397953174,20.14233969933476,0],[77.16331403336459,20.14294698642532,0]]]},"properties":{"plotIndex":310,"source":"washim_soyabean.kml"}},{"type":"Feature","geometry":{"type":"Polygon","coordinates":[[[77.16320645473338,20.14211902766104,0],[77.1627283845322,20.14125563178778,0],[77.16361131623097,20.14090322027266,0],[77.1640847441659,20.14177360733842,0],[77.16320645473338,20.14211902766104,0]]]},"properties":{"plotIndex":311,"source":"washim_soyabean.kml"}},{"type":"Feature","geometry":{"type":"Polygon","coordinates":[[[77.16129816983934,20.14074158857799,0],[77.16104161007495,20.14025411677549,0],[77.16290771262689,20.13947084118669,0],[77.16331635378955,20.13993609810231,0],[77.16229294872798,20.14029422136446,0],[77.16150091313024,20.14064236778696,0],[77.16129816983934,20.14074158857799,0]]]},"properties":{"plotIndex":312,"source":"washim_soyabean.kml"}},{"type":"Feature","geometry":{"type":"Polygon","coordinates":[[[77.16023675343865,20.12983798522305,0],[77.16104639749538,20.12972078234578,0],[77.16112749083179,20.13092107970113,0],[77.160379922546,20.13091550215558,0],[77.16023675343865,20.12983798522305,0]]]},"properties":{"plotIndex":313,"source":"washim_soyabean.kml"}},{"type":"Feature","geometry":{"type":"Polygon","coordinates":[[[77.16119743851505,20.13092089213213,0],[77.16108420646084,20.12970831265391,0],[77.16297060221774,20.12939931441866,0],[77.16245516819458,20.13090197186522,0],[77.16119743851505,20.13092089213213,0]]]},"properties":{"plotIndex":314,"source":"washim_soyabean.kml"}},{"type":"Feature","geometry":{"type":"Polygon","coordinates":[[[77.16230186650452,20.13149854203812,0],[77.16256656988975,20.13059592452431,0],[77.16314725172825,20.13043122521207,0],[77.16414025395933,20.13016477869333,0],[77.16443568707578,20.13060635864466,0],[77.16455292131705,20.13096972653063,0],[77.1645841943942,20.13116083996633,0],[77.16444344821284,20.13126306356592,0],[77.16421507338876,20.13135714409828,0],[77.16387201756082,20.13145564300584,0],[77.16364741164305,20.13141232287487,0],[77.16335953350728,20.13146676167372,0],[77.16309943819942,20.13143780885732,0],[77.16263730251825,20.13147806470952,0],[77.16230186650452,20.13149854203812,0]]]},"properties":{"plotIndex":315,"source":"washim_soyabean.kml"}},{"type":"Feature","geometry":{"type":"Polygon","coordinates":[[[77.162634840545,20.1305138444854,0],[77.16296146233621,20.12951531868094,0],[77.16308486680508,20.12934109085259,0],[77.16379452411633,20.12992195685879,0],[77.16406848564712,20.13013839946936,0],[77.1629077921876,20.13046098312322,0],[77.162634840545,20.1305138444854,0]]]},"properties":{"plotIndex":316,"source":"washim_soyabean.kml"}},{"type":"Feature","geometry":{"type":"Polygon","coordinates":[[[77.16051005000902,20.13282737265034,0],[77.16043906402166,20.13178340023718,0],[77.16227295233534,20.13149852204005,0],[77.16210734214089,20.13253843438171,0],[77.16051005000902,20.13282737265034,0]]]},"properties":{"plotIndex":317,"source":"washim_soyabean.kml"}},{"type":"Feature","geometry":{"type":"Polygon","coordinates":[[[77.16044198904441,20.13174112495787,0],[77.16036546984215,20.13096712343245,0],[77.16112587784181,20.13093801289694,0],[77.16116164985489,20.13164007565829,0],[77.16044198904441,20.13174112495787,0]]]},"properties":{"plotIndex":318,"source":"washim_soyabean.kml"}},{"type":"Feature","geometry":{"type":"Polygon","coordinates":[[[77.16115147115616,20.13093541157556,0],[77.1618411528888,20.13093825813518,0],[77.16242755010543,20.13093589318941,0],[77.16227580346114,20.13147028858616,0],[77.1611979901219,20.131645695137,0],[77.16115147115616,20.13093541157556,0]]]},"properties":{"plotIndex":319,"source":"washim_soyabean.kml"}},{"type":"Feature","geometry":{"type":"Polygon","coordinates":[[[77.15957672719534,20.13625663791588,0],[77.16011659735084,20.13624680792418,0],[77.160067870985,20.13576549198413,0],[77.16044020446056,20.13571046336663,0],[77.16046572384677,20.13648375886261,0],[77.16060520665418,20.13675276016779,0],[77.16059625425642,20.13720137034809,0],[77.16046138339493,20.13729282996833,0],[77.16028827442842,20.13717746351684,0],[77.16002456306327,20.13703058739694,0],[77.15975722131053,20.13680788930057,0],[77.15966670938155,20.13672223704875,0],[77.15957672719534,20.13625663791588,0]]]},"properties":{"plotIndex":320,"source":"washim_soyabean.kml"}},{"type":"Feature","geometry":{"type":"Polygon","coordinates":[[[77.16085655315028,20.13756279297139,0],[77.16078509430234,20.13733434077369,0],[77.1607738907972,20.13710513934226,0],[77.16073216702274,20.13678286089399,0],[77.16114537611263,20.13674174728768,0],[77.16135779242947,20.13780650987226,0],[77.16085655315028,20.13756279297139,0]]]},"properties":{"plotIndex":321,"source":"washim_soyabean.kml"}},{"type":"Feature","geometry":{"type":"Polygon","coordinates":[[[77.17318577450344,20.14646400733309,0],[77.1736016478306,20.14630441382402,0],[77.17389878473443,20.14728902994514,0],[77.1735535229726,20.14736172069119,0],[77.17318577450344,20.14646400733309,0]]]},"properties":{"plotIndex":322,"source":"washim_soyabean.kml"}},{"type":"Feature","geometry":{"type":"Polygon","coordinates":[[[77.17213707461244,20.14688484693254,0],[77.17316505470625,20.14645350703106,0],[77.17326782058909,20.14669192038198,0],[77.17226571647377,20.14707178635309,0],[77.17213707461244,20.14688484693254,0]]]},"properties":{"plotIndex":323,"source":"washim_soyabean.kml"}},{"type":"Feature","geometry":{"type":"Polygon","coordinates":[[[77.17341382278217,20.14557786034112,0],[77.17332016777408,20.14497027023753,0],[77.17380941954451,20.1448982688331,0],[77.1738467101599,20.14500879732872,0],[77.17391911226535,20.14513599266651,0],[77.17392207661534,20.1452108721395,0],[77.1739385543596,20.14530593346216,0],[77.17403713769434,20.145283684151,0],[77.17410777335039,20.14571106247816,0],[77.17351417115509,20.14593754211706,0],[77.17341382278217,20.14557786034112,0]]]},"properties":{"plotIndex":324,"source":"washim_soyabean.kml"}},{"type":"Feature","geometry":{"type":"Polygon","coordinates":[[[77.17254277496657,20.14530303466211,0],[77.17329556052528,20.14499794746363,0],[77.17338490484853,20.14548380968625,0],[77.17340661319083,20.14565382575756,0],[77.17350609215899,20.14595782630532,0],[77.17300890440524,20.14613664772278,0],[77.17254277496657,20.14530303466211,0]]]},"properties":{"plotIndex":325,"source":"washim_soyabean.kml"}},{"type":"Feature","geometry":{"type":"Polygon","coordinates":[[[77.17102815407333,20.14500887926754,0],[77.1722323263396,20.14447233796536,0],[77.17239089330802,20.14484736020801,0],[77.17123818996214,20.14537681251188,0],[77.17102815407333,20.14500887926754,0]]]},"properties":{"plotIndex":326,"source":"washim_soyabean.kml"}},{"type":"Feature","geometry":{"type":"Polygon","coordinates":[[[77.17139241015165,20.14562854806993,0],[77.17240932531334,20.1451980533454,0],[77.17299180786723,20.14619171738298,0],[77.17195166547127,20.14665583788338,0],[77.17139241015165,20.14562854806993,0]]]},"properties":{"plotIndex":327,"source":"washim_soyabean.kml"}},{"type":"Feature","geometry":{"type":"Polygon","coordinates":[[[77.17862478872023,20.14070433014459,0],[77.17938784761276,20.14038829500658,0],[77.18014079645931,20.14202210269798,0],[77.17947172668777,20.14224759868017,0],[77.17862478872023,20.14070433014459,0]]]},"properties":{"plotIndex":328,"source":"washim_soyabean.kml"}},{"type":"Feature","geometry":{"type":"Polygon","coordinates":[[[77.17836956111285,20.14187795777559,0],[77.1791268522419,20.14165901247988,0],[77.17960233396492,20.1426116714652,0],[77.17881456321274,20.14283623768348,0],[77.17836956111285,20.14187795777559,0]]]},"properties":{"plotIndex":329,"source":"washim_soyabean.kml"}},{"type":"Feature","geometry":{"type":"Polygon","coordinates":[[[77.17808729884393,20.14307675949066,0],[77.17959768740171,20.14263389647898,0],[77.17974553997182,20.14303204037842,0],[77.17827752310825,20.1435242888207,0],[77.17808729884393,20.14307675949066,0]]]},"properties":{"plotIndex":330,"source":"washim_soyabean.kml"}},{"type":"Feature","geometry":{"type":"Polygon","coordinates":[[[77.18093503306345,20.14223047963472,0],[77.18179401264739,20.14225432452878,0],[77.18216181543696,20.14354534497078,0],[77.18136695215873,20.14358873642821,0],[77.18093503306345,20.14223047963472,0]]]},"properties":{"plotIndex":331,"source":"washim_soyabean.kml"}},{"type":"Feature","geometry":{"type":"Polygon","coordinates":[[[77.18176438906188,20.14223640674072,0],[77.18146001718043,20.14139116743375,0],[77.18208680652126,20.14124563569369,0],[77.18241310706446,20.14222227969159,0],[77.18176438906188,20.14223640674072,0]]]},"properties":{"plotIndex":332,"source":"washim_soyabean.kml"}},{"type":"Feature","geometry":{"type":"Polygon","coordinates":[[[77.17820988659382,20.13731972485848,0],[77.1790190354693,20.13714805797249,0],[77.17971794724204,20.13874677894945,0],[77.17847231593092,20.13826380956932,0],[77.17820988659382,20.13731972485848,0]]]},"properties":{"plotIndex":333,"source":"washim_soyabean.kml"}},{"type":"Feature","geometry":{"type":"Polygon","coordinates":[[[77.17708213356119,20.13753954475036,0],[77.17817914195938,20.13731600280464,0],[77.17842448107783,20.13821768932869,0],[77.17804479371017,20.1381147900053,0],[77.17773366910417,20.13799126209224,0],[77.17747062117274,20.13786877892176,0],[77.17732074172969,20.13774301678794,0],[77.17708213356119,20.13753954475036,0]]]},"properties":{"plotIndex":334,"source":"washim_soyabean.kml"}},{"type":"Feature","geometry":{"type":"Polygon","coordinates":[[[77.17631583291985,20.13874424659908,0],[77.17589844733439,20.1368880334827,0],[77.17639065619436,20.137124603684,0],[77.1772375659894,20.13771026609973,0],[77.17755994488769,20.13864249385932,0],[77.17664931742725,20.13888463667411,0],[77.17662921285694,20.13873126234277,0],[77.17631583291985,20.13874424659908,0]]]},"properties":{"plotIndex":335,"source":"washim_soyabean.kml"}},{"type":"Feature","geometry":{"type":"Polygon","coordinates":[[[77.17606006718698,20.13906887876859,0],[77.17755058711428,20.13866399863747,0],[77.17775590094159,20.13906576871616,0],[77.17622563373143,20.13949651736547,0],[77.17606006718698,20.13906887876859,0]]]},"properties":{"plotIndex":336,"source":"washim_soyabean.kml"}},{"type":"Feature","geometry":{"type":"Polygon","coordinates":[[[77.17629927496301,20.13984502005592,0],[77.17794225808342,20.13942201056467,0],[77.17811420993246,20.13976660263706,0],[77.17650741021454,20.1401683776989,0],[77.17629927496301,20.13984502005592,0]]]},"properties":{"plotIndex":337,"source":"washim_soyabean.kml"}},{"type":"Feature","geometry":{"type":"Polygon","coordinates":[[[77.1639914059177,20.13647770805957,0],[77.16388682152025,20.13607026751411,0],[77.16386628923534,20.13566603104855,0],[77.16455784585453,20.13537837917352,0],[77.16486338762398,20.1363497964126,0],[77.16408594137351,20.1366947354624,0],[77.1639914059177,20.13647770805957,0]]]},"properties":{"plotIndex":338,"source":"washim_soyabean.kml"}},{"type":"Feature","geometry":{"type":"Polygon","coordinates":[[[77.16274766655062,20.13655169501869,0],[77.16389196845107,20.13619069156363,0],[77.16405323319871,20.13671678022083,0],[77.16287551900847,20.13712278316358,0],[77.16274766655062,20.13655169501869,0]]]},"properties":{"plotIndex":339,"source":"washim_soyabean.kml"}},{"type":"Feature","geometry":{"type":"Polygon","coordinates":[[[77.16273244195176,20.13651518707927,0],[77.16262149670055,20.13595655215997,0],[77.16383250585443,20.13567434598178,0],[77.1638690784204,20.13617350631393,0],[77.16273244195176,20.13651518707927,0]]]},"properties":{"plotIndex":340,"source":"washim_soyabean.kml"}},{"type":"Feature","geometry":{"type":"Polygon","coordinates":[[[77.16457451515427,20.13533698820851,0],[77.16492701769982,20.13518251806829,0],[77.16524754862618,20.13618872385043,0],[77.16489144484413,20.13635103057353,0],[77.16457451515427,20.13533698820851,0]]]},"properties":{"plotIndex":341,"source":"washim_soyabean.kml"}},{"type":"Feature","geometry":{"type":"Polygon","coordinates":[[[77.1649598245541,20.13515997044491,0],[77.16611397329848,20.13473837759562,0],[77.16655717123702,20.13566568245067,0],[77.1652813591888,20.13618176672855,0],[77.1649598245541,20.13515997044491,0]]]},"properties":{"plotIndex":342,"source":"washim_soyabean.kml"}},{"type":"Feature","geometry":{"type":"Polygon","coordinates":[[[77.16615051959663,20.13474415579167,0],[77.16639386326717,20.13464111912809,0],[77.16696292939042,20.13550426455328,0],[77.16657707753392,20.13565993301908,0],[77.16615051959663,20.13474415579167,0]]]},"properties":{"plotIndex":343,"source":"washim_soyabean.kml"}},{"type":"Feature","geometry":{"type":"Polygon","coordinates":[[[77.0254648209696,20.21754304520758,0],[77.02704112024239,20.2170284869427,0],[77.02717172102818,20.21764358642825,0],[77.0266442329586,20.21772273217512,0],[77.0262182798945,20.21779298236602,0],[77.0258095642638,20.21793920351617,0],[77.0254648209696,20.21754304520758,0]]]},"properties":{"plotIndex":344,"source":"washim_soyabean.kml"}},{"type":"Feature","geometry":{"type":"Polygon","coordinates":[[[77.02707378941254,20.21702521633002,0],[77.02746266295715,20.21692313860336,0],[77.02769613256962,20.21687427249968,0],[77.02806091808442,20.2168447739986,0],[77.02813999363194,20.21752870538249,0],[77.0272211567364,20.21763320584986,0],[77.02707378941254,20.21702521633002,0]]]},"properties":{"plotIndex":345,"source":"washim_soyabean.kml"}},{"type":"Feature","geometry":{"type":"Polygon","coordinates":[[[77.02674736107356,20.21651861245113,0],[77.02709569839006,20.21633724853569,0],[77.02742543290982,20.21616823079692,0],[77.02791830396743,20.21617086079894,0],[77.02799992456924,20.21653760450209,0],[77.02804920327256,20.21683458117249,0],[77.0276263567278,20.21686104368839,0],[77.0270398718698,20.21700606249903,0],[77.02697743427194,20.21700293627863,0],[77.02674736107356,20.21651861245113,0]]]},"properties":{"plotIndex":346,"source":"washim_soyabean.kml"}},{"type":"Feature","geometry":{"type":"Polygon","coordinates":[[[77.02520378266739,20.21716475208331,0],[77.02671853562701,20.21653069739421,0],[77.02696235833348,20.21703358479688,0],[77.02543454218049,20.21753220176569,0],[77.02520378266739,20.21716475208331,0]]]},"properties":{"plotIndex":347,"source":"washim_soyabean.kml"}},{"type":"Feature","geometry":{"type":"Polygon","coordinates":[[[77.02481526309337,20.21032244199342,0],[77.02471110746072,20.20986002166873,0],[77.02523681508801,20.20970133230759,0],[77.02547254811887,20.2104054339888,0],[77.02519364556743,20.21061122165093,0],[77.02481526309337,20.21032244199342,0]]]},"properties":{"plotIndex":348,"source":"washim_soyabean.kml"}},{"type":"Feature","geometry":{"type":"Polygon","coordinates":[[[77.02527068872759,20.20969047054295,0],[77.02615372512597,20.20929771762795,0],[77.02643290286362,20.20986746643304,0],[77.02570222703531,20.21059583728333,0],[77.02551002492986,20.21041701641283,0],[77.02527068872759,20.20969047054295,0]]]},"properties":{"plotIndex":349,"source":"washim_soyabean.kml"}},{"type":"Feature","geometry":{"type":"Polygon","coordinates":[[[77.02628753645122,20.20919350296159,0],[77.02698637533572,20.20860719445657,0],[77.02726932107029,20.20908113149047,0],[77.02649582386782,20.20981192695512,0],[77.02628753645122,20.20919350296159,0]]]},"properties":{"plotIndex":350,"source":"washim_soyabean.kml"}},{"type":"Feature","geometry":{"type":"Polygon","coordinates":[[[77.02516726283035,20.20875815501584,0],[77.02602007218572,20.20853009111854,0],[77.02625977827604,20.20921155467941,0],[77.02543074767803,20.20956684919411,0],[77.02516726283035,20.20875815501584,0]]]},"properties":{"plotIndex":351,"source":"washim_soyabean.kml"}},{"type":"Feature","geometry":{"type":"Polygon","coordinates":[[[77.02449849379678,20.20897287624152,0],[77.02514508149135,20.20877232776312,0],[77.02540759476749,20.20958105197705,0],[77.02471962806041,20.20981166612219,0],[77.02449849379678,20.20897287624152,0]]]},"properties":{"plotIndex":352,"source":"washim_soyabean.kml"}},{"type":"Feature","geometry":{"type":"Polygon","coordinates":[[[77.02414987582354,20.20804940609623,0],[77.0248231661578,20.20766713589949,0],[77.0251339798667,20.20874651986973,0],[77.02449966564753,20.2089447770066,0],[77.02438631222822,20.20854534981083,0],[77.02432159239727,20.20838073452297,0],[77.02426181380524,20.20822867348556,0],[77.02414987582354,20.20804940609623,0]]]},"properties":{"plotIndex":353,"source":"washim_soyabean.kml"}},{"type":"Feature","geometry":{"type":"Polygon","coordinates":[[[77.02484072790995,20.20762339981844,0],[77.02544011953583,20.20734993142354,0],[77.02588719050817,20.20853086900232,0],[77.02516133258287,20.20874006035054,0],[77.02484072790995,20.20762339981844,0]]]},"properties":{"plotIndex":354,"source":"washim_soyabean.kml"}},{"type":"Feature","geometry":{"type":"Polygon","coordinates":[[[77.02545517104696,20.20735021781246,0],[77.02565136227307,20.20728084530586,0],[77.02610884378912,20.20847095262513,0],[77.02591354422208,20.20854239466147,0],[77.02545517104696,20.20735021781246,0]]]},"properties":{"plotIndex":355,"source":"washim_soyabean.kml"}},{"type":"Feature","geometry":{"type":"Polygon","coordinates":[[[77.02567224254943,20.20727654979945,0],[77.02625395203277,20.20701077370839,0],[77.0270612458134,20.20774983332815,0],[77.02611629357763,20.20835974078202,0],[77.02567224254943,20.20727654979945,0]]]},"properties":{"plotIndex":356,"source":"washim_soyabean.kml"}},{"type":"Feature","geometry":{"type":"Polygon","coordinates":[[[77.0260600231109,20.20857163038936,0],[77.02623967297757,20.20850409590496,0],[77.02619203369164,20.20837638753774,0],[77.02668759519096,20.2080435718719,0],[77.02696408797165,20.20857950024238,0],[77.02628998446913,20.20917307226076,0],[77.0260600231109,20.20857163038936,0]]]},"properties":{"plotIndex":357,"source":"washim_soyabean.kml"}},{"type":"Feature","geometry":{"type":"Polygon","coordinates":[[[77.02751781869931,20.20811258401813,0],[77.02785972978369,20.20846732930377,0],[77.02727852425463,20.20905511724113,0],[77.02702418500647,20.2086050520729,0],[77.02751781869931,20.20811258401813,0]]]},"properties":{"plotIndex":358,"source":"washim_soyabean.kml"}},{"type":"Feature","geometry":{"type":"Polygon","coordinates":[[[77.02671763912558,20.20802375765779,0],[77.02708654462383,20.20778204062075,0],[77.02748794960155,20.20810510206312,0],[77.02699862116562,20.20857653194707,0],[77.02671763912558,20.20802375765779,0]]]},"properties":{"plotIndex":359,"source":"washim_soyabean.kml"}},{"type":"Feature","geometry":{"type":"Polygon","coordinates":[[[77.02624909336421,20.20697361334136,0],[77.02707447571666,20.20643166420945,0],[77.0279275998305,20.20740830165713,0],[77.02724713896053,20.20782194064838,0],[77.02624909336421,20.20697361334136,0]]]},"properties":{"plotIndex":360,"source":"washim_soyabean.kml"}},{"type":"Feature","geometry":{"type":"Polygon","coordinates":[[[77.02730207544641,20.20784289785456,0],[77.02792093409045,20.20743040506654,0],[77.02836217005029,20.20795521207926,0],[77.02789631750568,20.20841274267564,0],[77.02730207544641,20.20784289785456,0]]]},"properties":{"plotIndex":361,"source":"washim_soyabean.kml"}},{"type":"Feature","geometry":{"type":"Polygon","coordinates":[[[77.0285664925951,20.20694450481082,0],[77.02890368954327,20.20741654714453,0],[77.02838848759413,20.20795963953784,0],[77.02792037501726,20.20736424632001,0],[77.0285664925951,20.20694450481082,0]]]},"properties":{"plotIndex":362,"source":"washim_soyabean.kml"}},{"type":"Feature","geometry":{"type":"Polygon","coordinates":[[[77.02753023505586,20.20693248263636,0],[77.02710702027896,20.20643637118729,0],[77.02798514535364,20.20601752926925,0],[77.02855178991656,20.20692345976953,0],[77.02788625649116,20.20732870890379,0],[77.02753023505586,20.20693248263636,0]]]},"properties":{"plotIndex":363,"source":"washim_soyabean.kml"}},{"type":"Feature","geometry":{"type":"Polygon","coordinates":[[[77.02760631284349,20.20559952031102,0],[77.02785474340594,20.20600363708858,0],[77.02711417181784,20.20635847904908,0],[77.02621500634866,20.20683935818567,0],[77.02602790836178,20.20634869489374,0],[77.02760631284349,20.20559952031102,0]]]},"properties":{"plotIndex":364,"source":"washim_soyabean.kml"}},{"type":"Feature","geometry":{"type":"Polygon","coordinates":[[[77.0257288881496,20.20535598834076,0],[77.02661684644356,20.20513811578856,0],[77.02685858481073,20.20589892945633,0],[77.02602368971846,20.20632461019062,0],[77.0257288881496,20.20535598834076,0]]]},"properties":{"plotIndex":365,"source":"washim_soyabean.kml"}},{"type":"Feature","geometry":{"type":"Polygon","coordinates":[[[77.02663604113765,20.20509594746206,0],[77.02715598562126,20.2049710292842,0],[77.02747507123813,20.20562357971517,0],[77.02688376786563,20.20591463705603,0],[77.02663604113765,20.20509594746206,0]]]},"properties":{"plotIndex":366,"source":"washim_soyabean.kml"}},{"type":"Feature","geometry":{"type":"Polygon","coordinates":[[[77.02721633314567,20.20496442575278,0],[77.02859389421586,20.20500485346401,0],[77.02861121137472,20.20505571508734,0],[77.02750958792646,20.20560932895689,0],[77.02721633314567,20.20496442575278,0]]]},"properties":{"plotIndex":367,"source":"washim_soyabean.kml"}},{"type":"Feature","geometry":{"type":"Polygon","coordinates":[[[77.02762616946598,20.20558152539692,0],[77.02859651913849,20.20509719486084,0],[77.02875700262807,20.20545435746397,0],[77.02874357334537,20.20552319514321,0],[77.02867627533116,20.2055697998752,0],[77.02846224901886,20.20565874488127,0],[77.02838212574947,20.20564348386348,0],[77.02832615796252,20.20565263957551,0],[77.02826556288913,20.20568619015359,0],[77.0281487075054,20.2057311186006,0],[77.0282195662152,20.2058517284002,0],[77.0279021699348,20.20599930753458,0],[77.02762616946598,20.20558152539692,0]]]},"properties":{"plotIndex":368,"source":"washim_soyabean.kml"}},{"type":"Feature","geometry":{"type":"Polygon","coordinates":[[[77.02900914001536,20.20524247794521,0],[77.02935124201649,20.20514518752586,0],[77.02947767728135,20.20542763488675,0],[77.02924866075233,20.20545233568605,0],[77.02915083712774,20.20543932131101,0],[77.02900914001536,20.20524247794521,0]]]},"properties":{"plotIndex":369,"source":"washim_soyabean.kml"}},{"type":"Feature","geometry":{"type":"Polygon","coordinates":[[[77.02961768394461,20.20510289784248,0],[77.0300837599835,20.2049993394155,0],[77.0303680643266,20.20573397726776,0],[77.02998432998989,20.20603015000812,0],[77.02981576323381,20.20561817560093,0],[77.02970060686188,20.205325477018,0],[77.02961768394461,20.20510289784248,0]]]},"properties":{"plotIndex":370,"source":"washim_soyabean.kml"}},{"type":"Feature","geometry":{"type":"Polygon","coordinates":[[[77.02937854920988,20.20515495384065,0],[77.02960685797571,20.20510351432014,0],[77.02972142175803,20.20541152838597,0],[77.02951554566916,20.20548039381652,0],[77.02937854920988,20.20515495384065,0]]]},"properties":{"plotIndex":371,"source":"washim_soyabean.kml"}},{"type":"Feature","geometry":{"type":"Polygon","coordinates":[[[77.03009696658916,20.20499746115809,0],[77.03061853222852,20.2048697817672,0],[77.03074878876444,20.20530351581275,0],[77.03037582636134,20.20572823219331,0],[77.03009696658916,20.20499746115809,0]]]},"properties":{"plotIndex":372,"source":"washim_soyabean.kml"}},{"type":"Feature","geometry":{"type":"Polygon","coordinates":[[[77.02921045560853,20.20461513185346,0],[77.02960793381382,20.20452590936932,0],[77.02974866241141,20.2050470654167,0],[77.02936764007494,20.20513709675111,0],[77.02921045560853,20.20461513185346,0]]]},"properties":{"plotIndex":373,"source":"washim_soyabean.kml"}},{"type":"Feature","geometry":{"type":"Polygon","coordinates":[[[77.02962076709521,20.20452170478536,0],[77.03048376955975,20.20432848789527,0],[77.03063517433512,20.20483576346117,0],[77.0297768332,20.20504276229361,0],[77.02962076709521,20.20452170478536,0]]]},"properties":{"plotIndex":374,"source":"washim_soyabean.kml"}},{"type":"Feature","geometry":{"type":"Polygon","coordinates":[[[77.03056652579632,20.20452436612198,0],[77.03156422314957,20.20428350495607,0],[77.03159168448543,20.20461043411525,0],[77.03149369031365,20.20463036748099,0],[77.03148712137151,20.20470004229956,0],[77.03145422462414,20.20489577348239,0],[77.03077052771907,20.20527477177133,0],[77.03056652579632,20.20452436612198,0]]]},"properties":{"plotIndex":375,"source":"washim_soyabean.kml"}},{"type":"Feature","geometry":{"type":"Polygon","coordinates":[[[77.03050880035654,20.20431878512597,0],[77.03148041370181,20.20406937657246,0],[77.03156015980123,20.2042674779655,0],[77.03055820000455,20.20450076053404,0],[77.03050880035654,20.20431878512597,0]]]},"properties":{"plotIndex":376,"source":"washim_soyabean.kml"}},{"type":"Feature","geometry":{"type":"Polygon","coordinates":[[[77.0280251192254,20.20601242078303,0],[77.02813653114384,20.2059619754859,0],[77.0282939883358,20.20590389903945,0],[77.02843142917644,20.20584170957474,0],[77.02856706148428,20.20573489144535,0],[77.02868040458829,20.20567060636838,0],[77.0289955392311,20.20553100893652,0],[77.02942834329185,20.20619159549018,0],[77.0286451338192,20.20686615622379,0],[77.02854348546876,20.20683190662617,0],[77.0280251192254,20.20601242078303,0]]]},"properties":{"plotIndex":377,"source":"washim_soyabean.kml"}},{"type":"Feature","geometry":{"type":"Polygon","coordinates":[[[77.02860921976756,20.20692819316839,0],[77.02945400826133,20.20620163036067,0],[77.02948287128856,20.20635075898499,0],[77.02948485423066,20.20646388063336,0],[77.02943596028344,20.20660429928576,0],[77.02936921315438,20.20675134040587,0],[77.02928634653786,20.20690613736301,0],[77.02916762002897,20.20708633008438,0],[77.0290927429081,20.20714827872653,0],[77.0290024768236,20.20704499683357,0],[77.02890950550805,20.20710825565138,0],[77.02904885893486,20.20726868757618,0],[77.028921776602,20.20737731996323,0],[77.02860921976756,20.20692819316839,0]]]},"properties":{"plotIndex":378,"source":"washim_soyabean.kml"}},{"type":"Feature","geometry":{"type":"Polygon","coordinates":[[[77.02498654111017,20.20645458627057,0],[77.02586067046721,20.20602678546016,0],[77.02612206109418,20.20688472337291,0],[77.02523182127247,20.20728514438737,0],[77.02498654111017,20.20645458627057,0]]]},"properties":{"plotIndex":379,"source":"washim_soyabean.kml"}},{"type":"Feature","geometry":{"type":"Polygon","coordinates":[[[77.02426604342723,20.20680242328384,0],[77.02494204574367,20.20649002521477,0],[77.02520546328475,20.207288000196,0],[77.02437223939742,20.20770059011559,0],[77.02426604342723,20.20680242328384,0]]]},"properties":{"plotIndex":380,"source":"washim_soyabean.kml"}},{"type":"Feature","geometry":{"type":"Polygon","coordinates":[[[77.02518708592986,20.20632153237628,0],[77.02502060039748,20.20580665674305,0],[77.02550097427203,20.2056835483495,0],[77.02574863568591,20.20567798817444,0],[77.0258344271196,20.20599435692458,0],[77.02518708592986,20.20632153237628,0]]]},"properties":{"plotIndex":381,"source":"washim_soyabean.kml"}},{"type":"Feature","geometry":{"type":"Polygon","coordinates":[[[77.02442853049955,20.20594855006501,0],[77.02472077122978,20.2058575639235,0],[77.02499391866296,20.20578792050554,0],[77.02517396037264,20.20632678648375,0],[77.02432570904304,20.20673402849777,0],[77.02428588056127,20.20623711870905,0],[77.0241781195928,20.20599019143502,0],[77.02442853049955,20.20594855006501,0]]]},"properties":{"plotIndex":382,"source":"washim_soyabean.kml"}},{"type":"Feature","geometry":{"type":"Polygon","coordinates":[[[77.02222803661188,20.20670278794373,0],[77.02235266308027,20.2061216060647,0],[77.02406956669813,20.20600552631575,0],[77.0241872545404,20.20617880778093,0],[77.02420143583426,20.20628660979821,0],[77.02418911494232,20.2065640839238,0],[77.02428486190999,20.20777164660671,0],[77.02410742213725,20.20793217180473,0],[77.02222803661188,20.20670278794373,0]]]},"properties":{"plotIndex":383,"source":"washim_soyabean.kml"}},{"type":"Feature","geometry":{"type":"Polygon","coordinates":[[[77.02445886346764,20.2049485215295,0],[77.02455452855152,20.2058658741826,0],[77.02408238288879,20.20594900045995,0],[77.0239619710413,20.20501377330251,0],[77.02445886346764,20.2049485215295,0]]]},"properties":{"plotIndex":384,"source":"washim_soyabean.kml"}},{"type":"Feature","geometry":{"type":"Polygon","coordinates":[[[77.02448402523184,20.20492585636135,0],[77.02518071336559,20.20484437290968,0],[77.02532978719384,20.20565572822306,0],[77.02458549493505,20.20585124011315,0],[77.02448402523184,20.20492585636135,0]]]},"properties":{"plotIndex":385,"source":"washim_soyabean.kml"}},{"type":"Feature","geometry":{"type":"Polygon","coordinates":[[[77.02520025220659,20.20462624191681,0],[77.02586526925701,20.20448959864708,0],[77.02605443964657,20.20520211033979,0],[77.02568272407002,20.20530575379719,0],[77.02574433206134,20.20561379333298,0],[77.02538129587035,20.20564481417425,0],[77.02520025220659,20.20462624191681,0]]]},"properties":{"plotIndex":386,"source":"washim_soyabean.kml"}},{"type":"Feature","geometry":{"type":"Polygon","coordinates":[[[77.02428061557691,20.20366205627771,0],[77.02495201498716,20.20357775288839,0],[77.02516890763796,20.20481314496186,0],[77.02444985649382,20.2048997084628,0],[77.02428061557691,20.20366205627771,0]]]},"properties":{"plotIndex":387,"source":"washim_soyabean.kml"}},{"type":"Feature","geometry":{"type":"Polygon","coordinates":[[[77.02911053490803,20.2043902266178,0],[77.03092702928248,20.20386761871519,0],[77.03101020826755,20.20416506431151,0],[77.02920349720745,20.20459942184797,0],[77.02911053490803,20.2043902266178,0]]]},"properties":{"plotIndex":388,"source":"washim_soyabean.kml"}},{"type":"Feature","geometry":{"type":"Polygon","coordinates":[[[77.02871087839334,20.20449697755626,0],[77.0290890292792,20.20439467221333,0],[77.02918455753823,20.20461840648306,0],[77.02878104201258,20.20470087009668,0],[77.02871087839334,20.20449697755626,0]]]},"properties":{"plotIndex":389,"source":"washim_soyabean.kml"}},{"type":"Feature","geometry":{"type":"Polygon","coordinates":[[[77.0215596761224,20.2078317246254,0],[77.0216104491186,20.20740166759196,0],[77.02164465477132,20.20727944533803,0],[77.02163585646764,20.20703958430686,0],[77.02193027957925,20.2069069656529,0],[77.02242186892464,20.20764174809815,0],[77.0215596761224,20.2078317246254,0]]]},"properties":{"plotIndex":390,"source":"washim_soyabean.kml"}},{"type":"Feature","geometry":{"type":"Polygon","coordinates":[[[77.02208025447662,20.20779064451624,0],[77.02283501663221,20.2088219515186,0],[77.02240821921083,20.20909991817287,0],[77.0218096297532,20.20787475067695,0],[77.02208025447662,20.20779064451624,0]]]},"properties":{"plotIndex":391,"source":"washim_soyabean.kml"}},{"type":"Feature","geometry":{"type":"Polygon","coordinates":[[[77.02211555900679,20.2077733554693,0],[77.02251120635678,20.2076826815619,0],[77.02318950904453,20.20862200279912,0],[77.02286374416693,20.20880707174538,0],[77.02211555900679,20.2077733554693,0]]]},"properties":{"plotIndex":392,"source":"washim_soyabean.kml"}},{"type":"Feature","geometry":{"type":"Polygon","coordinates":[[[77.02305981088949,20.20886455190015,0],[77.02358239120652,20.20848746808571,0],[77.02401919316182,20.20914072590586,0],[77.0234324347331,20.20959485393349,0],[77.02305981088949,20.20886455190015,0]]]},"properties":{"plotIndex":393,"source":"washim_soyabean.kml"}},{"type":"Feature","geometry":{"type":"Polygon","coordinates":[[[77.02361949261783,20.20847588238537,0],[77.02413912685078,20.20808381942922,0],[77.02441005923984,20.20884387417436,0],[77.02404477944907,20.20913089777974,0],[77.02389258304143,20.20885624212464,0],[77.02400736205293,20.20883005700012,0],[77.02402690193772,20.20873827638611,0],[77.02401790475638,20.20861547080012,0],[77.023870734481,20.20868347802533,0],[77.02381387051835,20.20873159086393,0],[77.02361949261783,20.20847588238537,0]]]},"properties":{"plotIndex":394,"source":"washim_soyabean.kml"}},{"type":"Feature","geometry":{"type":"Polygon","coordinates":[[[77.02340719642324,20.20968024901155,0],[77.02445003401424,20.20889332222532,0],[77.02472925115731,20.21018569832832,0],[77.02432846147482,20.20985429416495,0],[77.02379699423223,20.21036280857601,0],[77.02340719642324,20.20968024901155,0]]]},"properties":{"plotIndex":395,"source":"washim_soyabean.kml"}},{"type":"Feature","geometry":{"type":"Polygon","coordinates":[[[77.02291271252025,20.2100241896642,0],[77.02339176083693,20.2096796694337,0],[77.02374658368566,20.21040591605099,0],[77.02321456619335,20.2109207670464,0],[77.02291271252025,20.2100241896642,0]]]},"properties":{"plotIndex":396,"source":"washim_soyabean.kml"}},{"type":"Feature","geometry":{"type":"Polygon","coordinates":[[[77.02252398205357,20.20926441022218,0],[77.02301861922885,20.20885518641653,0],[77.02341388683737,20.20960998340652,0],[77.022869092108,20.21000996281831,0],[77.02252398205357,20.20926441022218,0]]]},"properties":{"plotIndex":397,"source":"washim_soyabean.kml"}},{"type":"Feature","geometry":{"type":"Polygon","coordinates":[[[77.02268454406627,20.21016179935086,0],[77.02288728591148,20.21005131565314,0],[77.02319083049075,20.21097636611479,0],[77.0230922286087,20.2111078953368,0],[77.02312235520814,20.21122114894122,0],[77.02288819333923,20.21127988766604,0],[77.02268454406627,20.21016179935086,0]]]},"properties":{"plotIndex":398,"source":"washim_soyabean.kml"}},{"type":"Feature","geometry":{"type":"Polygon","coordinates":[[[77.02074422377086,20.20806244146294,0],[77.02176184959302,20.20785694353489,0],[77.02215088345523,20.20866551815981,0],[77.02098430591766,20.20892164385211,0],[77.02074422377086,20.20806244146294,0]]]},"properties":{"plotIndex":399,"source":"washim_soyabean.kml"}},{"type":"Feature","geometry":{"type":"Polygon","coordinates":[[[77.02239178587276,20.20562371906672,0],[77.02221873178432,20.20558851891717,0],[77.02213913918197,20.20390476153359,0],[77.02372050716775,20.20331941996096,0],[77.02376886891028,20.203780534204,0],[77.02313984134454,20.20392930537149,0],[77.02329981853568,20.20596002109113,0],[77.02228938377999,20.20604587145515,0],[77.02239178587276,20.20562371906672,0]]]},"properties":{"plotIndex":400,"source":"washim_soyabean.kml"}},{"type":"Feature","geometry":{"type":"Polygon","coordinates":[[[77.02397164711441,20.20496419455295,0],[77.02378469795346,20.20369128804629,0],[77.02426539802264,20.20367480504292,0],[77.02438130202394,20.20476907856795,0],[77.02412995684672,20.20478989220353,0],[77.0241557612023,20.20494628918295,0],[77.02397164711441,20.20496419455295,0]]]},"properties":{"plotIndex":401,"source":"washim_soyabean.kml"}},{"type":"Feature","geometry":{"type":"Polygon","coordinates":[[[77.02507934927561,20.20404190934978,0],[77.02576487964537,20.20391580536457,0],[77.0259175071766,20.20443686395594,0],[77.0252042998699,20.20459129943435,0],[77.02507934927561,20.20404190934978,0]]]},"properties":{"plotIndex":402,"source":"washim_soyabean.kml"}},{"type":"Feature","geometry":{"type":"Polygon","coordinates":[[[77.02658852268702,20.20429959512299,0],[77.0271647605867,20.20416302050772,0],[77.02730512291052,20.20440991395531,0],[77.0275795321267,20.20488561324144,0],[77.02733142387787,20.20488925116907,0],[77.02702120213367,20.20494444237136,0],[77.02658852268702,20.20429959512299,0]]]},"properties":{"plotIndex":403,"source":"washim_soyabean.kml"}},{"type":"Feature","geometry":{"type":"Polygon","coordinates":[[[77.02718724342309,20.20415984738356,0],[77.02750409848832,20.2040892064357,0],[77.02754330052285,20.20415056076137,0],[77.02759680684424,20.20415059824408,0],[77.02762449707996,20.20413407764426,0],[77.02762260868643,20.20409185325575,0],[77.02761034382009,20.20405583660237,0],[77.02775474642186,20.20401068503918,0],[77.02805914242506,20.20429426113213,0],[77.02835689112604,20.20439271630201,0],[77.02855818530799,20.20491104249733,0],[77.0276053369807,20.20487832496493,0],[77.02732873639641,20.20441805086692,0],[77.02718724342309,20.20415984738356,0]]]},"properties":{"plotIndex":404,"source":"washim_soyabean.kml"}},{"type":"Feature","geometry":{"type":"Polygon","coordinates":[[[77.02636748566852,20.20185201946664,0],[77.02757977220999,20.20167042747611,0],[77.02738745207057,20.20227063821428,0],[77.02711220046987,20.20306112955394,0],[77.02649211517165,20.20318457467499,0],[77.02639769196207,20.20271460948778,0],[77.02631980731402,20.2025204142868,0],[77.02631546158912,20.20230989737403,0],[77.02636748566852,20.20185201946664,0]]]},"properties":{"plotIndex":405,"source":"washim_soyabean.kml"}},{"type":"Feature","geometry":{"type":"Polygon","coordinates":[[[77.02567270597666,20.20257321191148,0],[77.02628911898766,20.20248731145878,0],[77.0264466277834,20.20316591481953,0],[77.0256932318906,20.2033173115892,0],[77.02567270597666,20.20257321191148,0]]]},"properties":{"plotIndex":406,"source":"washim_soyabean.kml"}},{"type":"Feature","geometry":{"type":"Polygon","coordinates":[[[77.02574998698599,20.20339505962242,0],[77.02574998698599,20.20339505962242,0],[77.02701717460296,20.20313208286463,0],[77.02731781200193,20.20355720970921,0],[77.02579392238317,20.20388387859538,0],[77.02574998698599,20.20339505962242,0]]]},"properties":{"plotIndex":407,"source":"washim_soyabean.kml"}},{"type":"Feature","geometry":{"type":"Polygon","coordinates":[[[77.02632405164012,20.20379681724025,0],[77.0273533639247,20.20356449436827,0],[77.02757111863039,20.2040014391844,0],[77.02656646407712,20.20427354715699,0],[77.02632405164012,20.20379681724025,0]]]},"properties":{"plotIndex":408,"source":"washim_soyabean.kml"}},{"type":"Feature","geometry":{"type":"Polygon","coordinates":[[[77.02718167804015,20.20303734940985,0],[77.02716240694036,20.20306152468508,0],[77.02787758378638,20.20292503424323,0],[77.02833135384185,20.20343402247784,0],[77.02764173672415,20.20365900768294,0],[77.02718167804015,20.20303734940985,0]]]},"properties":{"plotIndex":409,"source":"washim_soyabean.kml"}},{"type":"Feature","geometry":{"type":"Polygon","coordinates":[[[77.0306676739245,20.20297147382655,0],[77.03081451483008,20.2030058518953,0],[77.03097824422412,20.20346067298103,0],[77.03016580987094,20.20370748660301,0],[77.03022728666058,20.20298541387768,0],[77.0306676739245,20.20297147382655,0]]]},"properties":{"plotIndex":410,"source":"washim_soyabean.kml"}},{"type":"Feature","geometry":{"type":"Polygon","coordinates":[[[77.15366332880814,20.14915621077127,0],[77.15409224835498,20.14911308181277,0],[77.15413515216443,20.15014692048615,0],[77.1537360627892,20.15014572222105,0],[77.15366332880814,20.14915621077127,0]]]},"properties":{"plotIndex":411,"source":"washim_soyabean.kml"}},{"type":"Feature","geometry":{"type":"Polygon","coordinates":[[[77.1531926774627,20.14918808855837,0],[77.15363489343133,20.14914943121692,0],[77.15372531131418,20.15013552603145,0],[77.15331889503499,20.150149793316,0],[77.1531926774627,20.14918808855837,0]]]},"properties":{"plotIndex":412,"source":"washim_soyabean.kml"}},{"type":"Feature","geometry":{"type":"Polygon","coordinates":[[[77.1555340322135,20.14909246164172,0],[77.1564570463575,20.14897243500947,0],[77.15650909650394,20.14949737661068,0],[77.15551491851448,20.14960717324644,0],[77.1555340322135,20.14909246164172,0]]]},"properties":{"plotIndex":413,"source":"washim_soyabean.kml"}},{"type":"Feature","geometry":{"type":"Polygon","coordinates":[[[77.15552713639892,20.14907956525637,0],[77.15553093219928,20.14896916766492,0],[77.15644139810321,20.14881908950479,0],[77.15644542687777,20.14896418470082,0],[77.15552713639892,20.14907956525637,0]]]},"properties":{"plotIndex":414,"source":"washim_soyabean.kml"}},{"type":"Feature","geometry":{"type":"Polygon","coordinates":[[[77.15945251288692,20.15096865798548,0],[77.15931388331161,20.15031571500997,0],[77.16005517342131,20.15011047628397,0],[77.16018467648593,20.15057165005583,0],[77.16022463444028,20.15082837833524,0],[77.16020702132626,20.15092941353557,0],[77.16016058430988,20.15107845486997,0],[77.16014802995392,20.15126621341367,0],[77.1601176777439,20.15148360529217,0],[77.16021970421899,20.15161770519691,0],[77.1598775690283,20.15166600912973,0],[77.15962892998749,20.15167691438236,0],[77.15945251288692,20.15096865798548,0]]]},"properties":{"plotIndex":415,"source":"washim_soyabean.kml"}},{"type":"Feature","geometry":{"type":"Polygon","coordinates":[[[77.16841404646037,20.15562131298754,0],[77.16877349072196,20.15559419943643,0],[77.16882198824688,20.15636306135387,0],[77.16846530408635,20.15639509982706,0],[77.16841404646037,20.15562131298754,0]]]},"properties":{"plotIndex":416,"source":"washim_soyabean.kml"}},{"type":"Feature","geometry":{"type":"Polygon","coordinates":[[[77.16878600321913,20.15559870887714,0],[77.16933979067795,20.15553426762915,0],[77.1694353406536,20.1558390072293,0],[77.16880866403709,20.15591834598972,0],[77.16878600321913,20.15559870887714,0]]]},"properties":{"plotIndex":417,"source":"washim_soyabean.kml"}},{"type":"Feature","geometry":{"type":"Polygon","coordinates":[[[77.16880961593411,20.15593039825989,0],[77.16943712575147,20.15585725169436,0],[77.16955736081074,20.15621562764824,0],[77.16944343042643,20.15630624289011,0],[77.16883817948826,20.15636368039399,0],[77.16880961593411,20.15593039825989,0]]]},"properties":{"plotIndex":418,"source":"washim_soyabean.kml"}},{"type":"Feature","geometry":{"type":"Polygon","coordinates":[[[77.16819060405626,20.1566218201801,0],[77.16951376601709,20.15646541831821,0],[77.16959867934256,20.15672767421519,0],[77.16883160570316,20.15680645287881,0],[77.16825338620377,20.15687191975186,0],[77.16819060405626,20.1566218201801,0]]]},"properties":{"plotIndex":419,"source":"washim_soyabean.kml"}},{"type":"Feature","geometry":{"type":"Polygon","coordinates":[[[77.16831206980935,20.15707831934201,0],[77.16965163995359,20.15688370400513,0],[77.16966740171272,20.15685622172281,0],[77.16983579686473,20.1570972243803,0],[77.16980939554072,20.15716700632076,0],[77.16842603757101,20.15749615720917,0],[77.16831206980935,20.15707831934201,0]]]},"properties":{"plotIndex":420,"source":"washim_soyabean.kml"}},{"type":"Feature","geometry":{"type":"Polygon","coordinates":[[[77.16328986577417,20.15958261668733,0],[77.16416319948524,20.15946376786824,0],[77.1649337150237,20.159404711703,0],[77.16545313466293,20.15936705454737,0],[77.16550547067553,20.15959875518657,0],[77.16332841408584,20.15978356560979,0],[77.16328986577417,20.15958261668733,0]]]},"properties":{"plotIndex":421,"source":"washim_soyabean.kml"}},{"type":"Feature","geometry":{"type":"Polygon","coordinates":[[[77.16340613286377,20.16017743649682,0],[77.16565703296442,20.16000856515661,0],[77.16579302092896,20.16042811380225,0],[77.16347732445557,20.16058996773434,0],[77.16340613286377,20.16017743649682,0]]]},"properties":{"plotIndex":422,"source":"washim_soyabean.kml"}},{"type":"Feature","geometry":{"type":"Polygon","coordinates":[[[77.16342581144018,20.16126433831947,0],[77.16471992857953,20.16120132080261,0],[77.16485964994659,20.16199658901387,0],[77.16351075211628,20.16209700220566,0],[77.16342581144018,20.16126433831947,0]]]},"properties":{"plotIndex":423,"source":"washim_soyabean.kml"}},{"type":"Feature","geometry":{"type":"Polygon","coordinates":[[[77.1635104423556,20.16211620867659,0],[77.16487830249825,20.16202066851909,0],[77.16494233452144,20.16256931137408,0],[77.16408100641216,20.16266943599259,0],[77.16413049948673,20.16295087096703,0],[77.16357549384075,20.16299055009413,0],[77.1635104423556,20.16211620867659,0]]]},"properties":{"plotIndex":424,"source":"washim_soyabean.kml"}},{"type":"Feature","geometry":{"type":"Polygon","coordinates":[[[77.16415122942698,20.16296762347121,0],[77.16409378174446,20.16267948271083,0],[77.16495919989525,20.16258589298965,0],[77.16516372124133,20.16371350205892,0],[77.16428064106422,20.1637591255639,0],[77.16415122942698,20.16296762347121,0]]]},"properties":{"plotIndex":425,"source":"washim_soyabean.kml"}},{"type":"Feature","geometry":{"type":"Polygon","coordinates":[[[77.16497389096793,20.16259394717298,0],[77.16638717964,20.16245175135661,0],[77.16654566533873,20.16298988059592,0],[77.16508951979996,20.16315427648176,0],[77.16497389096793,20.16259394717298,0]]]},"properties":{"plotIndex":426,"source":"washim_soyabean.kml"}},{"type":"Feature","geometry":{"type":"Polygon","coordinates":[[[77.16509027910372,20.1631781075251,0],[77.16656088857901,20.16301810363575,0],[77.16674243561147,20.1635701109534,0],[77.1652070227754,20.16374724612471,0],[77.16509027910372,20.1631781075251,0]]]},"properties":{"plotIndex":427,"source":"washim_soyabean.kml"}},{"type":"Feature","geometry":{"type":"Polygon","coordinates":[[[77.16387253364599,20.16481582615545,0],[77.16439952108345,20.16477385282973,0],[77.16444717077519,20.16569949752957,0],[77.16394002505226,20.16572069343092,0],[77.16387253364599,20.16481582615545,0]]]},"properties":{"plotIndex":428,"source":"washim_soyabean.kml"}},{"type":"Feature","geometry":{"type":"Polygon","coordinates":[[[77.16445404427019,20.16555993038331,0],[77.16441405372866,20.1647596998563,0],[77.16474627086153,20.16473153258737,0],[77.16507821313051,20.16474519872886,0],[77.16512923639704,20.16571236543138,0],[77.16446196183749,20.16572042925031,0],[77.16445404427019,20.16555993038331,0]]]},"properties":{"plotIndex":429,"source":"washim_soyabean.kml"}},{"type":"Feature","geometry":{"type":"Polygon","coordinates":[[[77.15511200555068,20.14451670700828,0],[77.15690475922351,20.14402648876984,0],[77.15739272168537,20.14477636257993,0],[77.15572073887678,20.14545715112059,0],[77.15568694732363,20.14536262735572,0],[77.15580177550821,20.14531795496629,0],[77.15574891245859,20.14522317173083,0],[77.15562000822923,20.14527674696305,0],[77.15511200555068,20.14451670700828,0]]]},"properties":{"plotIndex":430,"source":"washim_soyabean.kml"}},{"type":"Feature","geometry":{"type":"Polygon","coordinates":[[[77.15264770745802,20.1450693458048,0],[77.15364868889785,20.14479170827268,0],[77.15373416333881,20.14519711106168,0],[77.15392681453463,20.14621300737935,0],[77.1528897874904,20.14636799328433,0],[77.15264770745802,20.1450693458048,0]]]},"properties":{"plotIndex":431,"source":"washim_soyabean.kml"}},{"type":"Feature","geometry":{"type":"Polygon","coordinates":[[[77.15262055069589,20.14307556848361,0],[77.1534234069648,20.14293401569638,0],[77.15353242921651,20.14361069257461,0],[77.15272957404358,20.14373880537319,0],[77.15262055069589,20.14307556848361,0]]]},"properties":{"plotIndex":432,"source":"washim_soyabean.kml"}},{"type":"Feature","geometry":{"type":"Polygon","coordinates":[[[77.15255178754062,20.14247210947087,0],[77.15337693295643,20.14218941435036,0],[77.15386714397971,20.14204049811837,0],[77.15397851735659,20.14279339349084,0],[77.15261778090027,20.14305190892886,0],[77.15255178754062,20.14247210947087,0]]]},"properties":{"plotIndex":433,"source":"washim_soyabean.kml"}},{"type":"Feature","geometry":{"type":"Polygon","coordinates":[[[77.16583939973408,20.13968868956107,0],[77.16691343990881,20.13926707003648,0],[77.16714440873643,20.13998842994495,0],[77.16611982934502,20.14035887081481,0],[77.16583939973408,20.13968868956107,0]]]},"properties":{"plotIndex":434,"source":"washim_soyabean.kml"}},{"type":"Feature","geometry":{"type":"Polygon","coordinates":[[[77.164266067707,20.1396652337094,0],[77.16593397406727,20.13901345155647,0],[77.16600847274384,20.13921623444083,0],[77.16436116715087,20.13987761572771,0],[77.164266067707,20.1396652337094,0]]]},"properties":{"plotIndex":435,"source":"washim_soyabean.kml"}},{"type":"Feature","geometry":{"type":"Polygon","coordinates":[[[77.09956640361233,20.10807657235533,0],[77.1016577910965,20.10801521748589,0],[77.1018376759677,20.10875180595241,0],[77.09954646512463,20.10881017834946,0],[77.09956640361233,20.10807657235533,0]]]},"properties":{"plotIndex":436,"source":"washim_soyabean.kml"}},{"type":"Feature","geometry":{"type":"Polygon","coordinates":[[[77.10107469694361,20.10882444969797,0],[77.10230880647616,20.10880330851102,0],[77.10238430114029,20.1092261506679,0],[77.10222837280472,20.10933007832363,0],[77.1020292250814,20.10903520286163,0],[77.10108498045908,20.10956945360792,0],[77.10077534344103,20.10986260234832,0],[77.09999933502846,20.10888892864021,0],[77.10107469694361,20.10882444969797,0]]]},"properties":{"plotIndex":437,"source":"washim_soyabean.kml"}},{"type":"Feature","geometry":{"type":"Polygon","coordinates":[[[77.10077276538361,20.10987272108894,0],[77.10110550427301,20.10960188544551,0],[77.10150144765592,20.1100645371949,0],[77.10111978328737,20.11031448866023,0],[77.10077276538361,20.10987272108894,0]]]},"properties":{"plotIndex":438,"source":"washim_soyabean.kml"}},{"type":"Feature","geometry":{"type":"Polygon","coordinates":[[[77.09987316897488,20.10997844357745,0],[77.1005580191158,20.10962848193869,0],[77.10097574441286,20.1101633266573,0],[77.1000556691235,20.11038438315601,0],[77.09987316897488,20.10997844357745,0]]]},"properties":{"plotIndex":439,"source":"washim_soyabean.kml"}},{"type":"Feature","geometry":{"type":"Polygon","coordinates":[[[77.10006943512614,20.11039866220979,0],[77.10097481930178,20.11018170107889,0],[77.10123647801942,20.11050935039949,0],[77.1006114377677,20.11076517865072,0],[77.10032887193948,20.11090481601172,0],[77.10006943512614,20.11039866220979,0]]]},"properties":{"plotIndex":440,"source":"washim_soyabean.kml"}},{"type":"Feature","geometry":{"type":"Polygon","coordinates":[[[77.10125645569707,20.11053046782204,0],[77.10180166856497,20.11118208755065,0],[77.1007616352413,20.11160012654064,0],[77.10049205293845,20.11129173256104,0],[77.10032603472946,20.11093605332115,0],[77.10125645569707,20.11053046782204,0]]]},"properties":{"plotIndex":441,"source":"washim_soyabean.kml"}},{"type":"Feature","geometry":{"type":"Polygon","coordinates":[[[77.0992764565044,20.11058049796941,0],[77.10003054424452,20.11039644821869,0],[77.10029429356966,20.11091072142232,0],[77.10037951475556,20.11114394362458,0],[77.10048834383743,20.11134248708104,0],[77.10072511144622,20.11161759781861,0],[77.10034106330188,20.11180133614791,0],[77.09984646623228,20.11125144883024,0],[77.0994704805294,20.11087092525847,0],[77.0992764565044,20.11058049796941,0]]]},"properties":{"plotIndex":442,"source":"washim_soyabean.kml"}},{"type":"Feature","geometry":{"type":"Polygon","coordinates":[[[77.09782223853902,20.11087853935068,0],[77.09936938008174,20.11080266309393,0],[77.10029746606864,20.11177468192433,0],[77.09876655260354,20.11230347699842,0],[77.09810509821018,20.11137948390224,0],[77.09782223853902,20.11087853935068,0]]]},"properties":{"plotIndex":443,"source":"washim_soyabean.kml"}},{"type":"Feature","geometry":{"type":"Polygon","coordinates":[[[77.09729332572371,20.10972953564548,0],[77.09715657837344,20.10900067976295,0],[77.0988475102471,20.10889475990263,0],[77.09906090487702,20.10997254780552,0],[77.0974820910537,20.11019404912124,0],[77.09729332572371,20.10972953564548,0]]]},"properties":{"plotIndex":444,"source":"washim_soyabean.kml"}},{"type":"Feature","geometry":{"type":"Polygon","coordinates":[[[77.09942054307388,20.10887525977007,0],[77.09996584259288,20.10889214799124,0],[77.10055082546774,20.10959845720893,0],[77.09988025758066,20.1099589600744,0],[77.09942054307388,20.10887525977007,0]]]},"properties":{"plotIndex":445,"source":"washim_soyabean.kml"}},{"type":"Feature","geometry":{"type":"Polygon","coordinates":[[[77.09907581053423,20.10999647230762,0],[77.09921627381347,20.11052433500481,0],[77.0993713556295,20.11078400219676,0],[77.09779277886466,20.11085063674757,0],[77.09748300527248,20.11022807417318,0],[77.09907581053423,20.10999647230762,0]]]},"properties":{"plotIndex":446,"source":"washim_soyabean.kml"}},{"type":"Feature","geometry":{"type":"Polygon","coordinates":[[[77.09910968034482,20.11004337750781,0],[77.0988627564282,20.10888091550039,0],[77.09940006647938,20.10887594490357,0],[77.1000321703238,20.1103725005124,0],[77.09925585196143,20.11056254013905,0],[77.09910968034482,20.11004337750781,0]]]},"properties":{"plotIndex":447,"source":"washim_soyabean.kml"}},{"type":"Feature","geometry":{"type":"Polygon","coordinates":[[[77.14983056589267,20.12398201909185,0],[77.15010835903156,20.12380266853084,0],[77.15035548907424,20.12376495146492,0],[77.15112989889428,20.12386327183406,0],[77.15116337211873,20.1246928276781,0],[77.15049685437774,20.12482506412762,0],[77.14983056589267,20.12398201909185,0]]]},"properties":{"plotIndex":448,"source":"washim_soyabean.kml"}},{"type":"Feature","geometry":{"type":"Polygon","coordinates":[[[77.15115296929339,20.12385644846326,0],[77.15212004189063,20.12390716759677,0],[77.15224873563078,20.12458888191748,0],[77.15119511807612,20.12469799743381,0],[77.15115296929339,20.12385644846326,0]]]},"properties":{"plotIndex":449,"source":"washim_soyabean.kml"}},{"type":"Feature","geometry":{"type":"Polygon","coordinates":[[[77.1505122083042,20.12483587667366,0],[77.1511689892549,20.12472080354083,0],[77.15224577757934,20.12461178366259,0],[77.1524933120741,20.12528863204426,0],[77.15097823675492,20.12548506895712,0],[77.1505122083042,20.12483587667366,0]]]},"properties":{"plotIndex":450,"source":"washim_soyabean.kml"}},{"type":"Feature","geometry":{"type":"Polygon","coordinates":[[[77.15248747712225,20.12530807720314,0],[77.152959203558,20.12643430836109,0],[77.15191398261824,20.12664717490318,0],[77.1510128071207,20.12551402135722,0],[77.15248747712225,20.12530807720314,0]]]},"properties":{"plotIndex":451,"source":"washim_soyabean.kml"}},{"type":"Feature","geometry":{"type":"Polygon","coordinates":[[[77.15204435127501,20.12677349257154,0],[77.15304965090212,20.12655884348984,0],[77.15366105853725,20.12734123148015,0],[77.15282234895,20.1279147969668,0],[77.15204435127501,20.12677349257154,0]]]},"properties":{"plotIndex":452,"source":"washim_soyabean.kml"}},{"type":"Feature","geometry":{"type":"Polygon","coordinates":[[[77.15121394686042,20.12789551287094,0],[77.1523849429087,20.12737445238891,0],[77.15293596204307,20.12821366475709,0],[77.15162641136236,20.12879173893333,0],[77.15121394686042,20.12789551287094,0]]]},"properties":{"plotIndex":453,"source":"washim_soyabean.kml"}},{"type":"Feature","geometry":{"type":"Polygon","coordinates":[[[77.15344298699921,20.12946785463887,0],[77.15370506927272,20.12935523408835,0],[77.15404958600152,20.13004962906521,0],[77.15471754570449,20.13102582438857,0],[77.15371864055257,20.13121301598703,0],[77.15344298699921,20.12946785463887,0]]]},"properties":{"plotIndex":454,"source":"washim_soyabean.kml"}},{"type":"Feature","geometry":{"type":"Polygon","coordinates":[[[77.14854339476804,20.12992812942545,0],[77.14847513917815,20.13000535309511,0],[77.14820335933408,20.12937011791961,0],[77.1482479128795,20.12881753786874,0],[77.1490994763198,20.12852964028473,0],[77.14959880628548,20.129787261173,0],[77.14895167180529,20.12999314236286,0],[77.14881908547274,20.12981442132013,0],[77.14863403873363,20.12968342798959,0],[77.14854339476804,20.12992812942545,0]]]},"properties":{"plotIndex":455,"source":"washim_soyabean.kml"}},{"type":"Feature","geometry":{"type":"Polygon","coordinates":[[[77.14818124353424,20.12994931441798,0],[77.14814422194922,20.12955291352593,0],[77.14818333502612,20.1293603353358,0],[77.14846874308657,20.13001779217952,0],[77.1485651996329,20.13039313164787,0],[77.1481540932288,20.13037852067778,0],[77.14818124353424,20.12994931441798,0]]]},"properties":{"plotIndex":456,"source":"washim_soyabean.kml"}},{"type":"Feature","geometry":{"type":"Polygon","coordinates":[[[77.14811811134624,20.12775614023036,0],[77.14812760253098,20.12622804849161,0],[77.1481950798934,20.12615887400351,0],[77.1488970205231,20.12806757696502,0],[77.1481165364776,20.12830496916705,0],[77.14811811134624,20.12775614023036,0]]]},"properties":{"plotIndex":457,"source":"washim_soyabean.kml"}},{"type":"Feature","geometry":{"type":"Polygon","coordinates":[[[77.14819281426212,20.12436104531925,0],[77.14890946770268,20.12416852939094,0],[77.14899230485598,20.12448161110443,0],[77.14817530099543,20.12570597873294,0],[77.14816011757621,20.12493996173273,0],[77.14819281426212,20.12436104531925,0]]]},"properties":{"plotIndex":458,"source":"washim_soyabean.kml"}},{"type":"Feature","geometry":{"type":"Polygon","coordinates":[[[77.15474011334464,20.12382587107575,0],[77.15523083579644,20.12380073870119,0],[77.15553717773386,20.12469362596002,0],[77.15506437749582,20.12481728976354,0],[77.15474011334464,20.12382587107575,0]]]},"properties":{"plotIndex":459,"source":"washim_soyabean.kml"}},{"type":"Feature","geometry":{"type":"Polygon","coordinates":[[[77.15472227080765,20.12381904445479,0],[77.15504998304233,20.12482529029166,0],[77.15461523336792,20.12491701716424,0],[77.15423772384729,20.12381575380318,0],[77.15472227080765,20.12381904445479,0]]]},"properties":{"plotIndex":460,"source":"washim_soyabean.kml"}},{"type":"Feature","geometry":{"type":"Polygon","coordinates":[[[77.15333752116409,20.12484815947228,0],[77.1544628118913,20.12454110277982,0],[77.15494029739371,20.12605679374692,0],[77.15456546238016,20.12608322589656,0],[77.15382821346459,20.1262376272742,0],[77.15333752116409,20.12484815947228,0]]]},"properties":{"plotIndex":461,"source":"washim_soyabean.kml"}},{"type":"Feature","geometry":{"type":"Polygon","coordinates":[[[77.15313355249185,20.12420659471382,0],[77.15365243440787,20.12410967597813,0],[77.15356076470063,20.12384398005526,0],[77.15421643758624,20.12380795768525,0],[77.1544429394941,20.12452926563998,0],[77.15333395544678,20.12481365610306,0],[77.15313355249185,20.12420659471382,0]]]},"properties":{"plotIndex":462,"source":"washim_soyabean.kml"}},{"type":"Feature","geometry":{"type":"Polygon","coordinates":[[[77.15226343898443,20.12456207787282,0],[77.15215569666698,20.12391197985981,0],[77.15298103494422,20.12387981956951,0],[77.15330270416624,20.12483514353496,0],[77.1524674195874,20.12507135263516,0],[77.15226343898443,20.12456207787282,0]]]},"properties":{"plotIndex":463,"source":"washim_soyabean.kml"}},{"type":"Feature","geometry":{"type":"Polygon","coordinates":[[[77.15280674715115,20.12599875999505,0],[77.15245079423202,20.12509794893898,0],[77.15331749156023,20.12486204710743,0],[77.15381997413122,20.12628007298614,0],[77.15301287798628,20.12643948002253,0],[77.15280674715115,20.12599875999505,0]]]},"properties":{"plotIndex":464,"source":"washim_soyabean.kml"}},{"type":"Feature","geometry":{"type":"Polygon","coordinates":[[[77.16365277429016,20.16552356719305,0],[77.16356691333897,20.16486578806794,0],[77.16386782349021,20.16483357433432,0],[77.16392197703054,20.16573398885499,0],[77.16366955322547,20.16575423741488,0],[77.16365277429016,20.16552356719305,0]]]},"properties":{"plotIndex":465,"source":"washim_soyabean.kml"}},{"type":"Feature","geometry":{"type":"Polygon","coordinates":[[[77.16339223724177,20.16559019435329,0],[77.16336220220035,20.16532513710073,0],[77.1632950174524,20.1648863913291,0],[77.16355437171111,20.16486359756318,0],[77.16361839926947,20.16532762067158,0],[77.16365215307361,20.16574965520518,0],[77.16339499676377,20.16577785718385,0],[77.16339223724177,20.16559019435329,0]]]},"properties":{"plotIndex":466,"source":"washim_soyabean.kml"}},{"type":"Feature","geometry":{"type":"Polygon","coordinates":[[[77.16417384157937,20.16616399770279,0],[77.16419966578307,20.16574934220542,0],[77.16527533377527,20.16574532286144,0],[77.16531786102219,20.16644378104499,0],[77.16418830842625,20.16644358240321,0],[77.16417384157937,20.16616399770279,0]]]},"properties":{"plotIndex":467,"source":"washim_soyabean.kml"}},{"type":"Feature","geometry":{"type":"Polygon","coordinates":[[[77.16529116596269,20.16574193726896,0],[77.16594369062825,20.16571072988335,0],[77.16595862601211,20.16643858491475,0],[77.16534450723171,20.16643683182386,0],[77.16529116596269,20.16574193726896,0]]]},"properties":{"plotIndex":468,"source":"washim_soyabean.kml"}},{"type":"Feature","geometry":{"type":"Polygon","coordinates":[[[77.16596216407095,20.16569414666334,0],[77.1669126598841,20.16563732653054,0],[77.16698279042855,20.16644062852155,0],[77.16597865149821,20.16644233863068,0],[77.16596216407095,20.16569414666334,0]]]},"properties":{"plotIndex":469,"source":"washim_soyabean.kml"}},{"type":"Feature","geometry":{"type":"Polygon","coordinates":[[[77.16694146735271,20.1656405919253,0],[77.16755925771906,20.16563395326301,0],[77.16760331224773,20.16611770206296,0],[77.16768636870997,20.16644218747863,0],[77.16699962083506,20.16642358265181,0],[77.16694146735271,20.1656405919253,0]]]},"properties":{"plotIndex":470,"source":"washim_soyabean.kml"}},{"type":"Feature","geometry":{"type":"Polygon","coordinates":[[[77.16771172150605,20.16626438054723,0],[77.16763856855208,20.16602468721944,0],[77.16762764111596,20.16566437822242,0],[77.16814253065249,20.16572997656248,0],[77.16820751879979,20.16644221954049,0],[77.16777364146222,20.16643844325245,0],[77.16771172150605,20.16626438054723,0]]]},"properties":{"plotIndex":471,"source":"washim_soyabean.kml"}},{"type":"Feature","geometry":{"type":"Polygon","coordinates":[[[77.16728255446176,20.16776036164899,0],[77.16725440351186,20.16728217064137,0],[77.16825024850726,20.16721976181515,0],[77.1682020649035,20.16793595836143,0],[77.16729969675006,20.16791485252973,0],[77.16728255446176,20.16776036164899,0]]]},"properties":{"plotIndex":472,"source":"washim_soyabean.kml"}},{"type":"Feature","geometry":{"type":"Polygon","coordinates":[[[77.16828533929738,20.16654284883046,0],[77.16819955734054,20.16578400112512,0],[77.16849781527927,20.16577459222405,0],[77.16946559608542,20.1657829328283,0],[77.1694456101244,20.16700979690995,0],[77.16831806702187,20.16697564876154,0],[77.16828533929738,20.16654284883046,0]]]},"properties":{"plotIndex":473,"source":"washim_soyabean.kml"}},{"type":"Feature","geometry":{"type":"Polygon","coordinates":[[[77.16517524360705,20.16376226890062,0],[77.165747074986,20.1636997378277,0],[77.16672780382385,20.16359070198904,0],[77.16686476656788,20.16409897809413,0],[77.16609097218294,20.16415985761461,0],[77.16523641988154,20.16423341097022,0],[77.16517524360705,20.16376226890062,0]]]},"properties":{"plotIndex":474,"source":"washim_soyabean.kml"}},{"type":"Feature","geometry":{"type":"Polygon","coordinates":[[[77.16502770206367,20.16424838799893,0],[77.16523372902313,20.16424695584575,0],[77.16587447620768,20.16418310780997,0],[77.16590034487518,20.16467739072002,0],[77.16549340239823,20.16470937776921,0],[77.16504203335067,20.16470690532235,0],[77.16502770206367,20.16424838799893,0]]]},"properties":{"plotIndex":475,"source":"washim_soyabean.kml"}},{"type":"Feature","geometry":{"type":"Polygon","coordinates":[[[77.16638796320514,20.16501216100264,0],[77.16751042306716,20.16494060913191,0],[77.16756063421539,20.16527185466972,0],[77.1664274961943,20.16532153973651,0],[77.16638796320514,20.16501216100264,0]]]},"properties":{"plotIndex":476,"source":"washim_soyabean.kml"}},{"type":"Feature","geometry":{"type":"Polygon","coordinates":[[[77.1664257770134,20.16533046923753,0],[77.16756168862511,20.16528724581804,0],[77.16756290713678,20.16562258938117,0],[77.16695075991082,20.16559640889768,0],[77.166431880239,20.16561516002634,0],[77.1664257770134,20.16533046923753,0]]]},"properties":{"plotIndex":477,"source":"washim_soyabean.kml"}},{"type":"Feature","geometry":{"type":"Polygon","coordinates":[[[77.16763495717638,20.16526337679311,0],[77.16907762115864,20.16518208512525,0],[77.16912484333001,20.16571459085465,0],[77.16879034856572,20.16572759676028,0],[77.16845941221221,20.16570370361302,0],[77.16770209833304,20.16561866631554,0],[77.16763495717638,20.16526337679311,0]]]},"properties":{"plotIndex":478,"source":"washim_soyabean.kml"}},{"type":"Feature","geometry":{"type":"Polygon","coordinates":[[[77.16761009855418,20.16505065386833,0],[77.16755397351844,20.16462294715426,0],[77.16794697637305,20.16454075315112,0],[77.16896874341278,20.16441326211667,0],[77.16901293037051,20.16473157587768,0],[77.16906211831494,20.16516971666175,0],[77.16762575241333,20.16524690936468,0],[77.16761009855418,20.16505065386833,0]]]},"properties":{"plotIndex":479,"source":"washim_soyabean.kml"}},{"type":"Feature","geometry":{"type":"Polygon","coordinates":[[[77.16692067882029,20.16393665643939,0],[77.16782606858527,20.16375621037243,0],[77.168695219987,20.16368422290343,0],[77.16876358384901,20.16408773061867,0],[77.16703434933558,20.16427043233378,0],[77.16692067882029,20.16393665643939,0]]]},"properties":{"plotIndex":480,"source":"washim_soyabean.kml"}},{"type":"Feature","geometry":{"type":"Polygon","coordinates":[[[77.16876355270219,20.16409945246244,0],[77.16885404170041,20.16441339582554,0],[77.16752551552354,20.16459566692244,0],[77.16725499735843,20.16462161866106,0],[77.16704737849408,20.1642890955303,0],[77.16876355270219,20.16409945246244,0]]]},"properties":{"plotIndex":481,"source":"washim_soyabean.kml"}},{"type":"Feature","geometry":{"type":"Polygon","coordinates":[[[77.16898064627071,20.16442850288666,0],[77.16963136624697,20.16439672059369,0],[77.1706080177388,20.16434669120121,0],[77.17063255794267,20.16466536599846,0],[77.16903706427928,20.16475745779287,0],[77.16898064627071,20.16442850288666,0]]]},"properties":{"plotIndex":482,"source":"washim_soyabean.kml"}},{"type":"Feature","geometry":{"type":"Polygon","coordinates":[[[77.16870784483373,20.16366863007035,0],[77.16934995001988,20.1634915407143,0],[77.16983998462374,20.16337086086124,0],[77.17039352971746,20.16321400177861,0],[77.17067507347548,20.16368300717231,0],[77.1706023498757,20.16431651732971,0],[77.16993537184865,20.16435890493033,0],[77.16886418335986,20.1644011536944,0],[77.16870784483373,20.16366863007035,0]]]},"properties":{"plotIndex":483,"source":"washim_soyabean.kml"}},{"type":"Feature","geometry":{"type":"Polygon","coordinates":[[[77.16896702019118,20.16217221997143,0],[77.1697506305257,20.162095068499,0],[77.16983468240143,20.16221368683937,0],[77.17014113837325,20.1622135283001,0],[77.17031727016081,20.16318679639308,0],[77.16918995355498,20.16347311216282,0],[77.16896702019118,20.16217221997143,0]]]},"properties":{"plotIndex":484,"source":"washim_soyabean.kml"}},{"type":"Feature","geometry":{"type":"Polygon","coordinates":[[[77.16817731183487,20.16310828742605,0],[77.16811435140998,20.16223942593459,0],[77.16896007607136,20.16215998830548,0],[77.16916556675812,20.16347387149302,0],[77.16820201124058,20.16368645404142,0],[77.16817731183487,20.16310828742605,0]]]},"properties":{"plotIndex":485,"source":"washim_soyabean.kml"}},{"type":"Feature","geometry":{"type":"Polygon","coordinates":[[[77.16742918733354,20.16297440842963,0],[77.16732173109406,20.16231993265715,0],[77.16789176973856,20.16226644400387,0],[77.16794495881939,20.16307877715321,0],[77.167453461564,20.16313003954593,0],[77.16742918733354,20.16297440842963,0]]]},"properties":{"plotIndex":486,"source":"washim_soyabean.kml"}},{"type":"Feature","geometry":{"type":"Polygon","coordinates":[[[77.16671970247968,20.1632830687053,0],[77.16688374488469,20.16322409021175,0],[77.16794038750065,20.16312501342793,0],[77.16796772369116,20.16305943788592,0],[77.16813811019223,20.16303895690146,0],[77.16815351884932,20.16370941965962,0],[77.16786768376843,20.16373499084803,0],[77.16691519897772,20.16392045971863,0],[77.16671970247968,20.1632830687053,0]]]},"properties":{"plotIndex":487,"source":"washim_soyabean.kml"}},{"type":"Feature","geometry":{"type":"Polygon","coordinates":[[[77.16732163814716,20.16166095022873,0],[77.16736415606738,20.16165008972632,0],[77.16772748011508,20.16162444543145,0],[77.16816907544221,20.16156901578494,0],[77.16814450050748,20.16178621272287,0],[77.16734594558055,20.1618667835784,0],[77.16732163814716,20.16166095022873,0]]]},"properties":{"plotIndex":488,"source":"washim_soyabean.kml"}},{"type":"Feature","geometry":{"type":"Polygon","coordinates":[[[77.16819510435558,20.16185404804342,0],[77.16871960229462,20.16178924814199,0],[77.16967796792603,20.16168631886216,0],[77.1697363963392,20.16207590905789,0],[77.16902152768951,20.16213700335827,0],[77.16814377070956,20.16219852483421,0],[77.16819510435558,20.16185404804342,0]]]},"properties":{"plotIndex":489,"source":"washim_soyabean.kml"}},{"type":"Feature","geometry":{"type":"Polygon","coordinates":[[[77.16991560657465,20.1620801364161,0],[77.16989363516868,20.16200877128072,0],[77.1697973230159,20.16202981278114,0],[77.16972345354446,20.16158449905555,0],[77.16992291560231,20.16155808138492,0],[77.16998968353832,20.16146826190204,0],[77.17066294446516,20.16139733293081,0],[77.17114347220132,20.16137851673274,0],[77.17117204110123,20.16208454342082,0],[77.17018702820408,20.16220846531105,0],[77.16988347076014,20.16217541242509,0],[77.16991560657465,20.1620801364161,0]]]},"properties":{"plotIndex":490,"source":"washim_soyabean.kml"}},{"type":"Feature","geometry":{"type":"Polygon","coordinates":[[[77.17016362394935,20.16222516857982,0],[77.17116379195689,20.16210427888709,0],[77.17102247268379,20.16291181710612,0],[77.17035042625363,20.16318982635219,0],[77.17016362394935,20.16222516857982,0]]]},"properties":{"plotIndex":491,"source":"washim_soyabean.kml"}},{"type":"Feature","geometry":{"type":"Polygon","coordinates":[[[77.17119210465717,20.16212372321792,0],[77.1711671810344,20.16138969108932,0],[77.17141887405015,20.16141596986984,0],[77.17167976176104,20.16141707938512,0],[77.17189577273352,20.16152611371265,0],[77.17174084713123,20.16279124558734,0],[77.17163262096558,20.16290792298672,0],[77.17135980072055,20.16300950085668,0],[77.17107432540207,20.1629983157511,0],[77.17104143638753,20.16293873888634,0],[77.17119210465717,20.16212372321792,0]]]},"properties":{"plotIndex":492,"source":"washim_soyabean.kml"}},{"type":"Feature","geometry":{"type":"Polygon","coordinates":[[[77.17192342139805,20.16155826845226,0],[77.17222514444464,20.1616540051606,0],[77.17239882702876,20.16175369058008,0],[77.17265144833222,20.16184935371886,0],[77.17284561493197,20.16193453754442,0],[77.17271729373958,20.16220819580969,0],[77.17269136933474,20.16244517525087,0],[77.17260331907116,20.16247717758395,0],[77.17181059378892,20.16241684241084,0],[77.17192342139805,20.16155826845226,0]]]},"properties":{"plotIndex":493,"source":"washim_soyabean.kml"}},{"type":"Feature","geometry":{"type":"Polygon","coordinates":[[[77.17195432650274,20.16139971304467,0],[77.17185396629853,20.16098550898766,0],[77.17264378532528,20.16088634377419,0],[77.17270156068146,20.16106409136396,0],[77.17269971861153,20.16124294924651,0],[77.1728050563025,20.16182876500368,0],[77.1725812294026,20.16178269704826,0],[77.17235049418727,20.16164280456162,0],[77.17196831945617,20.16152780479403,0],[77.17195432650274,20.16139971304467,0]]]},"properties":{"plotIndex":494,"source":"washim_soyabean.kml"}},{"type":"Feature","geometry":{"type":"Polygon","coordinates":[[[77.17183330197837,20.16067029981971,0],[77.17173103670893,20.16021767432292,0],[77.1724426736599,20.16004834044281,0],[77.17247452447909,20.16023038569817,0],[77.17257513128132,20.16037041590987,0],[77.17264768225762,20.16053931859996,0],[77.17262241816846,20.16075551194525,0],[77.17264333186111,20.16086325090054,0],[77.17187660090927,20.16093997179941,0],[77.17183330197837,20.16067029981971,0]]]},"properties":{"plotIndex":495,"source":"washim_soyabean.kml"}},{"type":"Feature","geometry":{"type":"Polygon","coordinates":[[[77.17051184740573,20.15856468573821,0],[77.1704781243771,20.15844019611355,0],[77.17046697478538,20.15830240787211,0],[77.1708230923737,20.15823497122688,0],[77.17089410050455,20.15855432348954,0],[77.17054060577377,20.15862023220123,0],[77.17051184740573,20.15856468573821,0]]]},"properties":{"plotIndex":496,"source":"washim_soyabean.kml"}},{"type":"Feature","geometry":{"type":"Polygon","coordinates":[[[77.16850497002554,20.15773222959901,0],[77.16972151406273,20.15744422656462,0],[77.16998804347303,20.1573756715156,0],[77.17004341392332,20.15749644496828,0],[77.17005154950792,20.15762948200698,0],[77.17009575634795,20.15803535870608,0],[77.1688634243242,20.15829655465287,0],[77.16866290575622,20.15834795516443,0],[77.16850497002554,20.15773222959901,0]]]},"properties":{"plotIndex":497,"source":"washim_soyabean.kml"}},{"type":"Feature","geometry":{"type":"Polygon","coordinates":[[[77.16874126034216,20.15857524439249,0],[77.16867110483483,20.15836712287752,0],[77.17010190521054,20.15804290256303,0],[77.17011854027578,20.15830978306517,0],[77.1688157411831,20.15857685735532,0],[77.16874126034216,20.15857524439249,0]]]},"properties":{"plotIndex":498,"source":"washim_soyabean.kml"}},{"type":"Feature","geometry":{"type":"Polygon","coordinates":[[[77.16843663811983,20.15750207177756,0],[77.16901457912802,20.1573677944013,0],[77.16984343441976,20.15716104303257,0],[77.16999001262853,20.15736893015999,0],[77.16850383706064,20.15772416171929,0],[77.16843663811983,20.15750207177756,0]]]},"properties":{"plotIndex":499,"source":"washim_soyabean.kml"}},{"type":"Feature","geometry":{"type":"Polygon","coordinates":[[[77.15931149354715,20.12685037701875,0],[77.15926409243947,20.12672444147322,0],[77.15940084801505,20.12665583363345,0],[77.1597726968837,20.12664923855981,0],[77.16021496545136,20.12700097270377,0],[77.16087982913075,20.12752910113801,0],[77.16006205225315,20.12769661904525,0],[77.15931149354715,20.12685037701875,0]]]},"properties":{"plotIndex":500,"source":"washim_soyabean.kml"}},{"type":"Feature","geometry":{"type":"Polygon","coordinates":[[[77.15864166926097,20.12678627899739,0],[77.15919588230686,20.12673191605319,0],[77.16002937976965,20.12769451678314,0],[77.15924169942139,20.12782608698223,0],[77.15864166926097,20.12678627899739,0]]]},"properties":{"plotIndex":501,"source":"washim_soyabean.kml"}},{"type":"Feature","geometry":{"type":"Polygon","coordinates":[[[77.15810791624848,20.12747688741501,0],[77.15804174315554,20.12723870879801,0],[77.15805736052002,20.12695834944138,0],[77.15813675156687,20.12678182217479,0],[77.15856234980393,20.12676767037211,0],[77.15916699546169,20.12784964687557,0],[77.15840568042763,20.12798093935419,0],[77.15810791624848,20.12747688741501,0]]]},"properties":{"plotIndex":502,"source":"washim_soyabean.kml"}},{"type":"Feature","geometry":{"type":"Polygon","coordinates":[[[77.15725073090013,20.12718885873235,0],[77.15802270586806,20.12724336388183,0],[77.1580905528401,20.12748090221051,0],[77.15829425367222,20.12784973248383,0],[77.15756565471577,20.12792423116467,0],[77.15725073090013,20.12718885873235,0]]]},"properties":{"plotIndex":503,"source":"washim_soyabean.kml"}},{"type":"Feature","geometry":{"type":"Polygon","coordinates":[[[77.15681358261247,20.12787718534356,0],[77.15661928189428,20.12709660046869,0],[77.1571351869489,20.12720757909709,0],[77.15722905480393,20.12717527557142,0],[77.15754028482098,20.12793541251768,0],[77.15687460440726,20.12800654479362,0],[77.15681358261247,20.12787718534356,0]]]},"properties":{"plotIndex":504,"source":"washim_soyabean.kml"}},{"type":"Feature","geometry":{"type":"Polygon","coordinates":[[[77.15625577370882,20.12688905797673,0],[77.15608886888194,20.12639244314638,0],[77.15653172871195,20.12642380330916,0],[77.15672108685949,20.12703909960674,0],[77.15632252441978,20.1271147985932,0],[77.15625577370882,20.12688905797673,0]]]},"properties":{"plotIndex":505,"source":"washim_soyabean.kml"}},{"type":"Feature","geometry":{"type":"Polygon","coordinates":[[[77.15584956453145,20.12714085621998,0],[77.15557102406238,20.12631584757929,0],[77.15606925345246,20.12638943461546,0],[77.15630476018912,20.12714089098869,0],[77.15659265963663,20.1270824805481,0],[77.15677629922138,20.1277919716331,0],[77.15558947963464,20.12798170903254,0],[77.15545061576736,20.12725671816224,0],[77.15584956453145,20.12714085621998,0]]]},"properties":{"plotIndex":506,"source":"washim_soyabean.kml"}},{"type":"Feature","geometry":{"type":"Polygon","coordinates":[[[77.1568830421423,20.12803090579121,0],[77.1583239809359,20.12787117522611,0],[77.15835823493718,20.12800752171624,0],[77.1584181439035,20.12799999109181,0],[77.15857108771874,20.12866838498609,0],[77.15706196130722,20.12888590512557,0],[77.1568830421423,20.12803090579121,0]]]},"properties":{"plotIndex":507,"source":"washim_soyabean.kml"}},{"type":"Feature","geometry":{"type":"Polygon","coordinates":[[[77.15708822479088,20.12889700123606,0],[77.15858073564826,20.12868569465495,0],[77.15871949087627,20.12954600064384,0],[77.15723528097594,20.12960957246672,0],[77.15708822479088,20.12889700123606,0]]]},"properties":{"plotIndex":508,"source":"washim_soyabean.kml"}},{"type":"Feature","geometry":{"type":"Polygon","coordinates":[[[77.15862692639388,20.12884966135973,0],[77.15913488804568,20.12880710739173,0],[77.15925255283075,20.12938833574157,0],[77.1587166419504,20.12946840652378,0],[77.15862692639388,20.12884966135973,0]]]},"properties":{"plotIndex":509,"source":"washim_soyabean.kml"}},{"type":"Feature","geometry":{"type":"Polygon","coordinates":[[[77.15843086464187,20.12799343806784,0],[77.15892870697765,20.12791563285169,0],[77.15914105210499,20.1287825069355,0],[77.1586222116816,20.12883203553758,0],[77.15843086464187,20.12799343806784,0]]]},"properties":{"plotIndex":510,"source":"washim_soyabean.kml"}},{"type":"Feature","geometry":{"type":"Polygon","coordinates":[[[77.15974861271917,20.12780838302994,0],[77.15980041768397,20.12777504045025,0],[77.160055585143,20.12774936941485,0],[77.16041675681403,20.12767643788324,0],[77.16088266998923,20.12757455890367,0],[77.16100718929458,20.12768976559164,0],[77.16129016145223,20.12796400075455,0],[77.15989563351908,20.12822246432754,0],[77.15974861271917,20.12780838302994,0]]]},"properties":{"plotIndex":511,"source":"washim_soyabean.kml"}},{"type":"Feature","geometry":{"type":"Polygon","coordinates":[[[77.1599143401558,20.1282266746301,0],[77.16132773970432,20.12797041420341,0],[77.16173513394298,20.12826152371385,0],[77.16005278396969,20.12866743269709,0],[77.1599143401558,20.1282266746301,0]]]},"properties":{"plotIndex":512,"source":"washim_soyabean.kml"}},{"type":"Feature","geometry":{"type":"Polygon","coordinates":[[[77.1614165027202,20.12747425414836,0],[77.16187533016084,20.12735768338302,0],[77.16253134146736,20.12702871089466,0],[77.16273536154304,20.12878029812473,0],[77.16114192015111,20.12756033170253,0],[77.1614165027202,20.12747425414836,0]]]},"properties":{"plotIndex":513,"source":"washim_soyabean.kml"}},{"type":"Feature","geometry":{"type":"Polygon","coordinates":[[[77.15940267968358,20.12615761246094,0],[77.15964259184678,20.12609278864527,0],[77.15977795248972,20.12598453250132,0],[77.16009384582927,20.12580281208659,0],[77.16148223171027,20.12524336789641,0],[77.16165219248755,20.12731668042539,0],[77.16106402515672,20.12749039498919,0],[77.15940267968358,20.12615761246094,0]]]},"properties":{"plotIndex":514,"source":"washim_soyabean.kml"}},{"type":"Feature","geometry":{"type":"Polygon","coordinates":[[[77.16158442723484,20.12625254529962,0],[77.1622002366645,20.12618684041719,0],[77.16223309764335,20.12699548475663,0],[77.16206486989202,20.12715851322973,0],[77.16187619761301,20.12725716223586,0],[77.1616719430564,20.12730230794467,0],[77.16158442723484,20.12625254529962,0]]]},"properties":{"plotIndex":515,"source":"washim_soyabean.kml"}},{"type":"Feature","geometry":{"type":"Polygon","coordinates":[[[77.16151320065242,20.1253713634379,0],[77.1616548180149,20.12532205309588,0],[77.16170216612551,20.12515301398917,0],[77.16210928914326,20.12504412618283,0],[77.16218917920472,20.12616591228385,0],[77.16157916854073,20.12623803332457,0],[77.16151320065242,20.1253713634379,0]]]},"properties":{"plotIndex":516,"source":"washim_soyabean.kml"}},{"type":"Feature","geometry":{"type":"Polygon","coordinates":[[[77.16097072782131,20.1248143241946,0],[77.1619403588276,20.12478038989455,0],[77.1619860533368,20.12503361234194,0],[77.16154323275508,20.1251608718927,0],[77.16096241398054,20.12541819045821,0],[77.16097072782131,20.1248143241946,0]]]},"properties":{"plotIndex":517,"source":"washim_soyabean.kml"}},{"type":"Feature","geometry":{"type":"Polygon","coordinates":[[[77.16097330215248,20.12391598842106,0],[77.16129130140044,20.12391062839494,0],[77.16184240084938,20.12401508684599,0],[77.16192890098344,20.12476392284831,0],[77.1609625784703,20.12479080146699,0],[77.16097330215248,20.12391598842106,0]]]},"properties":{"plotIndex":518,"source":"washim_soyabean.kml"}},{"type":"Feature","geometry":{"type":"Polygon","coordinates":[[[77.1597864605186,20.12458495811576,0],[77.15979594006566,20.12452421668961,0],[77.15979443720903,20.12410562928969,0],[77.1603109098823,20.12411423353544,0],[77.16093476667608,20.12415889090114,0],[77.16094337173186,20.12477656288436,0],[77.15981297901082,20.12480039627714,0],[77.1597864605186,20.12458495811576,0]]]},"properties":{"plotIndex":519,"source":"washim_soyabean.kml"}},{"type":"Feature","geometry":{"type":"Polygon","coordinates":[[[77.15995325509141,20.12580699350235,0],[77.15986625830897,20.1255655360151,0],[77.15985522251941,20.12517188343574,0],[77.159813191433,20.12481352035146,0],[77.16093571572434,20.1247976038717,0],[77.16093262060464,20.12545679138562,0],[77.16054461534816,20.12557413897004,0],[77.16016312412538,20.12574841763562,0],[77.15995325509141,20.12580699350235,0]]]},"properties":{"plotIndex":520,"source":"washim_soyabean.kml"}},{"type":"Feature","geometry":{"type":"Polygon","coordinates":[[[77.16193531354492,20.12464509019234,0],[77.1626974040544,20.12457891776695,0],[77.1626643123329,20.12496963469575,0],[77.16200851135815,20.12503693523826,0],[77.16193531354492,20.12464509019234,0]]]},"properties":{"plotIndex":521,"source":"washim_soyabean.kml"}},{"type":"Feature","geometry":{"type":"Polygon","coordinates":[[[77.16213046962567,20.12505087838073,0],[77.16279927033591,20.12500059566888,0],[77.16281521841259,20.12553552713186,0],[77.16217295470203,20.12560179961908,0],[77.16213046962567,20.12505087838073,0]]]},"properties":{"plotIndex":522,"source":"washim_soyabean.kml"}},{"type":"Feature","geometry":{"type":"Polygon","coordinates":[[[77.16287920647461,20.12393625079178,0],[77.16315055962532,20.12398367063583,0],[77.16371294347763,20.12401222007477,0],[77.16371790123125,20.12449607884752,0],[77.16333260148296,20.12448622575864,0],[77.16284826882074,20.12439744139827,0],[77.16287920647461,20.12393625079178,0]]]},"properties":{"plotIndex":523,"source":"washim_soyabean.kml"}},{"type":"Feature","geometry":{"type":"Polygon","coordinates":[[[77.16221265786037,20.12629255278213,0],[77.1627154953445,20.12628407102473,0],[77.16257961127359,20.12685828804586,0],[77.16231515355372,20.12701058748944,0],[77.16225201568551,20.12699053368783,0],[77.16221265786037,20.12629255278213,0]]]},"properties":{"plotIndex":524,"source":"washim_soyabean.kml"}},{"type":"Feature","geometry":{"type":"Polygon","coordinates":[[[77.16217027208718,20.12563134961673,0],[77.16283468367864,20.12555380719374,0],[77.16280545589217,20.12497280410473,0],[77.1631252361455,20.12497655914461,0],[77.1629881083281,20.12568840802668,0],[77.16286428044074,20.12583523352405,0],[77.16272740930073,20.12624444726474,0],[77.16222128958441,20.12627188123902,0],[77.16217027208718,20.12563134961673,0]]]},"properties":{"plotIndex":525,"source":"washim_soyabean.kml"}},{"type":"Feature","geometry":{"type":"Polygon","coordinates":[[[77.15774226186186,20.1259915492713,0],[77.15778059826394,20.12503008533241,0],[77.15875880866413,20.12582978153988,0],[77.15858976387294,20.12589772399944,0],[77.15858161569258,20.12597178502092,0],[77.15864625653367,20.12606527094221,0],[77.15895379236153,20.12605712621469,0],[77.15904123535167,20.12657134575807,0],[77.15868411007081,20.12658144072839,0],[77.15836897148577,20.12654794287184,0],[77.15775292660382,20.12644749432382,0],[77.15774226186186,20.1259915492713,0]]]},"properties":{"plotIndex":526,"source":"washim_soyabean.kml"}},{"type":"Feature","geometry":{"type":"Polygon","coordinates":[[[77.15431837896861,20.12631585430996,0],[77.15454965639374,20.12622787792659,0],[77.15499341717135,20.12621609504637,0],[77.15530243458248,20.1271856950049,0],[77.1544836700818,20.12727726102012,0],[77.15431837896861,20.12631585430996,0]]]},"properties":{"plotIndex":527,"source":"washim_soyabean.kml"}},{"type":"Feature","geometry":{"type":"Polygon","coordinates":[[[77.15306531248855,20.12655691309527,0],[77.15428765728505,20.12630322186364,0],[77.15445877243779,20.12728311372419,0],[77.15368465354817,20.12733152988748,0],[77.15306531248855,20.12655691309527,0]]]},"properties":{"plotIndex":528,"source":"washim_soyabean.kml"}},{"type":"Feature","geometry":{"type":"Polygon","coordinates":[[[77.15523853467538,20.12377776301849,0],[77.15565642666155,20.12376250256852,0],[77.15592528691184,20.12462594768183,0],[77.15554752851381,20.12467512042539,0],[77.15523853467538,20.12377776301849,0]]]},"properties":{"plotIndex":529,"source":"washim_soyabean.kml"}},{"type":"Feature","geometry":{"type":"Polygon","coordinates":[[[77.15567067405189,20.12376789344378,0],[77.15604229089925,20.12375187486676,0],[77.15625295545448,20.12457557502999,0],[77.15593508758825,20.12461065372282,0],[77.15567067405189,20.12376789344378,0]]]},"properties":{"plotIndex":530,"source":"washim_soyabean.kml"}},{"type":"Feature","geometry":{"type":"Polygon","coordinates":[[[77.1560559143474,20.12374808178269,0],[77.15631710964863,20.12374948829378,0],[77.15651264526575,20.12454755847667,0],[77.15626411876637,20.12457688685664,0],[77.1560559143474,20.12374808178269,0]]]},"properties":{"plotIndex":531,"source":"washim_soyabean.kml"}},{"type":"Feature","geometry":{"type":"Polygon","coordinates":[[[77.15644946167455,20.12410321892844,0],[77.15682761426532,20.12402108800777,0],[77.15728958393217,20.12441833119395,0],[77.15654407380084,20.12453435022103,0],[77.15644946167455,20.12410321892844,0]]]},"properties":{"plotIndex":532,"source":"washim_soyabean.kml"}},{"type":"Feature","geometry":{"type":"Polygon","coordinates":[[[77.15653989927773,20.12455920710325,0],[77.15732918802479,20.12442404396494,0],[77.15773815911407,20.12483919013243,0],[77.15772156454878,20.12509278783511,0],[77.15667632413496,20.12521220598904,0],[77.15653989927773,20.12455920710325,0]]]},"properties":{"plotIndex":533,"source":"washim_soyabean.kml"}},{"type":"Feature","geometry":{"type":"Polygon","coordinates":[[[77.15945044500438,20.12894431322826,0],[77.1593587031982,20.1287708005695,0],[77.15916634964897,20.12877329379195,0],[77.15895169687239,20.12790127547305,0],[77.15924087331508,20.12784287641384,0],[77.15971553155238,20.12778941115555,0],[77.15992411460131,20.12833200999506,0],[77.16010857477389,20.12903320682463,0],[77.15949051657577,20.12917066307555,0],[77.15945044500438,20.12894431322826,0]]]},"properties":{"plotIndex":534,"source":"washim_soyabean.kml"}},{"type":"Feature","geometry":{"type":"Polygon","coordinates":[[[77.16005771746572,20.1287015621809,0],[77.16137525495178,20.12835246680044,0],[77.16150233492078,20.12874092183793,0],[77.16015779237391,20.12899359629656,0],[77.16005771746572,20.1287015621809,0]]]},"properties":{"plotIndex":535,"source":"washim_soyabean.kml"}},{"type":"Feature","geometry":{"type":"Polygon","coordinates":[[[77.16151801544513,20.12873693666776,0],[77.16138724582777,20.1283589400963,0],[77.16176271079392,20.12826786795372,0],[77.1624634615049,20.12883666163671,0],[77.16156822015971,20.12896251173677,0],[77.16151801544513,20.12873693666776,0]]]},"properties":{"plotIndex":536,"source":"washim_soyabean.kml"}},{"type":"Feature","geometry":{"type":"Polygon","coordinates":[[[77.1587939417262,20.13000621378463,0],[77.15913697441114,20.12996418530616,0],[77.15914619405505,20.13024956993801,0],[77.15883828637284,20.13028563479008,0],[77.1587939417262,20.13000621378463,0]]]},"properties":{"plotIndex":537,"source":"washim_soyabean.kml"}},{"type":"Feature","geometry":{"type":"Polygon","coordinates":[[[77.15914817057057,20.12996402111177,0],[77.15951292597823,20.12990668335402,0],[77.15953567358024,20.13025300741471,0],[77.15916346689797,20.13028344949312,0],[77.15914817057057,20.12996402111177,0]]]},"properties":{"plotIndex":538,"source":"washim_soyabean.kml"}},{"type":"Feature","geometry":{"type":"Polygon","coordinates":[[[77.15914718958007,20.13029562321848,0],[77.15959180479558,20.13026220090272,0],[77.15965519626484,20.13117550719571,0],[77.15926593952506,20.13120179554422,0],[77.15914718958007,20.13029562321848,0]]]},"properties":{"plotIndex":539,"source":"washim_soyabean.kml"}},{"type":"Feature","geometry":{"type":"Polygon","coordinates":[[[77.157625246518,20.13544061750508,0],[77.15752871062679,20.13520901826599,0],[77.15734421375853,20.1347198177011,0],[77.15871326343098,20.13451679861671,0],[77.15884966546093,20.13553808133441,0],[77.15834246168005,20.13556470916173,0],[77.15773370145017,20.13563512850968,0],[77.157625246518,20.13544061750508,0]]]},"properties":{"plotIndex":540,"source":"washim_soyabean.kml"}},{"type":"Feature","geometry":{"type":"Polygon","coordinates":[[[77.15872869224008,20.13452134210451,0],[77.15928981389128,20.13445167701666,0],[77.1594178804954,20.13559283750064,0],[77.15887838499127,20.13553026456545,0],[77.15872869224008,20.13452134210451,0]]]},"properties":{"plotIndex":541,"source":"washim_soyabean.kml"}},{"type":"Feature","geometry":{"type":"Polygon","coordinates":[[[77.15821425786935,20.13559860051901,0],[77.15883712609856,20.13555621626179,0],[77.15943165129578,20.13561570527063,0],[77.1595202557594,20.13660799805115,0],[77.15923107444712,20.13658634530093,0],[77.15904206954589,20.13648414862642,0],[77.158610023196,20.13652567901243,0],[77.15774864666172,20.13567825604428,0],[77.15821425786935,20.13559860051901,0]]]},"properties":{"plotIndex":542,"source":"washim_soyabean.kml"}},{"type":"Feature","geometry":{"type":"Polygon","coordinates":[[[77.15951569191343,20.1358786389395,0],[77.1592716486659,20.13410672806866,0],[77.15987479810192,20.13401772669901,0],[77.1601194845272,20.1357129471842,0],[77.16004819499365,20.13575027129604,0],[77.16010114548789,20.1362164103785,0],[77.15954846402138,20.13622399706501,0],[77.15951569191343,20.1358786389395,0]]]},"properties":{"plotIndex":543,"source":"washim_soyabean.kml"}},{"type":"Feature","geometry":{"type":"Polygon","coordinates":[[[77.1592091299987,20.1335000733003,0],[77.15987745521188,20.13340745738932,0],[77.1599123807905,20.13400120569954,0],[77.15928787281413,20.13409025534341,0],[77.1592091299987,20.1335000733003,0]]]},"properties":{"plotIndex":544,"source":"washim_soyabean.kml"}},{"type":"Feature","geometry":{"type":"Polygon","coordinates":[[[77.15904607182034,20.13237982059207,0],[77.1597020691913,20.13221599923318,0],[77.1598799738749,20.13338217757201,0],[77.15920933112031,20.13347834593743,0],[77.15904607182034,20.13237982059207,0]]]},"properties":{"plotIndex":545,"source":"washim_soyabean.kml"}},{"type":"Feature","geometry":{"type":"Polygon","coordinates":[[[77.15898507434368,20.13199979240524,0],[77.15890261083422,20.13115340381564,0],[77.15890580529245,20.13107010410235,0],[77.15885819727727,20.13055801562724,0],[77.15884140317566,20.1303660558018,0],[77.15883377425024,20.13032464313814,0],[77.1591376104433,20.13029624838273,0],[77.15925516791775,20.13121119010382,0],[77.15927549718316,20.13152970026292,0],[77.15933495608853,20.13223816533255,0],[77.15902977121442,20.13230919077559,0],[77.15898507434368,20.13199979240524,0]]]},"properties":{"plotIndex":546,"source":"washim_soyabean.kml"}},{"type":"Feature","geometry":{"type":"Polygon","coordinates":[[[77.1523701434266,20.13101910496943,0],[77.15324702872496,20.13085833643209,0],[77.15334625908295,20.13127984222987,0],[77.15238707056626,20.13147319968783,0],[77.1523701434266,20.13101910496943,0]]]},"properties":{"plotIndex":547,"source":"washim_soyabean.kml"}},{"type":"Feature","geometry":{"type":"Polygon","coordinates":[[[77.15232308618697,20.13043506241798,0],[77.15285338528548,20.13034160675275,0],[77.1535365500397,20.13019767586036,0],[77.153708019264,20.13125499528528,0],[77.15336587672087,20.13128094616547,0],[77.15325621512305,20.13084549083833,0],[77.15237156083693,20.13100983646133,0],[77.15232308618697,20.13043506241798,0]]]},"properties":{"plotIndex":548,"source":"washim_soyabean.kml"}},{"type":"Feature","geometry":{"type":"Polygon","coordinates":[[[77.1525966734433,20.1314455357316,0],[77.15337212815514,20.13130717415534,0],[77.15368007336265,20.13129198620395,0],[77.15385243930137,20.13312156956637,0],[77.15358419804839,20.13293253176137,0],[77.15316621213039,20.13252259693872,0],[77.15284200646066,20.1323445028325,0],[77.15243548834003,20.13216975499101,0],[77.15240518153318,20.13149464305559,0],[77.1525966734433,20.1314455357316,0]]]},"properties":{"plotIndex":549,"source":"washim_soyabean.kml"}},{"type":"Feature","geometry":{"type":"Polygon","coordinates":[[[77.15325822499942,20.1350796468131,0],[77.15336062734212,20.13541592336679,0],[77.15250136208081,20.1362001768736,0],[77.1522260350838,20.13542237749654,0],[77.15325822499942,20.1350796468131,0]]]},"properties":{"plotIndex":550,"source":"washim_soyabean.kml"}},{"type":"Feature","geometry":{"type":"Polygon","coordinates":[[[77.15067582313344,20.13534022134619,0],[77.15078272837599,20.13534757556466,0],[77.15106264583817,20.13596106071837,0],[77.15067665042238,20.13612367876376,0],[77.15042832595717,20.13546553191341,0],[77.15067582313344,20.13534022134619,0]]]},"properties":{"plotIndex":551,"source":"washim_soyabean.kml"}},{"type":"Feature","geometry":{"type":"Polygon","coordinates":[[[77.15041669987151,20.13545374003548,0],[77.15067921870984,20.13613765033013,0],[77.15069853535698,20.13616895004161,0],[77.15038664974236,20.13633001791969,0],[77.15004112110965,20.13645805581529,0],[77.14991795154735,20.13636771466643,0],[77.1497025884497,20.13628575351589,0],[77.14999773246655,20.13616851643533,0],[77.14966207081154,20.13571813550848,0],[77.15041669987151,20.13545374003548,0]]]},"properties":{"plotIndex":552,"source":"washim_soyabean.kml"}},{"type":"Feature","geometry":{"type":"Polygon","coordinates":[[[77.15295228806089,20.13827477281575,0],[77.15300343911612,20.1384914703293,0],[77.15328216695397,20.13842709197157,0],[77.15350101482043,20.13869075862388,0],[77.15237491566278,20.13886138331065,0],[77.15226729420787,20.13840129222297,0],[77.15295228806089,20.13827477281575,0]]]},"properties":{"plotIndex":553,"source":"washim_soyabean.kml"}},{"type":"Feature","geometry":{"type":"Polygon","coordinates":[[[77.15252384462022,20.13771823039988,0],[77.15312236288766,20.13822940881177,0],[77.15224826599862,20.13838241007774,0],[77.15209881360838,20.13780802421346,0],[77.15252384462022,20.13771823039988,0]]]},"properties":{"plotIndex":554,"source":"washim_soyabean.kml"}},{"type":"Feature","geometry":{"type":"Polygon","coordinates":[[[77.15220588570523,20.13708933520906,0],[77.15254610424934,20.13703364602936,0],[77.15280110173825,20.13759819469983,0],[77.15255104287203,20.13764204759557,0],[77.15193418788014,20.13725539506342,0],[77.15220588570523,20.13708933520906,0]]]},"properties":{"plotIndex":555,"source":"washim_soyabean.kml"}},{"type":"Feature","geometry":{"type":"Polygon","coordinates":[[[77.15165815863175,20.13720046661779,0],[77.15246207107815,20.13766326218403,0],[77.15123599200687,20.13797615540512,0],[77.15100899477547,20.1373815550525,0],[77.15165815863175,20.13720046661779,0]]]},"properties":{"plotIndex":556,"source":"washim_soyabean.kml"}},{"type":"Feature","geometry":{"type":"Polygon","coordinates":[[[77.15205118548909,20.13781557426847,0],[77.15220189908457,20.13839538942233,0],[77.1516556834267,20.13847936343289,0],[77.15141435062544,20.13845760661739,0],[77.15141474713722,20.13827483608053,0],[77.15128920659913,20.13798434760505,0],[77.15205118548909,20.13781557426847,0]]]},"properties":{"plotIndex":557,"source":"washim_soyabean.kml"}},{"type":"Feature","geometry":{"type":"Polygon","coordinates":[[[77.15167968570292,20.13848959373202,0],[77.1521988862133,20.13841226927697,0],[77.15233720210603,20.13887298913122,0],[77.15156459917971,20.13900215311537,0],[77.15141422411627,20.13848386457175,0],[77.15167968570292,20.13848959373202,0]]]},"properties":{"plotIndex":558,"source":"washim_soyabean.kml"}},{"type":"Feature","geometry":{"type":"Polygon","coordinates":[[[77.15440354830935,20.13803586890449,0],[77.15467183327719,20.13847363973811,0],[77.15426701883634,20.13864102085332,0],[77.15414244031051,20.13811802785755,0],[77.15440354830935,20.13803586890449,0]]]},"properties":{"plotIndex":559,"source":"washim_soyabean.kml"}},{"type":"Feature","geometry":{"type":"Polygon","coordinates":[[[77.15486404791315,20.13786500811189,0],[77.15619978117763,20.13733206271559,0],[77.15640682532593,20.13775384649404,0],[77.15468313293546,20.13846120495258,0],[77.15442290700071,20.13803213854426,0],[77.15486404791315,20.13786500811189,0]]]},"properties":{"plotIndex":560,"source":"washim_soyabean.kml"}},{"type":"Feature","geometry":{"type":"Polygon","coordinates":[[[77.15634400469827,20.13929270209186,0],[77.15658862116199,20.13961892610966,0],[77.15541527807852,20.1403181578645,0],[77.15512405147018,20.14000537588375,0],[77.15634400469827,20.13929270209186,0]]]},"properties":{"plotIndex":561,"source":"washim_soyabean.kml"}},{"type":"Feature","geometry":{"type":"Polygon","coordinates":[[[77.15508207140086,20.13943610086794,0],[77.15579597242261,20.13915328508273,0],[77.15612249687385,20.13901080592291,0],[77.15634155669034,20.13928095816976,0],[77.15510589725093,20.13999847508505,0],[77.1547185835947,20.13955215564368,0],[77.15508207140086,20.13943610086794,0]]]},"properties":{"plotIndex":562,"source":"washim_soyabean.kml"}},{"type":"Feature","geometry":{"type":"Polygon","coordinates":[[[77.1553223936007,20.13822496047049,0],[77.15581543793816,20.13910942414492,0],[77.15467918712982,20.13954180202026,0],[77.15431853353647,20.13909629404983,0],[77.15427544468146,20.13867358058238,0],[77.1553223936007,20.13822496047049,0]]]},"properties":{"plotIndex":563,"source":"washim_soyabean.kml"}},{"type":"Feature","geometry":{"type":"Polygon","coordinates":[[[77.15697866410181,20.13945132256611,0],[77.15761773270746,20.13916763065696,0],[77.15790556957826,20.13987735724096,0],[77.15706498099165,20.14031512979666,0],[77.15661280702271,20.13962353971932,0],[77.15697866410181,20.13945132256611,0]]]},"properties":{"plotIndex":564,"source":"washim_soyabean.kml"}},{"type":"Feature","geometry":{"type":"Polygon","coordinates":[[[77.15658446416248,20.13963893574356,0],[77.15705752391952,20.14033739666918,0],[77.15616168540875,20.14074770433539,0],[77.15586598411112,20.14089340988475,0],[77.15541109392251,20.14035158067975,0],[77.15617279562683,20.13988254231085,0],[77.15658446416248,20.13963893574356,0]]]},"properties":{"plotIndex":565,"source":"washim_soyabean.kml"}},{"type":"Feature","geometry":{"type":"Polygon","coordinates":[[[77.15409583542649,20.14033696667937,0],[77.15474690804577,20.14006885658952,0],[77.15547516877061,20.14086808232612,0],[77.15509720411278,20.1410601358145,0],[77.15394071622936,20.14145282438837,0],[77.15352201839356,20.14056006038726,0],[77.15409583542649,20.14033696667937,0]]]},"properties":{"plotIndex":566,"source":"washim_soyabean.kml"}},{"type":"Feature","geometry":{"type":"Polygon","coordinates":[[[77.15433793901109,20.14133650099921,0],[77.1551488648991,20.14105922753916,0],[77.15548877529966,20.14089578504842,0],[77.15591652913407,20.14130485037669,0],[77.15588180673855,20.1413426242936,0],[77.15529132972927,20.14158680560447,0],[77.15421049902473,20.14192694332248,0],[77.1539665872841,20.14148355463091,0],[77.15433793901109,20.14133650099921,0]]]},"properties":{"plotIndex":567,"source":"washim_soyabean.kml"}},{"type":"Feature","geometry":{"type":"Polygon","coordinates":[[[77.15357138152638,20.1408399141111,0],[77.15419512595354,20.14194475050756,0],[77.15331242205411,20.14215161054718,0],[77.15283932197845,20.14102879266219,0],[77.15357138152638,20.1408399141111,0]]]},"properties":{"plotIndex":568,"source":"washim_soyabean.kml"}},{"type":"Feature","geometry":{"type":"Polygon","coordinates":[[[77.15280636772846,20.14103394067788,0],[77.15330845996566,20.14217126377012,0],[77.15252726225302,20.14244209394541,0],[77.1524459035168,20.14209780053892,0],[77.15234439839259,20.1411636077228,0],[77.15280636772846,20.14103394067788,0]]]},"properties":{"plotIndex":569,"source":"washim_soyabean.kml"}},{"type":"Feature","geometry":{"type":"Polygon","coordinates":[[[77.1535715046176,20.14361315134979,0],[77.15414165211607,20.14340068375225,0],[77.15454432532036,20.144024918399,0],[77.154050910724,20.14418151780379,0],[77.15289186776019,20.14442577884399,0],[77.15275036043705,20.14376125221368,0],[77.1535715046176,20.14361315134979,0]]]},"properties":{"plotIndex":570,"source":"washim_soyabean.kml"}},{"type":"Feature","geometry":{"type":"Polygon","coordinates":[[[77.15393883563128,20.1428212821933,0],[77.15416540020979,20.14335659101564,0],[77.15355427449543,20.14360643205112,0],[77.15343611676299,20.14291455430733,0],[77.15393883563128,20.1428212821933,0]]]},"properties":{"plotIndex":571,"source":"washim_soyabean.kml"}},{"type":"Feature","geometry":{"type":"Polygon","coordinates":[[[77.15420906731552,20.14194581441479,0],[77.1548559165501,20.14308070544523,0],[77.15420787843992,20.14331144418323,0],[77.15400403277117,20.1428216865807,0],[77.15387673289447,20.14203189459624,0],[77.15420906731552,20.14194581441479,0]]]},"properties":{"plotIndex":572,"source":"washim_soyabean.kml"}},{"type":"Feature","geometry":{"type":"Polygon","coordinates":[[[77.15485533973913,20.14316088997158,0],[77.15553333771865,20.1443490781078,0],[77.15504210436283,20.14445078316006,0],[77.15428026360767,20.14337119652075,0],[77.15485533973913,20.14316088997158,0]]]},"properties":{"plotIndex":573,"source":"washim_soyabean.kml"}},{"type":"Feature","geometry":{"type":"Polygon","coordinates":[[[77.15515700769107,20.14305505802009,0],[77.1557791622592,20.14428717899085,0],[77.15555257430391,20.14434638684261,0],[77.15487566227903,20.14314695158452,0],[77.15515700769107,20.14305505802009,0]]]},"properties":{"plotIndex":574,"source":"washim_soyabean.kml"}},{"type":"Feature","geometry":{"type":"Polygon","coordinates":[[[77.15683108568741,20.1423366480779,0],[77.15780845238237,20.14365484531124,0],[77.15699581686877,20.14397414529371,0],[77.15664586973263,20.14404503686677,0],[77.15622519081496,20.14313610306152,0],[77.15605806238655,20.14273796130385,0],[77.15607462335562,20.14266975541921,0],[77.15655491585306,20.1424734149291,0],[77.15683108568741,20.1423366480779,0]]]},"properties":{"plotIndex":575,"source":"washim_soyabean.kml"}},{"type":"Feature","geometry":{"type":"Polygon","coordinates":[[[77.155941363925,20.14134921008377,0],[77.1567872112183,20.1423014404708,0],[77.15604428859046,20.14265790864544,0],[77.15490464310832,20.14309316473453,0],[77.15423178530258,20.14193938802232,0],[77.155016582297,20.14169422571118,0],[77.15551873132938,20.14153299172798,0],[77.155941363925,20.14134921008377,0]]]},"properties":{"plotIndex":576,"source":"washim_soyabean.kml"}},{"type":"Feature","geometry":{"type":"Polygon","coordinates":[[[77.1559151225489,20.14271919603583,0],[77.15595241058402,20.14279562639971,0],[77.15605384426921,20.14275404565307,0],[77.1566406450969,20.14404932619399,0],[77.15617084483877,20.14416110346227,0],[77.1555309276674,20.14288074926878,0],[77.1559151225489,20.14271919603583,0]]]},"properties":{"plotIndex":577,"source":"washim_soyabean.kml"}},{"type":"Feature","geometry":{"type":"Polygon","coordinates":[[[77.15551631961726,20.14286334791693,0],[77.15616267318137,20.14416948031401,0],[77.15580187100048,20.14427176706401,0],[77.1551620742927,20.14301199778322,0],[77.15551631961726,20.14286334791693,0]]]},"properties":{"plotIndex":578,"source":"washim_soyabean.kml"}},{"type":"Feature","geometry":{"type":"Polygon","coordinates":[[[77.15784542613733,20.14366063721639,0],[77.15838400317475,20.14441219549571,0],[77.15742007544942,20.14476823844624,0],[77.1569202433842,20.14401111503722,0],[77.15784542613733,20.14366063721639,0]]]},"properties":{"plotIndex":579,"source":"washim_soyabean.kml"}},{"type":"Feature","geometry":{"type":"Polygon","coordinates":[[[77.05815838626796,20.12856269272539,0],[77.05870778035884,20.12841613195511,0],[77.05884911613516,20.12891569678057,0],[77.05825449707007,20.12893227836463,0],[77.05815838626796,20.12856269272539,0]]]},"properties":{"plotIndex":580,"source":"washim_soyabean.kml"}},{"type":"Feature","geometry":{"type":"Polygon","coordinates":[[[77.05806807636577,20.12829190402266,0],[77.0583345037415,20.12818406434153,0],[77.05919211448335,20.12795552186702,0],[77.05931279675261,20.1282126950047,0],[77.05877959490644,20.12836482332542,0],[77.05812870160194,20.12852989670667,0],[77.05806807636577,20.12829190402266,0]]]},"properties":{"plotIndex":581,"source":"washim_soyabean.kml"}},{"type":"Feature","geometry":{"type":"Polygon","coordinates":[[[77.05871723857801,20.12839613058992,0],[77.0593112093837,20.12822265169298,0],[77.05954324336308,20.12886293754913,0],[77.05887085065012,20.1289174054014,0],[77.05871723857801,20.12839613058992,0]]]},"properties":{"plotIndex":582,"source":"washim_soyabean.kml"}},{"type":"Feature","geometry":{"type":"Polygon","coordinates":[[[77.05898666341561,20.12919145294312,0],[77.05892056490634,20.1289317978207,0],[77.0600696424264,20.12884243420196,0],[77.060086138525,20.12890082304766,0],[77.05903573354176,20.12930776379748,0],[77.05898666341561,20.12919145294312,0]]]},"properties":{"plotIndex":583,"source":"washim_soyabean.kml"}},{"type":"Feature","geometry":{"type":"Polygon","coordinates":[[[77.05820186916883,20.12894853908426,0],[77.05890247452288,20.12893545604964,0],[77.05893768045387,20.12909569851476,0],[77.05901221760126,20.12933318019883,0],[77.05830557166834,20.12958622764289,0],[77.05818175907544,20.12934054695504,0],[77.05802314598964,20.12897128393195,0],[77.05820186916883,20.12894853908426,0]]]},"properties":{"plotIndex":584,"source":"washim_soyabean.kml"}},{"type":"Feature","geometry":{"type":"Polygon","coordinates":[[[77.05765133342977,20.12896981329163,0],[77.0580052164312,20.12897127693836,0],[77.05828678074502,20.12957973772414,0],[77.05792173769517,20.12974013447473,0],[77.05765133342977,20.12896981329163,0]]]},"properties":{"plotIndex":585,"source":"washim_soyabean.kml"}},{"type":"Feature","geometry":{"type":"Polygon","coordinates":[[[77.05684501145424,20.13065573997251,0],[77.0567183668524,20.13028563242752,0],[77.0578981246851,20.12978561117236,0],[77.05808532548325,20.13029836307463,0],[77.05691275740465,20.13081205514422,0],[77.05684501145424,20.13065573997251,0]]]},"properties":{"plotIndex":586,"source":"washim_soyabean.kml"}},{"type":"Feature","geometry":{"type":"Polygon","coordinates":[[[77.05858559834475,20.13151767831529,0],[77.05834949819115,20.13094949297925,0],[77.05841833521362,20.13091342245249,0],[77.05951812074248,20.13053923947538,0],[77.05978135235901,20.13120069067892,0],[77.05869258525465,20.13172109238753,0],[77.05858559834475,20.13151767831529,0]]]},"properties":{"plotIndex":587,"source":"washim_soyabean.kml"}},{"type":"Feature","geometry":{"type":"Polygon","coordinates":[[[77.05974946493482,20.12798793283304,0],[77.0604554248003,20.12776657989265,0],[77.06070542504736,20.12838151715928,0],[77.06001198015923,20.12861597595966,0],[77.05977465804662,20.1281826498986,0],[77.05974946493482,20.12798793283304,0]]]},"properties":{"plotIndex":588,"source":"washim_soyabean.kml"}},{"type":"Feature","geometry":{"type":"Polygon","coordinates":[[[77.06045887345219,20.12775241290658,0],[77.06104564404106,20.12757564748537,0],[77.06124571685325,20.1282092842129,0],[77.06072472177188,20.12836639794635,0],[77.06045887345219,20.12775241290658,0]]]},"properties":{"plotIndex":589,"source":"washim_soyabean.kml"}},{"type":"Feature","geometry":{"type":"Polygon","coordinates":[[[77.05951021571393,20.12733333562498,0],[77.06015112224685,20.12711603490783,0],[77.06026073522771,20.12755378558906,0],[77.05965191387645,20.12773856769324,0],[77.05951021571393,20.12733333562498,0]]]},"properties":{"plotIndex":590,"source":"washim_soyabean.kml"}},{"type":"Feature","geometry":{"type":"Polygon","coordinates":[[[77.06015879668476,20.12711999335539,0],[77.06043496818847,20.12704586456618,0],[77.06058076753199,20.12745674751344,0],[77.06027438662089,20.12754679191448,0],[77.06015879668476,20.12711999335539,0]]]},"properties":{"plotIndex":591,"source":"washim_soyabean.kml"}},{"type":"Feature","geometry":{"type":"Polygon","coordinates":[[[77.05942143745386,20.12714918508314,0],[77.06009126339318,20.12695258409229,0],[77.06034784601322,20.12687867681885,0],[77.06042657047007,20.12702435246469,0],[77.06017453358507,20.12710399959792,0],[77.06012263384805,20.12710789846695,0],[77.05948596446443,20.12734303459484,0],[77.05942143745386,20.12714918508314,0]]]},"properties":{"plotIndex":592,"source":"washim_soyabean.kml"}},{"type":"Feature","geometry":{"type":"Polygon","coordinates":[[[77.0604491209724,20.12704318300693,0],[77.06109707183425,20.12685992128458,0],[77.06122658913283,20.12724924911491,0],[77.06060091876883,20.12744859318122,0],[77.0604491209724,20.12704318300693,0]]]},"properties":{"plotIndex":593,"source":"washim_soyabean.kml"}},{"type":"Feature","geometry":{"type":"Polygon","coordinates":[[[77.06050218031866,20.12760247043505,0],[77.06048092793331,20.12750654512591,0],[77.06124865222728,20.12726232140331,0],[77.06130984118548,20.12746673812175,0],[77.06053906810338,20.12769982209448,0],[77.06050218031866,20.12760247043505,0]]]},"properties":{"plotIndex":594,"source":"washim_soyabean.kml"}},{"type":"Feature","geometry":{"type":"Polygon","coordinates":[[[77.0596665953676,20.12776043473932,0],[77.06045270734369,20.12751210482414,0],[77.06053216944083,20.12771228913336,0],[77.05974084354415,20.1279629023033,0],[77.0596665953676,20.12776043473932,0]]]},"properties":{"plotIndex":595,"source":"washim_soyabean.kml"}},{"type":"Feature","geometry":{"type":"Polygon","coordinates":[[[77.05924937723513,20.12683484784717,0],[77.05918711359817,20.12666538871915,0],[77.05983038219118,20.12644503445475,0],[77.05995387897478,20.12678807558465,0],[77.05933733824119,20.12698330770179,0],[77.05924937723513,20.12683484784717,0]]]},"properties":{"plotIndex":596,"source":"washim_soyabean.kml"}},{"type":"Feature","geometry":{"type":"Polygon","coordinates":[[[77.06063678815728,20.1255139716517,0],[77.06121451520488,20.12533413903693,0],[77.0613760775956,20.12571997545973,0],[77.06078465421956,20.12589273153671,0],[77.06063678815728,20.1255139716517,0]]]},"properties":{"plotIndex":597,"source":"washim_soyabean.kml"}},{"type":"Feature","geometry":{"type":"Polygon","coordinates":[[[77.0614085525791,20.1257451213285,0],[77.06123097289516,20.12532722797708,0],[77.06165876871242,20.12518560210979,0],[77.06199150539904,20.12578600710452,0],[77.06147947746997,20.12591781074891,0],[77.0614085525791,20.1257451213285,0]]]},"properties":{"plotIndex":598,"source":"washim_soyabean.kml"}},{"type":"Feature","geometry":{"type":"Polygon","coordinates":[[[77.06081273026514,20.12603356363349,0],[77.0607761155221,20.12590299612825,0],[77.06138807946485,20.1257284195453,0],[77.06146946304827,20.12593694151656,0],[77.06086369196377,20.12611644223499,0],[77.06081273026514,20.12603356363349,0]]]},"properties":{"plotIndex":599,"source":"washim_soyabean.kml"}},{"type":"Feature","geometry":{"type":"Polygon","coordinates":[[[77.0619504067091,20.12700660362097,0],[77.06259812060924,20.12679008069572,0],[77.06270016246783,20.12698981678412,0],[77.06204212443959,20.12723359122035,0],[77.0619504067091,20.12700660362097,0]]]},"properties":{"plotIndex":600,"source":"washim_soyabean.kml"}},{"type":"Feature","geometry":{"type":"Polygon","coordinates":[[[77.06427023318716,20.12610698012998,0],[77.06479387388165,20.12597616604677,0],[77.06491770515376,20.12639404010181,0],[77.06438740664039,20.12652288866896,0],[77.06427023318716,20.12610698012998,0]]]},"properties":{"plotIndex":601,"source":"washim_soyabean.kml"}},{"type":"Feature","geometry":{"type":"Polygon","coordinates":[[[77.06480575176514,20.12597429944507,0],[77.06535060731146,20.12588800045982,0],[77.06545034570932,20.1262253874111,0],[77.06492539048702,20.12635848088128,0],[77.06480575176514,20.12597429944507,0]]]},"properties":{"plotIndex":602,"source":"washim_soyabean.kml"}},{"type":"Feature","geometry":{"type":"Polygon","coordinates":[[[77.06134637443995,20.1240902668409,0],[77.06264495885591,20.12380828986577,0],[77.06303013305381,20.12454421924719,0],[77.06157955987871,20.12497854486399,0],[77.06108606272895,20.1241577425179,0],[77.06134637443995,20.1240902668409,0]]]},"properties":{"plotIndex":603,"source":"washim_soyabean.kml"}},{"type":"Feature","geometry":{"type":"Polygon","coordinates":[[[77.0609551136142,20.12399986325945,0],[77.06125777113594,20.12448991713631,0],[77.06031526991283,20.12488711093672,0],[77.0598469378975,20.12421146738275,0],[77.0609551136142,20.12399986325945,0]]]},"properties":{"plotIndex":604,"source":"washim_soyabean.kml"}},{"type":"Feature","geometry":{"type":"Polygon","coordinates":[[[77.06127156767376,20.12449715439619,0],[77.06166341224632,20.12516105574511,0],[77.06069832984139,20.12548089760933,0],[77.06033481382767,20.12490324793308,0],[77.06127156767376,20.12449715439619,0]]]},"properties":{"plotIndex":605,"source":"washim_soyabean.kml"}},{"type":"Feature","geometry":{"type":"Polygon","coordinates":[[[77.06355370321084,20.12504303224866,0],[77.06477077866754,20.12468347719732,0],[77.06501596301372,20.12529511751137,0],[77.06370758816888,20.12557760310243,0],[77.06355370321084,20.12504303224866,0]]]},"properties":{"plotIndex":606,"source":"washim_soyabean.kml"}},{"type":"Feature","geometry":{"type":"Polygon","coordinates":[[[77.0641317595312,20.12325282264032,0],[77.06401025024039,20.12266410776182,0],[77.06493593092411,20.12253018962906,0],[77.0650465205557,20.12327027168637,0],[77.06416076728699,20.12344198626549,0],[77.0641317595312,20.12325282264032,0]]]},"properties":{"plotIndex":607,"source":"washim_soyabean.kml"}},{"type":"Feature","geometry":{"type":"Polygon","coordinates":[[[77.06495646857381,20.12250093074377,0],[77.065956164136,20.12229556594128,0],[77.06593531580285,20.12310804066921,0],[77.06508024239419,20.12327012182044,0],[77.06495646857381,20.12250093074377,0]]]},"properties":{"plotIndex":608,"source":"washim_soyabean.kml"}},{"type":"Feature","geometry":{"type":"Polygon","coordinates":[[[77.06501962618378,20.1213950977671,0],[77.06616062382933,20.12109939133843,0],[77.06621573450576,20.12149773413539,0],[77.0651595706147,20.12174496286473,0],[77.06501962618378,20.1213950977671,0]]]},"properties":{"plotIndex":609,"source":"washim_soyabean.kml"}},{"type":"Feature","geometry":{"type":"Polygon","coordinates":[[[77.06110076344473,20.11912379716231,0],[77.06147885369472,20.11901637172964,0],[77.06155384144458,20.11936585459934,0],[77.06215210842414,20.11924595070226,0],[77.0623041540685,20.11996089550517,0],[77.06135326482122,20.12010560360668,0],[77.06110076344473,20.11912379716231,0]]]},"properties":{"plotIndex":610,"source":"washim_soyabean.kml"}},{"type":"Feature","geometry":{"type":"Polygon","coordinates":[[[77.06053492074516,20.11999758883467,0],[77.06039780464816,20.11937387722078,0],[77.06108665976816,20.11914270097235,0],[77.06132973411513,20.12010441673636,0],[77.06058390835238,20.12021785099034,0],[77.06053492074516,20.11999758883467,0]]]},"properties":{"plotIndex":611,"source":"washim_soyabean.kml"}},{"type":"Feature","geometry":{"type":"Polygon","coordinates":[[[77.0596497129897,20.11950511930051,0],[77.06036491633385,20.1193571443166,0],[77.0605512373574,20.1202040769257,0],[77.05983439732711,20.12030394907296,0],[77.0596497129897,20.11950511930051,0]]]},"properties":{"plotIndex":612,"source":"washim_soyabean.kml"}},{"type":"Feature","geometry":{"type":"Polygon","coordinates":[[[77.05895033384397,20.12010030861106,0],[77.05878587976223,20.11968014191459,0],[77.0596241977971,20.11952202730529,0],[77.05980992547998,20.12033944662496,0],[77.05904425011697,20.12042915208452,0],[77.05895033384397,20.12010030861106,0]]]},"properties":{"plotIndex":613,"source":"washim_soyabean.kml"}},{"type":"Feature","geometry":{"type":"Polygon","coordinates":[[[77.05915111707647,20.12088055702296,0],[77.06068613648729,20.12064376717091,0],[77.0607923184728,20.12106752657401,0],[77.06050738134708,20.12112399559176,0],[77.05996347535077,20.12121241586654,0],[77.05926307764042,20.12123850527772,0],[77.05915111707647,20.12088055702296,0]]]},"properties":{"plotIndex":614,"source":"washim_soyabean.kml"}},{"type":"Feature","geometry":{"type":"Polygon","coordinates":[[[77.16178717878064,20.14152892264284,0],[77.16216958315083,20.14222394060271,0],[77.16114441861647,20.14255159702472,0],[77.16080334148023,20.14189009905254,0],[77.16178717878064,20.14152892264284,0]]]},"properties":{"plotIndex":615,"source":"washim_soyabean.kml"}},{"type":"Feature","geometry":{"type":"Polygon","coordinates":[[[77.16118797380328,20.14063221774161,0],[77.16127851099894,20.14075794688076,0],[77.16134715747972,20.14077500736139,0],[77.16179769398974,20.14151364823235,0],[77.16075168280732,20.14187782555683,0],[77.16028241442869,20.14103719569117,0],[77.16118797380328,20.14063221774161,0]]]},"properties":{"plotIndex":616,"source":"washim_soyabean.kml"}},{"type":"Feature","geometry":{"type":"Polygon","coordinates":[[[77.16076667920863,20.14187675377506,0],[77.16119928116576,20.1427450843848,0],[77.16053702639059,20.14291891679036,0],[77.1601453373946,20.14207076180209,0],[77.16076667920863,20.14187675377506,0]]]},"properties":{"plotIndex":617,"source":"washim_soyabean.kml"}},{"type":"Feature","geometry":{"type":"Polygon","coordinates":[[[77.15990766129589,20.14215989249097,0],[77.16030136623452,20.14295430694548,0],[77.15985017610744,20.14306030526199,0],[77.15948683557265,20.14232234581513,0],[77.15990766129589,20.14215989249097,0]]]},"properties":{"plotIndex":618,"source":"washim_soyabean.kml"}},{"type":"Feature","geometry":{"type":"Polygon","coordinates":[[[77.15946204525089,20.14230508598312,0],[77.15984049597995,20.14306693136724,0],[77.15942222439324,20.14317997124646,0],[77.15905824004153,20.14246589842109,0],[77.15946204525089,20.14230508598312,0]]]},"properties":{"plotIndex":619,"source":"washim_soyabean.kml"}},{"type":"Feature","geometry":{"type":"Polygon","coordinates":[[[77.16097043722017,20.14021084403105,0],[77.16120276855666,20.14060419114736,0],[77.16048080823954,20.1409345008938,0],[77.16030730474097,20.14053058283374,0],[77.16097043722017,20.14021084403105,0]]]},"properties":{"plotIndex":620,"source":"washim_soyabean.kml"}},{"type":"Feature","geometry":{"type":"Polygon","coordinates":[[[77.16208465389394,20.1341831023236,0],[77.16225257453034,20.13501242219149,0],[77.16074269589566,20.13526614527666,0],[77.1606434702195,20.13436785937195,0],[77.16208465389394,20.1341831023236,0]]]},"properties":{"plotIndex":621,"source":"washim_soyabean.kml"}},{"type":"Feature","geometry":{"type":"Polygon","coordinates":[[[77.16607398597242,20.13587432763586,0],[77.1664678796896,20.13683402477025,0],[77.16604506290105,20.1370250239675,0],[77.16594362956072,20.13703280662629,0],[77.16551647419918,20.13609968764415,0],[77.16607398597242,20.13587432763586,0]]]},"properties":{"plotIndex":622,"source":"washim_soyabean.kml"}},{"type":"Feature","geometry":{"type":"Polygon","coordinates":[[[77.16517666887641,20.13623724732855,0],[77.16549683773908,20.1361053917837,0],[77.16591832703725,20.13703800061267,0],[77.16535864747621,20.13730857782075,0],[77.16491993481014,20.13635600494982,0],[77.16517666887641,20.13623724732855,0]]]},"properties":{"plotIndex":623,"source":"washim_soyabean.kml"}},{"type":"Feature","geometry":{"type":"Polygon","coordinates":[[[77.1644510077766,20.13654184134991,0],[77.16490852413183,20.13635976535534,0],[77.1653546030468,20.13731134109284,0],[77.16500587055151,20.13748722369735,0],[77.16458861269915,20.13770217752758,0],[77.1640957608671,20.1366999493452,0],[77.1644510077766,20.13654184134991,0]]]},"properties":{"plotIndex":624,"source":"washim_soyabean.kml"}},{"type":"Feature","geometry":{"type":"Polygon","coordinates":[[[77.16591114391652,20.13705886163478,0],[77.16613036216192,20.13702756958476,0],[77.16628378599711,20.13737777487094,0],[77.166469884379,20.13785769907668,0],[77.16522518633315,20.13842614667383,0],[77.16478137406929,20.13763486382324,0],[77.16591114391652,20.13705886163478,0]]]},"properties":{"plotIndex":625,"source":"washim_soyabean.kml"}},{"type":"Feature","geometry":{"type":"Polygon","coordinates":[[[77.16695523911602,20.13671055213126,0],[77.16712155275457,20.13707113261833,0],[77.16732595480727,20.13749560410254,0],[77.16649057110851,20.13785035562888,0],[77.16614246473048,20.13701064643039,0],[77.16695523911602,20.13671055213126,0]]]},"properties":{"plotIndex":626,"source":"washim_soyabean.kml"}},{"type":"Feature","geometry":{"type":"Polygon","coordinates":[[[77.16761424323327,20.1364078332917,0],[77.16811783254273,20.13709490360642,0],[77.1673257244175,20.13749570623557,0],[77.16697224869746,20.1367063102823,0],[77.16761424323327,20.1364078332917,0]]]},"properties":{"plotIndex":627,"source":"washim_soyabean.kml"}},{"type":"Feature","geometry":{"type":"Polygon","coordinates":[[[77.16964984137095,20.13599540610163,0],[77.17065241061573,20.13707880148792,0],[77.17027989779534,20.13733444988889,0],[77.16926958751924,20.13619333664619,0],[77.16964984137095,20.13599540610163,0]]]},"properties":{"plotIndex":628,"source":"washim_soyabean.kml"}},{"type":"Feature","geometry":{"type":"Polygon","coordinates":[[[77.15330878160586,20.1345054407628,0],[77.1537643381409,20.13441824098718,0],[77.15392435869114,20.13510958441659,0],[77.15363309952697,20.13526784172705,0],[77.15345222481463,20.1353323557797,0],[77.15342114755344,20.135166559349,0],[77.15334144009371,20.13499271586522,0],[77.15333820160136,20.13486446290536,0],[77.15337179323043,20.13472649350273,0],[77.15330878160586,20.1345054407628,0]]]},"properties":{"plotIndex":629,"source":"washim_soyabean.kml"}},{"type":"Feature","geometry":{"type":"Polygon","coordinates":[[[77.15200891627734,20.13567154850842,0],[77.15235476742498,20.13645185749066,0],[77.15212532130208,20.13659782389858,0],[77.1517550396523,20.13579156095894,0],[77.15200891627734,20.13567154850842,0]]]},"properties":{"plotIndex":630,"source":"washim_soyabean.kml"}},{"type":"Feature","geometry":{"type":"Polygon","coordinates":[[[77.15705644433672,20.14038863289795,0],[77.1578844130456,20.13991311970205,0],[77.15826304873893,20.14070840883963,0],[77.15766440933037,20.14101938264242,0],[77.15657713469793,20.14172461899703,0],[77.15590741907702,20.14091698517344,0],[77.15646697094004,20.14062752611391,0],[77.15705644433672,20.14038863289795,0]]]},"properties":{"plotIndex":631,"source":"washim_soyabean.kml"}},{"type":"Feature","geometry":{"type":"Polygon","coordinates":[[[77.16021628249646,20.12983899760022,0],[77.1602818461409,20.13054079504842,0],[77.15964218954896,20.13065651612616,0],[77.15963672870731,20.13024742657067,0],[77.15956815586492,20.13021825698904,0],[77.15954732941842,20.12991511957801,0],[77.16021628249646,20.12983899760022,0]]]},"properties":{"plotIndex":632,"source":"washim_soyabean.kml"}},{"type":"Feature","geometry":{"type":"Polygon","coordinates":[[[77.16128321787575,20.1218218529602,0],[77.16130398032445,20.12198004936256,0],[77.16132481086429,20.12209575325004,0],[77.16129319400652,20.12245781121507,0],[77.16077391988365,20.12244631418805,0],[77.16076070372992,20.12212665266161,0],[77.16019207108145,20.12207801477827,0],[77.16025056613965,20.1212912231628,0],[77.16128321787575,20.1218218529602,0]]]},"properties":{"plotIndex":633,"source":"washim_soyabean.kml"}},{"type":"Feature","geometry":{"type":"Polygon","coordinates":[[[77.17383006710773,20.15781725145745,0],[77.1738897801426,20.15812060569852,0],[77.1728988030531,20.1582833165806,0],[77.17282979259697,20.15801437469635,0],[77.17383006710773,20.15781725145745,0]]]},"properties":{"plotIndex":634,"source":"washim_soyabean.kml"}},{"type":"Feature","geometry":{"type":"Polygon","coordinates":[[[77.17475517001475,20.16115179887361,0],[77.17481467247555,20.16246195061861,0],[77.17396519745293,20.16238231057174,0],[77.17386606578391,20.16124790780009,0],[77.17475517001475,20.16115179887361,0]]]},"properties":{"plotIndex":635,"source":"washim_soyabean.kml"}},{"type":"Feature","geometry":{"type":"Polygon","coordinates":[[[77.16155555786109,20.16501026491699,0],[77.1626942909622,20.16495859368482,0],[77.16273721876476,20.16586694837914,0],[77.16162862016334,20.16591952078651,0],[77.16155555786109,20.16501026491699,0]]]},"properties":{"plotIndex":636,"source":"washim_soyabean.kml"}},{"type":"Feature","geometry":{"type":"Polygon","coordinates":[[[77.16210648695782,20.16592571831972,0],[77.16284290373405,20.16587655263404,0],[77.1641547153534,20.16572925784605,0],[77.1641433987594,20.16643204617139,0],[77.16222225056144,20.16653998271347,0],[77.16210648695782,20.16592571831972,0]]]},"properties":{"plotIndex":637,"source":"washim_soyabean.kml"}},{"type":"Feature","geometry":{"type":"Polygon","coordinates":[[[77.16355647383588,20.16663139195586,0],[77.16416430468787,20.166591805018,0],[77.16419072266952,20.16738076495409,0],[77.16359606730681,20.16738889429782,0],[77.16355647383588,20.16663139195586,0]]]},"properties":{"plotIndex":638,"source":"washim_soyabean.kml"}},{"type":"Feature","geometry":{"type":"Polygon","coordinates":[[[77.16128674942642,20.1659740858658,0],[77.16208225214233,20.16590864252105,0],[77.1621876136206,20.16656075727237,0],[77.16137042116377,20.16655075746511,0],[77.16128674942642,20.1659740858658,0]]]},"properties":{"plotIndex":639,"source":"washim_soyabean.kml"}},{"type":"Feature","geometry":{"type":"Polygon","coordinates":[[[77.16168274204864,20.16442975554225,0],[77.16226212912477,20.16442802494718,0],[77.16226889201164,20.16494260599757,0],[77.16171658357148,20.16495897116626,0],[77.16168274204864,20.16442975554225,0]]]},"properties":{"plotIndex":640,"source":"washim_soyabean.kml"}},{"type":"Feature","geometry":{"type":"Polygon","coordinates":[[[77.16264651739274,20.16439264672898,0],[77.1636768594552,20.16431017494735,0],[77.16371927169023,20.16483558254436,0],[77.16268951276628,20.16493515058998,0],[77.16264651739274,20.16439264672898,0]]]},"properties":{"plotIndex":641,"source":"washim_soyabean.kml"}},{"type":"Feature","geometry":{"type":"Polygon","coordinates":[[[77.16227491989278,20.16442112906535,0],[77.16263470886767,20.16440193543486,0],[77.16267473615554,20.1649425494065,0],[77.16228386697543,20.16495681129877,0],[77.16227491989278,20.16442112906535,0]]]},"properties":{"plotIndex":642,"source":"washim_soyabean.kml"}},{"type":"Feature","geometry":{"type":"Polygon","coordinates":[[[77.1592660308421,20.16319016580556,0],[77.16008220088108,20.16319605995447,0],[77.16063030735093,20.16324326018477,0],[77.16057054611713,20.16388685280987,0],[77.15920799975687,20.1639503832454,0],[77.1592660308421,20.16319016580556,0]]]},"properties":{"plotIndex":643,"source":"washim_soyabean.kml"}},{"type":"Feature","geometry":{"type":"Polygon","coordinates":[[[77.15857505878067,20.16382854282025,0],[77.15860559220323,20.16317498085871,0],[77.15924990510686,20.16318214165353,0],[77.15918084024705,20.1639987026888,0],[77.15855849156968,20.16404122942443,0],[77.15857505878067,20.16382854282025,0]]]},"properties":{"plotIndex":644,"source":"washim_soyabean.kml"}},{"type":"Feature","geometry":{"type":"Polygon","coordinates":[[[77.16100041273826,20.16007657217763,0],[77.16120008856544,20.16003600936534,0],[77.16139362736209,20.16001410063879,0],[77.161546907037,20.15993843281315,0],[77.16176275278687,20.15986700058805,0],[77.16204688299715,20.15982342786031,0],[77.16230029368153,20.15979081788059,0],[77.16242854947639,20.16046377254237,0],[77.16166162914818,20.16055573463348,0],[77.16100321224965,20.16062484278611,0],[77.16100041273826,20.16007657217763,0]]]},"properties":{"plotIndex":645,"source":"washim_soyabean.kml"}},{"type":"Feature","geometry":{"type":"Polygon","coordinates":[[[77.16885978911635,20.13035823343223,0],[77.16968318371269,20.13016779990673,0],[77.16984993630551,20.13087952815694,0],[77.16906329330159,20.1310504706281,0],[77.16885978911635,20.13035823343223,0]]]},"properties":{"plotIndex":646,"source":"washim_soyabean.kml"}},{"type":"Feature","geometry":{"type":"Polygon","coordinates":[[[77.16222406755409,20.13205105750071,0],[77.16311587528516,20.13209182116632,0],[77.16352475491483,20.13299837174998,0],[77.16201974916186,20.13362481475943,0],[77.16222406755409,20.13205105750071,0]]]},"properties":{"plotIndex":647,"source":"washim_soyabean.kml"}},{"type":"Feature","geometry":{"type":"Polygon","coordinates":[[[77.16228805774294,20.13155682599302,0],[77.1629657660418,20.13151577708196,0],[77.16311551074425,20.13206111743972,0],[77.16220319964158,20.13203034671799,0],[77.16228805774294,20.13155682599302,0]]]},"properties":{"plotIndex":648,"source":"washim_soyabean.kml"}},{"type":"Feature","geometry":{"type":"Polygon","coordinates":[[[77.16556716236735,20.1296406677128,0],[77.16557448841924,20.12892848510139,0],[77.16616740995867,20.12893340185205,0],[77.1662086019071,20.13027045835545,0],[77.16556323182506,20.13029547077562,0],[77.16556716236735,20.1296406677128,0]]]},"properties":{"plotIndex":649,"source":"washim_soyabean.kml"}},{"type":"Feature","geometry":{"type":"Polygon","coordinates":[[[77.16439473562933,20.129031809198,0],[77.16555931045175,20.12895407408496,0],[77.16555504234677,20.12932165521083,0],[77.1646338331203,20.12950392929764,0],[77.16439473562933,20.129031809198,0]]]},"properties":{"plotIndex":650,"source":"washim_soyabean.kml"}},{"type":"Feature","geometry":{"type":"Polygon","coordinates":[[[77.16465284265497,20.12951507468475,0],[77.16555488366998,20.12933615069731,0],[77.16553462576594,20.12986932160554,0],[77.16488358704584,20.13002632735662,0],[77.16465284265497,20.12951507468475,0]]]},"properties":{"plotIndex":651,"source":"washim_soyabean.kml"}},{"type":"Feature","geometry":{"type":"Polygon","coordinates":[[[77.15071810115057,20.14459839460751,0],[77.15103626463623,20.14454503941377,0],[77.15105968783374,20.14461516939913,0],[77.1512475455178,20.14458592226963,0],[77.15127775576114,20.14470499845002,0],[77.15163865908909,20.14464137457122,0],[77.15174056585916,20.1453017704751,0],[77.15072403636283,20.14542452779705,0],[77.15071810115057,20.14459839460751,0]]]},"properties":{"plotIndex":652,"source":"washim_soyabean.kml"}},{"type":"Feature","geometry":{"type":"Polygon","coordinates":[[[77.15166661934177,20.14467062947399,0],[77.15282663361955,20.14446660122187,0],[77.15295768790344,20.14494534328659,0],[77.15177335310771,20.14529884152691,0],[77.15166661934177,20.14467062947399,0]]]},"properties":{"plotIndex":653,"source":"washim_soyabean.kml"}},{"type":"Feature","geometry":{"type":"Polygon","coordinates":[[[77.15160295802508,20.14413256581858,0],[77.15274203269125,20.14394945883867,0],[77.1528221480416,20.14442257196693,0],[77.15161548392662,20.14432927830787,0],[77.15160295802508,20.14413256581858,0]]]},"properties":{"plotIndex":654,"source":"washim_soyabean.kml"}},{"type":"Feature","geometry":{"type":"Polygon","coordinates":[[[77.15165178491088,20.14465292741533,0],[77.1515900542831,20.14439052680674,0],[77.1527382232598,20.14445369573618,0],[77.15165178491088,20.14465292741533,0]]]},"properties":{"plotIndex":655,"source":"washim_soyabean.kml"}},{"type":"Feature","geometry":{"type":"Polygon","coordinates":[[[77.15286740078062,20.14445444735537,0],[77.15389253332839,20.14423697596223,0],[77.15457519486714,20.14403960988626,0],[77.15490111919493,20.14443825857841,0],[77.1529940173114,20.1449494113487,0],[77.15286740078062,20.14445444735537,0]]]},"properties":{"plotIndex":656,"source":"washim_soyabean.kml"}},{"type":"Feature","geometry":{"type":"Polygon","coordinates":[[[77.153673642056,20.1447905949573,0],[77.15430366335583,20.14462975937077,0],[77.1548161141829,20.14574660585483,0],[77.1539097623483,20.145990155217,0],[77.153673642056,20.1447905949573,0]]]},"properties":{"plotIndex":657,"source":"washim_soyabean.kml"}},{"type":"Feature","geometry":{"type":"Polygon","coordinates":[[[77.15432306950464,20.1446064846256,0],[77.15496189255131,20.144437284823,0],[77.15536729513825,20.14501543122555,0],[77.15564826210837,20.14550349477151,0],[77.15483910058663,20.14573885274965,0],[77.15432306950464,20.1446064846256,0]]]},"properties":{"plotIndex":658,"source":"washim_soyabean.kml"}},{"type":"Feature","geometry":{"type":"Polygon","coordinates":[[[77.15431024276114,20.14592472878969,0],[77.15568146435004,20.1455227251915,0],[77.15608384943772,20.14585464034795,0],[77.15646397278739,20.14620334914835,0],[77.1566979339321,20.14630230459314,0],[77.15674668340105,20.14646759065758,0],[77.15566257897281,20.14674219859436,0],[77.15446318930863,20.14702072525041,0],[77.15431024276114,20.14592472878969,0]]]},"properties":{"plotIndex":659,"source":"washim_soyabean.kml"}},{"type":"Feature","geometry":{"type":"Polygon","coordinates":[[[77.15391375639585,20.1459984704636,0],[77.15427198259876,20.14590240576161,0],[77.15432415709178,20.14619356086872,0],[77.15394949434743,20.14622031960111,0],[77.15391375639585,20.1459984704636,0]]]},"properties":{"plotIndex":660,"source":"washim_soyabean.kml"}},{"type":"Feature","geometry":{"type":"Polygon","coordinates":[[[77.15319253812822,20.14636766752903,0],[77.15360317767627,20.14628414405086,0],[77.15434430782562,20.14620712901551,0],[77.15442347049829,20.14688076663348,0],[77.15333936501273,20.14705939996488,0],[77.15319253812822,20.14636766752903,0]]]},"properties":{"plotIndex":661,"source":"washim_soyabean.kml"}},{"type":"Feature","geometry":{"type":"Polygon","coordinates":[[[77.15479620336741,20.14696933867173,0],[77.15677898960965,20.14648032846433,0],[77.15706306600626,20.1470046866965,0],[77.15612449788182,20.14723692106453,0],[77.15499483936962,20.14742802542488,0],[77.15479620336741,20.14696933867173,0]]]},"properties":{"plotIndex":662,"source":"washim_soyabean.kml"}},{"type":"Feature","geometry":{"type":"Polygon","coordinates":[[[77.16097208599112,20.12145161383166,0],[77.16144021634032,20.1215683589333,0],[77.16129544841947,20.12179731704314,0],[77.16027469895178,20.12125905717276,0],[77.16035364021667,20.12003610619271,0],[77.16102966599249,20.12039388097823,0],[77.16097208599112,20.12145161383166,0]]]},"properties":{"plotIndex":663,"source":"washim_soyabean.kml"}},{"type":"Feature","geometry":{"type":"Polygon","coordinates":[[[77.16106379302792,20.12038335652098,0],[77.16182455731416,20.12084502017849,0],[77.16145027019923,20.12152898704674,0],[77.1610065249601,20.12143317764146,0],[77.16106379302792,20.12038335652098,0]]]},"properties":{"plotIndex":664,"source":"washim_soyabean.kml"}},{"type":"Feature","geometry":{"type":"Polygon","coordinates":[[[77.16150870676316,20.12148403020456,0],[77.1620669987069,20.12165485876168,0],[77.16201995926501,20.12214543279824,0],[77.16134794044963,20.12179143214174,0],[77.16150870676316,20.12148403020456,0]]]},"properties":{"plotIndex":665,"source":"washim_soyabean.kml"}},{"type":"Feature","geometry":{"type":"Polygon","coordinates":[[[77.16185760358174,20.1208403526066,0],[77.16239359702664,20.12112057875855,0],[77.16231647264645,20.12170351399238,0],[77.16151333612949,20.12146477782714,0],[77.16185760358174,20.1208403526066,0]]]},"properties":{"plotIndex":666,"source":"washim_soyabean.kml"}},{"type":"Feature","geometry":{"type":"Polygon","coordinates":[[[77.15934108951839,20.11902747720633,0],[77.16011227808379,20.11885995696638,0],[77.16037357121094,20.12001835511748,0],[77.15957451762733,20.12001553005225,0],[77.15934108951839,20.11902747720633,0]]]},"properties":{"plotIndex":667,"source":"washim_soyabean.kml"}},{"type":"Feature","geometry":{"type":"Polygon","coordinates":[[[77.15908918487817,20.11797089971331,0],[77.15986207409259,20.11764093666627,0],[77.16009856216684,20.11884489366589,0],[77.15932982119668,20.11900476084666,0],[77.15908918487817,20.11797089971331,0]]]},"properties":{"plotIndex":668,"source":"washim_soyabean.kml"}},{"type":"Feature","geometry":{"type":"Polygon","coordinates":[[[77.15885020734083,20.11702214670665,0],[77.15968436614041,20.11683977905727,0],[77.1598389518111,20.11761853283195,0],[77.15908475027204,20.11795054733904,0],[77.15885020734083,20.11702214670665,0]]]},"properties":{"plotIndex":669,"source":"washim_soyabean.kml"}},{"type":"Feature","geometry":{"type":"Polygon","coordinates":[[[77.1586805879667,20.11635033759154,0],[77.15963096621387,20.11654397742285,0],[77.15967279083547,20.1168276324271,0],[77.15884731762732,20.11700106013901,0],[77.1586805879667,20.11635033759154,0]]]},"properties":{"plotIndex":670,"source":"washim_soyabean.kml"}},{"type":"Feature","geometry":{"type":"Polygon","coordinates":[[[77.15785221814104,20.11629196174427,0],[77.15811874427776,20.11624686215278,0],[77.15837604010392,20.11628415486206,0],[77.15866291477612,20.11635588870606,0],[77.15881396843642,20.11700682079039,0],[77.15807316740175,20.11717441468784,0],[77.15785221814104,20.11629196174427,0]]]},"properties":{"plotIndex":671,"source":"washim_soyabean.kml"}},{"type":"Feature","geometry":{"type":"Polygon","coordinates":[[[77.15806403261094,20.11719952238796,0],[77.15883171384857,20.11702827112283,0],[77.15906120410408,20.11796875560692,0],[77.15834759867109,20.11826589270287,0],[77.15806403261094,20.11719952238796,0]]]},"properties":{"plotIndex":672,"source":"washim_soyabean.kml"}},{"type":"Feature","geometry":{"type":"Polygon","coordinates":[[[77.15834551583137,20.11828797188186,0],[77.15907313011633,20.11798124993573,0],[77.15929787964984,20.11901856275093,0],[77.15856328837889,20.11919317988218,0],[77.15834551583137,20.11828797188186,0]]]},"properties":{"plotIndex":673,"source":"washim_soyabean.kml"}},{"type":"Feature","geometry":{"type":"Polygon","coordinates":[[[77.15856433561952,20.11920566288133,0],[77.15932762504312,20.11904853888638,0],[77.15954618456189,20.12000640941544,0],[77.15875625554592,20.11995300896561,0],[77.15856433561952,20.11920566288133,0]]]},"properties":{"plotIndex":674,"source":"washim_soyabean.kml"}},{"type":"Feature","geometry":{"type":"Polygon","coordinates":[[[77.15884825872193,20.1199804882377,0],[77.1603275688639,20.12004825915303,0],[77.16027863341819,20.12058560839669,0],[77.15915309003712,20.12050255729044,0],[77.15884825872193,20.1199804882377,0]]]},"properties":{"plotIndex":675,"source":"washim_soyabean.kml"}},{"type":"Feature","geometry":{"type":"Polygon","coordinates":[[[77.15969906128801,20.12098079616776,0],[77.15924468708285,20.12078825437816,0],[77.15913403641497,20.12052901099167,0],[77.16027905900896,20.12060782295879,0],[77.16022302366093,20.12117533643611,0],[77.15969906128801,20.12098079616776,0]]]},"properties":{"plotIndex":676,"source":"washim_soyabean.kml"}},{"type":"Feature","geometry":{"type":"Polygon","coordinates":[[[77.15757731433735,20.11808092505561,0],[77.1582409580985,20.11795222284994,0],[77.15836919198745,20.11848977784952,0],[77.1577102359643,20.11863339669169,0],[77.15757731433735,20.11808092505561,0]]]},"properties":{"plotIndex":677,"source":"washim_soyabean.kml"}},{"type":"Feature","geometry":{"type":"Polygon","coordinates":[[[77.15741869698482,20.1173636079982,0],[77.15804545004087,20.11720298473634,0],[77.15823541640711,20.11792420757031,0],[77.15757572682459,20.11805861108392,0],[77.15741869698482,20.1173636079982,0]]]},"properties":{"plotIndex":678,"source":"washim_soyabean.kml"}},{"type":"Feature","geometry":{"type":"Polygon","coordinates":[[[77.15712662526668,20.11629360974325,0],[77.15780785496854,20.11620789752527,0],[77.15804711260861,20.11717864773911,0],[77.15738558807715,20.11735003472423,0],[77.15712662526668,20.11629360974325,0]]]},"properties":{"plotIndex":679,"source":"washim_soyabean.kml"}},{"type":"Feature","geometry":{"type":"Polygon","coordinates":[[[77.15999997971912,20.11822163025089,0],[77.16041242559146,20.1182097395665,0],[77.16085150616604,20.12026313082552,0],[77.16040299815157,20.12004684296499,0],[77.15999997971912,20.11822163025089,0]]]},"properties":{"plotIndex":680,"source":"washim_soyabean.kml"}},{"type":"Feature","geometry":{"type":"Polygon","coordinates":[[[77.15965882647545,20.11654999680191,0],[77.16009943025774,20.11666272216375,0],[77.16040428028592,20.11817511054837,0],[77.15999299217401,20.11819820903646,0],[77.15965882647545,20.11654999680191,0]]]},"properties":{"plotIndex":681,"source":"washim_soyabean.kml"}},{"type":"Feature","geometry":{"type":"Polygon","coordinates":[[[77.16089559088077,20.11928178343628,0],[77.16156957178853,20.11922625006886,0],[77.16169679257169,20.12072366094129,0],[77.16102093115012,20.12032606975433,0],[77.16089559088077,20.11928178343628,0]]]},"properties":{"plotIndex":682,"source":"washim_soyabean.kml"}},{"type":"Feature","geometry":{"type":"Polygon","coordinates":[[[77.1619649932831,20.15033336808449,0],[77.16226624779812,20.15024995795751,0],[77.1624357672925,20.15080092316244,0],[77.16220241137982,20.15093303369694,0],[77.1619649932831,20.15033336808449,0]]]},"properties":{"plotIndex":683,"source":"washim_soyabean.kml"}},{"type":"Feature","geometry":{"type":"Polygon","coordinates":[[[77.16229708265978,20.15025367450438,0],[77.16356382157439,20.14985134261295,0],[77.16375816482177,20.15045187113601,0],[77.16246218473171,20.15081455736816,0],[77.16229708265978,20.15025367450438,0]]]},"properties":{"plotIndex":684,"source":"washim_soyabean.kml"}},{"type":"Feature","geometry":{"type":"Polygon","coordinates":[[[77.16357327566335,20.14983341323902,0],[77.16412661379483,20.1496670601149,0],[77.16469314651539,20.14947058384656,0],[77.1649195142552,20.15010460983363,0],[77.16431351517026,20.15031980210069,0],[77.16378694181918,20.15045232572559,0],[77.16357327566335,20.14983341323902,0]]]},"properties":{"plotIndex":685,"source":"washim_soyabean.kml"}},{"type":"Feature","geometry":{"type":"Polygon","coordinates":[[[77.16471555289917,20.14948609479431,0],[77.16582762246455,20.14910840124073,0],[77.16664188959167,20.14952516191792,0],[77.1649508310793,20.15008821141335,0],[77.16471555289917,20.14948609479431,0]]]},"properties":{"plotIndex":686,"source":"washim_soyabean.kml"}},{"type":"Feature","geometry":{"type":"Polygon","coordinates":[[[77.1638637609033,20.14900185277878,0],[77.16501274556632,20.1486620281552,0],[77.16582675747746,20.14908511721976,0],[77.16409372774895,20.14966299808646,0],[77.1638637609033,20.14900185277878,0]]]},"properties":{"plotIndex":687,"source":"washim_soyabean.kml"}},{"type":"Feature","geometry":{"type":"Polygon","coordinates":[[[77.17612326023834,20.15771741381958,0],[77.17683067548059,20.1575502119132,0],[77.17696555928451,20.15819077004952,0],[77.17623634185328,20.15838962986271,0],[77.17612326023834,20.15771741381958,0]]]},"properties":{"plotIndex":688,"source":"washim_soyabean.kml"}},{"type":"Feature","geometry":{"type":"Polygon","coordinates":[[[77.176852486312,20.15752976405887,0],[77.17736595839699,20.15742761515444,0],[77.17751357412384,20.15807132821485,0],[77.17698654903846,20.15819051587769,0],[77.176852486312,20.15752976405887,0]]]},"properties":{"plotIndex":689,"source":"washim_soyabean.kml"}},{"type":"Feature","geometry":{"type":"Polygon","coordinates":[[[77.17740523207353,20.15742919278903,0],[77.1784306863218,20.1572947938572,0],[77.17852325929681,20.1579047278501,0],[77.177539548844,20.15805725943176,0],[77.17740523207353,20.15742919278903,0]]]},"properties":{"plotIndex":690,"source":"washim_soyabean.kml"}},{"type":"Feature","geometry":{"type":"Polygon","coordinates":[[[77.17633788686778,20.15462592788989,0],[77.17682737094799,20.15445537768145,0],[77.17708039674159,20.15527618909221,0],[77.17656327491287,20.155403492995,0],[77.17633788686778,20.15462592788989,0]]]},"properties":{"plotIndex":691,"source":"washim_soyabean.kml"}},{"type":"Feature","geometry":{"type":"Polygon","coordinates":[[[77.17835446644966,20.15661245603415,0],[77.17962736157054,20.15640011283666,0],[77.17972268858246,20.15708583491095,0],[77.17845176167053,20.15726472087166,0],[77.17835446644966,20.15661245603415,0]]]},"properties":{"plotIndex":692,"source":"washim_soyabean.kml"}},{"type":"Feature","geometry":{"type":"Polygon","coordinates":[[[77.17854437755635,20.15655945457508,0],[77.17839414904856,20.15579929775852,0],[77.17968903301346,20.15560385300233,0],[77.17979823884129,20.15634949657797,0],[77.17854437755635,20.15655945457508,0]]]},"properties":{"plotIndex":693,"source":"washim_soyabean.kml"}},{"type":"Feature","geometry":{"type":"Polygon","coordinates":[[[77.17814081234596,20.15584112685504,0],[77.17837100649514,20.15580050668531,0],[77.17852983540229,20.15655989550218,0],[77.17829895563004,20.15660391567407,0],[77.17814081234596,20.15584112685504,0]]]},"properties":{"plotIndex":694,"source":"washim_soyabean.kml"}},{"type":"Feature","geometry":{"type":"Polygon","coordinates":[[[77.17662273263178,20.15692214713715,0],[77.17681226477826,20.15686624874576,0],[77.17831296101411,20.15662605726593,0],[77.17841090570901,20.15726182193262,0],[77.17677009411581,20.15753545508069,0],[77.17662273263178,20.15692214713715,0]]]},"properties":{"plotIndex":695,"source":"washim_soyabean.kml"}},{"type":"Feature","geometry":{"type":"Polygon","coordinates":[[[77.17969395374537,20.15506289168832,0],[77.18098516574447,20.15494123389374,0],[77.18105602758554,20.15546797241135,0],[77.17971138924104,20.15560696438687,0],[77.17969395374537,20.15506289168832,0]]]},"properties":{"plotIndex":696,"source":"washim_soyabean.kml"}},{"type":"Feature","geometry":{"type":"Polygon","coordinates":[[[77.17971576901789,20.15563005335655,0],[77.18102019616575,20.15548653731188,0],[77.18101488034237,20.15622804780287,0],[77.1798168639333,20.15636162196317,0],[77.17971576901789,20.15563005335655,0]]]},"properties":{"plotIndex":697,"source":"washim_soyabean.kml"}},{"type":"Feature","geometry":{"type":"Polygon","coordinates":[[[77.17964567560512,20.15640246145258,0],[77.18102754454648,20.15626018242354,0],[77.18110199198253,20.15689071632186,0],[77.1797497601674,20.15709311793604,0],[77.17964567560512,20.15640246145258,0]]]},"properties":{"plotIndex":698,"source":"washim_soyabean.kml"}},{"type":"Feature","geometry":{"type":"Polygon","coordinates":[[[77.17844183257363,20.15728083108733,0],[77.17974387774237,20.15711382004042,0],[77.17985054592548,20.15776266929988,0],[77.17854772932228,20.15789733184191,0],[77.17844183257363,20.15728083108733,0]]]},"properties":{"plotIndex":699,"source":"washim_soyabean.kml"}},{"type":"Feature","geometry":{"type":"Polygon","coordinates":[[[77.1797516318158,20.15711113459836,0],[77.18109121588152,20.15691986167681,0],[77.18111855763249,20.15757684077567,0],[77.17987856977562,20.15777651691051,0],[77.1797516318158,20.15711113459836,0]]]},"properties":{"plotIndex":700,"source":"washim_soyabean.kml"}},{"type":"Feature","geometry":{"type":"Polygon","coordinates":[[[77.18107447013162,20.15626124207622,0],[77.18223358891447,20.15609874945481,0],[77.18236496583908,20.15761846361238,0],[77.18122769441364,20.15779415162804,0],[77.18107447013162,20.15626124207622,0]]]},"properties":{"plotIndex":701,"source":"washim_soyabean.kml"}},{"type":"Feature","geometry":{"type":"Polygon","coordinates":[[[77.18106784977017,20.15548292035336,0],[77.18100774567183,20.15493387710994,0],[77.18167638267586,20.15485203215696,0],[77.18188041277608,20.15611717827463,0],[77.18107171010706,20.15622237849066,0],[77.18106784977017,20.15548292035336,0]]]},"properties":{"plotIndex":702,"source":"washim_soyabean.kml"}},{"type":"Feature","geometry":{"type":"Polygon","coordinates":[[[77.18226217404518,20.15608317522018,0],[77.1836706272992,20.15597174265679,0],[77.18360241214064,20.15748886166248,0],[77.1824104502641,20.15762557357186,0],[77.18226217404518,20.15608317522018,0]]]},"properties":{"plotIndex":703,"source":"washim_soyabean.kml"}},{"type":"Feature","geometry":{"type":"Polygon","coordinates":[[[77.1657716584275,20.14266549159129,0],[77.1653110771168,20.14201041973388,0],[77.16648853693827,20.14149433954081,0],[77.16671693844594,20.1419724803256,0],[77.16709527982017,20.1424157027635,0],[77.16603306691498,20.14292616994581,0],[77.1657716584275,20.14266549159129,0]]]},"properties":{"plotIndex":704,"source":"washim_soyabean.kml"}},{"type":"Feature","geometry":{"type":"Polygon","coordinates":[[[77.1660129044273,20.14294884834345,0],[77.16718493523425,20.14240589440625,0],[77.16728498898637,20.1426513251471,0],[77.16614524835325,20.14319235099714,0],[77.1660129044273,20.14294884834345,0]]]},"properties":{"plotIndex":705,"source":"washim_soyabean.kml"}},{"type":"Feature","geometry":{"type":"Polygon","coordinates":[[[77.16630662647425,20.14332583697901,0],[77.16615618614868,20.14322017352155,0],[77.16725871360624,20.14268974975445,0],[77.1674176665594,20.14295409518834,0],[77.16647900104795,20.14341886783632,0],[77.16630662647425,20.14332583697901,0]]]},"properties":{"plotIndex":706,"source":"washim_soyabean.kml"}},{"type":"Feature","geometry":{"type":"Polygon","coordinates":[[[77.16646908490095,20.14342921495536,0],[77.16710600862544,20.14312003375968,0],[77.16747333773785,20.14292902089088,0],[77.16765118623783,20.14312980099306,0],[77.16673060771656,20.14360988335541,0],[77.16646908490095,20.14342921495536,0]]]},"properties":{"plotIndex":707,"source":"washim_soyabean.kml"}},{"type":"Feature","geometry":{"type":"Polygon","coordinates":[[[77.1667140001403,20.14363598287524,0],[77.16762567501232,20.1431600398704,0],[77.16780216848193,20.1434443652949,0],[77.16736542084647,20.14368140280259,0],[77.16685464470031,20.1437378662121,0],[77.1667140001403,20.14363598287524,0]]]},"properties":{"plotIndex":708,"source":"washim_soyabean.kml"}},{"type":"Feature","geometry":{"type":"Polygon","coordinates":[[[77.16497864453653,20.14400656468014,0],[77.16626103546692,20.14358078069684,0],[77.1664531101325,20.14369172158234,0],[77.1665522895294,20.14403281605224,0],[77.16527647338427,20.14447807689488,0],[77.16497864453653,20.14400656468014,0]]]},"properties":{"plotIndex":709,"source":"washim_soyabean.kml"}},{"type":"Feature","geometry":{"type":"Polygon","coordinates":[[[77.16344020339015,20.14400053841332,0],[77.16441133253873,20.14370919645136,0],[77.16514957668015,20.14349320342827,0],[77.16529129501987,20.14388242279422,0],[77.16499103125638,20.14397355098773,0],[77.16489205865493,20.14403253524193,0],[77.16358321435065,20.14444600757115,0],[77.16344020339015,20.14400053841332,0]]]},"properties":{"plotIndex":710,"source":"washim_soyabean.kml"}},{"type":"Feature","geometry":{"type":"Polygon","coordinates":[[[77.16292940416564,20.14454129243296,0],[77.16233270238841,20.14324422808852,0],[77.16295324694468,20.14308408936764,0],[77.16337495415856,20.14403405778332,0],[77.1635138524685,20.14441289315617,0],[77.16366219582576,20.14478572265095,0],[77.16346530936795,20.14485025083689,0],[77.163330519346,20.14444861638568,0],[77.16292940416564,20.14454129243296,0]]]},"properties":{"plotIndex":711,"source":"washim_soyabean.kml"}},{"type":"Feature","geometry":{"type":"Polygon","coordinates":[[[77.16395175145081,20.14549325392433,0],[77.16514348454925,20.14524628313348,0],[77.16537923621517,20.1458091326787,0],[77.16423730698722,20.14611841443569,0],[77.16395175145081,20.14549325392433,0]]]},"properties":{"plotIndex":712,"source":"washim_soyabean.kml"}},{"type":"Feature","geometry":{"type":"Polygon","coordinates":[[[77.16435369745106,20.14643263861617,0],[77.16594130038976,20.14601473507028,0],[77.1659895892236,20.14630646465026,0],[77.16444766632785,20.14673271407208,0],[77.16435369745106,20.14643263861617,0]]]},"properties":{"plotIndex":713,"source":"washim_soyabean.kml"}},{"type":"Feature","geometry":{"type":"Polygon","coordinates":[[[77.16426715292432,20.14612118980835,0],[77.1657656256512,20.14571833643089,0],[77.16585093123877,20.14577957617717,0],[77.16593172436639,20.14600497105051,0],[77.16435460928057,20.14641450376956,0],[77.16426715292432,20.14612118980835,0]]]},"properties":{"plotIndex":714,"source":"washim_soyabean.kml"}},{"type":"Feature","geometry":{"type":"Polygon","coordinates":[[[77.16586231473545,20.14576433297943,0],[77.16579104632143,20.14571318878701,0],[77.16630282642451,20.14560371071667,0],[77.16690808836147,20.14541954057784,0],[77.16701240669931,20.14572063561546,0],[77.16593687086188,20.14600026215308,0],[77.16586231473545,20.14576433297943,0]]]},"properties":{"plotIndex":715,"source":"washim_soyabean.kml"}},{"type":"Feature","geometry":{"type":"Polygon","coordinates":[[[77.12761425782223,20.14994588809657,0],[77.12753480941123,20.14964521828872,0],[77.12711770439006,20.1490497327127,0],[77.12901987868253,20.14895499951984,0],[77.12906939771585,20.15020354163459,0],[77.1277661722664,20.15029264167605,0],[77.12761425782223,20.14994588809657,0]]]},"properties":{"plotIndex":716,"source":"washim_soyabean.kml"}},{"type":"Feature","geometry":{"type":"Polygon","coordinates":[[[77.12668529647178,20.14826834448281,0],[77.12861934727515,20.14806801333247,0],[77.12865856553897,20.1489001176432,0],[77.12708510769319,20.14899873673335,0],[77.12668529647178,20.14826834448281,0]]]},"properties":{"plotIndex":717,"source":"washim_soyabean.kml"}},{"type":"Feature","geometry":{"type":"Polygon","coordinates":[[[77.12864385555196,20.14805457182234,0],[77.12900212525443,20.14801998380819,0],[77.12943878378319,20.14788793047417,0],[77.13058473917617,20.14792335775718,0],[77.1305761517847,20.14881792455562,0],[77.12930156583066,20.1489106918176,0],[77.12870437512194,20.14888341709892,0],[77.12864385555196,20.14805457182234,0]]]},"properties":{"plotIndex":718,"source":"washim_soyabean.kml"}},{"type":"Feature","geometry":{"type":"Polygon","coordinates":[[[77.12967696416392,20.14892952191561,0],[77.1304202202455,20.1488995895576,0],[77.13044437262002,20.14918426749738,0],[77.1296997597526,20.14925198851356,0],[77.12967696416392,20.14892952191561,0]]]},"properties":{"plotIndex":719,"source":"washim_soyabean.kml"}},{"type":"Feature","geometry":{"type":"Polygon","coordinates":[[[77.14743197502214,20.13762973675932,0],[77.14792005896823,20.13753374914812,0],[77.14814004698916,20.13817138320151,0],[77.14761311245398,20.13826253328936,0],[77.14743197502214,20.13762973675932,0]]]},"properties":{"plotIndex":720,"source":"washim_soyabean.kml"}},{"type":"Feature","geometry":{"type":"Polygon","coordinates":[[[77.14794867419377,20.13754721135638,0],[77.14856031119736,20.13739053529897,0],[77.14864423682393,20.13767806186782,0],[77.14873094325046,20.13772849421901,0],[77.1487940235899,20.138032104732,0],[77.14816089084722,20.13817054989249,0],[77.14794867419377,20.13754721135638,0]]]},"properties":{"plotIndex":721,"source":"washim_soyabean.kml"}},{"type":"Feature","geometry":{"type":"Polygon","coordinates":[[[77.14875006163098,20.13770455056809,0],[77.1486479348284,20.13763675201507,0],[77.14861056766092,20.13738481099547,0],[77.14938470496249,20.13719932735531,0],[77.14968499716281,20.13754757344157,0],[77.1496945691622,20.13788512748759,0],[77.14884034088453,20.13804255475986,0],[77.14875006163098,20.13770455056809,0]]]},"properties":{"plotIndex":722,"source":"washim_soyabean.kml"}},{"type":"Feature","geometry":{"type":"Polygon","coordinates":[[[77.1655875137308,20.12641308845926,0],[77.16621824310688,20.12653844326663,0],[77.16614134178755,20.12745506378038,0],[77.1655552965141,20.12736512717864,0],[77.1655875137308,20.12641308845926,0]]]},"properties":{"plotIndex":723,"source":"washim_soyabean.kml"}},{"type":"Feature","geometry":{"type":"Polygon","coordinates":[[[77.15234496674425,20.1302880970752,0],[77.15226107546677,20.13006124657541,0],[77.151827950523,20.12907198268488,0],[77.15175585381337,20.12902324646305,0],[77.15163027978188,20.12882809307161,0],[77.15297863330618,20.12823025171723,0],[77.1536665549682,20.12933346259413,0],[77.15340722166324,20.12944307188169,0],[77.15349151458142,20.13017919625828,0],[77.15232544363124,20.13039817613782,0],[77.15234496674425,20.1302880970752,0]]]},"properties":{"plotIndex":724,"source":"washim_soyabean.kml"}},{"type":"Feature","geometry":{"type":"Polygon","coordinates":[[[77.15234857548042,20.13222075740176,0],[77.15308350984095,20.13253613109192,0],[77.15319985337602,20.13266922761823,0],[77.15378498788684,20.13312670437742,0],[77.15386771690666,20.13319184338543,0],[77.15390828988437,20.13331034613373,0],[77.15413109297302,20.13345354827351,0],[77.1541696464303,20.13361343480774,0],[77.154562826678,20.13493737014497,0],[77.15411722051756,20.13504269803734,0],[77.1539468808912,20.13510863731926,0],[77.15378639664327,20.13439744871847,0],[77.15319148713651,20.13452367601498,0],[77.15300379945133,20.13400043768415,0],[77.15270950814907,20.13311015691174,0],[77.15234857548042,20.13222075740176,0]]]},"properties":{"plotIndex":725,"source":"washim_soyabean.kml"}},{"type":"Feature","geometry":{"type":"Polygon","coordinates":[[[77.1592764072299,20.131215851486,0],[77.15966843702368,20.1311823985211,0],[77.15972995940729,20.13218193321212,0],[77.1593713013492,20.13223356139343,0],[77.1592764072299,20.131215851486,0]]]},"properties":{"plotIndex":726,"source":"washim_soyabean.kml"}},{"type":"Feature","geometry":{"type":"Polygon","coordinates":[[[77.15964772727432,20.1306681140696,0],[77.16030347917271,20.13054747320614,0],[77.16034250652562,20.13082095154238,0],[77.1603646832443,20.13111446054842,0],[77.16042955812068,20.13195731731346,0],[77.15973671762303,20.13202070857304,0],[77.15964772727432,20.1306681140696,0]]]},"properties":{"plotIndex":727,"source":"washim_soyabean.kml"}},{"type":"Feature","geometry":{"type":"Polygon","coordinates":[[[77.15976174609892,20.13221850415777,0],[77.16013153846151,20.13220543424035,0],[77.16014075922118,20.13237063491254,0],[77.15977797755734,20.13238643255523,0],[77.15976174609892,20.13221850415777,0]]]},"properties":{"plotIndex":728,"source":"washim_soyabean.kml"}},{"type":"Feature","geometry":{"type":"Polygon","coordinates":[[[77.15974443702311,20.13218838969315,0],[77.15973084736098,20.13202815668345,0],[77.16011762527961,20.13199251454866,0],[77.16013149679827,20.13215833628448,0],[77.15988611239665,20.13218531716715,0],[77.15974443702311,20.13218838969315,0]]]},"properties":{"plotIndex":729,"source":"washim_soyabean.kml"}},{"type":"Feature","geometry":{"type":"Polygon","coordinates":[[[77.16014951651393,20.13235584787811,0],[77.16013737034692,20.13219133896644,0],[77.160127058179,20.13199234862392,0],[77.16027532667233,20.13197695227648,0],[77.1603088482715,20.13244335536821,0],[77.16015883569665,20.13245592251215,0],[77.16014951651393,20.13235584787811,0]]]},"properties":{"plotIndex":730,"source":"washim_soyabean.kml"}},{"type":"Feature","geometry":{"type":"Polygon","coordinates":[[[77.15990563799453,20.13339633111252,0],[77.15976162120262,20.13241189789068,0],[77.16013218936519,20.13239152583844,0],[77.1602802915518,20.13400756754714,0],[77.15995610829378,20.13403695603719,0],[77.15990563799453,20.13339633111252,0]]]},"properties":{"plotIndex":731,"source":"washim_soyabean.kml"}},{"type":"Feature","geometry":{"type":"Polygon","coordinates":[[[77.16050467232371,20.13284314984566,0],[77.16211662235828,20.13255981485234,0],[77.16197124102682,20.13349897291853,0],[77.1605723397246,20.13367545324868,0],[77.16050467232371,20.13284314984566,0]]]},"properties":{"plotIndex":732,"source":"washim_soyabean.kml"}},{"type":"Feature","geometry":{"type":"Polygon","coordinates":[[[77.16059437411099,20.133885135957,0],[77.162046193182,20.13366182941303,0],[77.1620948961049,20.13415122700589,0],[77.160644717657,20.13434667650698,0],[77.16059437411099,20.133885135957,0]]]},"properties":{"plotIndex":733,"source":"washim_soyabean.kml"}},{"type":"Feature","geometry":{"type":"Polygon","coordinates":[[[77.16056830553075,20.13368940242106,0],[77.16190602729333,20.13351821390184,0],[77.16199412234201,20.13351740584577,0],[77.16199700725939,20.13365644261104,0],[77.16059133905246,20.13386688287202,0],[77.16056830553075,20.13368940242106,0]]]},"properties":{"plotIndex":734,"source":"washim_soyabean.kml"}},{"type":"Feature","geometry":{"type":"Polygon","coordinates":[[[77.15989350442345,20.1340512886425,0],[77.16027960346558,20.13402152023803,0],[77.16038546561035,20.13495788595964,0],[77.160042220527,20.13498448114653,0],[77.15989350442345,20.1340512886425,0]]]},"properties":{"plotIndex":735,"source":"washim_soyabean.kml"}},{"type":"Feature","geometry":{"type":"Polygon","coordinates":[[[77.16010272079309,20.13555520969101,0],[77.16003210046478,20.13500245225754,0],[77.16038483957836,20.13497573135454,0],[77.16042884010761,20.13569220305898,0],[77.16013549822833,20.13574491781122,0],[77.16010272079309,20.13555520969101,0]]]},"properties":{"plotIndex":736,"source":"washim_soyabean.kml"}},{"type":"Feature","geometry":{"type":"Polygon","coordinates":[[[77.1603542785526,20.13450671591361,0],[77.16028361975327,20.13401256189053,0],[77.16058298631113,20.13398357690086,0],[77.16068308341119,20.13495159626321,0],[77.16040671567882,20.13495861284856,0],[77.1603542785526,20.13450671591361,0]]]},"properties":{"plotIndex":737,"source":"washim_soyabean.kml"}},{"type":"Feature","geometry":{"type":"Polygon","coordinates":[[[77.16221780034297,20.13462573011078,0],[77.1621580004253,20.13429560173018,0],[77.16208662765564,20.13368769591731,0],[77.16244576688875,20.13351158607273,0],[77.16295689874688,20.13451330604923,0],[77.16232129041069,20.13482433915955,0],[77.16221780034297,20.13462573011078,0]]]},"properties":{"plotIndex":738,"source":"washim_soyabean.kml"}},{"type":"Feature","geometry":{"type":"Polygon","coordinates":[[[77.16286530124276,20.13428466801977,0],[77.16245412907405,20.13348237206406,0],[77.16291421523648,20.13327313670763,0],[77.16343818287848,20.13431739705042,0],[77.16298490342302,20.13452222995408,0],[77.16286530124276,20.13428466801977,0]]]},"properties":{"plotIndex":739,"source":"washim_soyabean.kml"}},{"type":"Feature","geometry":{"type":"Polygon","coordinates":[[[77.16292560491391,20.13327016283407,0],[77.16352096110238,20.13300175096131,0],[77.16395655055771,20.13404996154408,0],[77.16345637126284,20.1343181911294,0],[77.16292560491391,20.13327016283407,0]]]},"properties":{"plotIndex":740,"source":"washim_soyabean.kml"}},{"type":"Feature","geometry":{"type":"Polygon","coordinates":[[[77.16363923064858,20.13322032713658,0],[77.16516251149346,20.13248190515474,0],[77.1655829314717,20.133229683141,0],[77.16397987010663,20.13403009679551,0],[77.16363923064858,20.13322032713658,0]]]},"properties":{"plotIndex":741,"source":"washim_soyabean.kml"}},{"type":"Feature","geometry":{"type":"Polygon","coordinates":[[[77.16298116898558,20.13150616445305,0],[77.16386160036296,20.13147637047091,0],[77.1639657078956,20.13145563654,0],[77.16460541269488,20.13122534301907,0],[77.16472595972718,20.13167324472108,0],[77.16477116254792,20.13177859234653,0],[77.16324174576422,20.13232620323308,0],[77.16311815530949,20.13201313107911,0],[77.16298116898558,20.13150616445305,0]]]},"properties":{"plotIndex":742,"source":"washim_soyabean.kml"}},{"type":"Feature","geometry":{"type":"Polygon","coordinates":[[[77.16475968718288,20.13178746500229,0],[77.16515649774405,20.1324687165053,0],[77.16362833758032,20.13319129704375,0],[77.16324269218578,20.13234570615263,0],[77.16475968718288,20.13178746500229,0]]]},"properties":{"plotIndex":743,"source":"washim_soyabean.kml"}},{"type":"Feature","geometry":{"type":"Polygon","coordinates":[[[77.16285454874937,20.14745666551539,0],[77.16455510514355,20.14840180621521,0],[77.16156281075085,20.14936551365464,0],[77.16102311600511,20.14822117106371,0],[77.16285454874937,20.14745666551539,0]]]},"properties":{"plotIndex":744,"source":"washim_soyabean.kml"}},{"type":"Feature","geometry":{"type":"Polygon","coordinates":[[[77.0301320202209,20.21533290089442,0],[77.03047993847287,20.21543208518548,0],[77.03050970980067,20.21645696585895,0],[77.02984818801946,20.2163167992729,0],[77.0301320202209,20.21533290089442,0]]]},"properties":{"plotIndex":745,"source":"washim_soyabean.kml"}},{"type":"Feature","geometry":{"type":"Polygon","coordinates":[[[77.03049032185714,20.21489313916089,0],[77.03137634817217,20.215050739288,0],[77.03133057646066,20.21525418492321,0],[77.03055023472234,20.21640932451,0],[77.03049032185714,20.21489313916089,0]]]},"properties":{"plotIndex":746,"source":"washim_soyabean.kml"}},{"type":"Feature","geometry":{"type":"Polygon","coordinates":[[[77.03016402325692,20.21529364381921,0],[77.03033507296458,20.21484304479043,0],[77.03047377982841,20.21488636924938,0],[77.03049159341528,20.21541395347931,0],[77.03016402325692,20.21529364381921,0]]]},"properties":{"plotIndex":747,"source":"washim_soyabean.kml"}},{"type":"Feature","geometry":{"type":"Polygon","coordinates":[[[77.03036035113742,20.21481945213927,0],[77.03077264876305,20.21415830607753,0],[77.03169168276501,20.2144583030828,0],[77.03136950357492,20.21501889938284,0],[77.03066276035744,20.21489617306238,0],[77.03036035113742,20.21481945213927,0]]]},"properties":{"plotIndex":748,"source":"washim_soyabean.kml"}},{"type":"Feature","geometry":{"type":"Polygon","coordinates":[[[77.03076052402422,20.21413531980458,0],[77.03116970829511,20.21359460842561,0],[77.03205792637434,20.21385846878532,0],[77.03170663114821,20.21443993309135,0],[77.03076052402422,20.21413531980458,0]]]},"properties":{"plotIndex":749,"source":"washim_soyabean.kml"}},{"type":"Feature","geometry":{"type":"Polygon","coordinates":[[[77.03118709542726,20.21356224398148,0],[77.03145802271179,20.21312927134418,0],[77.03196199951648,20.21313822987269,0],[77.03238403944822,20.2132463786156,0],[77.03206496964965,20.21383517695914,0],[77.03118709542726,20.21356224398148,0]]]},"properties":{"plotIndex":750,"source":"washim_soyabean.kml"}},{"type":"Feature","geometry":{"type":"Polygon","coordinates":[[[77.0319975009568,20.2140064357726,0],[77.03236941775683,20.21330005786396,0],[77.03286655647138,20.21338882308228,0],[77.03254900866922,20.21434282285609,0],[77.03143634969608,20.21493633780721,0],[77.0319975009568,20.2140064357726,0]]]},"properties":{"plotIndex":751,"source":"washim_soyabean.kml"}},{"type":"Feature","geometry":{"type":"Polygon","coordinates":[[[77.0296029839459,20.21519404616478,0],[77.02995684143463,20.21531168619363,0],[77.02964867778529,20.21629498083848,0],[77.02931185264612,20.21622614417106,0],[77.0296029839459,20.21519404616478,0]]]},"properties":{"plotIndex":752,"source":"washim_soyabean.kml"}},{"type":"Feature","geometry":{"type":"Polygon","coordinates":[[[77.02876000820085,20.21500403291574,0],[77.02928944175653,20.21517450155748,0],[77.0295591028634,20.21517506708928,0],[77.02921851267067,20.21620751677358,0],[77.02855224366657,20.21608595764492,0],[77.02876000820085,20.21500403291574,0]]]},"properties":{"plotIndex":753,"source":"washim_soyabean.kml"}},{"type":"Feature","geometry":{"type":"Polygon","coordinates":[[[77.0279337634147,20.21480882955949,0],[77.02869630909204,20.21499901174714,0],[77.0284768026188,20.21606632019405,0],[77.02785775045483,20.21599759792847,0],[77.0279337634147,20.21480882955949,0]]]},"properties":{"plotIndex":754,"source":"washim_soyabean.kml"}},{"type":"Feature","geometry":{"type":"Polygon","coordinates":[[[77.0307074267732,20.21622412891507,0],[77.03135548538927,20.21526898870409,0],[77.03217453189595,20.21538387998578,0],[77.032013780529,20.21643907318652,0],[77.03183701433215,20.21661454314985,0],[77.03067574314282,20.21645120604249,0],[77.0307074267732,20.21622412891507,0]]]},"properties":{"plotIndex":755,"source":"washim_soyabean.kml"}},{"type":"Feature","geometry":{"type":"Polygon","coordinates":[[[77.03140340043107,20.21497125509368,0],[77.03237836633966,20.21445349361365,0],[77.03219616511181,20.21533822400822,0],[77.03139348540837,20.21521268785383,0],[77.03140340043107,20.21497125509368,0]]]},"properties":{"plotIndex":756,"source":"washim_soyabean.kml"}},{"type":"Feature","geometry":{"type":"Polygon","coordinates":[[[77.03291586883533,20.21336263115492,0],[77.03445743527449,20.21333110211935,0],[77.0325952125354,20.2142880423851,0],[77.03291586883533,20.21336263115492,0]]]},"properties":{"plotIndex":757,"source":"washim_soyabean.kml"}},{"type":"Feature","geometry":{"type":"Polygon","coordinates":[[[77.03240205392667,20.21444087464194,0],[77.03313736603567,20.21404882193612,0],[77.033148383543,20.21435613155168,0],[77.0330718041577,20.21469936309602,0],[77.03231423815436,20.21489615480858,0],[77.03240205392667,20.21444087464194,0]]]},"properties":{"plotIndex":758,"source":"washim_soyabean.kml"}},{"type":"Feature","geometry":{"type":"Polygon","coordinates":[[[77.03317318681201,20.21433259807384,0],[77.0331610056369,20.21401588540008,0],[77.03387438239157,20.21365670235642,0],[77.03372560837403,20.21450747190051,0],[77.03310893765034,20.21466467766901,0],[77.03317318681201,20.21433259807384,0]]]},"properties":{"plotIndex":759,"source":"washim_soyabean.kml"}},{"type":"Feature","geometry":{"type":"Polygon","coordinates":[[[77.03310524819125,20.21468687289565,0],[77.03373191258642,20.21453059653152,0],[77.0336577039215,20.21501518179172,0],[77.0332200759966,20.21494864809175,0],[77.03303187159483,20.21496909835091,0],[77.03310524819125,20.21468687289565,0]]]},"properties":{"plotIndex":760,"source":"washim_soyabean.kml"}},{"type":"Feature","geometry":{"type":"Polygon","coordinates":[[[77.03230785189703,20.21491503126724,0],[77.03306139548808,20.21473464393703,0],[77.03301855765453,20.21492459496505,0],[77.03276360055592,20.21537198664027,0],[77.03222171635352,20.21535359749378,0],[77.03230785189703,20.21491503126724,0]]]},"properties":{"plotIndex":761,"source":"washim_soyabean.kml"}},{"type":"Feature","geometry":{"type":"Polygon","coordinates":[[[77.03218903121582,20.21538325463586,0],[77.0328224600615,20.21539128278544,0],[77.03254328493571,20.21597883898963,0],[77.03211451261134,20.21589777975512,0],[77.03218903121582,20.21538325463586,0]]]},"properties":{"plotIndex":762,"source":"washim_soyabean.kml"}},{"type":"Feature","geometry":{"type":"Polygon","coordinates":[[[77.0328415161219,20.21537627329837,0],[77.03279205754083,20.21535536980064,0],[77.03303150508752,20.21498820683906,0],[77.03327983888545,20.21500216148576,0],[77.03345213640738,20.2150727048402,0],[77.03286050934686,20.21611396953572,0],[77.03255243964918,20.21600891852087,0],[77.0328415161219,20.21537627329837,0]]]},"properties":{"plotIndex":763,"source":"washim_soyabean.kml"}},{"type":"Feature","geometry":{"type":"Polygon","coordinates":[[[77.03203604901479,20.21644495180678,0],[77.03211307853134,20.21592365262279,0],[77.03243265583043,20.21597897865232,0],[77.03255732969677,20.21603468938174,0],[77.0328048744328,20.21612351985856,0],[77.03289952939565,20.21613033163855,0],[77.03255583567075,20.21673384833708,0],[77.0319417054467,20.21660622522597,0],[77.03203604901479,20.21644495180678,0]]]},"properties":{"plotIndex":764,"source":"washim_soyabean.kml"}},{"type":"Feature","geometry":{"type":"Polygon","coordinates":[[[77.03091970844753,20.21666256465912,0],[77.03182871078943,20.21682291204896,0],[77.03176729430552,20.21741597844533,0],[77.03169319485049,20.21750529964856,0],[77.03120633413143,20.21746736728763,0],[77.03091970844753,20.21666256465912,0]]]},"properties":{"plotIndex":765,"source":"washim_soyabean.kml"}},{"type":"Feature","geometry":{"type":"Polygon","coordinates":[[[77.03184071854221,20.21684764557019,0],[77.03241639762642,20.21694651964387,0],[77.03234850049014,20.21758041305794,0],[77.03172807838723,20.21750247584464,0],[77.03178310521837,20.21742031205135,0],[77.03184071854221,20.21684764557019,0]]]},"properties":{"plotIndex":766,"source":"washim_soyabean.kml"}},{"type":"Feature","geometry":{"type":"Polygon","coordinates":[[[77.03243999334401,20.21693842871723,0],[77.0328529743139,20.21700165020774,0],[77.03273566240881,20.21760726013157,0],[77.03236476973302,20.21758836187245,0],[77.03243999334401,20.21693842871723,0]]]},"properties":{"plotIndex":767,"source":"washim_soyabean.kml"}},{"type":"Feature","geometry":{"type":"Polygon","coordinates":[[[77.03277899855861,20.21757917791559,0],[77.03288832553073,20.21699704191508,0],[77.0336803169411,20.21715816020174,0],[77.03355008432615,20.21763144930109,0],[77.03344730583885,20.21787259062543,0],[77.03318748609472,20.21778982162049,0],[77.03320228537605,20.21766500678467,0],[77.03277899855861,20.21757917791559,0]]]},"properties":{"plotIndex":768,"source":"washim_soyabean.kml"}},{"type":"Feature","geometry":{"type":"Polygon","coordinates":[[[77.03236353432438,20.21760825100451,0],[77.03234155384894,20.21794452095774,0],[77.03137088148783,20.21789901894668,0],[77.03124030843432,20.21748390285997,0],[77.03236353432438,20.21760825100451,0]]]},"properties":{"plotIndex":769,"source":"washim_soyabean.kml"}},{"type":"Feature","geometry":{"type":"Polygon","coordinates":[[[77.0323880923074,20.21760548028493,0],[77.0327258051064,20.21764478410571,0],[77.03269278147235,20.21799153883411,0],[77.03235590668727,20.21794189230331,0],[77.0323880923074,20.21760548028493,0]]]},"properties":{"plotIndex":770,"source":"washim_soyabean.kml"}},{"type":"Feature","geometry":{"type":"Polygon","coordinates":[[[77.03294171879043,20.21610924258895,0],[77.03290014484111,20.21608970797936,0],[77.03301037191049,20.21593808065536,0],[77.03445973008976,20.21624199350851,0],[77.03423992598206,20.21702770537861,0],[77.03258692336894,20.2167385855188,0],[77.03294171879043,20.21610924258895,0]]]},"properties":{"plotIndex":771,"source":"washim_soyabean.kml"}},{"type":"Feature","geometry":{"type":"Polygon","coordinates":[[[77.03359643217037,20.21552648911729,0],[77.03458049954806,20.21570328071972,0],[77.0344651925219,20.21620116501536,0],[77.03350116297882,20.21602053755639,0],[77.03359643217037,20.21552648911729,0]]]},"properties":{"plotIndex":772,"source":"washim_soyabean.kml"}},{"type":"Feature","geometry":{"type":"Polygon","coordinates":[[[77.0332387247462,20.215483642264,0],[77.03357936687506,20.21553459336848,0],[77.03346257797665,20.216012481383,0],[77.03300904619547,20.21591192258623,0],[77.0332387247462,20.215483642264,0]]]},"properties":{"plotIndex":773,"source":"washim_soyabean.kml"}},{"type":"Feature","geometry":{"type":"Polygon","coordinates":[[[77.03325499863853,20.21546353777929,0],[77.03350492340505,20.2150140691027,0],[77.03467389255826,20.21517815217003,0],[77.03457033679456,20.21567259987102,0],[77.03348884856176,20.215491708077,0],[77.03325499863853,20.21546353777929,0]]]},"properties":{"plotIndex":774,"source":"washim_soyabean.kml"}},{"type":"Feature","geometry":{"type":"Polygon","coordinates":[[[77.03390440165721,20.21366924915737,0],[77.03449934569021,20.21333524507037,0],[77.03479510354471,20.21336655485465,0],[77.03463597969706,20.21422790728617,0],[77.0343839941803,20.21418773154107,0],[77.03417677463761,20.21509054937544,0],[77.03368815619014,20.21501253405758,0],[77.03390440165721,20.21366924915737,0]]]},"properties":{"plotIndex":775,"source":"washim_soyabean.kml"}},{"type":"Feature","geometry":{"type":"Polygon","coordinates":[[[77.03468435866259,20.21530255364953,0],[77.03549890930927,20.2155850146368,0],[77.03539868277083,20.21587860237412,0],[77.03459763443385,20.21562240621174,0],[77.03468435866259,20.21530255364953,0]]]},"properties":{"plotIndex":776,"source":"washim_soyabean.kml"}},{"type":"Feature","geometry":{"type":"Polygon","coordinates":[[[77.03461783162666,20.21563972137903,0],[77.03538938805346,20.21590753844037,0],[77.03527686223178,20.2161979941788,0],[77.034555596023,20.21596758927276,0],[77.03461783162666,20.21563972137903,0]]]},"properties":{"plotIndex":777,"source":"washim_soyabean.kml"}},{"type":"Feature","geometry":{"type":"Polygon","coordinates":[[[77.03453935292166,20.21600252566392,0],[77.03525597374843,20.21623857416461,0],[77.03487209592286,20.21729328822089,0],[77.03428510099204,20.21704568545691,0],[77.03453935292166,20.21600252566392,0]]]},"properties":{"plotIndex":778,"source":"washim_soyabean.kml"}},{"type":"Feature","geometry":{"type":"Polygon","coordinates":[[[77.03494003060311,20.21730850752022,0],[77.03526287406339,20.21637044136795,0],[77.03582206075514,20.21647503231287,0],[77.03548094916249,20.2174638619121,0],[77.03494003060311,20.21730850752022,0]]]},"properties":{"plotIndex":779,"source":"washim_soyabean.kml"}},{"type":"Feature","geometry":{"type":"Polygon","coordinates":[[[77.03583982234487,20.21648632023452,0],[77.03637184790931,20.21658523659761,0],[77.03612755731285,20.21765424717342,0],[77.03551047146937,20.2174795325756,0],[77.03583982234487,20.21648632023452,0]]]},"properties":{"plotIndex":780,"source":"washim_soyabean.kml"}},{"type":"Feature","geometry":{"type":"Polygon","coordinates":[[[77.0361413710195,20.21767405689633,0],[77.0362577536134,20.21719040907415,0],[77.03704925020239,20.21737555957745,0],[77.03689302880949,20.21783784899625,0],[77.0361413710195,20.21767405689633,0]]]},"properties":{"plotIndex":781,"source":"washim_soyabean.kml"}},{"type":"Feature","geometry":{"type":"Polygon","coordinates":[[[77.03625789335288,20.21716447463451,0],[77.03639675004422,20.21657069481043,0],[77.03726176153553,20.2167403306819,0],[77.03705960996403,20.21734288904424,0],[77.03625789335288,20.21716447463451,0]]]},"properties":{"plotIndex":782,"source":"washim_soyabean.kml"}},{"type":"Feature","geometry":{"type":"Polygon","coordinates":[[[77.03729697928361,20.21673493818936,0],[77.03803374752628,20.2169275838001,0],[77.03763390695985,20.21808816934143,0],[77.03690710886801,20.21787113717482,0],[77.03729697928361,20.21673493818936,0]]]},"properties":{"plotIndex":783,"source":"washim_soyabean.kml"}},{"type":"Feature","geometry":{"type":"Polygon","coordinates":[[[77.03805166686762,20.21691816613609,0],[77.03892516021325,20.21712226540023,0],[77.03831961079139,20.2182744787095,0],[77.03765604831686,20.2181319984475,0],[77.03805166686762,20.21691816613609,0]]]},"properties":{"plotIndex":784,"source":"washim_soyabean.kml"}},{"type":"Feature","geometry":{"type":"Polygon","coordinates":[[[77.03835966998028,20.2182998183014,0],[77.03846952684594,20.2180296893065,0],[77.0396171051533,20.21825936863759,0],[77.03953634002795,20.21858091789242,0],[77.03892070921856,20.21844414119503,0],[77.03835966998028,20.2182998183014,0]]]},"properties":{"plotIndex":785,"source":"washim_soyabean.kml"}},{"type":"Feature","geometry":{"type":"Polygon","coordinates":[[[77.03849324828457,20.21800320302265,0],[77.03870979792235,20.21761172867271,0],[77.03971217627614,20.21779998602862,0],[77.03962682619395,20.21822416155466,0],[77.03849324828457,20.21800320302265,0]]]},"properties":{"plotIndex":786,"source":"washim_soyabean.kml"}},{"type":"Feature","geometry":{"type":"Polygon","coordinates":[[[77.03897358693013,20.21710402106477,0],[77.03985737977824,20.21727443660475,0],[77.03973004575515,20.21777408015467,0],[77.03872569013856,20.217575208103,0],[77.03897358693013,20.21710402106477,0]]]},"properties":{"plotIndex":787,"source":"washim_soyabean.kml"}},{"type":"Feature","geometry":{"type":"Polygon","coordinates":[[[77.03793423982853,20.21836649522956,0],[77.03960659712206,20.21881499854683,0],[77.03885973347509,20.2195122426278,0],[77.03838146281629,20.2193468952824,0],[77.03801073793466,20.21922255773953,0],[77.03769064752892,20.21904531142238,0],[77.03793423982853,20.21836649522956,0]]]},"properties":{"plotIndex":788,"source":"washim_soyabean.kml"}},{"type":"Feature","geometry":{"type":"Polygon","coordinates":[[[77.03656414507718,20.21881296200952,0],[77.03680445265675,20.21805318047232,0],[77.0378606856738,20.21832876423736,0],[77.0376288008151,20.21909191982149,0],[77.03735318876527,20.21904501274562,0],[77.036794677083,20.21890048950209,0],[77.03656414507718,20.21881296200952,0]]]},"properties":{"plotIndex":789,"source":"washim_soyabean.kml"}},{"type":"Feature","geometry":{"type":"Polygon","coordinates":[[[77.03572078763543,20.21859617752989,0],[77.03600978319955,20.21778150569047,0],[77.03677518061838,20.21801644865563,0],[77.03651027075198,20.21881293706799,0],[77.03572078763543,20.21859617752989,0]]]},"properties":{"plotIndex":790,"source":"washim_soyabean.kml"}},{"type":"Feature","geometry":{"type":"Polygon","coordinates":[[[77.03457098479204,20.21826962788787,0],[77.03487905295738,20.21744579751146,0],[77.03598104263133,20.21774949534052,0],[77.03568196267449,20.21862396951461,0],[77.03457098479204,20.21826962788787,0]]]},"properties":{"plotIndex":791,"source":"washim_soyabean.kml"}},{"type":"Feature","geometry":{"type":"Polygon","coordinates":[[[77.03428602028909,20.21905368312096,0],[77.0345456520886,20.21830670673992,0],[77.0350961010505,20.21845547851773,0],[77.0348351708499,20.21920201386757,0],[77.03428602028909,20.21905368312096,0]]]},"properties":{"plotIndex":792,"source":"washim_soyabean.kml"}},{"type":"Feature","geometry":{"type":"Polygon","coordinates":[[[77.03510043182855,20.21847685609425,0],[77.0356356898894,20.21862339043229,0],[77.03537139104024,20.21937175737305,0],[77.03486531291972,20.21921495020562,0],[77.03510043182855,20.21847685609425,0]]]},"properties":{"plotIndex":793,"source":"washim_soyabean.kml"}},{"type":"Feature","geometry":{"type":"Polygon","coordinates":[[[77.0354031337501,20.21938360741895,0],[77.03565639804911,20.21863251637382,0],[77.036185249392,20.21878486034194,0],[77.03590162528353,20.21956542511138,0],[77.0354031337501,20.21938360741895,0]]]},"properties":{"plotIndex":794,"source":"washim_soyabean.kml"}},{"type":"Feature","geometry":{"type":"Polygon","coordinates":[[[77.03621285275773,20.21877126073878,0],[77.03675163381807,20.21893529370994,0],[77.03637752958363,20.21982903352705,0],[77.03591952292548,20.21956984535897,0],[77.03599265653251,20.21937398341258,0],[77.03621285275773,20.21877126073878,0]]]},"properties":{"plotIndex":795,"source":"washim_soyabean.kml"}},{"type":"Feature","geometry":{"type":"Polygon","coordinates":[[[77.03549100160623,20.21945930263631,0],[77.03565907158426,20.21949869645731,0],[77.03605630497424,20.21970222391837,0],[77.03636349050001,20.21985876132707,0],[77.03613393356942,20.22036717841641,0],[77.03527309563812,20.22006679266084,0],[77.03549100160623,20.21945930263631,0]]]},"properties":{"plotIndex":796,"source":"washim_soyabean.kml"}},{"type":"Feature","geometry":{"type":"Polygon","coordinates":[[[77.03525130082151,20.22007084662553,0],[77.03617688470189,20.22039691646506,0],[77.03605865707016,20.22070608362837,0],[77.03513320461825,20.2203793712783,0],[77.03525130082151,20.22007084662553,0]]]},"properties":{"plotIndex":797,"source":"washim_soyabean.kml"}},{"type":"Feature","geometry":{"type":"Polygon","coordinates":[[[77.0351178763139,20.22098095540974,0],[77.03521960336559,20.22044751797876,0],[77.03625838260183,20.22080618028016,0],[77.03591370366644,20.22120915765608,0],[77.0351178763139,20.22098095540974,0]]]},"properties":{"plotIndex":798,"source":"washim_soyabean.kml"}},{"type":"Feature","geometry":{"type":"Polygon","coordinates":[[[77.03498909342963,20.22152493376553,0],[77.03511420035206,20.22101045556487,0],[77.03590310902794,20.22124944887473,0],[77.0355888221178,20.22163941805833,0],[77.0354735148981,20.22165911677089,0],[77.03527712447456,20.22161345124902,0],[77.03498909342963,20.22152493376553,0]]]},"properties":{"plotIndex":799,"source":"washim_soyabean.kml"}},{"type":"Feature","geometry":{"type":"Polygon","coordinates":[[[77.03627844175296,20.22080753657953,0],[77.03673885586323,20.22098218717886,0],[77.03668258823629,20.22118827192737,0],[77.03658469673711,20.22151165491412,0],[77.0365835646261,20.22183020249725,0],[77.03559167342017,20.22167077740275,0],[77.03627844175296,20.22080753657953,0]]]},"properties":{"plotIndex":800,"source":"washim_soyabean.kml"}},{"type":"Feature","geometry":{"type":"Polygon","coordinates":[[[77.03658902041451,20.22082754384079,0],[77.03689790991264,20.22002545543801,0],[77.03727178110545,20.22016719541342,0],[77.0371899062209,20.22044823697821,0],[77.03710349620977,20.22054880770119,0],[77.03700593842682,20.22078857822845,0],[77.03693222432588,20.22095317937637,0],[77.03658902041451,20.22082754384079,0]]]},"properties":{"plotIndex":801,"source":"washim_soyabean.kml"}},{"type":"Feature","geometry":{"type":"Polygon","coordinates":[[[77.03608867909333,20.22070263959449,0],[77.03676936521762,20.21892301484969,0],[77.03725965754977,20.21904833234509,0],[77.03687401772721,20.22000119260485,0],[77.0365595895067,20.22082534621975,0],[77.03608867909333,20.22070263959449,0]]]},"properties":{"plotIndex":802,"source":"washim_soyabean.kml"}},{"type":"Feature","geometry":{"type":"Polygon","coordinates":[[[77.03728049983499,20.21905305127039,0],[77.03772108683928,20.21922827304209,0],[77.03727474649426,20.2201501591254,0],[77.03690176484875,20.22000378385727,0],[77.03728049983499,20.21905305127039,0]]]},"properties":{"plotIndex":803,"source":"washim_soyabean.kml"}},{"type":"Feature","geometry":{"type":"Polygon","coordinates":[[[77.0352689485173,20.21633756493694,0],[77.03566636725552,20.21535321488281,0],[77.03659495054073,20.21561063526884,0],[77.03629665269645,20.21653137813212,0],[77.0352689485173,20.21633756493694,0]]]},"properties":{"plotIndex":804,"source":"washim_soyabean.kml"}},{"type":"Feature","geometry":{"type":"Polygon","coordinates":[[[77.03661586019908,20.21563179900169,0],[77.03761738920252,20.21587643475457,0],[77.03727584656738,20.21669523091883,0],[77.03635632046435,20.21650795165444,0],[77.03661586019908,20.21563179900169,0]]]},"properties":{"plotIndex":805,"source":"washim_soyabean.kml"}},{"type":"Feature","geometry":{"type":"Polygon","coordinates":[[[77.03565639976723,20.2152935342159,0],[77.0361674794902,20.21394434997076,0],[77.03723152846538,20.21416217585049,0],[77.03701435081504,20.21494312302821,0],[77.03677238365961,20.21562733106028,0],[77.03565639976723,20.2152935342159,0]]]},"properties":{"plotIndex":806,"source":"washim_soyabean.kml"}},{"type":"Feature","geometry":{"type":"Polygon","coordinates":[[[77.036944315298,20.21520823567885,0],[77.0371280704147,20.21465650792065,0],[77.03801500016917,20.21484209624029,0],[77.0376385911799,20.21584079246345,0],[77.03680023982119,20.21565302145977,0],[77.036944315298,20.21520823567885,0]]]},"properties":{"plotIndex":807,"source":"washim_soyabean.kml"}},{"type":"Feature","geometry":{"type":"Polygon","coordinates":[[[77.03719063291194,20.2143739870835,0],[77.03811578992332,20.21456057844947,0],[77.03802677202533,20.21481835694361,0],[77.03711802771849,20.21463809534764,0],[77.03719063291194,20.2143739870835,0]]]},"properties":{"plotIndex":808,"source":"washim_soyabean.kml"}},{"type":"Feature","geometry":{"type":"Polygon","coordinates":[[[77.03718897138789,20.21435796221856,0],[77.03726393286675,20.21411334534757,0],[77.03821101440748,20.21429197636017,0],[77.03811038355794,20.21454571738107,0],[77.03718897138789,20.21435796221856,0]]]},"properties":{"plotIndex":809,"source":"washim_soyabean.kml"}},{"type":"Feature","geometry":{"type":"Polygon","coordinates":[[[77.03463322035178,20.21972273009463,0],[77.03480862889013,20.21922182137666,0],[77.03548739700807,20.21943697067125,0],[77.03531711519913,20.21989555236479,0],[77.03463322035178,20.21972273009463,0]]]},"properties":{"plotIndex":810,"source":"washim_soyabean.kml"}},{"type":"Feature","geometry":{"type":"Polygon","coordinates":[[[77.03407031316895,20.21957030438243,0],[77.03427609338654,20.21907373946471,0],[77.03479626034029,20.21920516616595,0],[77.03461478151235,20.21971784765926,0],[77.03407031316895,20.21957030438243,0]]]},"properties":{"plotIndex":811,"source":"washim_soyabean.kml"}},{"type":"Feature","geometry":{"type":"Polygon","coordinates":[[[76.82991491618287,20.01391952147793,0],[76.83017760690767,20.01458841058106,0],[76.83035088225711,20.01489943399993,0],[76.82936013116375,20.01414936420401,0],[76.82991491618287,20.01391952147793,0]]]},"properties":{"plotIndex":812,"source":"washim_soyabean.kml"}},{"type":"Feature","geometry":{"type":"Polygon","coordinates":[[[77.10202711409356,20.10905932656392,0],[77.10237814161901,20.10957964039329,0],[77.10152557182707,20.11006626533435,0],[77.10111576963243,20.10957855662201,0],[77.10202711409356,20.10905932656392,0]]]},"properties":{"plotIndex":813,"source":"washim_soyabean.kml"}},{"type":"Feature","geometry":{"type":"Polygon","coordinates":[[[77.10111710886851,20.11033431123636,0],[77.10150798804294,20.11007378402269,0],[77.10186639433954,20.11050813165016,0],[77.10144163474226,20.11073326882298,0],[77.10111710886851,20.11033431123636,0]]]},"properties":{"plotIndex":814,"source":"washim_soyabean.kml"}},{"type":"Feature","geometry":{"type":"Polygon","coordinates":[[[77.10238642826138,20.10959110901723,0],[77.10252363926332,20.10981104329486,0],[77.1026406314045,20.11002934678311,0],[77.10186647432691,20.11046464343862,0],[77.10154490443233,20.11007498366118,0],[77.10238642826138,20.10959110901723,0]]]},"properties":{"plotIndex":815,"source":"washim_soyabean.kml"}},{"type":"Feature","geometry":{"type":"Polygon","coordinates":[[[76.86183677974425,20.00293173213412,0],[76.86241704946343,20.00377056233129,0],[76.86180092117452,20.00403312489766,0],[76.86114692640282,20.00323645659448,0],[76.86183677974425,20.00293173213412,0]]]},"properties":{"plotIndex":816,"source":"washim_soyabean.kml"}},{"type":"Feature","geometry":{"type":"Polygon","coordinates":[[[76.862456273808,20.00380881446948,0],[76.86340574761738,20.00349224483744,0],[76.8639108273153,20.00402594927918,0],[76.8629883792998,20.00431990208829,0],[76.862456273808,20.00380881446948,0]]]},"properties":{"plotIndex":817,"source":"washim_soyabean.kml"}},{"type":"Feature","geometry":{"type":"Polygon","coordinates":[[[76.8624192329094,20.00380472456318,0],[76.86296654347619,20.00435462230993,0],[76.86209928458224,20.00462318590549,0],[76.86182498899711,20.00406539983262,0],[76.8624192329094,20.00380472456318,0]]]},"properties":{"plotIndex":818,"source":"washim_soyabean.kml"}},{"type":"Feature","geometry":{"type":"Polygon","coordinates":[[[76.86209562975138,20.00464368069701,0],[76.86300644623797,20.00437786203583,0],[76.86343648620543,20.00483256516964,0],[76.8622871144558,20.00513272883255,0],[76.86209562975138,20.00464368069701,0]]]},"properties":{"plotIndex":819,"source":"washim_soyabean.kml"}},{"type":"Feature","geometry":{"type":"Polygon","coordinates":[[[76.86392825432036,20.00405175652222,0],[76.86447193625561,20.00456928608922,0],[76.86350074654997,20.00480822677757,0],[76.8629992976563,20.00434706742341,0],[76.86392825432036,20.00405175652222,0]]]},"properties":{"plotIndex":820,"source":"washim_soyabean.kml"}},{"type":"Feature","geometry":{"type":"Polygon","coordinates":[[[76.86373794674046,20.00372105624711,0],[76.86433730571312,20.0035257112697,0],[76.86468547421639,20.00395537740544,0],[76.8641317416977,20.00409184185121,0],[76.86373794674046,20.00372105624711,0]]]},"properties":{"plotIndex":821,"source":"washim_soyabean.kml"}},{"type":"Feature","geometry":{"type":"Polygon","coordinates":[[[76.86348027702,20.00342858372101,0],[76.86409708271064,20.00326528006442,0],[76.8643531120889,20.00351202333994,0],[76.863715429424,20.00371711355352,0],[76.86348027702,20.00342858372101,0]]]},"properties":{"plotIndex":822,"source":"washim_soyabean.kml"}},{"type":"Feature","geometry":{"type":"Polygon","coordinates":[[[77.18394532405566,20.14245232843531,0],[77.1846586417915,20.14229574453396,0],[77.18522386044981,20.14372515915411,0],[77.18456331867678,20.14392327072769,0],[77.18394532405566,20.14245232843531,0]]]},"properties":{"plotIndex":823,"source":"washim_soyabean.kml"}},{"type":"Feature","geometry":{"type":"Polygon","coordinates":[[[77.18244018676394,20.14115196799085,0],[77.18275816148987,20.14109281986844,0],[77.18335564984248,20.14250383834434,0],[77.183003427233,20.14256305409592,0],[77.18244018676394,20.14115196799085,0]]]},"properties":{"plotIndex":824,"source":"washim_soyabean.kml"}},{"type":"Feature","geometry":{"type":"Polygon","coordinates":[[[77.10232532947765,20.10940797969024,0],[77.10231201865369,20.10932114635478,0],[77.10293449398976,20.10917050698814,0],[77.10326039994185,20.10993340759728,0],[77.10271738084955,20.1100222411974,0],[77.10232532947765,20.10940797969024,0]]]},"properties":{"plotIndex":825,"source":"washim_soyabean.kml"}},{"type":"Feature","geometry":{"type":"Polygon","coordinates":[[[77.10358155291819,20.10898824601725,0],[77.10375608247205,20.10982424071961,0],[77.10330227671416,20.10991578446722,0],[77.10297439796405,20.10913657159124,0],[77.10358155291819,20.10898824601725,0]]]},"properties":{"plotIndex":826,"source":"washim_soyabean.kml"}},{"type":"Feature","geometry":{"type":"Polygon","coordinates":[[[77.10379170388678,20.10982722713518,0],[77.10358911769643,20.10896336437181,0],[77.10337944108613,20.10901532582499,0],[77.1033600262698,20.10880566863534,0],[77.10400792550502,20.10875738206343,0],[77.10421474172769,20.10978292861093,0],[77.10379170388678,20.10982722713518,0]]]},"properties":{"plotIndex":827,"source":"washim_soyabean.kml"}},{"type":"Feature","geometry":{"type":"Polygon","coordinates":[[[77.09954978774692,20.10804168377627,0],[77.09955326766234,20.10757944940622,0],[77.09963462562942,20.10728468332286,0],[77.0998060259563,20.10664407965178,0],[77.10047467465125,20.10682817549362,0],[77.10060578596843,20.10798652836218,0],[77.09954978774692,20.10804168377627,0]]]},"properties":{"plotIndex":828,"source":"washim_soyabean.kml"}},{"type":"Feature","geometry":{"type":"Polygon","coordinates":[[[77.09982586119962,20.10662042115136,0],[77.10002504571848,20.10627005936103,0],[77.1012181699729,20.10608930606974,0],[77.10138406802855,20.10666714075426,0],[77.10047461563852,20.10679516172332,0],[77.09982586119962,20.10662042115136,0]]]},"properties":{"plotIndex":829,"source":"washim_soyabean.kml"}},{"type":"Feature","geometry":{"type":"Polygon","coordinates":[[[77.10065560475624,20.10798729635565,0],[77.10050977431631,20.10681873761069,0],[77.10138406821622,20.10672385613601,0],[77.10166193421517,20.10797342350952,0],[77.10065560475624,20.10798729635565,0]]]},"properties":{"plotIndex":830,"source":"washim_soyabean.kml"}},{"type":"Feature","geometry":{"type":"Polygon","coordinates":[[[77.10423705043095,20.10977746138557,0],[77.10402574516218,20.10873780042114,0],[77.104812710513,20.10873677838615,0],[77.10597595468478,20.10892611396283,0],[77.10553660219774,20.10959952654226,0],[77.10423705043095,20.10977746138557,0]]]},"properties":{"plotIndex":831,"source":"washim_soyabean.kml"}},{"type":"Feature","geometry":{"type":"Polygon","coordinates":[[[77.10511662246904,20.11062807020913,0],[77.10514149075097,20.10978205985055,0],[77.10555514064265,20.10974248461667,0],[77.10553092925328,20.11059653056184,0],[77.10578827385532,20.11128172853022,0],[77.10469082989769,20.11156564424643,0],[77.10453747956399,20.11079496624162,0],[77.10511662246904,20.11062807020913,0]]]},"properties":{"plotIndex":832,"source":"washim_soyabean.kml"}},{"type":"Feature","geometry":{"type":"Polygon","coordinates":[[[77.10452815601415,20.11074563284534,0],[77.1045045946414,20.10983790167039,0],[77.10512536565547,20.10976313200297,0],[77.10509639077068,20.11061304914854,0],[77.10452815601415,20.11074563284534,0]]]},"properties":{"plotIndex":833,"source":"washim_soyabean.kml"}},{"type":"Feature","geometry":{"type":"Polygon","coordinates":[[[77.10388032834338,20.1109191566493,0],[77.1037962484704,20.10988439925744,0],[77.10445324348527,20.1098446101017,0],[77.1044792187031,20.11076070871767,0],[77.10388032834338,20.1109191566493,0]]]},"properties":{"plotIndex":834,"source":"washim_soyabean.kml"}},{"type":"Feature","geometry":{"type":"Polygon","coordinates":[[[77.10323428271735,20.1103957075974,0],[77.10313976168233,20.11002732953217,0],[77.1036863074255,20.10991352407537,0],[77.10377672515511,20.11008302316194,0],[77.10386634518146,20.11091427720091,0],[77.10337617326414,20.11102856003641,0],[77.10303415556488,20.11046849986111,0],[77.10323428271735,20.1103957075974,0]]]},"properties":{"plotIndex":835,"source":"washim_soyabean.kml"}},{"type":"Feature","geometry":{"type":"Polygon","coordinates":[[[77.10301151320495,20.11046240428611,0],[77.10338406658846,20.11109063650652,0],[77.10352849827846,20.11143421687159,0],[77.1028569358912,20.11167129886321,0],[77.10224898787902,20.11094749354713,0],[77.10301151320495,20.11046240428611,0]]]},"properties":{"plotIndex":836,"source":"washim_soyabean.kml"}},{"type":"Feature","geometry":{"type":"Polygon","coordinates":[[[77.1035898965556,20.11150473897055,0],[77.10340144169074,20.11107178746438,0],[77.10447268071198,20.11079590770428,0],[77.10456850794073,20.11123167377937,0],[77.1035898965556,20.11150473897055,0]]]},"properties":{"plotIndex":837,"source":"washim_soyabean.kml"}},{"type":"Feature","geometry":{"type":"Polygon","coordinates":[[[77.1037783186676,20.1124868047038,0],[77.10358041205573,20.11152859296408,0],[77.1045815515785,20.11125440912429,0],[77.10467055085971,20.11161647308448,0],[77.10435158886305,20.1123467726952,0],[77.1037783186676,20.1124868047038,0]]]},"properties":{"plotIndex":838,"source":"washim_soyabean.kml"}},{"type":"Feature","geometry":{"type":"Polygon","coordinates":[[[77.10425433653049,20.11296096655184,0],[77.10420585496482,20.11289461690064,0],[77.1042459935656,20.11265733994121,0],[77.10436557587074,20.11246598744158,0],[77.10438980435708,20.11236430065178,0],[77.10468311258596,20.11169238638092,0],[77.1046569591327,20.11289012806933,0],[77.10425433653049,20.11296096655184,0]]]},"properties":{"plotIndex":839,"source":"washim_soyabean.kml"}},{"type":"Feature","geometry":{"type":"Polygon","coordinates":[[[77.10467946212009,20.1128840327492,0],[77.10469567084267,20.11214961685696,0],[77.10552917208994,20.11197634942006,0],[77.10558862980601,20.11258582079779,0],[77.10467946212009,20.1128840327492,0]]]},"properties":{"plotIndex":840,"source":"washim_soyabean.kml"}},{"type":"Feature","geometry":{"type":"Polygon","coordinates":[[[77.10469609655284,20.11213022456415,0],[77.10471247527832,20.11162856741716,0],[77.1054191359773,20.11145145193332,0],[77.10550439989964,20.1119574258036,0],[77.10469609655284,20.11213022456415,0]]]},"properties":{"plotIndex":841,"source":"washim_soyabean.kml"}},{"type":"Feature","geometry":{"type":"Polygon","coordinates":[[[77.10263101730465,20.11274687837432,0],[77.10240921212696,20.11185294490308,0],[77.10352910028607,20.11146900922837,0],[77.1037559547548,20.11249658954595,0],[77.10263101730465,20.11274687837432,0]]]},"properties":{"plotIndex":842,"source":"washim_soyabean.kml"}},{"type":"Feature","geometry":{"type":"Polygon","coordinates":[[[77.10278190347942,20.11336574311215,0],[77.10263280915974,20.11279556685843,0],[77.10433041312305,20.11238657315864,0],[77.10433919812102,20.1124212011168,0],[77.10421197566055,20.11263801191637,0],[77.10418969514454,20.11297581261223,0],[77.10278190347942,20.11336574311215,0]]]},"properties":{"plotIndex":843,"source":"washim_soyabean.kml"}},{"type":"Feature","geometry":{"type":"Polygon","coordinates":[[[77.10198470169111,20.11364144791638,0],[77.10149696345626,20.11212490833953,0],[77.1023579140235,20.11185275106802,0],[77.10258309017432,20.11273177608535,0],[77.10273662623153,20.11339426064174,0],[77.10198470169111,20.11364144791638,0]]]},"properties":{"plotIndex":844,"source":"washim_soyabean.kml"}},{"type":"Feature","geometry":{"type":"Polygon","coordinates":[[[77.10146817132328,20.11215333440742,0],[77.10194152249407,20.11365509169136,0],[77.10130841520271,20.11386858248424,0],[77.10078424180558,20.11239805287174,0],[77.10146817132328,20.11215333440742,0]]]},"properties":{"plotIndex":845,"source":"washim_soyabean.kml"}},{"type":"Feature","geometry":{"type":"Polygon","coordinates":[[[77.10074728269969,20.11238879779183,0],[77.1012763981307,20.11386853741703,0],[77.09984740431,20.1143450328636,0],[77.09916968423104,20.11290805513768,0],[77.10074728269969,20.11238879779183,0]]]},"properties":{"plotIndex":846,"source":"washim_soyabean.kml"}},{"type":"Feature","geometry":{"type":"Polygon","coordinates":[[[77.10236897006466,20.11182226481034,0],[77.10147462399658,20.11074702977957,0],[77.10188295611609,20.11052539941143,0],[77.10221817321765,20.11093829525429,0],[77.1028348970665,20.11167316312545,0],[77.10236897006466,20.11182226481034,0]]]},"properties":{"plotIndex":847,"source":"washim_soyabean.kml"}},{"type":"Feature","geometry":{"type":"Polygon","coordinates":[[[77.10182205628881,20.11121213401064,0],[77.10233677501898,20.11182730234387,0],[77.10066088511316,20.11238526396847,0],[77.10035482504009,20.11181475068039,0],[77.10075909525409,20.11163098023742,0],[77.10182205628881,20.11121213401064,0]]]},"properties":{"plotIndex":848,"source":"washim_soyabean.kml"}},{"type":"Feature","geometry":{"type":"Polygon","coordinates":[[[77.10173919506072,20.11374377442871,0],[77.10202168945685,20.11437026964541,0],[77.10125572497283,20.11463892129836,0],[77.1009661934608,20.11401335850585,0],[77.10173919506072,20.11374377442871,0]]]},"properties":{"plotIndex":849,"source":"washim_soyabean.kml"}},{"type":"Feature","geometry":{"type":"Polygon","coordinates":[[[77.10231261692373,20.11503048141952,0],[77.10203595646176,20.11435082116032,0],[77.10175744193609,20.11372866467889,0],[77.10274249289363,20.1134310544017,0],[77.10302013272755,20.11472017842098,0],[77.10231261692373,20.11503048141952,0]]]},"properties":{"plotIndex":850,"source":"washim_soyabean.kml"}},{"type":"Feature","geometry":{"type":"Polygon","coordinates":[[[77.10110038496944,20.1143789710916,0],[77.10124767174091,20.11466494904036,0],[77.1020293436472,20.1143862090745,0],[77.10228526463871,20.11503330752485,0],[77.10101154433603,20.11557351054486,0],[77.10054800671395,20.11462368723105,0],[77.10110038496944,20.1143789710916,0]]]},"properties":{"plotIndex":851,"source":"washim_soyabean.kml"}},{"type":"Feature","geometry":{"type":"Polygon","coordinates":[[[77.10093257808246,20.11401959715671,0],[77.1010937902096,20.11435714753608,0],[77.10052875041735,20.11459997871799,0],[77.10035945569231,20.11422926790084,0],[77.10093257808246,20.11401959715671,0]]]},"properties":{"plotIndex":852,"source":"washim_soyabean.kml"}},{"type":"Feature","geometry":{"type":"Polygon","coordinates":[[[77.10062639847689,20.11579201761332,0],[77.10017637909215,20.11518183751241,0],[77.09984211346566,20.1143957934625,0],[77.10033638418551,20.11422499102549,0],[77.10100572580728,20.11560539144563,0],[77.10107247619298,20.11555819077252,0],[77.10158297046547,20.11656864205444,0],[77.10145103353545,20.11661657219231,0],[77.10062639847689,20.11579201761332,0]]]},"properties":{"plotIndex":853,"source":"washim_soyabean.kml"}},{"type":"Feature","geometry":{"type":"Polygon","coordinates":[[[77.1015961297831,20.11534615407446,0],[77.10211278168124,20.11631427377043,0],[77.10160320274849,20.11656710400399,0],[77.10108978692215,20.11555884502791,0],[77.1015961297831,20.11534615407446,0]]]},"properties":{"plotIndex":854,"source":"washim_soyabean.kml"}},{"type":"Feature","geometry":{"type":"Polygon","coordinates":[[[77.10301968998569,20.11475237606643,0],[77.10331198962622,20.11584920043832,0],[77.10250623036154,20.11672827373083,0],[77.10237120865031,20.11674017373682,0],[77.10163161727827,20.11534918204867,0],[77.10301968998569,20.11475237606643,0]]]},"properties":{"plotIndex":855,"source":"washim_soyabean.kml"}},{"type":"Feature","geometry":{"type":"Polygon","coordinates":[[[77.09711885933918,20.10889958841055,0],[77.09720713005933,20.10937638223755,0],[77.09399892718793,20.11013550663403,0],[77.0938821491114,20.10896086191864,0],[77.09711885933918,20.10889958841055,0]]]},"properties":{"plotIndex":856,"source":"washim_soyabean.kml"}},{"type":"Feature","geometry":{"type":"Polygon","coordinates":[[[77.09720771433334,20.10940725340107,0],[77.09731852726857,20.10990045127792,0],[77.09759566589943,20.11055895635182,0],[77.09448902090644,20.11174888611899,0],[77.09418784878667,20.11088652191666,0],[77.0940291606216,20.11016993436175,0],[77.09720771433334,20.10940725340107,0]]]},"properties":{"plotIndex":857,"source":"washim_soyabean.kml"}},{"type":"Feature","geometry":{"type":"Polygon","coordinates":[[[77.0961593780134,20.11115325798053,0],[77.09641151786968,20.11188304378903,0],[77.09483507208246,20.11245503287017,0],[77.09449907087513,20.1117900624318,0],[77.0961593780134,20.11115325798053,0]]]},"properties":{"plotIndex":858,"source":"washim_soyabean.kml"}},{"type":"Feature","geometry":{"type":"Polygon","coordinates":[[[77.09643166914802,20.111911528469,0],[77.09665799234755,20.11258354190577,0],[77.09511520307252,20.11306394122255,0],[77.0948654188575,20.11249311693063,0],[77.09643166914802,20.111911528469,0]]]},"properties":{"plotIndex":859,"source":"washim_soyabean.kml"}},{"type":"Feature","geometry":{"type":"Polygon","coordinates":[[[77.09669302715402,20.11252437917632,0],[77.09617674010549,20.11113024810354,0],[77.09699899266087,20.11080873562555,0],[77.09781837172157,20.11216820708071,0],[77.09669302715402,20.11252437917632,0]]]},"properties":{"plotIndex":860,"source":"washim_soyabean.kml"}},{"type":"Feature","geometry":{"type":"Polygon","coordinates":[[[77.09786154234021,20.11214634712561,0],[77.09701858378462,20.11079773812475,0],[77.09762838321235,20.1105721253281,0],[77.09777451396536,20.1108679746,0],[77.09806108720458,20.1113567730755,0],[77.09848689852812,20.11196322465291,0],[77.09786154234021,20.11214634712561,0]]]},"properties":{"plotIndex":861,"source":"washim_soyabean.kml"}},{"type":"Feature","geometry":{"type":"Polygon","coordinates":[[[77.09358297669762,20.11089821643517,0],[77.09346354536468,20.11027951303453,0],[77.0939516902122,20.11020558683026,0],[77.09398636253403,20.11039187256221,0],[77.09388875174426,20.11041878366934,0],[77.09393612198373,20.11072736677803,0],[77.09358297669762,20.11089821643517,0]]]},"properties":{"plotIndex":862,"source":"washim_soyabean.kml"}},{"type":"Feature","geometry":{"type":"Polygon","coordinates":[[[77.09346354852778,20.11026470780938,0],[77.09323563795543,20.10888938774075,0],[77.09379056671433,20.10886569422895,0],[77.09385265888677,20.10893229296389,0],[77.09397073617623,20.11016635422015,0],[77.09346354852778,20.11026470780938,0]]]},"properties":{"plotIndex":863,"source":"washim_soyabean.kml"}},{"type":"Feature","geometry":{"type":"Polygon","coordinates":[[[77.09416912308548,20.10890292340318,0],[77.09417089765267,20.108267334747,0],[77.09574515679947,20.10828219616482,0],[77.0957549999393,20.10889938683804,0],[77.09416912308548,20.10890292340318,0]]]},"properties":{"plotIndex":864,"source":"washim_soyabean.kml"}},{"type":"Feature","geometry":{"type":"Polygon","coordinates":[[[77.09418316170701,20.10823644604581,0],[77.0941848608382,20.10801593165273,0],[77.09575462009063,20.10809827929035,0],[77.09575431987462,20.10826863614409,0],[77.09418316170701,20.10823644604581,0]]]},"properties":{"plotIndex":865,"source":"washim_soyabean.kml"}},{"type":"Feature","geometry":{"type":"Polygon","coordinates":[[[77.0957755701545,20.10890938763917,0],[77.09577302300539,20.10808644274089,0],[77.09758869847535,20.10804981681858,0],[77.09764204647838,20.1087803620541,0],[77.09707554955655,20.10887634450148,0],[77.0957755701545,20.10890938763917,0]]]},"properties":{"plotIndex":866,"source":"washim_soyabean.kml"}},{"type":"Feature","geometry":{"type":"Polygon","coordinates":[[[77.09667742352126,20.10803285984418,0],[77.09668999754584,20.10729516812844,0],[77.09796866435717,20.10730485122201,0],[77.09952609052158,20.10740135178227,0],[77.09949581069856,20.10804620540044,0],[77.0976151987389,20.10802944592847,0],[77.09667742352126,20.10803285984418,0]]]},"properties":{"plotIndex":867,"source":"washim_soyabean.kml"}},{"type":"Feature","geometry":{"type":"Polygon","coordinates":[[[77.09510479209094,20.10800057393897,0],[77.09512824607776,20.10730392351838,0],[77.09567750749976,20.10727254800834,0],[77.09667102858923,20.1072948186161,0],[77.0966556853859,20.1080247477265,0],[77.09510479209094,20.10800057393897,0]]]},"properties":{"plotIndex":868,"source":"washim_soyabean.kml"}},{"type":"Feature","geometry":{"type":"Polygon","coordinates":[[[77.09423064371741,20.10799849106931,0],[77.09426847961772,20.10727475593784,0],[77.09510017763374,20.10729876807402,0],[77.0950882132177,20.10800829616252,0],[77.09423064371741,20.10799849106931,0]]]},"properties":{"plotIndex":869,"source":"washim_soyabean.kml"}},{"type":"Feature","geometry":{"type":"Polygon","coordinates":[[[77.09427926239026,20.10726828327622,0],[77.09452274737313,20.10560878044553,0],[77.09536731988781,20.10564679641849,0],[77.09534550911651,20.10637267753744,0],[77.0952920821736,20.10725671509957,0],[77.09511432336207,20.10725878506257,0],[77.09427926239026,20.10726828327622,0]]]},"properties":{"plotIndex":870,"source":"washim_soyabean.kml"}},{"type":"Feature","geometry":{"type":"Polygon","coordinates":[[[77.09311988860885,20.10879090651227,0],[77.09309064227484,20.10789040776623,0],[77.09312499639543,20.10716576972925,0],[77.09426792710975,20.10704435617613,0],[77.09420785875358,20.1079570912161,0],[77.09415842579709,20.10801014289228,0],[77.09414780316932,20.10887916657711,0],[77.09387704354792,20.10886006068817,0],[77.09373026149845,20.10879593481655,0],[77.09311988860885,20.10879090651227,0]]]},"properties":{"plotIndex":871,"source":"washim_soyabean.kml"}},{"type":"Feature","geometry":{"type":"Polygon","coordinates":[[[77.09188074999234,20.10888708831567,0],[77.09190924776446,20.10800022222756,0],[77.09199527997197,20.10795086077601,0],[77.09201277109463,20.10714572904639,0],[77.09309896651274,20.10713852506455,0],[77.09306367350638,20.10790358663326,0],[77.09308147637209,20.10879122475265,0],[77.09188074999234,20.10888708831567,0]]]},"properties":{"plotIndex":872,"source":"washim_soyabean.kml"}},{"type":"Feature","geometry":{"type":"Polygon","coordinates":[[[77.09054286878639,20.10890716550229,0],[77.09059616373919,20.10798599924484,0],[77.0918717890069,20.10800448103673,0],[77.09184245757456,20.10889201704571,0],[77.09092098992507,20.10886086691196,0],[77.09054286878639,20.10890716550229,0]]]},"properties":{"plotIndex":873,"source":"washim_soyabean.kml"}},{"type":"Feature","geometry":{"type":"Polygon","coordinates":[[[77.0908161246825,20.10794893049868,0],[77.09084529606878,20.10748560498342,0],[77.09197516512002,20.10749440795597,0],[77.09196929590863,20.10796027505274,0],[77.0908161246825,20.10794893049868,0]]]},"properties":{"plotIndex":874,"source":"washim_soyabean.kml"}},{"type":"Feature","geometry":{"type":"Polygon","coordinates":[[[77.08987603180533,20.10791175421469,0],[77.0898912863459,20.10747449814594,0],[77.09081943250285,20.10748573804842,0],[77.0907981456394,20.10794897055374,0],[77.08987603180533,20.10791175421469,0]]]},"properties":{"plotIndex":875,"source":"washim_soyabean.kml"}},{"type":"Feature","geometry":{"type":"Polygon","coordinates":[[[77.089253176315,20.10787553058715,0],[77.08923583958513,20.10747247947396,0],[77.0898694353027,20.10747675288115,0],[77.08985788624841,20.10791420780768,0],[77.089253176315,20.10787553058715,0]]]},"properties":{"plotIndex":876,"source":"washim_soyabean.kml"}},{"type":"Feature","geometry":{"type":"Polygon","coordinates":[[[77.09199114638119,20.10712650785802,0],[77.09197342107404,20.10747540873813,0],[77.089229745994,20.10745674162898,0],[77.0891871461999,20.10725508835911,0],[77.08902713611212,20.10722807104066,0],[77.08900602218466,20.10697972271871,0],[77.08963824048921,20.10696796071409,0],[77.09064506854074,20.10708234536901,0],[77.09199114638119,20.10712650785802,0]]]},"properties":{"plotIndex":877,"source":"washim_soyabean.kml"}},{"type":"Feature","geometry":{"type":"Polygon","coordinates":[[[77.09076457081322,20.10703266975413,0],[77.09086474240512,20.10612085200632,0],[77.09069598781426,20.10609308691286,0],[77.09070331042821,20.10595253354798,0],[77.09161331120673,20.10599099766734,0],[77.09149163967886,20.1070940886934,0],[77.09076457081322,20.10703266975413,0]]]},"properties":{"plotIndex":878,"source":"washim_soyabean.kml"}},{"type":"Feature","geometry":{"type":"Polygon","coordinates":[[[77.09009709388651,20.10698563109594,0],[77.09026019345869,20.10617730032482,0],[77.09080785689042,20.10616319991298,0],[77.09072548274261,20.10704712197613,0],[77.09009709388651,20.10698563109594,0]]]},"properties":{"plotIndex":879,"source":"washim_soyabean.kml"}},{"type":"Feature","geometry":{"type":"Polygon","coordinates":[[[77.08895638792607,20.10689581964425,0],[77.08886583342786,20.10605147035365,0],[77.09022859578634,20.106120570113,0],[77.09005180966575,20.10695171704906,0],[77.08895638792607,20.10689581964425,0]]]},"properties":{"plotIndex":880,"source":"washim_soyabean.kml"}},{"type":"Feature","geometry":{"type":"Polygon","coordinates":[[[77.08977373085654,20.10428214827743,0],[77.08975524240192,20.10488213091902,0],[77.09072740796366,20.10489967796699,0],[77.09065535599127,20.10610387674296,0],[77.08887234045605,20.10602342194263,0],[77.08888346725016,20.10521327234804,0],[77.08885207592003,20.10464775560444,0],[77.08889256089758,20.10415151012032,0],[77.08977373085654,20.10428214827743,0]]]},"properties":{"plotIndex":881,"source":"washim_soyabean.kml"}},{"type":"Feature","geometry":{"type":"Polygon","coordinates":[[[77.09068450244267,20.10594058076166,0],[77.09077710432518,20.10463556565873,0],[77.0916888461661,20.10465398022996,0],[77.09179201242002,20.1048106814433,0],[77.09161853140512,20.10597749734778,0],[77.09068450244267,20.10594058076166,0]]]},"properties":{"plotIndex":882,"source":"washim_soyabean.kml"}},{"type":"Feature","geometry":{"type":"Polygon","coordinates":[[[77.08751611363213,20.10533904240073,0],[77.08776680384983,20.10412511896905,0],[77.08883365080206,20.10413262428245,0],[77.08878334317093,20.10464274847955,0],[77.0888260442982,20.10519261438226,0],[77.08751611363213,20.10533904240073,0]]]},"properties":{"plotIndex":883,"source":"washim_soyabean.kml"}},{"type":"Feature","geometry":{"type":"Polygon","coordinates":[[[77.08831923749237,20.10619638194597,0],[77.08830169744945,20.10529886384712,0],[77.08883992801,20.10521174209649,0],[77.088822891205,20.10612553374403,0],[77.08831923749237,20.10619638194597,0]]]},"properties":{"plotIndex":884,"source":"washim_soyabean.kml"}},{"type":"Feature","geometry":{"type":"Polygon","coordinates":[[[77.0871103402077,20.1068808519625,0],[77.08749785337032,20.1053858913055,0],[77.08827644552456,20.10530620790199,0],[77.0883614262612,20.10708009014676,0],[77.08788131355371,20.10715119048686,0],[77.08787606002812,20.10728008504202,0],[77.08753449692156,20.10729682453526,0],[77.0871103402077,20.1068808519625,0]]]},"properties":{"plotIndex":885,"source":"washim_soyabean.kml"}},{"type":"Feature","geometry":{"type":"Polygon","coordinates":[[[77.08839683914938,20.10719893687568,0],[77.08833479115768,20.10621753996974,0],[77.08881806556194,20.10614451386551,0],[77.08895549586985,20.10724139381454,0],[77.08839683914938,20.10719893687568,0]]]},"properties":{"plotIndex":886,"source":"washim_soyabean.kml"}},{"type":"Feature","geometry":{"type":"Polygon","coordinates":[[[77.08664715547508,20.10892534045941,0],[77.08685395358384,20.10814133155602,0],[77.08698518255302,20.10893685953924,0],[77.08664715547508,20.10892534045941,0]]]},"properties":{"plotIndex":887,"source":"washim_soyabean.kml"}},{"type":"Feature","geometry":{"type":"Polygon","coordinates":[[[77.08697342176924,20.10760259825789,0],[77.0870777551297,20.10701600063643,0],[77.08748372387885,20.10737447657806,0],[77.08768943254543,20.10852073823058,0],[77.08717051726427,20.10866745484518,0],[77.08697342176924,20.10760259825789,0]]]},"properties":{"plotIndex":888,"source":"washim_soyabean.kml"}},{"type":"Feature","geometry":{"type":"Polygon","coordinates":[[[77.08816248365571,20.10730301141181,0],[77.08833635856809,20.1082267247511,0],[77.08807073858553,20.10843109806168,0],[77.08770612772675,20.10854158971477,0],[77.08750320228769,20.1073534095495,0],[77.08816248365571,20.10730301141181,0]]]},"properties":{"plotIndex":889,"source":"washim_soyabean.kml"}},{"type":"Feature","geometry":{"type":"Polygon","coordinates":[[[77.08901050290841,20.10728966518022,0],[77.08913553290917,20.1073647866531,0],[77.0891903077258,20.107899592107,0],[77.08909382816903,20.10790862431231,0],[77.0887220487645,20.10800151559852,0],[77.08855051012765,20.10810299780008,0],[77.08841588717269,20.10729871673096,0],[77.08901050290841,20.10728966518022,0]]]},"properties":{"plotIndex":890,"source":"washim_soyabean.kml"}},{"type":"Feature","geometry":{"type":"Polygon","coordinates":[[[77.08878942435717,20.10893616155131,0],[77.0886319528437,20.10813130838293,0],[77.08875670616781,20.10803872170249,0],[77.08918278649347,20.1079631327365,0],[77.08906452396198,20.10843513883314,0],[77.0888901130088,20.10892951264473,0],[77.08878942435717,20.10893616155131,0]]]},"properties":{"plotIndex":891,"source":"washim_soyabean.kml"}},{"type":"Feature","geometry":{"type":"Polygon","coordinates":[[[77.08813038148794,20.10891785974853,0],[77.08807923829933,20.10854145418166,0],[77.0886039430547,20.10818952814746,0],[77.08876076977015,20.10892475723404,0],[77.08845953727506,20.10895786576843,0],[77.08813038148794,20.10891785974853,0]]]},"properties":{"plotIndex":892,"source":"washim_soyabean.kml"}},{"type":"Feature","geometry":{"type":"Polygon","coordinates":[[[77.08895535344237,20.10894965157284,0],[77.08920691001376,20.10823215067405,0],[77.089423778514,20.10889258016702,0],[77.08895535344237,20.10894965157284,0]]]},"properties":{"plotIndex":893,"source":"washim_soyabean.kml"}},{"type":"Feature","geometry":{"type":"Polygon","coordinates":[[[77.08934552877606,20.10807516203441,0],[77.08942469381826,20.10799290568698,0],[77.08986754064745,20.1079952492439,0],[77.0898234608696,20.10890328959587,0],[77.0894333387326,20.10887686657924,0],[77.08922597035368,20.10826352819225,0],[77.08924042059895,20.10810208486255,0],[77.08934552877606,20.10807516203441,0]]]},"properties":{"plotIndex":894,"source":"washim_soyabean.kml"}},{"type":"Feature","geometry":{"type":"Polygon","coordinates":[[[77.08984254818627,20.10890320098685,0],[77.08988882243737,20.10797095570798,0],[77.09057160250025,20.10797158118888,0],[77.09052170898225,20.10892700252395,0],[77.08984254818627,20.10890320098685,0]]]},"properties":{"plotIndex":895,"source":"washim_soyabean.kml"}},{"type":"Feature","geometry":{"type":"Polygon","coordinates":[[[77.08873682314456,20.10944604595115,0],[77.08893297081552,20.10901165749007,0],[77.08943034130388,20.10894788676567,0],[77.08947167241156,20.1092600622504,0],[77.08873682314456,20.10944604595115,0]]]},"properties":{"plotIndex":896,"source":"washim_soyabean.kml"}},{"type":"Feature","geometry":{"type":"Polygon","coordinates":[[[77.08850149106482,20.11003255317027,0],[77.08847724996215,20.10995401261217,0],[77.08869141175164,20.10948900913829,0],[77.08948036322377,20.10928214122825,0],[77.08955795028126,20.10963263078125,0],[77.08850149106482,20.11003255317027,0]]]},"properties":{"plotIndex":897,"source":"washim_soyabean.kml"}},{"type":"Feature","geometry":{"type":"Polygon","coordinates":[[[77.08983963957832,20.10899118450228,0],[77.09017431943515,20.11035688375232,0],[77.0898393194256,20.11041355529213,0],[77.08948927811039,20.10927455562144,0],[77.0894479650299,20.10896635543872,0],[77.08983963957832,20.10899118450228,0]]]},"properties":{"plotIndex":898,"source":"washim_soyabean.kml"}},{"type":"Feature","geometry":{"type":"Polygon","coordinates":[[[77.09151588544466,20.10709792738515,0],[77.09160660138899,20.1062604065127,0],[77.09327000658013,20.10620645999723,0],[77.09328139615663,20.10666992909318,0],[77.09321551723436,20.10710802034522,0],[77.09203968463571,20.1071083473893,0],[77.09151588544466,20.10709792738515,0]]]},"properties":{"plotIndex":899,"source":"washim_soyabean.kml"}},{"type":"Feature","geometry":{"type":"Polygon","coordinates":[[[77.09325119572274,20.10709535680694,0],[77.09331938417377,20.10620955206421,0],[77.09439675620315,20.10621811739502,0],[77.09428731685111,20.10703153930435,0],[77.09325119572274,20.10709535680694,0]]]},"properties":{"plotIndex":900,"source":"washim_soyabean.kml"}},{"type":"Feature","geometry":{"type":"Polygon","coordinates":[[[77.09329917786174,20.10619413055652,0],[77.0932882856852,20.10579216295681,0],[77.09336983670057,20.10533474239413,0],[77.09454201675862,20.10534953741522,0],[77.09440758869967,20.10618996782467,0],[77.09329917786174,20.10619413055652,0]]]},"properties":{"plotIndex":901,"source":"washim_soyabean.kml"}},{"type":"Feature","geometry":{"type":"Polygon","coordinates":[[[77.09160018131288,20.10624847582777,0],[77.09166679544984,20.10576557827139,0],[77.0932712033542,20.10576121648702,0],[77.09326899248059,20.10617884132566,0],[77.09160018131288,20.10624847582777,0]]]},"properties":{"plotIndex":902,"source":"washim_soyabean.kml"}},{"type":"Feature","geometry":{"type":"Polygon","coordinates":[[[77.0916717876023,20.10575092442456,0],[77.09172494810497,20.10532559742434,0],[77.09331056345982,20.10532350167099,0],[77.09326469622563,20.10573973724529,0],[77.0916717876023,20.10575092442456,0]]]},"properties":{"plotIndex":903,"source":"washim_soyabean.kml"}},{"type":"Feature","geometry":{"type":"Polygon","coordinates":[[[77.0917345130768,20.10530039762321,0],[77.09181196228772,20.10492185141132,0],[77.09186225579535,20.10483698371229,0],[77.09330833787384,20.1049534272374,0],[77.09330097266137,20.10529899709431,0],[77.0917345130768,20.10530039762321,0]]]},"properties":{"plotIndex":904,"source":"washim_soyabean.kml"}},{"type":"Feature","geometry":{"type":"Polygon","coordinates":[[[77.09336112883058,20.105295493982,0],[77.09343974035492,20.1044920214451,0],[77.09460453443921,20.10447119112297,0],[77.09453793647099,20.10531662686552,0],[77.09336112883058,20.105295493982,0]]]},"properties":{"plotIndex":905,"source":"washim_soyabean.kml"}},{"type":"Feature","geometry":{"type":"Polygon","coordinates":[[[77.09453125498551,20.1055844517108,0],[77.09461564499135,20.10447757902772,0],[77.09524160420453,20.10438950300638,0],[77.09517039675046,20.10559589686698,0],[77.09453125498551,20.1055844517108,0]]]},"properties":{"plotIndex":906,"source":"washim_soyabean.kml"}},{"type":"Feature","geometry":{"type":"Polygon","coordinates":[[[77.09519273921484,20.10559145720884,0],[77.09527791888675,20.10439364033532,0],[77.09571874168384,20.1043811043341,0],[77.09565574945029,20.10561977400878,0],[77.09519273921484,20.10559145720884,0]]]},"properties":{"plotIndex":907,"source":"washim_soyabean.kml"}},{"type":"Feature","geometry":{"type":"Polygon","coordinates":[[[77.09569445076478,20.1056222868464,0],[77.09575216381924,20.10438362426881,0],[77.09677044748001,20.10434867696454,0],[77.09675120945616,20.10560009130548,0],[77.09569445076478,20.1056222868464,0]]]},"properties":{"plotIndex":908,"source":"washim_soyabean.kml"}},{"type":"Feature","geometry":{"type":"Polygon","coordinates":[[[77.09533167883636,20.10723182412636,0],[77.09539159246458,20.10633787669192,0],[77.09596796201708,20.10638713305905,0],[77.09591489465768,20.10722786127927,0],[77.09533167883636,20.10723182412636,0]]]},"properties":{"plotIndex":909,"source":"washim_soyabean.kml"}},{"type":"Feature","geometry":{"type":"Polygon","coordinates":[[[77.09593661094192,20.10724137331584,0],[77.09600419015175,20.10635763332308,0],[77.09537497779746,20.10630262238513,0],[77.09539821059325,20.10565024779997,0],[77.09673170751621,20.10561780067309,0],[77.09676691035554,20.10726537635394,0],[77.09593661094192,20.10724137331584,0]]]},"properties":{"plotIndex":910,"source":"washim_soyabean.kml"}},{"type":"Feature","geometry":{"type":"Polygon","coordinates":[[[77.0967919434936,20.10726123477914,0],[77.09675726342944,20.10561358365966,0],[77.09781060679715,20.10567674052066,0],[77.09792389710074,20.1057727643062,0],[77.0979346969821,20.10728180797678,0],[77.0967919434936,20.10726123477914,0]]]},"properties":{"plotIndex":911,"source":"washim_soyabean.kml"}},{"type":"Feature","geometry":{"type":"Polygon","coordinates":[[[77.09796182189207,20.10728203488268,0],[77.09795505125362,20.10572393343447,0],[77.10015530311823,20.10585915070949,0],[77.0997501699366,20.1066172917523,0],[77.09957744394691,20.1073733495357,0],[77.09796182189207,20.10728203488268,0]]]},"properties":{"plotIndex":912,"source":"washim_soyabean.kml"}},{"type":"Feature","geometry":{"type":"Polygon","coordinates":[[[77.09916935654007,20.10577215459113,0],[77.09924467712143,20.10444950823423,0],[77.09984674196431,20.10451354998535,0],[77.10094748752282,20.10446182273478,0],[77.10019855912684,20.1058281289049,0],[77.09916935654007,20.10577215459113,0]]]},"properties":{"plotIndex":913,"source":"washim_soyabean.kml"}},{"type":"Feature","geometry":{"type":"Polygon","coordinates":[[[77.10031931370514,20.10574948418479,0],[77.10100781443293,20.10448293033108,0],[77.10118145517764,20.10442940003461,0],[77.1015139330106,20.10446221799989,0],[77.10148557685757,20.10564798024901,0],[77.10031931370514,20.10574948418479,0]]]},"properties":{"plotIndex":914,"source":"washim_soyabean.kml"}},{"type":"Feature","geometry":{"type":"Polygon","coordinates":[[[77.0966983493808,20.11262499053671,0],[77.09688810645864,20.11338683576484,0],[77.09616842963918,20.11357019881618,0],[77.09533842221768,20.11376124600631,0],[77.09513768737398,20.11311938792627,0],[77.0966983493808,20.11262499053671,0]]]},"properties":{"plotIndex":915,"source":"washim_soyabean.kml"}},{"type":"Feature","geometry":{"type":"Polygon","coordinates":[[[77.09692484072578,20.11336403848863,0],[77.0967036515856,20.11255392583466,0],[77.09783289791933,20.11218277586288,0],[77.0983218261475,20.1129782499806,0],[77.09692484072578,20.11336403848863,0]]]},"properties":{"plotIndex":916,"source":"washim_soyabean.kml"}},{"type":"Feature","geometry":{"type":"Polygon","coordinates":[[[77.09834444878858,20.112967061828,0],[77.09785571000769,20.11217903563243,0],[77.09848314134878,20.11199635003954,0],[77.09896056169491,20.11273458888251,0],[77.09834444878858,20.112967061828,0]]]},"properties":{"plotIndex":917,"source":"washim_soyabean.kml"}},{"type":"Feature","geometry":{"type":"Polygon","coordinates":[[[77.09862132194309,20.11398157766224,0],[77.09824830627555,20.11304661291576,0],[77.09902572355224,20.11278596960528,0],[77.09948356428566,20.11371380635798,0],[77.09862132194309,20.11398157766224,0]]]},"properties":{"plotIndex":918,"source":"washim_soyabean.kml"}},{"type":"Feature","geometry":{"type":"Polygon","coordinates":[[[77.09516177786509,20.11468725366316,0],[77.09509437738026,20.11410862569672,0],[77.09479006398831,20.11404441519888,0],[77.09543510703745,20.11378614707444,0],[77.09569813935781,20.11450527723099,0],[77.09516177786509,20.11468725366316,0]]]},"properties":{"plotIndex":919,"source":"washim_soyabean.kml"}},{"type":"Feature","geometry":{"type":"Polygon","coordinates":[[[77.09571746843247,20.11448713182343,0],[77.09546102014382,20.11378918569654,0],[77.09608091940329,20.1136154257308,0],[77.09630023086278,20.11423019014692,0],[77.09571746843247,20.11448713182343,0]]]},"properties":{"plotIndex":920,"source":"washim_soyabean.kml"}},{"type":"Feature","geometry":{"type":"Polygon","coordinates":[[[77.09676477688161,20.11348175398771,0],[77.09692088477205,20.11396689515727,0],[77.09631660530258,20.11422053600401,0],[77.09609839096653,20.11361891717192,0],[77.09676477688161,20.11348175398771,0]]]},"properties":{"plotIndex":921,"source":"washim_soyabean.kml"}},{"type":"Feature","geometry":{"type":"Polygon","coordinates":[[[77.09715045992515,20.11440831403229,0],[77.09693338628618,20.11389126547267,0],[77.09680457812549,20.11346549521519,0],[77.097425901215,20.11327425637644,0],[77.09783686036779,20.11421496552866,0],[77.09715045992515,20.11440831403229,0]]]},"properties":{"plotIndex":922,"source":"washim_soyabean.kml"}},{"type":"Feature","geometry":{"type":"Polygon","coordinates":[[[77.09819464659873,20.1130715106871,0],[77.0985864948108,20.1139903573223,0],[77.09785751308677,20.11420875915614,0],[77.09744984436145,20.11326940136165,0],[77.09819464659873,20.1130715106871,0]]]},"properties":{"plotIndex":923,"source":"washim_soyabean.kml"}},{"type":"Feature","geometry":{"type":"Polygon","coordinates":[[[77.09950386289334,20.113753014817,0],[77.09974005927567,20.11427077184441,0],[77.09858235490543,20.11459381213903,0],[77.09837282371419,20.11408025099675,0],[77.09950386289334,20.113753014817,0]]]},"properties":{"plotIndex":924,"source":"washim_soyabean.kml"}},{"type":"Feature","geometry":{"type":"Polygon","coordinates":[[[77.09835558096732,20.11506841460528,0],[77.09824676340325,20.11478699541629,0],[77.09858471066383,20.11469024912427,0],[77.09856898499764,20.11462392148514,0],[77.09973952525255,20.11429789468576,0],[77.09984688752344,20.11465667360901,0],[77.09835558096732,20.11506841460528,0]]]},"properties":{"plotIndex":925,"source":"washim_soyabean.kml"}},{"type":"Feature","geometry":{"type":"Polygon","coordinates":[[[77.09835155730882,20.11407153976189,0],[77.09855224889039,20.11460244458132,0],[77.09813108264449,20.11470453609655,0],[77.09823680302783,20.11508570593832,0],[77.09741825198934,20.11531792408558,0],[77.09716300609844,20.11443892347057,0],[77.09835155730882,20.11407153976189,0]]]},"properties":{"plotIndex":926,"source":"washim_soyabean.kml"}},{"type":"Feature","geometry":{"type":"Polygon","coordinates":[[[77.09828638604678,20.1151036912021,0],[77.098389200733,20.11544411175358,0],[77.09753944789584,20.1156876872977,0],[77.09741885680974,20.11533287805192,0],[77.09828638604678,20.1151036912021,0]]]},"properties":{"plotIndex":927,"source":"washim_soyabean.kml"}},{"type":"Feature","geometry":{"type":"Polygon","coordinates":[[[77.09985608302294,20.11467629364273,0],[77.10003091236109,20.11503512808513,0],[77.10039604519243,20.11561490294734,0],[77.09956046311719,20.1160691769328,0],[77.09923657178885,20.11522575270488,0],[77.09841593161113,20.11543628180286,0],[77.09832913273651,20.11509330250822,0],[77.09985608302294,20.11467629364273,0]]]},"properties":{"plotIndex":928,"source":"washim_soyabean.kml"}},{"type":"Feature","geometry":{"type":"Polygon","coordinates":[[[77.09906499635028,20.11528268772883,0],[77.09923387489684,20.11524058368709,0],[77.09955334940183,20.11608631274202,0],[77.1001173413312,20.11734172467136,0],[77.09974095555907,20.1175185246776,0],[77.09960507638411,20.11710722350626,0],[77.09941903977402,20.11648456120075,0],[77.0991882755723,20.11572556315534,0],[77.09906499635028,20.11528268772883,0]]]},"properties":{"plotIndex":929,"source":"washim_soyabean.kml"}},{"type":"Feature","geometry":{"type":"Polygon","coordinates":[[[77.09905243581665,20.11528903218036,0],[77.0994095425623,20.11651087782144,0],[77.09883007392726,20.11669032914257,0],[77.09850405516286,20.11543795791667,0],[77.09905243581665,20.11528903218036,0]]]},"properties":{"plotIndex":930,"source":"washim_soyabean.kml"}},{"type":"Feature","geometry":{"type":"Polygon","coordinates":[[[77.10039884877787,20.11563925548892,0],[77.10084976878376,20.11614164968557,0],[77.0998421484358,20.11669913497512,0],[77.09957169820422,20.11608428098818,0],[77.10039884877787,20.11563925548892,0]]]},"properties":{"plotIndex":931,"source":"washim_soyabean.kml"}},{"type":"Feature","geometry":{"type":"Polygon","coordinates":[[[77.100875946353,20.11614768542219,0],[77.1013744501993,20.11664723350862,0],[77.10013114863035,20.1173252698857,0],[77.09985531709162,20.11671218081554,0],[77.100875946353,20.11614768542219,0]]]},"properties":{"plotIndex":932,"source":"washim_soyabean.kml"}},{"type":"Feature","geometry":{"type":"Polygon","coordinates":[[[77.10159362543615,20.11659159418717,0],[77.10211479905945,20.11632942565715,0],[77.10239730403472,20.11683714529321,0],[77.10192100497224,20.11721902526334,0],[77.10145847948269,20.11663391259736,0],[77.10159362543615,20.11659159418717,0]]]},"properties":{"plotIndex":933,"source":"washim_soyabean.kml"}},{"type":"Feature","geometry":{"type":"Polygon","coordinates":[[[77.10140136718816,20.1166579024996,0],[77.10185269526723,20.11733087723396,0],[77.1016944066836,20.11750610175945,0],[77.10133174517969,20.11772632462527,0],[77.10062579660915,20.11809784534757,0],[77.10024323257689,20.11729343424689,0],[77.10140136718816,20.1166579024996,0]]]},"properties":{"plotIndex":934,"source":"washim_soyabean.kml"}},{"type":"Feature","geometry":{"type":"Polygon","coordinates":[[[77.10022959855607,20.11730919422684,0],[77.1006142055983,20.11812188205754,0],[77.10004289992348,20.11844263279027,0],[77.09973531155494,20.11756730174547,0],[77.10022959855607,20.11730919422684,0]]]},"properties":{"plotIndex":935,"source":"washim_soyabean.kml"}},{"type":"Feature","geometry":{"type":"Polygon","coordinates":[[[77.09971591618407,20.1175722958089,0],[77.10000683993164,20.11844469694965,0],[77.09910831475273,20.11893359110333,0],[77.09881571496432,20.11802565864695,0],[77.09971591618407,20.1175722958089,0]]]},"properties":{"plotIndex":936,"source":"washim_soyabean.kml"}},{"type":"Feature","geometry":{"type":"Polygon","coordinates":[[[77.09941755497076,20.11653609663632,0],[77.09971315550763,20.11752207733205,0],[77.09911355187725,20.11779880071282,0],[77.09883858745782,20.11670761016148,0],[77.09941755497076,20.11653609663632,0]]]},"properties":{"plotIndex":937,"source":"washim_soyabean.kml"}},{"type":"Feature","geometry":{"type":"Polygon","coordinates":[[[77.09881569124528,20.11670190398796,0],[77.09909326375973,20.1178208411305,0],[77.09858484658207,20.1180392259119,0],[77.09829887808414,20.11685674723809,0],[77.09881569124528,20.11670190398796,0]]]},"properties":{"plotIndex":938,"source":"washim_soyabean.kml"}},{"type":"Feature","geometry":{"type":"Polygon","coordinates":[[[77.09833200201373,20.11710011730502,0],[77.09856088375189,20.11806533127849,0],[77.09823486714964,20.11820542448081,0],[77.09809071587408,20.11832300874475,0],[77.09795983484764,20.11844001494694,0],[77.09754828442308,20.1173077579842,0],[77.09833200201373,20.11710011730502,0]]]},"properties":{"plotIndex":939,"source":"washim_soyabean.kml"}},{"type":"Feature","geometry":{"type":"Polygon","coordinates":[[[77.09753539247117,20.11571145762079,0],[77.09847534613222,20.11544173162577,0],[77.09880818614955,20.11667562195293,0],[77.09827354674627,20.11683530512448,0],[77.09832239359744,20.11707709034159,0],[77.0975290298069,20.11729613561863,0],[77.09704469155004,20.11580744386641,0],[77.09753539247117,20.11571145762079,0]]]},"properties":{"plotIndex":940,"source":"washim_soyabean.kml"}},{"type":"Feature","geometry":{"type":"Polygon","coordinates":[[[77.09569985159604,20.11454163315549,0],[77.09631990953388,20.11425042975009,0],[77.09695714860364,20.11400485149674,0],[77.09713626187275,20.11444115677184,0],[77.09750564299954,20.11569985777979,0],[77.09687117625255,20.11582807735717,0],[77.09559788781618,20.11607510306653,0],[77.09514376860398,20.11492773567782,0],[77.09515447221965,20.11472275880937,0],[77.09569985159604,20.11454163315549,0]]]},"properties":{"plotIndex":941,"source":"washim_soyabean.kml"}},{"type":"Feature","geometry":{"type":"Polygon","coordinates":[[[77.08958003605282,20.10965939003255,0],[77.08981497928121,20.11041145746352,0],[77.09006352790679,20.11107152165683,0],[77.08875764234944,20.11078963544552,0],[77.08851314822522,20.1100632695939,0],[77.08958003605282,20.10965939003255,0]]]},"properties":{"plotIndex":942,"source":"washim_soyabean.kml"}},{"type":"Feature","geometry":{"type":"Polygon","coordinates":[[[77.09020142955289,20.11038289645426,0],[77.08985899004014,20.1089951557425,0],[77.0900842605499,20.10902244136769,0],[77.0903479229605,20.10900226336945,0],[77.09088056023569,20.11117240278538,0],[77.09046768486007,20.11124661984768,0],[77.09010453884154,20.11110255054322,0],[77.08986970091011,20.11044314865636,0],[77.09020142955289,20.11038289645426,0]]]},"properties":{"plotIndex":943,"source":"washim_soyabean.kml"}},{"type":"Feature","geometry":{"type":"Polygon","coordinates":[[[77.09110282114402,20.108948520469,0],[77.09157726076346,20.11110536637097,0],[77.09107847746161,20.11113503246058,0],[77.09090997067898,20.1111772519371,0],[77.09036888576523,20.10899092178999,0],[77.09110282114402,20.108948520469,0]]]},"properties":{"plotIndex":944,"source":"washim_soyabean.kml"}},{"type":"Feature","geometry":{"type":"Polygon","coordinates":[[[77.09155762642033,20.10896449381795,0],[77.09194785394222,20.10894592832296,0],[77.09228660925017,20.1111663162825,0],[77.09197110498971,20.11112625787699,0],[77.09161044181049,20.11112816268619,0],[77.09112837860565,20.10894863349507,0],[77.09155762642033,20.10896449381795,0]]]},"properties":{"plotIndex":945,"source":"washim_soyabean.kml"}},{"type":"Feature","geometry":{"type":"Polygon","coordinates":[[[77.09343777941628,20.11028238726547,0],[77.09354205175102,20.11089150729817,0],[77.09309579728303,20.11104898225703,0],[77.09264869420305,20.11122607965198,0],[77.09230396825117,20.11116990461725,0],[77.09221761680243,20.11051902185037,0],[77.09343777941628,20.11028238726547,0]]]},"properties":{"plotIndex":946,"source":"washim_soyabean.kml"}},{"type":"Feature","geometry":{"type":"Polygon","coordinates":[[[77.092689301146,20.10892940282125,0],[77.093211308991,20.10887646524942,0],[77.09341110204932,20.11026231496051,0],[77.09220605719078,20.11050020171387,0],[77.09196863645447,20.10894779819109,0],[77.092689301146,20.10892940282125,0]]]},"properties":{"plotIndex":947,"source":"washim_soyabean.kml"}},{"type":"Feature","geometry":{"type":"Polygon","coordinates":[[[77.0877422578745,20.10893058945898,0],[77.08770274970995,20.10858085906889,0],[77.08786513572403,20.10851935018879,0],[77.08802820277273,20.10850706763941,0],[77.08806611964084,20.10853900562749,0],[77.08811091437782,20.10893604511261,0],[77.0877422578745,20.10893058945898,0]]]},"properties":{"plotIndex":948,"source":"washim_soyabean.kml"}},{"type":"Feature","geometry":{"type":"Polygon","coordinates":[[[77.08838987688272,20.10728499852805,0],[77.08853043362215,20.10810874572532,0],[77.08835047471015,20.10822926716572,0],[77.08817713712878,20.10730093800816,0],[77.08838987688272,20.10728499852805,0]]]},"properties":{"plotIndex":949,"source":"washim_soyabean.kml"}},{"type":"Feature","geometry":{"type":"Polygon","coordinates":[[[77.0907628963625,20.10431060679017,0],[77.09071609372613,20.10488365399433,0],[77.08977319912267,20.10485857522259,0],[77.08979409811647,20.10425876448834,0],[77.0907628963625,20.10431060679017,0]]]},"properties":{"plotIndex":950,"source":"washim_soyabean.kml"}},{"type":"Feature","geometry":{"type":"Polygon","coordinates":[[[77.08783548802496,20.10398501409948,0],[77.08810677560972,20.10285053641195,0],[77.08820567923729,20.10288247577176,0],[77.08893652395439,20.10287474022049,0],[77.08884346733576,20.10400749246849,0],[77.08783548802496,20.10398501409948,0]]]},"properties":{"plotIndex":951,"source":"washim_soyabean.kml"}},{"type":"Feature","geometry":{"type":"Polygon","coordinates":[[[77.08891480345099,20.10403332267441,0],[77.08895565913,20.10327504135778,0],[77.08988514471731,20.10330894717483,0],[77.08985509624094,20.10410295678608,0],[77.08956843406331,20.10413193111522,0],[77.08891480345099,20.10403332267441,0]]]},"properties":{"plotIndex":952,"source":"washim_soyabean.kml"}},{"type":"Feature","geometry":{"type":"Polygon","coordinates":[[[77.08987556402124,20.10410306999436,0],[77.08991610087729,20.10331217421708,0],[77.09078647504529,20.10334770885999,0],[77.09074926500264,20.10414338518967,0],[77.08987556402124,20.10410306999436,0]]]},"properties":{"plotIndex":953,"source":"washim_soyabean.kml"}},{"type":"Feature","geometry":{"type":"Polygon","coordinates":[[[77.09078390956124,20.10413604087247,0],[77.09081179926675,20.10337219407538,0],[77.09168495439035,20.10340675213697,0],[77.0916705223855,20.10419198398978,0],[77.09078390956124,20.10413604087247,0]]]},"properties":{"plotIndex":954,"source":"washim_soyabean.kml"}},{"type":"Feature","geometry":{"type":"Polygon","coordinates":[[[77.09170785397504,20.10419471623924,0],[77.09173099713406,20.10341735166655,0],[77.09247269622051,20.10344995421227,0],[77.09239245849379,20.10428580324614,0],[77.09203963681122,20.10421753717315,0],[77.09170785397504,20.10419471623924,0]]]},"properties":{"plotIndex":955,"source":"washim_soyabean.kml"}},{"type":"Feature","geometry":{"type":"Polygon","coordinates":[[[77.09242506682037,20.10429109538658,0],[77.09254498095748,20.10345724165412,0],[77.09355250289647,20.10346930593529,0],[77.09332887197608,20.10433846963442,0],[77.09242506682037,20.10429109538658,0]]]},"properties":{"plotIndex":956,"source":"washim_soyabean.kml"}},{"type":"Feature","geometry":{"type":"Polygon","coordinates":[[[77.09341544253154,20.10431445101265,0],[77.09363186460743,20.10346890674532,0],[77.0946245275071,20.10349400811131,0],[77.09460779128862,20.10429794322971,0],[77.09341544253154,20.10431445101265,0]]]},"properties":{"plotIndex":957,"source":"washim_soyabean.kml"}},{"type":"Feature","geometry":{"type":"Polygon","coordinates":[[[77.0946334270256,20.10428132739607,0],[77.09466168292043,20.10271011994482,0],[77.09476403183466,20.10265808280563,0],[77.09525775424254,20.10269280955417,0],[77.09537182488447,20.10421056634204,0],[77.09493604727683,20.10422771923491,0],[77.0946334270256,20.10428132739607,0]]]},"properties":{"plotIndex":958,"source":"washim_soyabean.kml"}},{"type":"Feature","geometry":{"type":"Polygon","coordinates":[[[77.09544040464647,20.10420089795005,0],[77.09532115756517,20.10271884147943,0],[77.0973063351272,20.10266829548845,0],[77.09714238226655,20.10419770971693,0],[77.09544040464647,20.10420089795005,0]]]},"properties":{"plotIndex":959,"source":"washim_soyabean.kml"}},{"type":"Feature","geometry":{"type":"Polygon","coordinates":[[[77.09719322268765,20.1041848062782,0],[77.09733430934726,20.10266020539333,0],[77.09826430984612,20.10263832481629,0],[77.09907950091626,20.10265042936619,0],[77.1007001517213,20.10268884619657,0],[77.10043740101936,20.10435023715532,0],[77.09985406331253,20.10435864906339,0],[77.09924989015542,20.10430246159473,0],[77.09874962908724,20.10427090777156,0],[77.09802594720885,20.10423776579887,0],[77.09719322268765,20.1041848062782,0]]]},"properties":{"plotIndex":960,"source":"washim_soyabean.kml"}},{"type":"Feature","geometry":{"type":"Polygon","coordinates":[[[77.09694222874222,20.10262051623367,0],[77.09681765002274,20.10130078858946,0],[77.09740961400206,20.10128411356727,0],[77.09807218128783,20.10126420390741,0],[77.09823086814146,20.10260972784991,0],[77.09694222874222,20.10262051623367,0]]]},"properties":{"plotIndex":961,"source":"washim_soyabean.kml"}},{"type":"Feature","geometry":{"type":"Polygon","coordinates":[[[77.09826477208564,20.10256265805361,0],[77.09811141904981,20.10113628820833,0],[77.0988916611506,20.10113284299127,0],[77.0987795019295,20.10258792022611,0],[77.09826477208564,20.10256265805361,0]]]},"properties":{"plotIndex":962,"source":"washim_soyabean.kml"}},{"type":"Feature","geometry":{"type":"Polygon","coordinates":[[[77.09678763140293,20.10131719398635,0],[77.0969164816055,20.10263576423034,0],[77.0956701194511,20.10263568186091,0],[77.09552558304424,20.1013744539182,0],[77.09678763140293,20.10131719398635,0]]]},"properties":{"plotIndex":963,"source":"washim_soyabean.kml"}},{"type":"Feature","geometry":{"type":"Polygon","coordinates":[[[77.0937703201395,20.10250236764142,0],[77.09383770396967,20.10174786825667,0],[77.095549124547,20.10173455056737,0],[77.09564892422426,20.10265058127717,0],[77.0937703201395,20.10250236764142,0]]]},"properties":{"plotIndex":964,"source":"washim_soyabean.kml"}},{"type":"Feature","geometry":{"type":"Polygon","coordinates":[[[77.09383369221348,20.10169975295057,0],[77.09395213572482,20.1008322884618,0],[77.09544437823837,20.10077542715532,0],[77.09552352004162,20.10170823960725,0],[77.09383369221348,20.10169975295057,0]]]},"properties":{"plotIndex":965,"source":"washim_soyabean.kml"}},{"type":"Feature","geometry":{"type":"Polygon","coordinates":[[[77.09399631165579,20.10073968141817,0],[77.09417867391241,20.10004591317172,0],[77.09542498690324,20.10006129311923,0],[77.09546172764583,20.10074216633046,0],[77.09399631165579,20.10073968141817,0]]]},"properties":{"plotIndex":966,"source":"washim_soyabean.kml"}},{"type":"Feature","geometry":{"type":"Polygon","coordinates":[[[77.09213836572027,20.10077794279735,0],[77.09209574993427,20.10023907995807,0],[77.09398808662961,20.10008896851394,0],[77.09381101509962,20.10077086848202,0],[77.09213836572027,20.10077794279735,0]]]},"properties":{"plotIndex":967,"source":"washim_soyabean.kml"}},{"type":"Feature","geometry":{"type":"Polygon","coordinates":[[[77.10005155475417,20.10622335720491,0],[77.10028787195519,20.10576445954214,0],[77.1021563817631,20.10559964303779,0],[77.10362134880877,20.1054424451598,0],[77.10356688822415,20.10583074756453,0],[77.10311641881268,20.10584209291332,0],[77.10211059273334,20.10595148039506,0],[77.10120312909822,20.10606824564681,0],[77.10005155475417,20.10622335720491,0]]]},"properties":{"plotIndex":968,"source":"washim_soyabean.kml"}},{"type":"Feature","geometry":{"type":"Polygon","coordinates":[[[77.10149930605225,20.1056465467598,0],[77.1015312375259,20.10446637296326,0],[77.10217161003196,20.1044811963289,0],[77.10214779170883,20.10557172555253,0],[77.10149930605225,20.1056465467598,0]]]},"properties":{"plotIndex":969,"source":"washim_soyabean.kml"}},{"type":"Feature","geometry":{"type":"Polygon","coordinates":[[[77.10217157803689,20.10557295739573,0],[77.1021970738378,20.10448012976551,0],[77.10323929213169,20.10450620275613,0],[77.10323206749854,20.10544665724697,0],[77.10217157803689,20.10557295739573,0]]]},"properties":{"plotIndex":970,"source":"washim_soyabean.kml"}},{"type":"Feature","geometry":{"type":"Polygon","coordinates":[[[77.10325890344481,20.10544740877031,0],[77.10326829141869,20.10450443968661,0],[77.1036658690416,20.10448279687561,0],[77.1034760799983,20.10542385538231,0],[77.10325890344481,20.10544740877031,0]]]},"properties":{"plotIndex":971,"source":"washim_soyabean.kml"}},{"type":"Feature","geometry":{"type":"Polygon","coordinates":[[[77.10218245052984,20.10677268486933,0],[77.10200341063349,20.10600685471239,0],[77.10298232089075,20.10588534488494,0],[77.10338604183843,20.10654605582739,0],[77.10218245052984,20.10677268486933,0]]]},"properties":{"plotIndex":972,"source":"washim_soyabean.kml"}},{"type":"Feature","geometry":{"type":"Polygon","coordinates":[[[77.1034214372216,20.10651432661167,0],[77.10303000877045,20.10589251256298,0],[77.1056772971361,20.10601169017321,0],[77.10565969788586,20.1062989090713,0],[77.10447611548582,20.10637501956265,0],[77.1034214372216,20.10651432661167,0]]]},"properties":{"plotIndex":973,"source":"washim_soyabean.kml"}},{"type":"Feature","geometry":{"type":"Polygon","coordinates":[[[77.10575222832648,20.1065988673583,0],[77.10576129620473,20.10601595257447,0],[77.1066245261659,20.10611845001632,0],[77.10655192617786,20.10656503024595,0],[77.10575222832648,20.1065988673583,0]]]},"properties":{"plotIndex":974,"source":"washim_soyabean.kml"}},{"type":"Feature","geometry":{"type":"Polygon","coordinates":[[[77.10412287408136,20.10751676139267,0],[77.10345690093847,20.10656492820856,0],[77.10455576573398,20.10642146630246,0],[77.10565784631495,20.1063538790799,0],[77.10565699727287,20.1067548392392,0],[77.10652471089936,20.10664942992387,0],[77.10644590109418,20.10714839467889,0],[77.10446028266468,20.10742438256131,0],[77.10430784000832,20.10741483836711,0],[77.10412287408136,20.10751676139267,0]]]},"properties":{"plotIndex":975,"source":"washim_soyabean.kml"}},{"type":"Feature","geometry":{"type":"Polygon","coordinates":[[[77.10327239108872,20.10866217449502,0],[77.1030601467066,20.107699380941,0],[77.1039991312707,20.10758746666372,0],[77.10470289168488,20.10865138506629,0],[77.10327239108872,20.10866217449502,0]]]},"properties":{"plotIndex":976,"source":"washim_soyabean.kml"}},{"type":"Feature","geometry":{"type":"Polygon","coordinates":[[[77.10305594048053,20.10766667421878,0],[77.10279330875045,20.10670346550486,0],[77.10338771721729,20.10658909150083,0],[77.10402390260674,20.107534888232,0],[77.10305594048053,20.10766667421878,0]]]},"properties":{"plotIndex":977,"source":"washim_soyabean.kml"}},{"type":"Feature","geometry":{"type":"Polygon","coordinates":[[[77.10261756307823,20.10872159958805,0],[77.10239013291144,20.10779158880193,0],[77.10300956901135,20.10769132211416,0],[77.1031593204493,20.10845437421856,0],[77.10316320208824,20.10871607207873,0],[77.10261756307823,20.10872159958805,0]]]},"properties":{"plotIndex":978,"source":"washim_soyabean.kml"}},{"type":"Feature","geometry":{"type":"Polygon","coordinates":[[[77.10241273898816,20.10773598601544,0],[77.10218556605037,20.10679244387904,0],[77.10276536925147,20.10669307598166,0],[77.10301065398839,20.1076325546361,0],[77.10241273898816,20.10773598601544,0]]]},"properties":{"plotIndex":979,"source":"washim_soyabean.kml"}},{"type":"Feature","geometry":{"type":"Polygon","coordinates":[[[77.1048682778455,20.10864370712868,0],[77.10434853144776,20.10784466418357,0],[77.10451414267331,20.10775646571384,0],[77.10441369858691,20.10746756332111,0],[77.10642322407958,20.10721719694613,0],[77.10606288015515,20.10884364757196,0],[77.1048682778455,20.10864370712868,0]]]},"properties":{"plotIndex":980,"source":"washim_soyabean.kml"}},{"type":"Feature","geometry":{"type":"Polygon","coordinates":[[[77.1065491141306,20.10897727732466,0],[77.10654409571748,20.10780971296317,0],[77.10674361226303,20.10763407163454,0],[77.1086013193321,20.10721907774112,0],[77.10855715864231,20.10929006013828,0],[77.10769069575775,20.10930074053672,0],[77.10762402458076,20.10921707525137,0],[77.1065491141306,20.10897727732466,0]]]},"properties":{"plotIndex":981,"source":"washim_soyabean.kml"}},{"type":"Feature","geometry":{"type":"Polygon","coordinates":[[[77.10735625277923,20.11067380887526,0],[77.10712474375201,20.10981914422431,0],[77.10752955793886,20.10976054619171,0],[77.1075220522784,20.10943136262338,0],[77.10760398562073,20.10931806358825,0],[77.10894007088723,20.10937621214315,0],[77.10917339313269,20.1103021613833,0],[77.10856417340858,20.11047364895133,0],[77.10735625277923,20.11067380887526,0]]]},"properties":{"plotIndex":982,"source":"washim_soyabean.kml"}},{"type":"Feature","geometry":{"type":"Polygon","coordinates":[[[77.10984924195107,20.11049969362058,0],[77.10947284141342,20.10945062906658,0],[77.11086606028069,20.10943750306747,0],[77.1108981149259,20.10964269294137,0],[77.10984924195107,20.11049969362058,0]]]},"properties":{"plotIndex":983,"source":"washim_soyabean.kml"}},{"type":"Feature","geometry":{"type":"Polygon","coordinates":[[[77.10998806077548,20.10903629673213,0],[77.11029583604237,20.10694053946434,0],[77.11165815431886,20.10656845071119,0],[77.11123423306611,20.10875931515066,0],[77.11070524267508,20.1089642001782,0],[77.10998806077548,20.10903629673213,0]]]},"properties":{"plotIndex":984,"source":"washim_soyabean.kml"}},{"type":"Feature","geometry":{"type":"Polygon","coordinates":[[[77.1114260541671,20.1091930981642,0],[77.11137236722905,20.10899736363083,0],[77.11146509190067,20.10855636707597,0],[77.11268834179766,20.1084533122956,0],[77.1127983369774,20.10877310115027,0],[77.11279788562388,20.1089652170786,0],[77.1114260541671,20.1091930981642,0]]]},"properties":{"plotIndex":985,"source":"washim_soyabean.kml"}},{"type":"Feature","geometry":{"type":"Polygon","coordinates":[[[77.11145261295486,20.108510005132,0],[77.11183767820236,20.10750370258988,0],[77.11181807581983,20.10713934403588,0],[77.11269425405838,20.10704361253169,0],[77.11288615684742,20.10837212685947,0],[77.11145261295486,20.108510005132,0]]]},"properties":{"plotIndex":986,"source":"washim_soyabean.kml"}},{"type":"Feature","geometry":{"type":"Polygon","coordinates":[[[77.11297839441477,20.10841918018063,0],[77.11274098506426,20.10687724624297,0],[77.11325618410137,20.10679636662224,0],[77.11351407943913,20.10834612487279,0],[77.11297839441477,20.10841918018063,0]]]},"properties":{"plotIndex":987,"source":"washim_soyabean.kml"}},{"type":"Feature","geometry":{"type":"Polygon","coordinates":[[[77.1119051046202,20.10706080936819,0],[77.11187831869101,20.10645927823129,0],[77.11260267084317,20.10635347375652,0],[77.11269556101048,20.10699006619361,0],[77.1119051046202,20.10706080936819,0]]]},"properties":{"plotIndex":988,"source":"washim_soyabean.kml"}},{"type":"Feature","geometry":{"type":"Polygon","coordinates":[[[77.11165017704126,20.10638740232356,0],[77.11172411065719,20.10603559938845,0],[77.11209221219345,20.10617342919259,0],[77.1122843248993,20.10576290701619,0],[77.11252503331855,20.10586030796556,0],[77.11260512884499,20.10632274585372,0],[77.11165017704126,20.10638740232356,0]]]},"properties":{"plotIndex":989,"source":"washim_soyabean.kml"}},{"type":"Feature","geometry":{"type":"Polygon","coordinates":[[[77.11272821934342,20.10681488241831,0],[77.11268120933143,20.10657363768022,0],[77.11287214745994,20.1065451082021,0],[77.11284976583563,20.10631740178436,0],[77.11315915975045,20.10628133027979,0],[77.11324933505959,20.10677636198493,0],[77.11272821934342,20.10681488241831,0]]]},"properties":{"plotIndex":990,"source":"washim_soyabean.kml"}},{"type":"Feature","geometry":{"type":"Polygon","coordinates":[[[77.11329939033817,20.10618294657971,0],[77.11377196967585,20.10755779642302,0],[77.11406701223349,20.10841004621301,0],[77.1135685341143,20.10851537518023,0],[77.11343845541286,20.10765160098006,0],[77.11316716392811,20.1061616835363,0],[77.11329939033817,20.10618294657971,0]]]},"properties":{"plotIndex":991,"source":"washim_soyabean.kml"}},{"type":"Feature","geometry":{"type":"Polygon","coordinates":[[[77.11216993030149,20.1092685480073,0],[77.11272403653994,20.10940673501312,0],[77.11323944716864,20.10937384048996,0],[77.11319648508837,20.11152449143512,0],[77.11288089090063,20.11156026077193,0],[77.11244035531897,20.11127390329835,0],[77.11228686296123,20.11088618821445,0],[77.11210127751086,20.1107890891696,0],[77.11106532395625,20.1097347244183,0],[77.11150095105151,20.10944268530328,0],[77.11216993030149,20.1092685480073,0]]]},"properties":{"plotIndex":992,"source":"washim_soyabean.kml"}},{"type":"Feature","geometry":{"type":"Polygon","coordinates":[[[77.11072117725072,20.11015325379894,0],[77.1113653587125,20.11214757827623,0],[77.11092141194403,20.11243665375218,0],[77.11082762528761,20.11131038110622,0],[77.11037157708303,20.11033607132214,0],[77.11072117725072,20.11015325379894,0]]]},"properties":{"plotIndex":993,"source":"washim_soyabean.kml"}},{"type":"Feature","geometry":{"type":"Polygon","coordinates":[[[77.11087347203724,20.10995318260272,0],[77.11103181781434,20.10994855222539,0],[77.11146313576916,20.11113660636528,0],[77.11112111529698,20.11119303784181,0],[77.11075912640854,20.11009157964853,0],[77.11087347203724,20.10995318260272,0]]]},"properties":{"plotIndex":994,"source":"washim_soyabean.kml"}},{"type":"Feature","geometry":{"type":"Polygon","coordinates":[[[77.11148406927886,20.11117889326205,0],[77.11175446078566,20.11220261654288,0],[77.11164185204053,20.11224914295561,0],[77.11142113901327,20.11213494142046,0],[77.11113347800917,20.11123848933399,0],[77.11148406927886,20.11117889326205,0]]]},"properties":{"plotIndex":995,"source":"washim_soyabean.kml"}},{"type":"Feature","geometry":{"type":"Polygon","coordinates":[[[77.11175894560783,20.11130133389249,0],[77.11222667262571,20.11122085716826,0],[77.11240433665887,20.11157357317805,0],[77.11261470581675,20.11161195978167,0],[77.11266706227775,20.11178224758891,0],[77.11315555245774,20.11167305284324,0],[77.11314739645823,20.11186633557854,0],[77.11182505329069,20.11222607049393,0],[77.11163181920409,20.11150328099869,0],[77.11175894560783,20.11130133389249,0]]]},"properties":{"plotIndex":996,"source":"washim_soyabean.kml"}},{"type":"Feature","geometry":{"type":"Polygon","coordinates":[[[77.11054953226132,20.11263355874135,0],[77.11077202641908,20.11318360714163,0],[77.11126217756669,20.11304790206493,0],[77.11140056540117,20.11356260776481,0],[77.1107809100009,20.11377152638341,0],[77.11024727299973,20.11274251992711,0],[77.11054953226132,20.11263355874135,0]]]},"properties":{"plotIndex":997,"source":"washim_soyabean.kml"}},{"type":"Feature","geometry":{"type":"Polygon","coordinates":[[[77.11321855820856,20.11250622983811,0],[77.11321510532996,20.11295649281231,0],[77.1114210419102,20.11354818548641,0],[77.11128108067683,20.11303442975605,0],[77.11321855820856,20.11250622983811,0]]]},"properties":{"plotIndex":998,"source":"washim_soyabean.kml"}},{"type":"Feature","geometry":{"type":"Polygon","coordinates":[[[77.1117166906495,20.11228601063698,0],[77.11318391022223,20.11194408472229,0],[77.11320216642622,20.1124250036494,0],[77.1112854146429,20.11298768929025,0],[77.11113635848032,20.11246744098229,0],[77.1117166906495,20.11228601063698,0]]]},"properties":{"plotIndex":999,"source":"washim_soyabean.kml"}},{"type":"Feature","geometry":{"type":"Polygon","coordinates":[[[77.10961740012179,20.11097901159903,0],[77.10988318682395,20.11082127580487,0],[77.11049936558442,20.11250262431513,0],[77.11037815553135,20.11254184885256,0],[77.11010484833552,20.11238955199445,0],[77.10960071036837,20.11131476283424,0],[77.10961740012179,20.11097901159903,0]]]},"properties":{"plotIndex":1000,"source":"washim_soyabean.kml"}},{"type":"Feature","geometry":{"type":"Polygon","coordinates":[[[77.11036900010917,20.11042024479065,0],[77.11079873293873,20.11131986882453,0],[77.11089342401146,20.11250405951224,0],[77.110548485779,20.11257054536604,0],[77.10990635455335,20.11079320451685,0],[77.11036900010917,20.11042024479065,0]]]},"properties":{"plotIndex":1001,"source":"washim_soyabean.kml"}},{"type":"Feature","geometry":{"type":"Polygon","coordinates":[[[77.10936783581353,20.11114327639092,0],[77.1101630009815,20.11272585717126,0],[77.10940145097662,20.11300615828774,0],[77.10904463233535,20.11191737876454,0],[77.10879585680743,20.11157880604419,0],[77.10936783581353,20.11114327639092,0]]]},"properties":{"plotIndex":1002,"source":"washim_soyabean.kml"}},{"type":"Feature","geometry":{"type":"Polygon","coordinates":[[[77.11099682315486,20.11252220798563,0],[77.1111128836459,20.11258564072405,0],[77.11125836482503,20.11301393405093,0],[77.11078758652734,20.11314945937223,0],[77.1105850031069,20.11263004465503,0],[77.11099682315486,20.11252220798563,0]]]},"properties":{"plotIndex":1003,"source":"washim_soyabean.kml"}},{"type":"Feature","geometry":{"type":"Polygon","coordinates":[[[77.10948584136584,20.11358859701128,0],[77.10944395839476,20.11347094733467,0],[77.10940712476632,20.1130390263528,0],[77.1101844632667,20.11276106792512,0],[77.11045097372255,20.11325665091683,0],[77.10953892251334,20.11356396148092,0],[77.10948584136584,20.11358859701128,0]]]},"properties":{"plotIndex":1004,"source":"washim_soyabean.kml"}},{"type":"Feature","geometry":{"type":"Polygon","coordinates":[[[77.1087540675069,20.11162595077272,0],[77.10898926247111,20.11193272122577,0],[77.10930423006971,20.11289434842768,0],[77.10944647356712,20.11363190350254,0],[77.11049374853977,20.11331048578338,0],[77.11083461354528,20.11398619177303,0],[77.10895868809041,20.11468717797917,0],[77.10852450670757,20.11354100541531,0],[77.10772008512578,20.11377957486075,0],[77.10723815010607,20.11281856928036,0],[77.1087540675069,20.11162595077272,0]]]},"properties":{"plotIndex":1005,"source":"washim_soyabean.kml"}},{"type":"Feature","geometry":{"type":"Polygon","coordinates":[[[77.1119489496742,20.11349662073861,0],[77.11225046963202,20.11472067536273,0],[77.11168944411271,20.1149022915218,0],[77.11117720563949,20.11416879510017,0],[77.11112683589484,20.11379506314186,0],[77.1119489496742,20.11349662073861,0]]]},"properties":{"plotIndex":1006,"source":"washim_soyabean.kml"}},{"type":"Feature","geometry":{"type":"Polygon","coordinates":[[[77.1130057496186,20.11319217220239,0],[77.1133889825579,20.11440399596259,0],[77.11240199555967,20.11485057760754,0],[77.11206555925992,20.11350702098805,0],[77.1130057496186,20.11319217220239,0]]]},"properties":{"plotIndex":1007,"source":"washim_soyabean.kml"}},{"type":"Feature","geometry":{"type":"Polygon","coordinates":[[[77.11347606651793,20.11454838774164,0],[77.11376757370535,20.11542718784826,0],[77.11305269810389,20.11591929660115,0],[77.11267279758596,20.11487473479903,0],[77.11347606651793,20.11454838774164,0]]]},"properties":{"plotIndex":1008,"source":"washim_soyabean.kml"}},{"type":"Feature","geometry":{"type":"Polygon","coordinates":[[[77.11215309966407,20.11487064808056,0],[77.11224921387294,20.11498551777252,0],[77.11258070999054,20.11487474149428,0],[77.1130120099199,20.1160195978759,0],[77.1126326276958,20.11630540159905,0],[77.11174227308705,20.11499580462348,0],[77.11215309966407,20.11487064808056,0]]]},"properties":{"plotIndex":1009,"source":"washim_soyabean.kml"}},{"type":"Feature","geometry":{"type":"Polygon","coordinates":[[[77.11178287952954,20.11575851866495,0],[77.11207908783535,20.11639524266328,0],[77.11134243704457,20.11707678621617,0],[77.11106596507805,20.11635985350533,0],[77.11178287952954,20.11575851866495,0]]]},"properties":{"plotIndex":1010,"source":"washim_soyabean.kml"}},{"type":"Feature","geometry":{"type":"Polygon","coordinates":[[[77.11251936799277,20.11643214021022,0],[77.11223790807949,20.11672469294746,0],[77.11153856295545,20.11508056249808,0],[77.11251936799277,20.11643214021022,0]]]},"properties":{"plotIndex":1011,"source":"washim_soyabean.kml"}},{"type":"Feature","geometry":{"type":"Polygon","coordinates":[[[77.11126558672946,20.1152351796675,0],[77.111296304314,20.11561490201166,0],[77.11048065805046,20.1163418900235,0],[77.11024931574475,20.11580265929153,0],[77.11126558672946,20.1152351796675,0]]]},"properties":{"plotIndex":1012,"source":"washim_soyabean.kml"}},{"type":"Feature","geometry":{"type":"Polygon","coordinates":[[[77.1098659758942,20.11697458742645,0],[77.10933055749855,20.11580065074965,0],[77.11006339940057,20.11552837319983,0],[77.11044362648465,20.11645590013996,0],[77.1098659758942,20.11697458742645,0]]]},"properties":{"plotIndex":1013,"source":"washim_soyabean.kml"}},{"type":"Feature","geometry":{"type":"Polygon","coordinates":[[[77.1112947631816,20.1150819618475,0],[77.11117416020113,20.11424917912834,0],[77.11152494773266,20.11495921861143,0],[77.1112947631816,20.1150819618475,0]]]},"properties":{"plotIndex":1014,"source":"washim_soyabean.kml"}},{"type":"Feature","geometry":{"type":"Polygon","coordinates":[[[77.11069558176916,20.11547978587182,0],[77.11051836235264,20.11485021143775,0],[77.11116651558096,20.11464420157692,0],[77.11125207749113,20.1151586038238,0],[77.11069558176916,20.11547978587182,0]]]},"properties":{"plotIndex":1015,"source":"washim_soyabean.kml"}},{"type":"Feature","geometry":{"type":"Polygon","coordinates":[[[77.11021844117903,20.11576654921475,0],[77.10996781844479,20.11497622122172,0],[77.11047269597569,20.11481382957098,0],[77.11064649851309,20.11551606528721,0],[77.11021844117903,20.11576654921475,0]]]},"properties":{"plotIndex":1016,"source":"washim_soyabean.kml"}},{"type":"Feature","geometry":{"type":"Polygon","coordinates":[[[77.10994432950554,20.11494538842763,0],[77.10977019217566,20.11447082292093,0],[77.11086257723247,20.11400593343402,0],[77.11084492156743,20.11380983288875,0],[77.11109295133828,20.11374198670226,0],[77.11118348008438,20.11461554104445,0],[77.11052147386253,20.11481106978045,0],[77.1104650526808,20.11478120908211,0],[77.10994432950554,20.11494538842763,0]]]},"properties":{"plotIndex":1017,"source":"washim_soyabean.kml"}},{"type":"Feature","geometry":{"type":"Polygon","coordinates":[[[77.1097012905908,20.11451581265089,0],[77.11006100701974,20.11546532567585,0],[77.10931692746182,20.11572844497964,0],[77.10897615809341,20.1147641128089,0],[77.1097012905908,20.11451581265089,0]]]},"properties":{"plotIndex":1018,"source":"washim_soyabean.kml"}},{"type":"Feature","geometry":{"type":"Polygon","coordinates":[[[77.10571646757556,20.10960448912843,0],[77.10602247018835,20.10897301241344,0],[77.1064474899387,20.10907920034402,0],[77.10681736712051,20.10919517614388,0],[77.10682710268841,20.10980056713644,0],[77.10642180431961,20.1098195790501,0],[77.10637568400996,20.11038321465684,0],[77.1059875672197,20.11045090361095,0],[77.1059851914399,20.10961679117303,0],[77.10571646757556,20.10960448912843,0]]]},"properties":{"plotIndex":1019,"source":"washim_soyabean.kml"}},{"type":"Feature","geometry":{"type":"Polygon","coordinates":[[[77.10640266882517,20.11041799848687,0],[77.10645584448929,20.10985656357115,0],[77.10705014719265,20.10980232523763,0],[77.10722540430041,20.11049734270348,0],[77.10686191509451,20.11063006148723,0],[77.10689527128508,20.1108770552894,0],[77.10652206003259,20.11098400262728,0],[77.10656993302099,20.11130219156809,0],[77.10595350231314,20.11142561519845,0],[77.1057013108108,20.11055418715821,0],[77.10640266882517,20.11041799848687,0]]]},"properties":{"plotIndex":1020,"source":"washim_soyabean.kml"}},{"type":"Feature","geometry":{"type":"Polygon","coordinates":[[[77.10678284069161,20.10756270757993,0],[77.10774384033164,20.10629575840705,0],[77.1087784937062,20.10549788341908,0],[77.10952951107112,20.10471536982637,0],[77.1118160108197,20.10559202878334,0],[77.11148797007834,20.10654118023479,0],[77.1102322386617,20.10692715537655,0],[77.10861058629166,20.10718181828079,0],[77.10678284069161,20.10756270757993,0]]]},"properties":{"plotIndex":1021,"source":"washim_soyabean.kml"}},{"type":"Feature","geometry":{"type":"Polygon","coordinates":[[[77.09737530827692,20.11688229590775,0],[77.09792190833366,20.11850020491465,0],[77.09781750785476,20.11854267720425,0],[77.09777916004431,20.11844475290732,0],[77.0976156130026,20.11844796400863,0],[77.09713408482611,20.11697274624837,0],[77.09737530827692,20.11688229590775,0]]]},"properties":{"plotIndex":1022,"source":"washim_soyabean.kml"}},{"type":"Feature","geometry":{"type":"Polygon","coordinates":[[[77.09702550036666,20.11581205943079,0],[77.09737124258963,20.11686711447559,0],[77.09711555819084,20.11695189177676,0],[77.09673245728592,20.1158770726446,0],[77.09702550036666,20.11581205943079,0]]]},"properties":{"plotIndex":1023,"source":"washim_soyabean.kml"}},{"type":"Feature","geometry":{"type":"Polygon","coordinates":[[[77.09599752087897,20.11824406676438,0],[77.09527685042544,20.11613778712094,0],[77.09670986127384,20.11588042251871,0],[77.09760628227323,20.11850146655475,0],[77.09695789065722,20.11861041309742,0],[77.09676599003026,20.11803919580096,0],[77.09599752087897,20.11824406676438,0]]]},"properties":{"plotIndex":1024,"source":"washim_soyabean.kml"}},{"type":"Feature","geometry":{"type":"Polygon","coordinates":[[[77.09380705637854,20.1170338628034,0],[77.0937105087712,20.11663809604909,0],[77.09425780003656,20.11625263566283,0],[77.09465116540456,20.11737496644574,0],[77.094321231256,20.11733417646827,0],[77.09380705637854,20.1170338628034,0]]]},"properties":{"plotIndex":1025,"source":"washim_soyabean.kml"}},{"type":"Feature","geometry":{"type":"Polygon","coordinates":[[[77.09483455360089,20.11569508073793,0],[77.09501171217829,20.11541873724804,0],[77.09513457995303,20.1150128090941,0],[77.09556499580277,20.11606437575577,0],[77.09461287250903,20.11622899862811,0],[77.09456937357432,20.11603290749277,0],[77.09483455360089,20.11569508073793,0]]]},"properties":{"plotIndex":1026,"source":"washim_soyabean.kml"}},{"type":"Feature","geometry":{"type":"Polygon","coordinates":[[[77.0945372162732,20.11607082569737,0],[77.0950129745814,20.11738807340457,0],[77.09466863372889,20.1173606181597,0],[77.09430035376793,20.11624438075857,0],[77.0945372162732,20.11607082569737,0]]]},"properties":{"plotIndex":1027,"source":"washim_soyabean.kml"}},{"type":"Feature","geometry":{"type":"Polygon","coordinates":[[[77.09526373740033,20.11614742112386,0],[77.09593256731758,20.11814206034402,0],[77.09505212290536,20.11740496909248,0],[77.09463647918223,20.11626418672849,0],[77.09526373740033,20.11614742112386,0]]]},"properties":{"plotIndex":1028,"source":"washim_soyabean.kml"}},{"type":"Feature","geometry":{"type":"Polygon","coordinates":[[[77.09450924070595,20.11589093505831,0],[77.0941746376559,20.11515562836317,0],[77.09507576657319,20.11486069355302,0],[77.09506453829492,20.11502731013701,0],[77.09493829541175,20.11538304100179,0],[77.09469189834492,20.11571832653788,0],[77.09450924070595,20.11589093505831,0]]]},"properties":{"plotIndex":1029,"source":"washim_soyabean.kml"}},{"type":"Feature","geometry":{"type":"Polygon","coordinates":[[[77.09526254795873,20.11358597420147,0],[77.09531900313166,20.11380128097882,0],[77.09479233116782,20.11403552264536,0],[77.09403229017711,20.11380186512054,0],[77.09526254795873,20.11358597420147,0]]]},"properties":{"plotIndex":1030,"source":"washim_soyabean.kml"}},{"type":"Feature","geometry":{"type":"Polygon","coordinates":[[[77.09277398182216,20.11332870507631,0],[77.09267528585013,20.11317606857254,0],[77.09336059152801,20.11282218880499,0],[77.09324044318518,20.11240848934032,0],[77.0944814688288,20.1118159743907,0],[77.09484127725854,20.1124878626699,0],[77.09514294606637,20.11331262263761,0],[77.09483055187125,20.11341217343495,0],[77.09489784905377,20.11360959904719,0],[77.09431442645767,20.11370363526675,0],[77.0939258524394,20.11378502729793,0],[77.09260945072478,20.113573353568,0],[77.09253932752524,20.11345016558538,0],[77.09277398182216,20.11332870507631,0]]]},"properties":{"plotIndex":1031,"source":"washim_soyabean.kml"}},{"type":"Feature","geometry":{"type":"Polygon","coordinates":[[[77.09235379254167,20.11252901173131,0],[77.09250376864627,20.11234082535361,0],[77.0925968844373,20.11204541798958,0],[77.09299173966258,20.11186912600539,0],[77.09332753242386,20.11279811931514,0],[77.09263881646278,20.11315925139814,0],[77.09265038682696,20.11319989453238,0],[77.09244021771447,20.11330352951432,0],[77.09214780701078,20.11278518655149,0],[77.09235379254167,20.11252901173131,0]]]},"properties":{"plotIndex":1032,"source":"washim_soyabean.kml"}},{"type":"Feature","geometry":{"type":"Polygon","coordinates":[[[77.093214244231,20.1123658283653,0],[77.09294776740721,20.11162131854991,0],[77.09276068051423,20.11163035314728,0],[77.09280823389804,20.1112714282798,0],[77.09407855427814,20.11079822882721,0],[77.09447075957337,20.11178875324075,0],[77.093214244231,20.1123658283653,0]]]},"properties":{"plotIndex":1033,"source":"washim_soyabean.kml"}},{"type":"Feature","geometry":{"type":"Polygon","coordinates":[[[77.08840942317636,20.10956836313759,0],[77.0883125159158,20.10902583750088,0],[77.08885069628998,20.10899193813304,0],[77.0886499373399,20.10937408063392,0],[77.08840942317636,20.10956836313759,0]]]},"properties":{"plotIndex":1034,"source":"washim_soyabean.kml"}},{"type":"Feature","geometry":{"type":"Polygon","coordinates":[[[77.08783549571802,20.10971206051589,0],[77.08768528089814,20.1090003066554,0],[77.08829320824223,20.10901803405965,0],[77.08839276300158,20.1095740211554,0],[77.08783549571802,20.10971206051589,0]]]},"properties":{"plotIndex":1035,"source":"washim_soyabean.kml"}},{"type":"Feature","geometry":{"type":"Polygon","coordinates":[[[77.08648934137551,20.10960389494852,0],[77.08659662071061,20.10908229560836,0],[77.08765769804675,20.10901080677034,0],[77.08780254648674,20.10973453154724,0],[77.086649490512,20.11011961842079,0],[77.08648934137551,20.10960389494852,0]]]},"properties":{"plotIndex":1036,"source":"washim_soyabean.kml"}},{"type":"Feature","geometry":{"type":"Polygon","coordinates":[[[77.08613031212577,20.11103875425638,0],[77.0864506280921,20.10968322752921,0],[77.0866656134781,20.110196149707,0],[77.08690867193305,20.11063538374091,0],[77.08613031212577,20.11103875425638,0]]]},"properties":{"plotIndex":1037,"source":"washim_soyabean.kml"}},{"type":"Feature","geometry":{"type":"Polygon","coordinates":[[[77.08691969832813,20.11062731279406,0],[77.08666374003664,20.1101345384859,0],[77.08771561657993,20.10977485690161,0],[77.08787755096567,20.11028177835798,0],[77.08691969832813,20.11062731279406,0]]]},"properties":{"plotIndex":1038,"source":"washim_soyabean.kml"}},{"type":"Feature","geometry":{"type":"Polygon","coordinates":[[[77.0878884201944,20.11027271079779,0],[77.0877299926612,20.10977009669691,0],[77.08856639817125,20.1095509442805,0],[77.08839318545921,20.10986731623271,0],[77.08840533074657,20.1100711623939,0],[77.0878884201944,20.11027271079779,0]]]},"properties":{"plotIndex":1039,"source":"washim_soyabean.kml"}},{"type":"Feature","geometry":{"type":"Polygon","coordinates":[[[77.08747869238275,20.11156366565606,0],[77.08697795119583,20.11065244308231,0],[77.088418974145,20.11010538761711,0],[77.08874914241429,20.11103912337902,0],[77.08747869238275,20.11156366565606,0]]]},"properties":{"plotIndex":1040,"source":"washim_soyabean.kml"}},{"type":"Feature","geometry":{"type":"Polygon","coordinates":[[[77.08971135865043,20.11108752890658,0],[77.08894214777624,20.11134856353848,0],[77.08876310735893,20.11095801475757,0],[77.08971135865043,20.11108752890658,0]]]},"properties":{"plotIndex":1041,"source":"washim_soyabean.kml"}},{"type":"Feature","geometry":{"type":"Polygon","coordinates":[[[77.08920607759207,20.11194828744087,0],[77.08895737443771,20.1113964722441,0],[77.08973147268922,20.11111312059653,0],[77.09008791761786,20.11121661933295,0],[77.09024389550102,20.11158792809125,0],[77.08920607759207,20.11194828744087,0]]]},"properties":{"plotIndex":1042,"source":"washim_soyabean.kml"}},{"type":"Feature","geometry":{"type":"Polygon","coordinates":[[[77.0880858962393,20.11231240838724,0],[77.08772043456914,20.11148727797923,0],[77.08874254073338,20.11106567301022,0],[77.08912776837855,20.11198771220459,0],[77.0880858962393,20.11231240838724,0]]]},"properties":{"plotIndex":1043,"source":"washim_soyabean.kml"}},{"type":"Feature","geometry":{"type":"Polygon","coordinates":[[[77.08749699211779,20.11320394935789,0],[77.08717773137464,20.11248834973967,0],[77.08765530441491,20.11246670824441,0],[77.08734499433412,20.11168924412852,0],[77.08769732211738,20.1115171434897,0],[77.08806319724631,20.11231738936603,0],[77.08832114524428,20.11300655141095,0],[77.08749699211779,20.11320394935789,0]]]},"properties":{"plotIndex":1044,"source":"washim_soyabean.kml"}},{"type":"Feature","geometry":{"type":"Polygon","coordinates":[[[77.08834639792714,20.11298415241378,0],[77.08809377087992,20.11232719346132,0],[77.08915521147013,20.11199812041677,0],[77.08939221627699,20.11267562755523,0],[77.08834639792714,20.11298415241378,0]]]},"properties":{"plotIndex":1045,"source":"washim_soyabean.kml"}},{"type":"Feature","geometry":{"type":"Polygon","coordinates":[[[77.0896677802727,20.11312773143274,0],[77.08922851007398,20.11202755283589,0],[77.08926253372238,20.11195169700652,0],[77.09026719013545,20.11161386142693,0],[77.09061443002737,20.11248600445658,0],[77.09053078910259,20.11268786802863,0],[77.0896677802727,20.11312773143274,0]]]},"properties":{"plotIndex":1046,"source":"washim_soyabean.kml"}},{"type":"Feature","geometry":{"type":"Polygon","coordinates":[[[77.09179988181928,20.11230488055467,0],[77.09171704575922,20.1120903223887,0],[77.09190980823429,20.11194762154162,0],[77.0920038915829,20.11182492670003,0],[77.09194344989402,20.11154382204317,0],[77.09199566824434,20.11130957370761,0],[77.09263205483586,20.111390765958,0],[77.0926713563402,20.1114968016163,0],[77.09252998753564,20.11194771228737,0],[77.09179988181928,20.11230488055467,0]]]},"properties":{"plotIndex":1047,"source":"washim_soyabean.kml"}},{"type":"Feature","geometry":{"type":"Polygon","coordinates":[[[77.08696023245226,20.11065653290833,0],[77.08744491417768,20.11158925097481,0],[77.08674209131951,20.1119353176056,0],[77.08623709305654,20.1110496528975,0],[77.08696023245226,20.11065653290833,0]]]},"properties":{"plotIndex":1048,"source":"washim_soyabean.kml"}},{"type":"Feature","geometry":{"type":"Polygon","coordinates":[[[77.0858698021174,20.11203860475011,0],[77.08606119558173,20.1111654794222,0],[77.08621385992726,20.11107085370142,0],[77.0867195347193,20.11195944494187,0],[77.08599797707011,20.11233497538509,0],[77.0858698021174,20.11203860475011,0]]]},"properties":{"plotIndex":1049,"source":"washim_soyabean.kml"}},{"type":"Feature","geometry":{"type":"Polygon","coordinates":[[[77.08563313462963,20.11298290919483,0],[77.08584616858154,20.1120904733164,0],[77.08610682270867,20.11258523637125,0],[77.08563313462963,20.11298290919483,0]]]},"properties":{"plotIndex":1050,"source":"washim_soyabean.kml"}},{"type":"Feature","geometry":{"type":"Polygon","coordinates":[[[77.08732079759586,20.11168807925908,0],[77.08763081527945,20.11244532215706,0],[77.08714853450454,20.11246836015997,0],[77.08748382738068,20.11324722784691,0],[77.08659213845073,20.11353357110734,0],[77.08601139674913,20.11236220678112,0],[77.08732079759586,20.11168807925908,0]]]},"properties":{"plotIndex":1051,"source":"washim_soyabean.kml"}},{"type":"Feature","geometry":{"type":"Polygon","coordinates":[[[77.08545271021177,20.11377028548066,0],[77.08562111458677,20.11302641875729,0],[77.08612162994204,20.11261116104708,0],[77.08656359057554,20.11354005665498,0],[77.0856605717703,20.1139029912398,0],[77.08545271021177,20.11377028548066,0]]]},"properties":{"plotIndex":1052,"source":"washim_soyabean.kml"}},{"type":"Feature","geometry":{"type":"Polygon","coordinates":[[[77.08619899034379,20.11390638367874,0],[77.08611313027657,20.11375553486138,0],[77.08659279126192,20.11356275951689,0],[77.08766208750579,20.11322748418237,0],[77.08794374710996,20.11400818147766,0],[77.08680174060966,20.11449002278265,0],[77.08649009797611,20.11384189114602,0],[77.08619899034379,20.11390638367874,0]]]},"properties":{"plotIndex":1053,"source":"washim_soyabean.kml"}},{"type":"Feature","geometry":{"type":"Polygon","coordinates":[[[77.0883760644131,20.11303192241687,0],[77.08868519004292,20.1137019341537,0],[77.08798273906011,20.11398425319313,0],[77.08770361197777,20.11322926844965,0],[77.0883760644131,20.11303192241687,0]]]},"properties":{"plotIndex":1054,"source":"washim_soyabean.kml"}},{"type":"Feature","geometry":{"type":"Polygon","coordinates":[[[77.08943609362932,20.11269117443531,0],[77.08963668910629,20.11319411823989,0],[77.08917211836314,20.11332698154339,0],[77.08917999299918,20.11343863031288,0],[77.08870282472822,20.11368209313356,0],[77.08839671417483,20.11301997230763,0],[77.08943609362932,20.11269117443531,0]]]},"properties":{"plotIndex":1055,"source":"washim_soyabean.kml"}},{"type":"Feature","geometry":{"type":"Polygon","coordinates":[[[77.09032217805498,20.11129729274603,0],[77.09052200254463,20.11136297404257,0],[77.09091395096996,20.11127100794756,0],[77.09118897868036,20.112072547077,0],[77.09109283166917,20.112112543493,0],[77.09062064728197,20.11245307915701,0],[77.09055546176604,20.11227047054387,0],[77.0901826723484,20.11133590159776,0],[77.09032217805498,20.11129729274603,0]]]},"properties":{"plotIndex":1056,"source":"washim_soyabean.kml"}},{"type":"Feature","geometry":{"type":"Polygon","coordinates":[[[77.09121276884959,20.11121847547147,0],[77.09147310222104,20.11120824241329,0],[77.09160887289532,20.11123562086954,0],[77.09179613158405,20.11124768520232,0],[77.0919620602343,20.1113077531005,0],[77.09191541510664,20.11156547047572,0],[77.09197758791942,20.11181864625952,0],[77.09188042128162,20.11194193670503,0],[77.09170757019164,20.11207701917259,0],[77.091436331293,20.11220130006537,0],[77.09135440214808,20.11205930098606,0],[77.0912283932396,20.11213325568483,0],[77.0909329017133,20.11127714633377,0],[77.09121276884959,20.11121847547147,0]]]},"properties":{"plotIndex":1057,"source":"washim_soyabean.kml"}},{"type":"Feature","geometry":{"type":"Polygon","coordinates":[[[77.09149170076046,20.11219880763657,0],[77.09169970491784,20.11210672348876,0],[77.0917878554971,20.1123289797174,0],[77.09252716362326,20.11197515527845,0],[77.09243339829686,20.11230549124391,0],[77.09225862007021,20.11253855497067,0],[77.09216060885103,20.11254158219737,0],[77.09205640203743,20.11268680528878,0],[77.09184807907756,20.11280532446466,0],[77.09161464073553,20.11289129823849,0],[77.09139935585323,20.11298092476866,0],[77.09120177580061,20.11241665231792,0],[77.09149170076046,20.11219880763657,0]]]},"properties":{"plotIndex":1058,"source":"washim_soyabean.kml"}},{"type":"Feature","geometry":{"type":"Polygon","coordinates":[[[77.0907718334825,20.11325413867179,0],[77.09069450253078,20.11274379336322,0],[77.09066795157204,20.11269579887738,0],[77.0906543343807,20.11257472050091,0],[77.09067557828989,20.11252886397845,0],[77.09085354921618,20.11237454055941,0],[77.09113164837109,20.11308428277984,0],[77.0907718334825,20.11325413867179,0]]]},"properties":{"plotIndex":1059,"source":"washim_soyabean.kml"}},{"type":"Feature","geometry":{"type":"Polygon","coordinates":[[[77.09097385059938,20.11231727228673,0],[77.09104523626803,20.11231704917193,0],[77.09111947079965,20.11227993011539,0],[77.09137135152999,20.11298392553158,0],[77.09113828828427,20.11307787858227,0],[77.09086651911582,20.112372240313,0],[77.09097385059938,20.11231727228673,0]]]},"properties":{"plotIndex":1060,"source":"washim_soyabean.kml"}},{"type":"Feature","geometry":{"type":"Polygon","coordinates":[[[77.0920251344201,20.1127544911191,0],[77.09229562912756,20.11329578643577,0],[77.09101552301048,20.11383746282714,0],[77.0907851878783,20.11328480494228,0],[77.0920251344201,20.1127544911191,0]]]},"properties":{"plotIndex":1061,"source":"washim_soyabean.kml"}},{"type":"Feature","geometry":{"type":"Polygon","coordinates":[[[77.09065283040749,20.11276310167353,0],[77.09076290067729,20.11329615569084,0],[77.0910020589135,20.11385108936517,0],[77.09056026180026,20.11406350617087,0],[77.09013979298274,20.11301701074767,0],[77.09065283040749,20.11276310167353,0]]]},"properties":{"plotIndex":1062,"source":"washim_soyabean.kml"}},{"type":"Feature","geometry":{"type":"Polygon","coordinates":[[[77.09229208975842,20.11331963945715,0],[77.09239642320154,20.11351728438835,0],[77.09233292528047,20.11368047358516,0],[77.09248824613259,20.11379049218448,0],[77.09263500202765,20.11416702543889,0],[77.09136142752543,20.11463057823096,0],[77.0910420838902,20.11385980171899,0],[77.09229208975842,20.11331963945715,0]]]},"properties":{"plotIndex":1063,"source":"washim_soyabean.kml"}},{"type":"Feature","geometry":{"type":"Polygon","coordinates":[[[77.09246435020253,20.11354312808401,0],[77.09252335056624,20.11363205359481,0],[77.09259027644707,20.1136767336837,0],[77.09368789021286,20.11387686564259,0],[77.09264750125898,20.11415150972605,0],[77.09242013543391,20.11356890183152,0],[77.09246435020253,20.11354312808401,0]]]},"properties":{"plotIndex":1064,"source":"washim_soyabean.kml"}},{"type":"Feature","geometry":{"type":"Polygon","coordinates":[[[77.09371677542643,20.11388762252563,0],[77.09464854393721,20.11409483887637,0],[77.09287908263971,20.11483149616835,0],[77.09266633294331,20.11417554433836,0],[77.09371677542643,20.11388762252563,0]]]},"properties":{"plotIndex":1065,"source":"washim_soyabean.kml"}},{"type":"Feature","geometry":{"type":"Polygon","coordinates":[[[77.09467002815786,20.11409874093304,0],[77.09500804508068,20.11425997602917,0],[77.09503061123432,20.11477079777746,0],[77.0941834097392,20.11507924820036,0],[77.09387697867687,20.11444107094529,0],[77.09467002815786,20.11409874093304,0]]]},"properties":{"plotIndex":1066,"source":"washim_soyabean.kml"}},{"type":"Feature","geometry":{"type":"Polygon","coordinates":[[[77.09385227166558,20.11444942915069,0],[77.09412500508506,20.11511560259306,0],[77.0932534657539,20.11533035542731,0],[77.09302553963542,20.11479654253385,0],[77.09385227166558,20.11444942915069,0]]]},"properties":{"plotIndex":1067,"source":"washim_soyabean.kml"}},{"type":"Feature","geometry":{"type":"Polygon","coordinates":[[[77.09299978739078,20.1148034350728,0],[77.09322104373467,20.11533478666497,0],[77.09258636717678,20.11552789743234,0],[77.0923177576564,20.1150693711203,0],[77.09299978739078,20.1148034350728,0]]]},"properties":{"plotIndex":1068,"source":"washim_soyabean.kml"}},{"type":"Feature","geometry":{"type":"Polygon","coordinates":[[[77.09228747364568,20.11507473122781,0],[77.09253629655016,20.11549660860718,0],[77.09251418153198,20.11556428908475,0],[77.09194075536902,20.11557335570301,0],[77.091804312122,20.11527252727678,0],[77.09228747364568,20.11507473122781,0]]]},"properties":{"plotIndex":1069,"source":"washim_soyabean.kml"}},{"type":"Feature","geometry":{"type":"Polygon","coordinates":[[[77.09264849724387,20.11418345747962,0],[77.09285660203679,20.11482383737424,0],[77.09218007388354,20.11509022557715,0],[77.09193664903152,20.11443629058114,0],[77.09264849724387,20.11418345747962,0]]]},"properties":{"plotIndex":1070,"source":"washim_soyabean.kml"}},{"type":"Feature","geometry":{"type":"Polygon","coordinates":[[[77.09192430330489,20.11445153611715,0],[77.09215758611472,20.11509888927164,0],[77.09165240711037,20.11531629554897,0],[77.09138824958154,20.11466450119238,0],[77.09192430330489,20.11445153611715,0]]]},"properties":{"plotIndex":1071,"source":"washim_soyabean.kml"}},{"type":"Feature","geometry":{"type":"Polygon","coordinates":[[[77.09178661608472,20.11527623597269,0],[77.09192637709366,20.11560004411055,0],[77.09159843404193,20.11559579111584,0],[77.09118361539655,20.11552397573134,0],[77.09178661608472,20.11527623597269,0]]]},"properties":{"plotIndex":1072,"source":"washim_soyabean.kml"}},{"type":"Feature","geometry":{"type":"Polygon","coordinates":[[[77.09064334223424,20.11498484980195,0],[77.09137142890846,20.11466187470393,0],[77.09162658353905,20.11530989974824,0],[77.09095408045671,20.11558892209358,0],[77.0905906206865,20.11570341878366,0],[77.09013186225967,20.11598590287711,0],[77.0897966605829,20.11541371796084,0],[77.09064334223424,20.11498484980195,0]]]},"properties":{"plotIndex":1073,"source":"washim_soyabean.kml"}},{"type":"Feature","geometry":{"type":"Polygon","coordinates":[[[77.09117838860125,20.11424115027069,0],[77.09134305166927,20.11464272836489,0],[77.0906270315829,20.11497227989079,0],[77.09044142759849,20.11452937918384,0],[77.09117838860125,20.11424115027069,0]]]},"properties":{"plotIndex":1074,"source":"washim_soyabean.kml"}},{"type":"Feature","geometry":{"type":"Polygon","coordinates":[[[77.09042844572201,20.11453924316502,0],[77.09061314736591,20.11498315911837,0],[77.08995363367553,20.11528211770819,0],[77.08968928436464,20.11481858393349,0],[77.09042844572201,20.11453924316502,0]]]},"properties":{"plotIndex":1075,"source":"washim_soyabean.kml"}},{"type":"Feature","geometry":{"type":"Polygon","coordinates":[[[77.08961268320827,20.11472792503597,0],[77.08991366741311,20.11530078754839,0],[77.08944139124624,20.11559551447112,0],[77.08913833307982,20.11496023077594,0],[77.08961268320827,20.11472792503597,0]]]},"properties":{"plotIndex":1076,"source":"washim_soyabean.kml"}},{"type":"Feature","geometry":{"type":"Polygon","coordinates":[[[77.0896764699196,20.11479444012995,0],[77.0895246787039,20.11452152378524,0],[77.0910214120452,20.11386136604874,0],[77.09117604731962,20.11422552357812,0],[77.0896764699196,20.11479444012995,0]]]},"properties":{"plotIndex":1077,"source":"washim_soyabean.kml"}},{"type":"Feature","geometry":{"type":"Polygon","coordinates":[[[77.0901026160103,20.11300604644584,0],[77.09053993362542,20.11405752566141,0],[77.09009282267058,20.1142608212139,0],[77.08964642558972,20.11325268541667,0],[77.0901026160103,20.11300604644584,0]]]},"properties":{"plotIndex":1078,"source":"washim_soyabean.kml"}},{"type":"Feature","geometry":{"type":"Polygon","coordinates":[[[77.08915906590362,20.113511867425,0],[77.08962359483712,20.11326347031925,0],[77.09007288337112,20.11425082247857,0],[77.089497025793,20.114510488528,0],[77.08960120188603,20.11470605535473,0],[77.08912858524343,20.11492056104061,0],[77.08864872593777,20.11382649457524,0],[77.08915906590362,20.113511867425,0]]]},"properties":{"plotIndex":1079,"source":"washim_soyabean.kml"}},{"type":"Feature","geometry":{"type":"Polygon","coordinates":[[[77.08722946908505,20.11438313452308,0],[77.087347666185,20.11476975640108,0],[77.08757687984715,20.1150886772084,0],[77.08722546700389,20.11527752028206,0],[77.08702901856819,20.11504800641069,0],[77.0867605524698,20.1150775484905,0],[77.0865862931025,20.11463652790921,0],[77.08722946908505,20.11438313452308,0]]]},"properties":{"plotIndex":1080,"source":"washim_soyabean.kml"}},{"type":"Feature","geometry":{"type":"Polygon","coordinates":[[[77.08862339647803,20.11382308523071,0],[77.08908514721871,20.11492998589987,0],[77.08839394992269,20.11523674076497,0],[77.0878450128932,20.11546631321519,0],[77.08763613571413,20.11509616435788,0],[77.08737918668307,20.11477711234406,0],[77.08726327683527,20.11438207087877,0],[77.08862339647803,20.11382308523071,0]]]},"properties":{"plotIndex":1081,"source":"washim_soyabean.kml"}},{"type":"Feature","geometry":{"type":"Polygon","coordinates":[[[77.08911090021958,20.11494214775627,0],[77.08939014465,20.11560042240298,0],[77.08873282362536,20.1159826492378,0],[77.08834673875346,20.11568447687109,0],[77.0881717747864,20.11569937487015,0],[77.0880035700718,20.11563124299695,0],[77.0879087585581,20.11548715451537,0],[77.08911090021958,20.11494214775627,0]]]},"properties":{"plotIndex":1082,"source":"washim_soyabean.kml"}},{"type":"Feature","geometry":{"type":"Polygon","coordinates":[[[77.0897687421982,20.11541789880881,0],[77.0901042006278,20.11601166927089,0],[77.0893948987423,20.11645382854686,0],[77.08893556660887,20.11592253335152,0],[77.0897687421982,20.11541789880881,0]]]},"properties":{"plotIndex":1083,"source":"washim_soyabean.kml"}},{"type":"Feature","geometry":{"type":"Polygon","coordinates":[[[77.09041495663207,20.11590103553342,0],[77.09079872554072,20.11572496551147,0],[77.09116696611164,20.11561436887196,0],[77.09144871105086,20.11631488322754,0],[77.09077578389387,20.11654303117185,0],[77.09063390509077,20.11630706628607,0],[77.08995357142783,20.11664579000808,0],[77.08975536682019,20.11629204865454,0],[77.09041495663207,20.11590103553342,0]]]},"properties":{"plotIndex":1084,"source":"washim_soyabean.kml"}},{"type":"Feature","geometry":{"type":"Polygon","coordinates":[[[77.09194649383033,20.11568282691309,0],[77.09225477122914,20.1164892394712,0],[77.09163960381116,20.11670857577872,0],[77.09118585550932,20.1156065486845,0],[77.09194649383033,20.11568282691309,0]]]},"properties":{"plotIndex":1085,"source":"washim_soyabean.kml"}},{"type":"Feature","geometry":{"type":"Polygon","coordinates":[[[77.09261204334877,20.11561648996873,0],[77.09306402095939,20.11673071693167,0],[77.09245050977731,20.1169321769839,0],[77.09196214483215,20.1156514294311,0],[77.09261204334877,20.11561648996873,0]]]},"properties":{"plotIndex":1086,"source":"washim_soyabean.kml"}},{"type":"Feature","geometry":{"type":"Polygon","coordinates":[[[77.09366621254883,20.11530565324673,0],[77.09403018713974,20.11612762171511,0],[77.09298779341951,20.11646573790128,0],[77.09264416519133,20.11561842469946,0],[77.09366621254883,20.11530565324673,0]]]},"properties":{"plotIndex":1087,"source":"washim_soyabean.kml"}},{"type":"Feature","geometry":{"type":"Polygon","coordinates":[[[77.09414867269781,20.11515795312491,0],[77.09451018195908,20.11594906981621,0],[77.09405931246472,20.11611655194126,0],[77.09368384597383,20.11530296990635,0],[77.09414867269781,20.11515795312491,0]]]},"properties":{"plotIndex":1088,"source":"washim_soyabean.kml"}},{"type":"Feature","geometry":{"type":"Polygon","coordinates":[[[77.09423458273587,20.11611937779076,0],[77.09370697028349,20.11650695901909,0],[77.09354069454682,20.11631506610258,0],[77.09423458273587,20.11611937779076,0]]]},"properties":{"plotIndex":1089,"source":"washim_soyabean.kml"}},{"type":"Feature","geometry":{"type":"Polygon","coordinates":[[[77.09348843961547,20.1163500003738,0],[77.09359782348423,20.11653002706761,0],[77.09374226138209,20.11711796570663,0],[77.0942421337416,20.11743310023765,0],[77.09450457336011,20.11750319016845,0],[77.09333486784533,20.11785681523586,0],[77.09309151964027,20.11673286917978,0],[77.09299390081262,20.11650016778342,0],[77.09348843961547,20.1163500003738,0]]]},"properties":{"plotIndex":1090,"source":"washim_soyabean.kml"}},{"type":"Feature","geometry":{"type":"Polygon","coordinates":[[[77.09306493602335,20.11676971991202,0],[77.09318307249832,20.11738708861293,0],[77.09272741190352,20.11755934398478,0],[77.09246386727249,20.1169484292335,0],[77.09306493602335,20.11676971991202,0]]]},"properties":{"plotIndex":1091,"source":"washim_soyabean.kml"}},{"type":"Feature","geometry":{"type":"Polygon","coordinates":[[[77.09226517122822,20.11650391671224,0],[77.09242656235489,20.11693429853935,0],[77.09180448175272,20.11713169546655,0],[77.0916447829647,20.11674210373726,0],[77.09226517122822,20.11650391671224,0]]]},"properties":{"plotIndex":1092,"source":"washim_soyabean.kml"}},{"type":"Feature","geometry":{"type":"Polygon","coordinates":[[[77.09244505175955,20.11694680887448,0],[77.09271444466236,20.11757684183164,0],[77.09287630362077,20.11752401976841,0],[77.09291051677431,20.11761229937443,0],[77.09277590852466,20.11769471234978,0],[77.09280349881094,20.11795789401564,0],[77.09254062397939,20.1180500127957,0],[77.0924534063128,20.11777642313762,0],[77.09208058945232,20.11790481020375,0],[77.0918259806475,20.1171466016524,0],[77.09244505175955,20.11694680887448,0]]]},"properties":{"plotIndex":1093,"source":"washim_soyabean.kml"}},{"type":"Feature","geometry":{"type":"Polygon","coordinates":[[[77.09303755918016,20.11744976507893,0],[77.09305430375231,20.11755898112069,0],[77.09291913636365,20.11760501645234,0],[77.09287844735411,20.11750991881925,0],[77.09303755918016,20.11744976507893,0]]]},"properties":{"plotIndex":1094,"source":"washim_soyabean.kml"}},{"type":"Feature","geometry":{"type":"Polygon","coordinates":[[[77.09281724294951,20.11795940258339,0],[77.09279147623286,20.11770113312548,0],[77.09293027667704,20.11761359751021,0],[77.09306606354396,20.11757155156236,0],[77.0930591544431,20.11744930482755,0],[77.09321147998303,20.1173945536691,0],[77.09346791338409,20.11844084957031,0],[77.09307541779158,20.11857709601438,0],[77.09290610322168,20.1179494059381,0],[77.09281724294951,20.11795940258339,0]]]},"properties":{"plotIndex":1095,"source":"washim_soyabean.kml"}},{"type":"Feature","geometry":{"type":"Polygon","coordinates":[[[77.09452324620189,20.11751945876087,0],[77.09502415493571,20.11755121488871,0],[77.09513041883486,20.11769235839751,0],[77.09540661186412,20.11839384442579,0],[77.09513136042487,20.11850045805993,0],[77.09518368209626,20.11859302454881,0],[77.09401250291604,20.11892499612228,0],[77.09384729161073,20.11888506214175,0],[77.09350353286202,20.11851412903086,0],[77.09334561301377,20.11787203732839,0],[77.09452324620189,20.11751945876087,0]]]},"properties":{"plotIndex":1096,"source":"washim_soyabean.kml"}},{"type":"Feature","geometry":{"type":"Polygon","coordinates":[[[77.09515596330428,20.11770048245335,0],[77.09598878174634,20.11839700591832,0],[77.09616550469639,20.11885331800859,0],[77.09626072825722,20.11920791010028,0],[77.096086737617,20.1193024042821,0],[77.09571161040026,20.11894788716134,0],[77.09558007680221,20.11877903876101,0],[77.09543751000034,20.11839452490383,0],[77.09515596330428,20.11770048245335,0]]]},"properties":{"plotIndex":1097,"source":"washim_soyabean.kml"}},{"type":"Feature","geometry":{"type":"Polygon","coordinates":[[[77.09062578737914,20.1163417499527,0],[77.09081279503455,20.11667887775728,0],[77.0911445607131,20.11732026662664,0],[77.09046231315975,20.11755509700321,0],[77.09013169431931,20.11703394822834,0],[77.0900121502137,20.11663475680501,0],[77.09062578737914,20.1163417499527,0]]]},"properties":{"plotIndex":1098,"source":"washim_soyabean.kml"}},{"type":"Feature","geometry":{"type":"Polygon","coordinates":[[[77.09145894266084,20.11632789828532,0],[77.09177498592184,20.11714283080554,0],[77.09120000481835,20.11733542047081,0],[77.09078754712853,20.11655908058192,0],[77.09145894266084,20.11632789828532,0]]]},"properties":{"plotIndex":1099,"source":"washim_soyabean.kml"}},{"type":"Feature","geometry":{"type":"Polygon","coordinates":[[[77.0905787316703,20.11759159920064,0],[77.09113858963707,20.11735095533479,0],[77.09122318567864,20.11735042619059,0],[77.09180448075212,20.11715246543244,0],[77.09205865594832,20.11790116632217,0],[77.0915818200746,20.11808506360725,0],[77.09146559923899,20.11796281956067,0],[77.09128001817223,20.11788385158766,0],[77.0905787316703,20.11759159920064,0]]]},"properties":{"plotIndex":1100,"source":"washim_soyabean.kml"}},{"type":"Feature","geometry":{"type":"Polygon","coordinates":[[[77.09244500365503,20.11779129779405,0],[77.09251335650909,20.11806220134958,0],[77.09173335353084,20.11831891378555,0],[77.09160066565985,20.11809613821652,0],[77.09244500365503,20.11779129779405,0]]]},"properties":{"plotIndex":1101,"source":"washim_soyabean.kml"}},{"type":"Feature","geometry":{"type":"Polygon","coordinates":[[[77.09281350295137,20.11797599208194,0],[77.09289410866307,20.11796527460014,0],[77.09306801030048,20.11874403885653,0],[77.0924698358988,20.11895333654711,0],[77.0924694909861,20.11903863398512,0],[77.09208024842323,20.11903166243633,0],[77.09183310156288,20.11864626502308,0],[77.09172907342247,20.11833438659684,0],[77.09281350295137,20.11797599208194,0]]]},"properties":{"plotIndex":1102,"source":"washim_soyabean.kml"}},{"type":"Feature","geometry":{"type":"Polygon","coordinates":[[[77.09095631043395,20.10083885712968,0],[77.09090335187848,20.10031979662372,0],[77.09205541352178,20.10022851939041,0],[77.09210303450958,20.10078766398267,0],[77.09095631043395,20.10083885712968,0]]]},"properties":{"plotIndex":1103,"source":"washim_soyabean.kml"}},{"type":"Feature","geometry":{"type":"Polygon","coordinates":[[[77.09286102867829,20.09946205477328,0],[77.09285636959773,20.10014390913565,0],[77.09091465390183,20.10029880452835,0],[77.09089284780644,20.09970335312287,0],[77.09286102867829,20.09946205477328,0]]]},"properties":{"plotIndex":1104,"source":"washim_soyabean.kml"}},{"type":"Feature","geometry":{"type":"Polygon","coordinates":[[[77.09351801915182,20.09938058368126,0],[77.09354539654537,20.10006615487995,0],[77.09287971881159,20.1001459906146,0],[77.0928758760105,20.09946048932927,0],[77.09351801915182,20.09938058368126,0]]]},"properties":{"plotIndex":1105,"source":"washim_soyabean.kml"}},{"type":"Feature","geometry":{"type":"Polygon","coordinates":[[[77.09431070147875,20.09929505242371,0],[77.09424489229355,20.09974951526114,0],[77.09400491104495,20.10006226589931,0],[77.09357037158335,20.10007449852699,0],[77.0935345194639,20.09938066921929,0],[77.09431070147875,20.09929505242371,0]]]},"properties":{"plotIndex":1106,"source":"washim_soyabean.kml"}},{"type":"Feature","geometry":{"type":"Polygon","coordinates":[[[77.08982424042264,20.09980522770426,0],[77.08981458352159,20.10034736211255,0],[77.09087060963758,20.10029084419429,0],[77.09092266535204,20.1008500327304,0],[77.08908521146809,20.10090793157599,0],[77.08900200098702,20.09991386802319,0],[77.08982424042264,20.09980522770426,0]]]},"properties":{"plotIndex":1107,"source":"washim_soyabean.kml"}},{"type":"Feature","geometry":{"type":"Polygon","coordinates":[[[77.09085376399082,20.09969878144097,0],[77.09088710239894,20.10027847162352,0],[77.08983827386344,20.10032768385143,0],[77.08984790124747,20.09980408044655,0],[77.09085376399082,20.09969878144097,0]]]},"properties":{"plotIndex":1108,"source":"washim_soyabean.kml"}},{"type":"Feature","geometry":{"type":"Polygon","coordinates":[[[77.08846568821386,20.10129000248816,0],[77.08886792731656,20.09996087771239,0],[77.08900412747471,20.10124145507631,0],[77.08846568821386,20.10129000248816,0]]]},"properties":{"plotIndex":1109,"source":"washim_soyabean.kml"}},{"type":"Feature","geometry":{"type":"Polygon","coordinates":[[[77.08812475414501,20.102803770292,0],[77.08844142998444,20.10131801308408,0],[77.08901706063914,20.10127256942188,0],[77.08894174181219,20.10286046161692,0],[77.0882040928487,20.10286165218346,0],[77.08812475414501,20.102803770292,0]]]},"properties":{"plotIndex":1110,"source":"washim_soyabean.kml"}},{"type":"Feature","geometry":{"type":"Polygon","coordinates":[[[77.08908679955573,20.10133811218103,0],[77.08907845305843,20.10094308365035,0],[77.09349782622992,20.10080376737396,0],[77.09347072354728,20.10133026313179,0],[77.08908679955573,20.10133811218103,0]]]},"properties":{"plotIndex":1111,"source":"washim_soyabean.kml"}},{"type":"Feature","geometry":{"type":"Polygon","coordinates":[[[77.09346898796205,20.10168105930656,0],[77.09355889982659,20.10082205031386,0],[77.09387410171966,20.10079866989374,0],[77.09374598532453,20.101692249603,0],[77.09346898796205,20.10168105930656,0]]]},"properties":{"plotIndex":1112,"source":"washim_soyabean.kml"}},{"type":"Feature","geometry":{"type":"Polygon","coordinates":[[[77.0919739596345,20.10254083238363,0],[77.09198944185425,20.10193257261711,0],[77.09224130208665,20.10193213114879,0],[77.09221715141378,20.10183287245069,0],[77.09222890519543,20.10169249803885,0],[77.0937111159218,20.10173307368212,0],[77.09365775648335,20.10250827672416,0],[77.0919739596345,20.10254083238363,0]]]},"properties":{"plotIndex":1113,"source":"washim_soyabean.kml"}},{"type":"Feature","geometry":{"type":"Polygon","coordinates":[[[77.09364153869275,20.10342317906649,0],[77.09377106587954,20.10258766521365,0],[77.09464318414207,20.10265107317433,0],[77.09461460720195,20.10347723411977,0],[77.09364153869275,20.10342317906649,0]]]},"properties":{"plotIndex":1114,"source":"washim_soyabean.kml"}},{"type":"Feature","geometry":{"type":"Polygon","coordinates":[[[77.09274783871071,20.10337956456836,0],[77.09276735367851,20.10259103292921,0],[77.09366479589588,20.10260093803947,0],[77.09356519898587,20.10339673895993,0],[77.09274783871071,20.10337956456836,0]]]},"properties":{"plotIndex":1115,"source":"washim_soyabean.kml"}},{"type":"Feature","geometry":{"type":"Polygon","coordinates":[[[77.10332910030701,20.11583178185118,0],[77.10299959497948,20.11450175406382,0],[77.10520824401341,20.11392674515027,0],[77.10530355459353,20.11423872330957,0],[77.10332910030701,20.11583178185118,0]]]},"properties":{"plotIndex":1116,"source":"washim_soyabean.kml"}},{"type":"Feature","geometry":{"type":"Polygon","coordinates":[[[77.10330748375488,20.11327440151739,0],[77.10354718715625,20.11431019696467,0],[77.10301686958894,20.11443514892635,0],[77.10278035531802,20.1134300180483,0],[77.10330748375488,20.11327440151739,0]]]},"properties":{"plotIndex":1117,"source":"washim_soyabean.kml"}},{"type":"Feature","geometry":{"type":"Polygon","coordinates":[[[77.10398747445299,20.11310281674319,0],[77.1042682521775,20.11412989261768,0],[77.10357129797471,20.1143145737413,0],[77.10333060151872,20.113263025832,0],[77.10398747445299,20.11310281674319,0]]]},"properties":{"plotIndex":1118,"source":"washim_soyabean.kml"}},{"type":"Feature","geometry":{"type":"Polygon","coordinates":[[[77.10495849619194,20.11288568451986,0],[77.10519741666752,20.11389268347681,0],[77.10428823758417,20.11412953155333,0],[77.10401706988108,20.11309167584556,0],[77.10451426341464,20.11295920618069,0],[77.10495849619194,20.11288568451986,0]]]},"properties":{"plotIndex":1119,"source":"washim_soyabean.kml"}},{"type":"Feature","geometry":{"type":"Polygon","coordinates":[[[77.10544309564153,20.11269963130626,0],[77.10576669894613,20.11382893865679,0],[77.10532678074202,20.11414821547441,0],[77.10500240744894,20.11283859725852,0],[77.10544309564153,20.11269963130626,0]]]},"properties":{"plotIndex":1120,"source":"washim_soyabean.kml"}},{"type":"Feature","geometry":{"type":"Polygon","coordinates":[[[77.10570105417135,20.1127783748356,0],[77.10561973200919,20.11257214537039,0],[77.10555897493606,20.11198946453532,0],[77.10600891206589,20.11190687207854,0],[77.10640299093181,20.11326191909221,0],[77.1058806300955,20.11368001025635,0],[77.10575396906843,20.11365978169824,0],[77.10557363780417,20.11287987090576,0],[77.10570105417135,20.1127783748356,0]]]},"properties":{"plotIndex":1121,"source":"washim_soyabean.kml"}},{"type":"Feature","geometry":{"type":"Polygon","coordinates":[[[77.10585859140974,20.1114446055675,0],[77.105986859047,20.11186772492524,0],[77.10554737173894,20.11194925092757,0],[77.10546252492891,20.11144111312292,0],[77.10585859140974,20.1114446055675,0]]]},"properties":{"plotIndex":1122,"source":"washim_soyabean.kml"}},{"type":"Feature","geometry":{"type":"Polygon","coordinates":[[[77.1062043359732,20.11233187345283,0],[77.10595971125286,20.11147624436838,0],[77.10659705554878,20.11134548742585,0],[77.10682461631919,20.11210765139286,0],[77.1062043359732,20.11233187345283,0]]]},"properties":{"plotIndex":1123,"source":"washim_soyabean.kml"}},{"type":"Feature","geometry":{"type":"Polygon","coordinates":[[[77.10644676818191,20.11312189489844,0],[77.10618733403302,20.11237561766829,0],[77.1068527367057,20.11212978410304,0],[77.10701244782435,20.11270997896861,0],[77.10644676818191,20.11312189489844,0]]]},"properties":{"plotIndex":1124,"source":"washim_soyabean.kml"}},{"type":"Feature","geometry":{"type":"Polygon","coordinates":[[[77.10561457405032,20.11046800515628,0],[77.1056291361456,20.10969752386474,0],[77.10595565190107,20.10965960142567,0],[77.10594742365757,20.11045627076174,0],[77.10561457405032,20.11046800515628,0]]]},"properties":{"plotIndex":1125,"source":"washim_soyabean.kml"}},{"type":"Feature","geometry":{"type":"Polygon","coordinates":[[[77.10712656618678,20.10616846897398,0],[77.10828027563593,20.10412120776198,0],[77.10952477433646,20.1046463644698,0],[77.10841954730213,20.10574462862988,0],[77.10770157884619,20.10628188562031,0],[77.10712656618678,20.10616846897398,0]]]},"properties":{"plotIndex":1126,"source":"washim_soyabean.kml"}},{"type":"Feature","geometry":{"type":"Polygon","coordinates":[[[77.11002477759486,20.10940579616005,0],[77.11003267333237,20.10920679141422,0],[77.11014874301539,20.10918696264529,0],[77.11014927579347,20.10906448415363,0],[77.11099846871618,20.10895524177363,0],[77.11095708366165,20.10939413231815,0],[77.11002477759486,20.10940579616005,0]]]},"properties":{"plotIndex":1127,"source":"washim_soyabean.kml"}},{"type":"Feature","geometry":{"type":"Polygon","coordinates":[[[77.1093628363887,20.10937917110724,0],[77.10935905486936,20.10709321549515,0],[77.11025393579182,20.10693547657362,0],[77.1099120711629,20.10938013725504,0],[77.1093628363887,20.10937917110724,0]]]},"properties":{"plotIndex":1128,"source":"washim_soyabean.kml"}},{"type":"Feature","geometry":{"type":"Polygon","coordinates":[[[77.10857996838438,20.10928771803211,0],[77.10862709289638,20.10721066998612,0],[77.10932985236134,20.10709674847487,0],[77.10932694580767,20.10939785505091,0],[77.10857996838438,20.10928771803211,0]]]},"properties":{"plotIndex":1129,"source":"washim_soyabean.kml"}},{"type":"Feature","geometry":{"type":"Polygon","coordinates":[[[77.11355175834946,20.11337756290952,0],[77.11422365085545,20.11425655596361,0],[77.11381866668248,20.11446550506409,0],[77.11353256716922,20.11438358863893,0],[77.11324726501341,20.1135607419552,0],[77.11355175834946,20.11337756290952,0]]]},"properties":{"plotIndex":1130,"source":"washim_soyabean.kml"}},{"type":"Feature","geometry":{"type":"Polygon","coordinates":[[[77.11457779987583,20.11321112356815,0],[77.11477962464234,20.11374960585865,0],[77.11423611023162,20.11402198514856,0],[77.11383283668896,20.11352639354948,0],[77.11457779987583,20.11321112356815,0]]]},"properties":{"plotIndex":1131,"source":"washim_soyabean.kml"}},{"type":"Feature","geometry":{"type":"Polygon","coordinates":[[[77.11526926949882,20.11284813200158,0],[77.11543860398714,20.11340457861019,0],[77.11480332684522,20.11370519708136,0],[77.11460166973731,20.11300323925843,0],[77.11526926949882,20.11284813200158,0]]]},"properties":{"plotIndex":1132,"source":"washim_soyabean.kml"}},{"type":"Feature","geometry":{"type":"Polygon","coordinates":[[[77.11618855680659,20.11260389632213,0],[77.1163868005063,20.11297774942463,0],[77.11550535031833,20.11339045341402,0],[77.11534796710917,20.11290731633496,0],[77.11618855680659,20.11260389632213,0]]]},"properties":{"plotIndex":1133,"source":"washim_soyabean.kml"}},{"type":"Feature","geometry":{"type":"Polygon","coordinates":[[[77.11733701102938,20.11258149331657,0],[77.11643842967055,20.11297396267612,0],[77.11611008067071,20.11230306563363,0],[77.11692381258634,20.11243653384187,0],[77.11733701102938,20.11258149331657,0]]]},"properties":{"plotIndex":1134,"source":"washim_soyabean.kml"}},{"type":"Feature","geometry":{"type":"Polygon","coordinates":[[[77.11521555126701,20.11188868989258,0],[77.11527607707536,20.11199386364476,0],[77.11602268089797,20.11230723709832,0],[77.11615116146777,20.1125577789832,0],[77.11533624321697,20.11285468868448,0],[77.11506835251127,20.1119418280934,0],[77.11521555126701,20.11188868989258,0]]]},"properties":{"plotIndex":1135,"source":"washim_soyabean.kml"}},{"type":"Feature","geometry":{"type":"Polygon","coordinates":[[[77.1150000547112,20.11199901139282,0],[77.11525403375244,20.11278176579013,0],[77.11457006894537,20.11294135215538,0],[77.11434708659384,20.11228971075357,0],[77.1150000547112,20.11199901139282,0]]]},"properties":{"plotIndex":1136,"source":"washim_soyabean.kml"}},{"type":"Feature","geometry":{"type":"Polygon","coordinates":[[[77.11490199176077,20.1111960524544,0],[77.11514603532318,20.11183233194968,0],[77.11430512913017,20.11222606226774,0],[77.114099683147,20.11153407905698,0],[77.11490199176077,20.1111960524544,0]]]},"properties":{"plotIndex":1137,"source":"washim_soyabean.kml"}},{"type":"Feature","geometry":{"type":"Polygon","coordinates":[[[77.11333304638258,20.11247653327295,0],[77.11329717894462,20.11166851082019,0],[77.11404467353782,20.11154730260441,0],[77.11426220545798,20.11227821203976,0],[77.11333304638258,20.11247653327295,0]]]},"properties":{"plotIndex":1138,"source":"washim_soyabean.kml"}},{"type":"Feature","geometry":{"type":"Polygon","coordinates":[[[77.11373426213116,20.11342326597464,0],[77.1134167740374,20.1130198479674,0],[77.11334278971931,20.11257190430195,0],[77.11432939153133,20.11234085327836,0],[77.11460274838716,20.11314570594849,0],[77.11373426213116,20.11342326597464,0]]]},"properties":{"plotIndex":1139,"source":"washim_soyabean.kml"}},{"type":"Feature","geometry":{"type":"Polygon","coordinates":[[[77.10721328069101,20.11283238479592,0],[77.10770435947973,20.11381062588843,0],[77.1068671521119,20.11398667441867,0],[77.1065648400639,20.11336585735323,0],[77.10721328069101,20.11283238479592,0]]]},"properties":{"plotIndex":1140,"source":"washim_soyabean.kml"}},{"type":"Feature","geometry":{"type":"Polygon","coordinates":[[[77.10684891780797,20.1144144908445,0],[77.10686740080607,20.1140240581843,0],[77.10773371586457,20.11382749283006,0],[77.10771829475013,20.11379440150428,0],[77.10851693822285,20.11356075891215,0],[77.10864462424752,20.11395174894333,0],[77.1087079603729,20.11408018828461,0],[77.1077270096678,20.11428116519728,0],[77.10769175297386,20.11415265478215,0],[77.10761017982871,20.11415264742639,0],[77.10762782130605,20.11428521085556,0],[77.10684891780797,20.1144144908445,0]]]},"properties":{"plotIndex":1141,"source":"washim_soyabean.kml"}},{"type":"Feature","geometry":{"type":"Polygon","coordinates":[[[77.10778961976642,20.11489243292857,0],[77.10769164781917,20.11451805634775,0],[77.1087873439147,20.11438970153223,0],[77.10891918886914,20.11475754752512,0],[77.10778961976642,20.11489243292857,0]]]},"properties":{"plotIndex":1142,"source":"washim_soyabean.kml"}},{"type":"Feature","geometry":{"type":"Polygon","coordinates":[[[77.10681447983518,20.11489873996259,0],[77.1068702805346,20.1146348967171,0],[77.10765596876803,20.11453482916336,0],[77.10772501271971,20.11490174001724,0],[77.10681447983518,20.11489873996259,0]]]},"properties":{"plotIndex":1143,"source":"washim_soyabean.kml"}},{"type":"Feature","geometry":{"type":"Polygon","coordinates":[[[77.10638112041693,20.11552471231386,0],[77.10630773472468,20.11509311240075,0],[77.10668072463406,20.11502081364069,0],[77.10661381070499,20.11550611381245,0],[77.10638112041693,20.11552471231386,0]]]},"properties":{"plotIndex":1144,"source":"washim_soyabean.kml"}},{"type":"Feature","geometry":{"type":"Polygon","coordinates":[[[77.10630543419346,20.11492915135592,0],[77.10609496718558,20.11383530725211,0],[77.1064815170435,20.11343625853977,0],[77.10677303607987,20.11395524738516,0],[77.10668001248865,20.11488666052118,0],[77.10630543419346,20.11492915135592,0]]]},"properties":{"plotIndex":1145,"source":"washim_soyabean.kml"}},{"type":"Feature","geometry":{"type":"Polygon","coordinates":[[[77.10677031027699,20.1152479814044,0],[77.10681766335549,20.11493080830534,0],[77.1077622602081,20.11492592120699,0],[77.10894065462013,20.11477807935048,0],[77.10907606315139,20.11519900874377,0],[77.10750742620186,20.11525878526236,0],[77.10677031027699,20.1152479814044,0]]]},"properties":{"plotIndex":1146,"source":"washim_soyabean.kml"}},{"type":"Feature","geometry":{"type":"Polygon","coordinates":[[[77.10742460843105,20.1156263163948,0],[77.1074607228461,20.1152830319508,0],[77.10906636755973,20.11522397297632,0],[77.10917361274458,20.11557641697893,0],[77.10815951538446,20.11563040153405,0],[77.10742460843105,20.1156263163948,0]]]},"properties":{"plotIndex":1147,"source":"washim_soyabean.kml"}},{"type":"Feature","geometry":{"type":"Polygon","coordinates":[[[77.10617511460592,20.11609024123015,0],[77.10607966617806,20.11567041166769,0],[77.10657298413179,20.11558748598178,0],[77.10654699851597,20.11604834246192,0],[77.10617511460592,20.11609024123015,0]]]},"properties":{"plotIndex":1148,"source":"washim_soyabean.kml"}},{"type":"Feature","geometry":{"type":"Polygon","coordinates":[[[77.1067527905026,20.11558185497181,0],[77.10678653008038,20.11528273315746,0],[77.10743000161027,20.11527936888794,0],[77.10739657098777,20.11561353274675,0],[77.1067527905026,20.11558185497181,0]]]},"properties":{"plotIndex":1149,"source":"washim_soyabean.kml"}},{"type":"Feature","geometry":{"type":"Polygon","coordinates":[[[77.10673922185127,20.11590110501847,0],[77.10676177153154,20.11562170617858,0],[77.10731815587036,20.11564424057529,0],[77.1073754762865,20.11595879204066,0],[77.10673922185127,20.11590110501847,0]]]},"properties":{"plotIndex":1150,"source":"washim_soyabean.kml"}},{"type":"Feature","geometry":{"type":"Polygon","coordinates":[[[77.10740720412551,20.11595593319052,0],[77.1073488848931,20.11565854775956,0],[77.10917358026768,20.11560174702505,0],[77.10927674119208,20.11593594543467,0],[77.10740720412551,20.11595593319052,0]]]},"properties":{"plotIndex":1151,"source":"washim_soyabean.kml"}},{"type":"Feature","geometry":{"type":"Polygon","coordinates":[[[77.10747830752601,20.11627523658354,0],[77.10740095096575,20.11598704845476,0],[77.10931319140259,20.11596711651724,0],[77.10943615888853,20.11631565880323,0],[77.10747830752601,20.11627523658354,0]]]},"properties":{"plotIndex":1152,"source":"washim_soyabean.kml"}},{"type":"Feature","geometry":{"type":"Polygon","coordinates":[[[77.10756990733587,20.11658151827645,0],[77.10747909527475,20.11631418121214,0],[77.1094768770102,20.11633645182599,0],[77.10963459883206,20.1167240953444,0],[77.1079390632845,20.11664430729127,0],[77.10756990733587,20.11658151827645,0]]]},"properties":{"plotIndex":1153,"source":"washim_soyabean.kml"}},{"type":"Feature","geometry":{"type":"Polygon","coordinates":[[[77.10749566305692,20.11656076620739,0],[77.10668475760846,20.11646012129326,0],[77.1067163099201,20.11592466463831,0],[77.10734783298962,20.11597666748168,0],[77.10749566305692,20.11656076620739,0]]]},"properties":{"plotIndex":1154,"source":"washim_soyabean.kml"}},{"type":"Feature","geometry":{"type":"Polygon","coordinates":[[[77.1091149833328,20.1178188588058,0],[77.10864461367012,20.11673685747774,0],[77.10963273767025,20.11675368495097,0],[77.10977599128873,20.11719736053793,0],[77.10969207067004,20.11759459087629,0],[77.1091149833328,20.1178188588058,0]]]},"properties":{"plotIndex":1155,"source":"washim_soyabean.kml"}},{"type":"Feature","geometry":{"type":"Polygon","coordinates":[[[77.1088458529286,20.11866398536428,0],[77.10849128577634,20.11708019910597,0],[77.10874718570227,20.11708521361282,0],[77.10934426545552,20.11845851284048,0],[77.1088458529286,20.11866398536428,0]]]},"properties":{"plotIndex":1156,"source":"washim_soyabean.kml"}},{"type":"Feature","geometry":{"type":"Polygon","coordinates":[[[77.10792434131687,20.11666434881855,0],[77.1083579040937,20.1167324526803,0],[77.10858884264681,20.11784457035773,0],[77.10817793810934,20.11790621754225,0],[77.10792434131687,20.11666434881855,0]]]},"properties":{"plotIndex":1157,"source":"washim_soyabean.kml"}},{"type":"Feature","geometry":{"type":"Polygon","coordinates":[[[77.10819539163442,20.11793947665906,0],[77.10859674080858,20.11789251616798,0],[77.10877598630155,20.11864733946748,0],[77.1083665078667,20.11874386691402,0],[77.10819539163442,20.11793947665906,0]]]},"properties":{"plotIndex":1158,"source":"washim_soyabean.kml"}},{"type":"Feature","geometry":{"type":"Polygon","coordinates":[[[77.10763823104352,20.11663216083579,0],[77.10789316595545,20.11667021459933,0],[77.10859616354475,20.11995655398393,0],[77.10838657588518,20.12012590440803,0],[77.10763823104352,20.11663216083579,0]]]},"properties":{"plotIndex":1159,"source":"washim_soyabean.kml"}},{"type":"Feature","geometry":{"type":"Polygon","coordinates":[[[77.10863030841547,20.11989042933236,0],[77.1083691326992,20.11877503069782,0],[77.10877506922758,20.11867757413255,0],[77.10908707604584,20.11947387781775,0],[77.10863030841547,20.11989042933236,0]]]},"properties":{"plotIndex":1160,"source":"washim_soyabean.kml"}},{"type":"Feature","geometry":{"type":"Polygon","coordinates":[[[77.10912729869203,20.11946688408944,0],[77.10887210054442,20.11874182368424,0],[77.10931687059896,20.11851570084417,0],[77.10954461061912,20.11911488293174,0],[77.10912729869203,20.11946688408944,0]]]},"properties":{"plotIndex":1161,"source":"washim_soyabean.kml"}},{"type":"Feature","geometry":{"type":"Polygon","coordinates":[[[77.10958617885797,20.11909521400401,0],[77.10935809690825,20.11852438458695,0],[77.11011007016378,20.11814520778491,0],[77.11027607164985,20.11853655954118,0],[77.10958617885797,20.11909521400401,0]]]},"properties":{"plotIndex":1162,"source":"washim_soyabean.kml"}},{"type":"Feature","geometry":{"type":"Polygon","coordinates":[[[77.10937240972065,20.11845279226909,0],[77.10911919170024,20.11789416151982,0],[77.10993395319466,20.11759867366251,0],[77.1101125255803,20.11811500916748,0],[77.10937240972065,20.11845279226909,0]]]},"properties":{"plotIndex":1163,"source":"washim_soyabean.kml"}},{"type":"Feature","geometry":{"type":"Polygon","coordinates":[[[77.09866905100068,20.11918155798863,0],[77.09829770158342,20.11827013055657,0],[77.09873824899152,20.11805854161138,0],[77.09905830215058,20.11897737210343,0],[77.09866905100068,20.11918155798863,0]]]},"properties":{"plotIndex":1164,"source":"washim_soyabean.kml"}},{"type":"Feature","geometry":{"type":"Polygon","coordinates":[[[77.10117964919391,20.12069842156354,0],[77.10197107972748,20.12077973965071,0],[77.10203111838395,20.1216475963064,0],[77.10138787188328,20.12163061874269,0],[77.10117964919391,20.12069842156354,0]]]},"properties":{"plotIndex":1165,"source":"washim_soyabean.kml"}},{"type":"Feature","geometry":{"type":"Polygon","coordinates":[[[77.10199486177869,20.12077939083219,0],[77.1026336206762,20.12081377381037,0],[77.10260468306195,20.12165351119139,0],[77.10204743181284,20.12164769426559,0],[77.10199486177869,20.12077939083219,0]]]},"properties":{"plotIndex":1166,"source":"washim_soyabean.kml"}},{"type":"Feature","geometry":{"type":"Polygon","coordinates":[[[77.10264113807389,20.12163793825101,0],[77.10266242295316,20.12083250192929,0],[77.10392212808154,20.12093530272442,0],[77.10389551012948,20.12168491143441,0],[77.10320215074485,20.12166171238482,0],[77.10264113807389,20.12163793825101,0]]]},"properties":{"plotIndex":1167,"source":"washim_soyabean.kml"}},{"type":"Feature","geometry":{"type":"Polygon","coordinates":[[[77.10260765484763,20.12239180453212,0],[77.10263738339617,20.12166626006439,0],[77.10388303900929,20.12169399126149,0],[77.1038469634907,20.12273945317749,0],[77.10260199715682,20.12274826806974,0],[77.10260765484763,20.12239180453212,0]]]},"properties":{"plotIndex":1168,"source":"washim_soyabean.kml"}},{"type":"Feature","geometry":{"type":"Polygon","coordinates":[[[77.10387786710994,20.12245582740594,0],[77.1038960000753,20.12194735128234,0],[77.10505673663187,20.12199823933087,0],[77.1049878861294,20.12249368480967,0],[77.10387786710994,20.12245582740594,0]]]},"properties":{"plotIndex":1169,"source":"washim_soyabean.kml"}},{"type":"Feature","geometry":{"type":"Polygon","coordinates":[[[77.10388553864325,20.12329868574949,0],[77.10388525504673,20.12248159802092,0],[77.10501470529395,20.1225188369277,0],[77.10487733789242,20.12386582738476,0],[77.10387065191318,20.12382958790645,0],[77.10388553864325,20.12329868574949,0]]]},"properties":{"plotIndex":1170,"source":"washim_soyabean.kml"}},{"type":"Feature","geometry":{"type":"Polygon","coordinates":[[[77.10258687071733,20.12277065847961,0],[77.10385543930504,20.12276029746292,0],[77.10382745634129,20.12323681678907,0],[77.1025846077803,20.12329263148519,0],[77.10258687071733,20.12277065847961,0]]]},"properties":{"plotIndex":1171,"source":"washim_soyabean.kml"}},{"type":"Feature","geometry":{"type":"Polygon","coordinates":[[[77.10208926321377,20.12279505763987,0],[77.10257110466775,20.12278981420966,0],[77.10257234672339,20.12329412470892,0],[77.10211439409495,20.12331942916789,0],[77.10208926321377,20.12279505763987,0]]]},"properties":{"plotIndex":1172,"source":"washim_soyabean.kml"}},{"type":"Feature","geometry":{"type":"Polygon","coordinates":[[[77.10282994641143,20.12402011866934,0],[77.10278053416214,20.12330980520236,0],[77.10384106499022,20.12325699654717,0],[77.10384307712798,20.12388736260433,0],[77.10310111548371,20.1239924970062,0],[77.10282994641143,20.12402011866934,0]]]},"properties":{"plotIndex":1173,"source":"washim_soyabean.kml"}},{"type":"Feature","geometry":{"type":"Polygon","coordinates":[[[77.10384873849844,20.12465555943895,0],[77.10386122900707,20.12384719488944,0],[77.10435634947548,20.12387162793713,0],[77.104282547605,20.12489743307529,0],[77.10381155541761,20.12487410300915,0],[77.10384873849844,20.12465555943895,0]]]},"properties":{"plotIndex":1174,"source":"washim_soyabean.kml"}},{"type":"Feature","geometry":{"type":"Polygon","coordinates":[[[77.1043656069011,20.12386634545189,0],[77.10489767319979,20.12391100422601,0],[77.10476483078315,20.12496542660577,0],[77.10430303959389,20.12490176952976,0],[77.1043656069011,20.12386634545189,0]]]},"properties":{"plotIndex":1175,"source":"washim_soyabean.kml"}},{"type":"Feature","geometry":{"type":"Polygon","coordinates":[[[77.0967589405262,20.11806758847938,0],[77.09699733627025,20.11872974743025,0],[77.09652188217791,20.11892477534145,0],[77.09640847454125,20.11867782508999,0],[77.09618490353728,20.11872882762953,0],[77.09603232761418,20.11829109954259,0],[77.0967589405262,20.11806758847938,0]]]},"properties":{"plotIndex":1176,"source":"washim_soyabean.kml"}},{"type":"Feature","geometry":{"type":"Polygon","coordinates":[[[77.09636125894677,20.11949026468495,0],[77.09681012282533,20.11924717324908,0],[77.09696925587562,20.11967748690091,0],[77.09647264487958,20.11983469141359,0],[77.09619987170214,20.11945816132254,0],[77.09636125894677,20.11949026468495,0]]]},"properties":{"plotIndex":1177,"source":"washim_soyabean.kml"}},{"type":"Feature","geometry":{"type":"Polygon","coordinates":[[[77.09644544776452,20.1188619839376,0],[77.09651367366124,20.1189581278754,0],[77.09689470037704,20.11880240649746,0],[77.09701221242783,20.11911653921608,0],[77.09715864069814,20.11907193965864,0],[77.09704812621256,20.11873852652524,0],[77.09751578166474,20.11854879092913,0],[77.09771626266883,20.11862530454011,0],[77.09793716836312,20.11854562252152,0],[77.09826596443207,20.11825822982755,0],[77.09864032001524,20.1192157967467,0],[77.09725787038634,20.11985170896363,0],[77.09700381400417,20.11972495036304,0],[77.0968205081007,20.11920884525407,0],[77.0964503544056,20.11941323407015,0],[77.09628899353928,20.11900221806432,0],[77.09644544776452,20.1188619839376,0]]]},"properties":{"plotIndex":1178,"source":"washim_soyabean.kml"}},{"type":"Feature","geometry":{"type":"Polygon","coordinates":[[[77.10080317845409,20.11968711898242,0],[77.10105574319336,20.12060354576702,0],[77.09986297953111,20.12050367133477,0],[77.0996971560072,20.11986630154992,0],[77.10080317845409,20.11968711898242,0]]]},"properties":{"plotIndex":1179,"source":"washim_soyabean.kml"}},{"type":"Feature","geometry":{"type":"Polygon","coordinates":[[[77.1009562437891,20.11902328053768,0],[77.1011702647602,20.11955094040012,0],[77.09971599947232,20.11982603403346,0],[77.09965837772714,20.11959468204826,0],[77.1009562437891,20.11902328053768,0]]]},"properties":{"plotIndex":1180,"source":"washim_soyabean.kml"}},{"type":"Feature","geometry":{"type":"Polygon","coordinates":[[[77.10000057958243,20.1186419327336,0],[77.10037066160044,20.11925271093601,0],[77.09961817876079,20.11956873766976,0],[77.09936856970255,20.11901829540275,0],[77.10000057958243,20.1186419327336,0]]]},"properties":{"plotIndex":1181,"source":"washim_soyabean.kml"}},{"type":"Feature","geometry":{"type":"Polygon","coordinates":[[[77.100957766212,20.11808566312628,0],[77.1011827069408,20.11852127918662,0],[77.10030770421825,20.11898996450546,0],[77.1000535911528,20.11860519716708,0],[77.100957766212,20.11808566312628,0]]]},"properties":{"plotIndex":1182,"source":"washim_soyabean.kml"}},{"type":"Feature","geometry":{"type":"Polygon","coordinates":[[[77.10120150660529,20.11854673697621,0],[77.10158530328374,20.11946982021056,0],[77.10119401521038,20.1195563331453,0],[77.10097110401105,20.11898699239708,0],[77.10043184106212,20.11923396359193,0],[77.10033730378086,20.11906460710836,0],[77.10120150660529,20.11854673697621,0]]]},"properties":{"plotIndex":1183,"source":"washim_soyabean.kml"}},{"type":"Feature","geometry":{"type":"Polygon","coordinates":[[[77.10152730681023,20.11781968741546,0],[77.10157523642384,20.11790847672143,0],[77.1016378288035,20.11803099583693,0],[77.10188600461026,20.11793823640328,0],[77.10244767092239,20.11932685204149,0],[77.10162206060403,20.11947274403315,0],[77.1009901544687,20.11808367575199,0],[77.10152730681023,20.11781968741546,0]]]},"properties":{"plotIndex":1184,"source":"washim_soyabean.kml"}},{"type":"Feature","geometry":{"type":"Polygon","coordinates":[[[77.10244522108583,20.11935431392487,0],[77.10282628487833,20.12031184919853,0],[77.10131343912471,20.12063523822623,0],[77.10108012995066,20.12061596119425,0],[77.1008343265547,20.11968284363959,0],[77.10244522108583,20.11935431392487,0]]]},"properties":{"plotIndex":1185,"source":"washim_soyabean.kml"}},{"type":"Feature","geometry":{"type":"Polygon","coordinates":[[[77.10279958244611,20.12034452079865,0],[77.10393674198914,20.1202277179448,0],[77.10390054612999,20.12062733436171,0],[77.102673471042,20.12076866098862,0],[77.10144844288172,20.12066086746686,0],[77.10279958244611,20.12034452079865,0]]]},"properties":{"plotIndex":1186,"source":"washim_soyabean.kml"}},{"type":"Feature","geometry":{"type":"Polygon","coordinates":[[[77.10391449587333,20.12065715910772,0],[77.10388642277364,20.12088080327905,0],[77.10291892519811,20.12079457205124,0],[77.10304319017837,20.12075103274849,0],[77.10391449587333,20.12065715910772,0]]]},"properties":{"plotIndex":1187,"source":"washim_soyabean.kml"}},{"type":"Feature","geometry":{"type":"Polygon","coordinates":[[[77.10221660169508,20.11744000265391,0],[77.10225947816473,20.11753662907127,0],[77.1027268597001,20.11727882164947,0],[77.10332639826918,20.11850686103237,0],[77.10352677777361,20.11909911352198,0],[77.1039117955713,20.12020034715268,0],[77.10284448984602,20.12029920749289,0],[77.10181135644447,20.11768077916164,0],[77.10221660169508,20.11744000265391,0]]]},"properties":{"plotIndex":1188,"source":"washim_soyabean.kml"}},{"type":"Feature","geometry":{"type":"Polygon","coordinates":[[[77.10351405693055,20.11618642767914,0],[77.10383542949477,20.11693480635354,0],[77.10280713588686,20.11737626973145,0],[77.10259064471894,20.11700176101961,0],[77.10351405693055,20.11618642767914,0]]]},"properties":{"plotIndex":1189,"source":"washim_soyabean.kml"}},{"type":"Feature","geometry":{"type":"Polygon","coordinates":[[[77.10373936654307,20.11700135432724,0],[77.10400721960873,20.11753115983081,0],[77.10437349891404,20.11877789693391,0],[77.10354100001666,20.11906748742063,0],[77.10336301921576,20.11851447082466,0],[77.10282402537631,20.11741500269839,0],[77.10373936654307,20.11700135432724,0]]]},"properties":{"plotIndex":1190,"source":"washim_soyabean.kml"}},{"type":"Feature","geometry":{"type":"Polygon","coordinates":[[[77.10488800661132,20.11722750709167,0],[77.10522363261464,20.11819789928405,0],[77.10528303610452,20.11844078991035,0],[77.10439373955913,20.11877866649059,0],[77.10404531504308,20.11752321169126,0],[77.10488800661132,20.11722750709167,0]]]},"properties":{"plotIndex":1191,"source":"washim_soyabean.kml"}},{"type":"Feature","geometry":{"type":"Polygon","coordinates":[[[77.10412959861101,20.11558441142818,0],[77.10448906841131,20.11613173189183,0],[77.10423864123993,20.11627122680396,0],[77.10463267210827,20.11720852599983,0],[77.10413075698317,20.11744006978505,0],[77.10359058464053,20.11611766536304,0],[77.10412959861101,20.11558441142818,0]]]},"properties":{"plotIndex":1192,"source":"washim_soyabean.kml"}},{"type":"Feature","geometry":{"type":"Polygon","coordinates":[[[77.10465249087406,20.11720577815497,0],[77.10426603025321,20.11629392592238,0],[77.10452489461223,20.11614130105447,0],[77.10512672041325,20.11702853494221,0],[77.10465249087406,20.11720577815497,0]]]},"properties":{"plotIndex":1193,"source":"washim_soyabean.kml"}},{"type":"Feature","geometry":{"type":"Polygon","coordinates":[[[77.10509782335706,20.11670955125588,0],[77.10531811051891,20.11662584757552,0],[77.10536892539744,20.11695064142,0],[77.10515322580899,20.11704069855472,0],[77.10494612456118,20.11671673360024,0],[77.1049825863949,20.11665119747749,0],[77.10509782335706,20.11670955125588,0]]]},"properties":{"plotIndex":1194,"source":"washim_soyabean.kml"}},{"type":"Feature","geometry":{"type":"Polygon","coordinates":[[[77.1053978265629,20.11694993766656,0],[77.10539290956774,20.11632356957977,0],[77.10520834097252,20.11636222433533,0],[77.10504994024078,20.11597759560336,0],[77.10464742577108,20.11513158122787,0],[77.10493524112458,20.11495452312651,0],[77.10503296245324,20.11519079966384,0],[77.10522513499706,20.11508957758382,0],[77.10527396736707,20.11515306821173,0],[77.10551404645825,20.11511123568173,0],[77.10585116376302,20.11671025650173,0],[77.1053978265629,20.11694993766656,0]]]},"properties":{"plotIndex":1195,"source":"washim_soyabean.kml"}},{"type":"Feature","geometry":{"type":"Polygon","coordinates":[[[77.10540462139454,20.11877354355007,0],[77.10525629288793,20.11819111666212,0],[77.10488934857125,20.11716128043045,0],[77.10608902778206,20.11668443956507,0],[77.10628209497978,20.1178971735622,0],[77.10609136170858,20.11799952917627,0],[77.1062131537711,20.1186278716434,0],[77.10540462139454,20.11877354355007,0]]]},"properties":{"plotIndex":1196,"source":"washim_soyabean.kml"}},{"type":"Feature","geometry":{"type":"Polygon","coordinates":[[[77.10594169670834,20.11669421520243,0],[77.10584772436006,20.11620852998675,0],[77.10653727682913,20.11610619774857,0],[77.10650182936382,20.11646943290148,0],[77.10594169670834,20.11669421520243,0]]]},"properties":{"plotIndex":1197,"source":"washim_soyabean.kml"}},{"type":"Feature","geometry":{"type":"Polygon","coordinates":[[[77.10630859652086,20.11786343386862,0],[77.10613496547528,20.11670093983516,0],[77.10660011913222,20.11654055723184,0],[77.1067665049707,20.11776330138683,0],[77.10630859652086,20.11786343386862,0]]]},"properties":{"plotIndex":1198,"source":"washim_soyabean.kml"}},{"type":"Feature","geometry":{"type":"Polygon","coordinates":[[[77.10704937243635,20.1194616082471,0],[77.1069823857,20.1185440058373,0],[77.10712721152123,20.11853435756116,0],[77.10704406004604,20.11773383573699,0],[77.1069196693086,20.11658126039678,0],[77.10721491754477,20.11661870130558,0],[77.10750176580997,20.11824652216668,0],[77.10794271400727,20.11815468923166,0],[77.10818642008014,20.11934660923041,0],[77.10753107362959,20.11939267547234,0],[77.10704937243635,20.1194616082471,0]]]},"properties":{"plotIndex":1199,"source":"washim_soyabean.kml"}},{"type":"Feature","geometry":{"type":"Polygon","coordinates":[[[77.10665944997709,20.11784690029429,0],[77.10680359234377,20.11908765987225,0],[77.10681116039208,20.11953956708973,0],[77.10631708830927,20.11956388741671,0],[77.10626504447413,20.11863597304653,0],[77.10612772122778,20.11800867957892,0],[77.10633776508313,20.11790110815391,0],[77.10665944997709,20.11784690029429,0]]]},"properties":{"plotIndex":1200,"source":"washim_soyabean.kml"}},{"type":"Feature","geometry":{"type":"Polygon","coordinates":[[[77.10529846015056,20.11846614529749,0],[77.10561199056548,20.12010326499464,0],[77.10456587363105,20.12008477788109,0],[77.10468810294478,20.12051042369261,0],[77.10396488918572,20.12043796194513,0],[77.10396467937214,20.12023440757125,0],[77.1035442661927,20.11910102133966,0],[77.10529846015056,20.11846614529749,0]]]},"properties":{"plotIndex":1201,"source":"washim_soyabean.kml"}},{"type":"Feature","geometry":{"type":"Polygon","coordinates":[[[77.10622873507269,20.11867276849402,0],[77.1063291741676,20.12019875539663,0],[77.10564867170956,20.12016182511664,0],[77.1053940104882,20.11882342199577,0],[77.10622873507269,20.11867276849402,0]]]},"properties":{"plotIndex":1202,"source":"washim_soyabean.kml"}},{"type":"Feature","geometry":{"type":"Polygon","coordinates":[[[77.10702792166649,20.12072420921066,0],[77.10702116828762,20.11950717039271,0],[77.10755825939292,20.11942188654891,0],[77.10819971885039,20.11936378826609,0],[77.1083761880568,20.12015180597852,0],[77.10787937039285,20.12050259187065,0],[77.10702792166649,20.12072420921066,0]]]},"properties":{"plotIndex":1203,"source":"washim_soyabean.kml"}},{"type":"Feature","geometry":{"type":"Polygon","coordinates":[[[77.10404236399488,20.12089261569331,0],[77.10408795086272,20.1204868287233,0],[77.10464079623364,20.12055214837576,0],[77.10458538382566,20.12094529938198,0],[77.10404236399488,20.12089261569331,0]]]},"properties":{"plotIndex":1204,"source":"washim_soyabean.kml"}},{"type":"Feature","geometry":{"type":"Polygon","coordinates":[[[77.10461705457176,20.12090589464271,0],[77.10466852241056,20.12055215062773,0],[77.10472732889826,20.12053908789212,0],[77.10460159361058,20.12011277634517,0],[77.10560783766252,20.12012786510099,0],[77.10570518525896,20.12064364122237,0],[77.1056668302625,20.12101229947646,0],[77.10461705457176,20.12090589464271,0]]]},"properties":{"plotIndex":1205,"source":"washim_soyabean.kml"}},{"type":"Feature","geometry":{"type":"Polygon","coordinates":[[[77.10573301325319,20.12066125000683,0],[77.10565278665776,20.12018318149621,0],[77.10632421573057,20.12022122165837,0],[77.1063402972106,20.12072198633224,0],[77.10573301325319,20.12066125000683,0]]]},"properties":{"plotIndex":1206,"source":"washim_soyabean.kml"}},{"type":"Feature","geometry":{"type":"Polygon","coordinates":[[[77.10637903010438,20.12071195900344,0],[77.10631469389119,20.11959811264312,0],[77.10683977307642,20.1195593592433,0],[77.10683669836075,20.11908476082561,0],[77.10670610199591,20.11798679916763,0],[77.10684580863891,20.11795102401741,0],[77.10699661025683,20.11913100234079,0],[77.10700089005103,20.11957185537113,0],[77.10699688436857,20.12069960448261,0],[77.10637903010438,20.12071195900344,0]]]},"properties":{"plotIndex":1207,"source":"washim_soyabean.kml"}},{"type":"Feature","geometry":{"type":"Polygon","coordinates":[[[77.11104469487196,20.1163962085594,0],[77.11132589813589,20.11710525250149,0],[77.11015027010488,20.11812535638264,0],[77.10992923104752,20.11745212439989,0],[77.11104469487196,20.1163962085594,0]]]},"properties":{"plotIndex":1208,"source":"washim_soyabean.kml"}},{"type":"Feature","geometry":{"type":"Polygon","coordinates":[[[77.11032227257913,20.11853479990032,0],[77.11179445226892,20.12030928247409,0],[77.1111458186059,20.12075237730259,0],[77.11026864928695,20.12130901772803,0],[77.11007856340949,20.12089401954936,0],[77.10960257022379,20.11988513095585,0],[77.10925316049345,20.1195039543688,0],[77.11032227257913,20.11853479990032,0]]]},"properties":{"plotIndex":1209,"source":"washim_soyabean.kml"}},{"type":"Feature","geometry":{"type":"Polygon","coordinates":[[[77.10923336836176,20.11952224763523,0],[77.10959294458469,20.11991880317863,0],[77.10973162909819,20.1202413818685,0],[77.10847159568752,20.12032374688898,0],[77.10842502992833,20.1201719934015,0],[77.10923336836176,20.11952224763523,0]]]},"properties":{"plotIndex":1210,"source":"washim_soyabean.kml"}},{"type":"Feature","geometry":{"type":"Polygon","coordinates":[[[77.10838514594715,20.12019079386755,0],[77.10886199375099,20.12129990906957,0],[77.10809830990124,20.1212045791529,0],[77.10793188547727,20.12051147642404,0],[77.10838514594715,20.12019079386755,0]]]},"properties":{"plotIndex":1211,"source":"washim_soyabean.kml"}},{"type":"Feature","geometry":{"type":"Polygon","coordinates":[[[77.10975764282097,20.12026577666818,0],[77.11011386987937,20.12132455649053,0],[77.10926950601734,20.121287872294,0],[77.109371034386,20.12109743985689,0],[77.10916305168678,20.12072773679603,0],[77.10873506774035,20.12089000960091,0],[77.10850388989113,20.12035236503867,0],[77.10975764282097,20.12026577666818,0]]]},"properties":{"plotIndex":1212,"source":"washim_soyabean.kml"}},{"type":"Feature","geometry":{"type":"Polygon","coordinates":[[[77.10570254163815,20.12100959564652,0],[77.10574309962357,20.12068660653911,0],[77.10647113133854,20.12075887594869,0],[77.10709231286789,20.12073772331578,0],[77.1078956966179,20.12053267298512,0],[77.10800803670521,20.12121107577643,0],[77.10570254163815,20.12100959564652,0]]]},"properties":{"plotIndex":1213,"source":"washim_soyabean.kml"}},{"type":"Feature","geometry":{"type":"Polygon","coordinates":[[[77.10389500868858,20.12192109697369,0],[77.10396739231584,20.12095534447457,0],[77.10521416503924,20.1210571391541,0],[77.10507613388887,20.12197051351612,0],[77.10389500868858,20.12192109697369,0]]]},"properties":{"plotIndex":1214,"source":"washim_soyabean.kml"}},{"type":"Feature","geometry":{"type":"Polygon","coordinates":[[[77.1051620187283,20.12196810825961,0],[77.1052756365946,20.12105047912964,0],[77.10562924863605,20.12107828650143,0],[77.10553998176572,20.12198878541945,0],[77.1051620187283,20.12196810825961,0]]]},"properties":{"plotIndex":1215,"source":"washim_soyabean.kml"}},{"type":"Feature","geometry":{"type":"Polygon","coordinates":[[[77.10564728364518,20.12148146746348,0],[77.10567813117285,20.12106646153,0],[77.10800310870604,20.1212724836696,0],[77.10806815159836,20.12152455586126,0],[77.10564728364518,20.12148146746348,0]]]},"properties":{"plotIndex":1216,"source":"washim_soyabean.kml"}},{"type":"Feature","geometry":{"type":"Polygon","coordinates":[[[77.10560432473649,20.12199215770644,0],[77.1056374977939,20.12149686422614,0],[77.10713356030257,20.12152119235744,0],[77.10708680648311,20.12205356036502,0],[77.10560432473649,20.12199215770644,0]]]},"properties":{"plotIndex":1217,"source":"washim_soyabean.kml"}},{"type":"Feature","geometry":{"type":"Polygon","coordinates":[[[77.10719265093714,20.12207520533677,0],[77.1071850274461,20.12194840650047,0],[77.1073016695278,20.1218056390103,0],[77.10723567145475,20.12164657920969,0],[77.10715690641219,20.12163232954503,0],[77.10715891762612,20.12153086635803,0],[77.10806675691983,20.12153578874711,0],[77.10816175088682,20.12211851476446,0],[77.10719265093714,20.12207520533677,0]]]},"properties":{"plotIndex":1218,"source":"washim_soyabean.kml"}},{"type":"Feature","geometry":{"type":"Polygon","coordinates":[[[77.10858390864699,20.12265030181021,0],[77.10827335643134,20.12240062916621,0],[77.10807885190522,20.12129366508251,0],[77.10892566086525,20.12139001331406,0],[77.10913480795637,20.12223769343694,0],[77.10858390864699,20.12265030181021,0]]]},"properties":{"plotIndex":1219,"source":"washim_soyabean.kml"}},{"type":"Feature","geometry":{"type":"Polygon","coordinates":[[[77.11018826545589,20.12149542698957,0],[77.10925073914177,20.12218816197617,0],[77.10906497559066,20.12143713673505,0],[77.11018826545589,20.12149542698957,0]]]},"properties":{"plotIndex":1220,"source":"washim_soyabean.kml"}},{"type":"Feature","geometry":{"type":"Polygon","coordinates":[[[77.11045123547451,20.12134681337691,0],[77.1132256329742,20.11926669666353,0],[77.11243847196475,20.12040326045947,0],[77.11145827385883,20.12147929850346,0],[77.11045123547451,20.12134681337691,0]]]},"properties":{"plotIndex":1221,"source":"washim_soyabean.kml"}},{"type":"Feature","geometry":{"type":"Polygon","coordinates":[[[77.11171886834786,20.12155523743222,0],[77.11271490907488,20.12044977441338,0],[77.1132985034667,20.12169043702647,0],[77.11171886834786,20.12155523743222,0]]]},"properties":{"plotIndex":1222,"source":"washim_soyabean.kml"}},{"type":"Feature","geometry":{"type":"Polygon","coordinates":[[[77.10113107648603,20.12068900438126,0],[77.09978551912918,20.1210738692914,0],[77.09954612159218,20.12048871382831,0],[77.10113107648603,20.12068900438126,0]]]},"properties":{"plotIndex":1223,"source":"washim_soyabean.kml"}},{"type":"Feature","geometry":{"type":"Polygon","coordinates":[[[77.10052769111333,20.12139931780921,0],[77.10040545209549,20.12091177221206,0],[77.10114855290806,20.12073096855176,0],[77.10131626587811,20.1215556674226,0],[77.10136629419264,20.1222266150587,0],[77.10127506405344,20.12249751367408,0],[77.1012333027619,20.12280365837196,0],[77.1003633440847,20.12293897719724,0],[77.1001494639391,20.12147882386697,0],[77.10052769111333,20.12139931780921,0]]]},"properties":{"plotIndex":1224,"source":"washim_soyabean.kml"}},{"type":"Feature","geometry":{"type":"Polygon","coordinates":[[[77.10138618223343,20.12224837971869,0],[77.10138480104153,20.12165789850971,0],[77.10261543773427,20.1216886104099,0],[77.10256879879658,20.1227724045089,0],[77.10164149824152,20.12275954173358,0],[77.10124993467419,20.12275986042154,0],[77.10130363988407,20.12248045986593,0],[77.10138618223343,20.12224837971869,0]]]},"properties":{"plotIndex":1225,"source":"washim_soyabean.kml"}},{"type":"Feature","geometry":{"type":"Polygon","coordinates":[[[77.08617873727573,20.11393400625056,0],[77.08647479572882,20.11387270609483,0],[77.0867674659832,20.11449116641385,0],[77.08655742427435,20.11455163869136,0],[77.08648604220801,20.11452009463378,0],[77.0860977525831,20.11470105530591,0],[77.08573469416704,20.1141102702659,0],[77.08617873727573,20.11393400625056,0]]]},"properties":{"plotIndex":1226,"source":"washim_soyabean.kml"}},{"type":"Feature","geometry":{"type":"Polygon","coordinates":[[[77.08650856029253,20.11464054160609,0],[77.08661407029052,20.11482187296063,0],[77.08664415186216,20.11500900270117,0],[77.08668175541995,20.11511133911234,0],[77.08681720058003,20.1151994639649,0],[77.08700904048767,20.11516065294405,0],[77.08723042266907,20.11539740786369,0],[77.08748983671265,20.11523152853989,0],[77.08764357663615,20.11523510775556,0],[77.08794349207547,20.11585095434692,0],[77.08684023335,20.11624691997106,0],[77.08662532773762,20.11558056739408,0],[77.08658026496467,20.115425618378,0],[77.08636241876548,20.11521047107441,0],[77.08611732267134,20.11506526407085,0],[77.0860225291605,20.11490567674485,0],[77.08650856029253,20.11464054160609,0]]]},"properties":{"plotIndex":1227,"source":"washim_soyabean.kml"}},{"type":"Feature","geometry":{"type":"Polygon","coordinates":[[[77.08599116244926,20.11489460935474,0],[77.08603685658831,20.11511636418307,0],[77.08622441339486,20.11521643348983,0],[77.08643430740196,20.11537506942337,0],[77.08654629541502,20.11553289607301,0],[77.08527006907465,20.11602886500741,0],[77.08505027708426,20.11518974404772,0],[77.08599116244926,20.11489460935474,0]]]},"properties":{"plotIndex":1228,"source":"washim_soyabean.kml"}},{"type":"Feature","geometry":{"type":"Polygon","coordinates":[[[77.08659190117285,20.11553217880545,0],[77.08721021252299,20.11754271967976,0],[77.08658932567307,20.11754734550433,0],[77.08599763370671,20.11578857983782,0],[77.08659190117285,20.11553217880545,0]]]},"properties":{"plotIndex":1229,"source":"washim_soyabean.kml"}},{"type":"Feature","geometry":{"type":"Polygon","coordinates":[[[77.15044145133781,20.13381521493303,0],[77.14986075955989,20.1329100957962,0],[77.15068722138192,20.13259262791134,0],[77.15197563790564,20.13560871975654,0],[77.15167585255024,20.13560988986449,0],[77.15116804600552,20.13540430601788,0],[77.15071142186108,20.13515881646171,0],[77.14954289884133,20.13557883633874,0],[77.14913498777054,20.13422310313522,0],[77.15044145133781,20.13381521493303,0]]]},"properties":{"plotIndex":1230,"source":"washim_soyabean.kml"}},{"type":"Feature","geometry":{"type":"Polygon","coordinates":[[[77.15155602613532,20.13565602947199,0],[77.15190506151934,20.13568065154146,0],[77.15125014142758,20.13588527465125,0],[77.15094306891255,20.13539221276611,0],[77.15155602613532,20.13565602947199,0]]]},"properties":{"plotIndex":1231,"source":"washim_soyabean.kml"}},{"type":"Feature","geometry":{"type":"Polygon","coordinates":[[[77.15018322782886,20.13344154119362,0],[77.15040451966325,20.133806643931,0],[77.14952978627379,20.13407133691513,0],[77.14938980668903,20.13369207266349,0],[77.15018322782886,20.13344154119362,0]]]},"properties":{"plotIndex":1232,"source":"washim_soyabean.kml"}},{"type":"Feature","geometry":{"type":"Polygon","coordinates":[[[77.1498387543415,20.13290819317077,0],[77.15012673231477,20.133359608845,0],[77.14931454556083,20.1335867941663,0],[77.14912766382324,20.133162204104,0],[77.1498387543415,20.13290819317077,0]]]},"properties":{"plotIndex":1233,"source":"washim_soyabean.kml"}},{"type":"Feature","geometry":{"type":"Polygon","coordinates":[[[77.14905631460294,20.13314217867752,0],[77.14924661731698,20.13358437061729,0],[77.14846223664468,20.13379213028285,0],[77.14831849291502,20.13331361329036,0],[77.14905631460294,20.13314217867752,0]]]},"properties":{"plotIndex":1234,"source":"washim_soyabean.kml"}},{"type":"Feature","geometry":{"type":"Polygon","coordinates":[[[77.14808396485888,20.13230342424145,0],[77.14832782398621,20.13328891336971,0],[77.14778355299994,20.13352969091044,0],[77.14752944583135,20.13258155066594,0],[77.14752662012337,20.1323090643708,0],[77.14808396485888,20.13230342424145,0]]]},"properties":{"plotIndex":1235,"source":"washim_soyabean.kml"}},{"type":"Feature","geometry":{"type":"Polygon","coordinates":[[[77.14946546126097,20.13228229638568,0],[77.14967933915786,20.13291269698307,0],[77.14906630152046,20.13312277530565,0],[77.14834477814327,20.13328255818721,0],[77.14809792159633,20.1322953680594,0],[77.14946546126097,20.13228229638568,0]]]},"properties":{"plotIndex":1236,"source":"washim_soyabean.kml"}},{"type":"Feature","geometry":{"type":"Polygon","coordinates":[[[77.14972016138435,20.13231135756038,0],[77.14986975372635,20.13283323916815,0],[77.14969748048985,20.13290179289163,0],[77.14948098904841,20.13228439124057,0],[77.14972016138435,20.13231135756038,0]]]},"properties":{"plotIndex":1237,"source":"washim_soyabean.kml"}},{"type":"Feature","geometry":{"type":"Polygon","coordinates":[[[77.14915107050818,20.13042692736442,0],[77.1497179570627,20.13229420122094,0],[77.14950006653406,20.13225883722676,0],[77.14893318948528,20.13047769837078,0],[77.14915107050818,20.13042692736442,0]]]},"properties":{"plotIndex":1238,"source":"washim_soyabean.kml"}},{"type":"Feature","geometry":{"type":"Polygon","coordinates":[[[77.14756053588296,20.13218707540745,0],[77.14786960070086,20.13153370352582,0],[77.14808174287403,20.13225169143564,0],[77.14756053588296,20.13218707540745,0]]]},"properties":{"plotIndex":1239,"source":"washim_soyabean.kml"}},{"type":"Feature","geometry":{"type":"Polygon","coordinates":[[[77.1478766321279,20.13147758918263,0],[77.14791900382426,20.13133900782235,0],[77.14850232565567,20.13127603848992,0],[77.14871672732762,20.13223910270202,0],[77.1481027843145,20.13223852441896,0],[77.1478766321279,20.13147758918263,0]]]},"properties":{"plotIndex":1240,"source":"washim_soyabean.kml"}},{"type":"Feature","geometry":{"type":"Polygon","coordinates":[[[77.14793015690987,20.13131795235959,0],[77.148019114191,20.13105092160857,0],[77.14811302900905,20.1304160748209,0],[77.14864323064354,20.13041876578358,0],[77.14890281293313,20.13046618427222,0],[77.14946549639706,20.13225159224848,0],[77.14874090191799,20.13223581222599,0],[77.14853096776505,20.13123785737813,0],[77.14793015690987,20.13131795235959,0]]]},"properties":{"plotIndex":1241,"source":"washim_soyabean.kml"}},{"type":"Feature","geometry":{"type":"Polygon","coordinates":[[[77.14857860181394,20.13038125624619,0],[77.1484837548906,20.13001839028533,0],[77.148564473187,20.12991707234572,0],[77.14863745325808,20.12970523801518,0],[77.14881021638057,20.12982136791457,0],[77.14894981274873,20.13001204039987,0],[77.14961681468985,20.12979796758362,0],[77.14994464384027,20.1306002153554,0],[77.14927698357867,20.13081357475319,0],[77.149162157502,20.13040983325084,0],[77.14892653158711,20.13046372695506,0],[77.14857860181394,20.13038125624619,0]]]},"properties":{"plotIndex":1242,"source":"washim_soyabean.kml"}},{"type":"Feature","geometry":{"type":"Polygon","coordinates":[[[77.14672021909371,20.13336868816511,0],[77.14674902386642,20.13320744500394,0],[77.14707315639644,20.13314575556873,0],[77.14709471348098,20.1328222465538,0],[77.1474909988741,20.13258508439091,0],[77.14795274547438,20.13422585183909,0],[77.14770324525014,20.13415560168429,0],[77.1476112397062,20.13396751054033,0],[77.14746337836603,20.13393975451283,0],[77.14740096060467,20.13387187162546,0],[77.14688854325831,20.13385788980909,0],[77.14695107274177,20.13346158624836,0],[77.14672021909371,20.13336868816511,0]]]},"properties":{"plotIndex":1243,"source":"washim_soyabean.kml"}},{"type":"Feature","geometry":{"type":"Polygon","coordinates":[[[77.14726600780989,20.13613584507112,0],[77.14706883599813,20.13471222750615,0],[77.14751928179497,20.13457712692718,0],[77.14752772830364,20.13439198954614,0],[77.14771991542169,20.13419015734814,0],[77.14845681542148,20.13439786485155,0],[77.14861500401805,20.13500141330571,0],[77.14858041175465,20.13541067144154,0],[77.14789023202779,20.13546650101775,0],[77.14798278030263,20.13592013430522,0],[77.14726600780989,20.13613584507112,0]]]},"properties":{"plotIndex":1244,"source":"washim_soyabean.kml"}},{"type":"Feature","geometry":{"type":"Polygon","coordinates":[[[77.14728284511536,20.13712637786474,0],[77.14723290005,20.13623489616606,0],[77.14831367428346,20.13594969509081,0],[77.14922585831637,20.13582975752719,0],[77.14959370562572,20.1363721527971,0],[77.1497985741413,20.13637872234847,0],[77.1488298885412,20.1366291771249,0],[77.14886877491155,20.13695678576521,0],[77.14728284511536,20.13712637786474,0]]]},"properties":{"plotIndex":1245,"source":"washim_soyabean.kml"}},{"type":"Feature","geometry":{"type":"Polygon","coordinates":[[[77.14738602741012,20.13761177667107,0],[77.14729598343733,20.13724744762602,0],[77.14777942831302,20.13715535267591,0],[77.14887430616514,20.1369612277119,0],[77.14888399087957,20.13729345402931,0],[77.14738602741012,20.13761177667107,0]]]},"properties":{"plotIndex":1246,"source":"washim_soyabean.kml"}},{"type":"Feature","geometry":{"type":"Polygon","coordinates":[[[77.148897388643,20.13728847637824,0],[77.14888952577714,20.13695733979736,0],[77.14885159356164,20.1366503876494,0],[77.14980844048512,20.13639264794895,0],[77.14993017379993,20.13647485007512,0],[77.15000041347234,20.13700420778258,0],[77.15058375469302,20.13688706457451,0],[77.15058750514065,20.13730601871951,0],[77.1496589023072,20.13745395030018,0],[77.1493862039139,20.13717305751174,0],[77.148897388643,20.13728847637824,0]]]},"properties":{"plotIndex":1247,"source":"washim_soyabean.kml"}},{"type":"Feature","geometry":{"type":"Polygon","coordinates":[[[77.15001446418975,20.13697990442514,0],[77.1499520982555,20.13651012355831,0],[77.15047218415168,20.13634826052894,0],[77.15054646159828,20.13649600856395,0],[77.1507841669542,20.13642881989211,0],[77.15072089430016,20.13618591374732,0],[77.15086701456521,20.13613778271927,0],[77.15105340748623,20.13689363808281,0],[77.1510753765901,20.13727035576792,0],[77.15062149665322,20.13735280572947,0],[77.15059956301785,20.13687160861038,0],[77.15001446418975,20.13697990442514,0]]]},"properties":{"plotIndex":1248,"source":"washim_soyabean.kml"}},{"type":"Feature","geometry":{"type":"Polygon","coordinates":[[[77.15106843967814,20.13686278422547,0],[77.15086916440313,20.13608524538473,0],[77.15115345389664,20.13601171949502,0],[77.1513806346658,20.13687643668882,0],[77.15106843967814,20.13686278422547,0]]]},"properties":{"plotIndex":1249,"source":"washim_soyabean.kml"}},{"type":"Feature","geometry":{"type":"Polygon","coordinates":[[[77.15139543448583,20.1368742351915,0],[77.15115955012257,20.13600007181685,0],[77.15142138076723,20.1358973857178,0],[77.15173130388908,20.13581242330076,0],[77.15208788860976,20.1365772146349,0],[77.15164940918254,20.13670608894301,0],[77.15169213784104,20.13683739246122,0],[77.15139543448583,20.1368742351915,0]]]},"properties":{"plotIndex":1250,"source":"washim_soyabean.kml"}},{"type":"Feature","geometry":{"type":"Polygon","coordinates":[[[77.1505527588269,20.13810366541153,0],[77.15054952171552,20.1374782373953,0],[77.15095889455156,20.1373799975944,0],[77.15117244621422,20.1379984661631,0],[77.1505527588269,20.13810366541153,0]]]},"properties":{"plotIndex":1251,"source":"washim_soyabean.kml"}},{"type":"Feature","geometry":{"type":"Polygon","coordinates":[[[77.14972080427317,20.13784987028503,0],[77.14970708968009,20.13747924322905,0],[77.15054004465854,20.13735432456564,0],[77.15053135626287,20.1377383064387,0],[77.14972080427317,20.13784987028503,0]]]},"properties":{"plotIndex":1252,"source":"washim_soyabean.kml"}},{"type":"Feature","geometry":{"type":"Polygon","coordinates":[[[77.14972526640078,20.13823131102628,0],[77.14972511578992,20.13786630323796,0],[77.15053589001306,20.13775597441542,0],[77.15053213295711,20.13815236528349,0],[77.14972526640078,20.13823131102628,0]]]},"properties":{"plotIndex":1253,"source":"washim_soyabean.kml"}},{"type":"Feature","geometry":{"type":"Polygon","coordinates":[[[77.15054082646722,20.13865954130114,0],[77.15055702871199,20.13812181725893,0],[77.15116800321168,20.13801997450045,0],[77.15132371624607,20.13855964319468,0],[77.15054082646722,20.13865954130114,0]]]},"properties":{"plotIndex":1254,"source":"washim_soyabean.kml"}},{"type":"Feature","geometry":{"type":"Polygon","coordinates":[[[77.150517202097,20.13897041262821,0],[77.15053868272776,20.13867163763632,0],[77.15134264051608,20.13857374462775,0],[77.15141211035602,20.13886118982603,0],[77.150517202097,20.13897041262821,0]]]},"properties":{"plotIndex":1255,"source":"washim_soyabean.kml"}},{"type":"Feature","geometry":{"type":"Polygon","coordinates":[[[77.150549792984,20.13944637159299,0],[77.15056001633621,20.13898842288699,0],[77.15142441285833,20.13887882506943,0],[77.15159195248657,20.13933733530893,0],[77.150549792984,20.13944637159299,0]]]},"properties":{"plotIndex":1256,"source":"washim_soyabean.kml"}},{"type":"Feature","geometry":{"type":"Polygon","coordinates":[[[77.15165017975661,20.1393231766303,0],[77.15157034587946,20.13902390596509,0],[77.152333863232,20.1389028172176,0],[77.15239639124515,20.1392160581944,0],[77.15165017975661,20.1393231766303,0]]]},"properties":{"plotIndex":1257,"source":"washim_soyabean.kml"}},{"type":"Feature","geometry":{"type":"Polygon","coordinates":[[[77.15243776295289,20.13921504169495,0],[77.1523699192277,20.13888883416914,0],[77.15350865974621,20.13871040625125,0],[77.15375294285194,20.13896093183304,0],[77.15243776295289,20.13921504169495,0]]]},"properties":{"plotIndex":1258,"source":"washim_soyabean.kml"}},{"type":"Feature","geometry":{"type":"Polygon","coordinates":[[[77.15067633898389,20.1400821972255,0],[77.15055205227347,20.13947262006841,0],[77.15160546594686,20.13936038154496,0],[77.15181307907062,20.14001118677776,0],[77.15067633898389,20.1400821972255,0]]]},"properties":{"plotIndex":1259,"source":"washim_soyabean.kml"}},{"type":"Feature","geometry":{"type":"Polygon","coordinates":[[[77.15185347606241,20.13997877590009,0],[77.15165103386022,20.13935912019334,0],[77.15241832981195,20.13923651833626,0],[77.15379861324759,20.13897620096925,0],[77.15426995759975,20.13950316442552,0],[77.15301136475321,20.13985581312717,0],[77.15185347606241,20.13997877590009,0]]]},"properties":{"plotIndex":1260,"source":"washim_soyabean.kml"}},{"type":"Feature","geometry":{"type":"Polygon","coordinates":[[[77.1521398797829,20.14037712170913,0],[77.15209472949952,20.13999031907553,0],[77.15301478192474,20.13988484991866,0],[77.15429383205712,20.13952811848431,0],[77.15448063521836,20.13976893873655,0],[77.15314612054293,20.14021114934411,0],[77.1521398797829,20.14037712170913,0]]]},"properties":{"plotIndex":1261,"source":"washim_soyabean.kml"}},{"type":"Feature","geometry":{"type":"Polygon","coordinates":[[[77.15065826897248,20.14217408855912,0],[77.15068840586406,20.14152514883931,0],[77.15227394348688,20.14132159127921,0],[77.1523565208787,20.14200434067961,0],[77.15065826897248,20.14217408855912,0]]]},"properties":{"plotIndex":1262,"source":"washim_soyabean.kml"}},{"type":"Feature","geometry":{"type":"Polygon","coordinates":[[[77.15070343107274,20.14286059834927,0],[77.15071476099969,20.14220004188173,0],[77.15236883054345,20.14202588137267,0],[77.15250555254771,20.14264606171828,0],[77.15158439408316,20.14277974882454,0],[77.15070343107274,20.14286059834927,0]]]},"properties":{"plotIndex":1263,"source":"washim_soyabean.kml"}},{"type":"Feature","geometry":{"type":"Polygon","coordinates":[[[77.15066966851009,20.14413159729719,0],[77.15070036086203,20.14292885545443,0],[77.15247523969332,20.14270936682587,0],[77.1527292371605,20.14394042234813,0],[77.1515624967152,20.14412058253537,0],[77.1514641715119,20.14407186528105,0],[77.15066966851009,20.14413159729719,0]]]},"properties":{"plotIndex":1264,"source":"washim_soyabean.kml"}},{"type":"Feature","geometry":{"type":"Polygon","coordinates":[[[77.14971459485984,20.14417033875864,0],[77.14954488337611,20.14309631754786,0],[77.15065779970124,20.14297790579829,0],[77.15064793532287,20.14406197954771,0],[77.14971459485984,20.14417033875864,0]]]},"properties":{"plotIndex":1265,"source":"washim_soyabean.kml"}},{"type":"Feature","geometry":{"type":"Polygon","coordinates":[[[77.14968883624317,20.14304733264486,0],[77.14966303396028,20.14280702205833,0],[77.15067661667932,20.14266824459709,0],[77.1506698150429,20.14294063588092,0],[77.14968883624317,20.14304733264486,0]]]},"properties":{"plotIndex":1266,"source":"washim_soyabean.kml"}},{"type":"Feature","geometry":{"type":"Polygon","coordinates":[[[77.14908375002592,20.14386256989386,0],[77.14891430998019,20.14291462780847,0],[77.14964109375217,20.14279736261342,0],[77.14967141917802,20.14305984673665,0],[77.14952303189554,20.14308662975846,0],[77.14963328963891,20.14381918960991,0],[77.14908375002592,20.14386256989386,0]]]},"properties":{"plotIndex":1267,"source":"washim_soyabean.kml"}},{"type":"Feature","geometry":{"type":"Polygon","coordinates":[[[77.1496584348277,20.14277829658648,0],[77.14957141130178,20.14213638435553,0],[77.15062177190342,20.14199488093271,0],[77.15060067219409,20.14266445567699,0],[77.1496584348277,20.14277829658648,0]]]},"properties":{"plotIndex":1268,"source":"washim_soyabean.kml"}},{"type":"Feature","geometry":{"type":"Polygon","coordinates":[[[77.14892577504982,20.14288123580923,0],[77.14878468690385,20.14225081174572,0],[77.14953882720738,20.14212769907616,0],[77.14962850358927,20.14278560539598,0],[77.14892577504982,20.14288123580923,0]]]},"properties":{"plotIndex":1269,"source":"washim_soyabean.kml"}},{"type":"Feature","geometry":{"type":"Polygon","coordinates":[[[77.1492432779646,20.14104681084989,0],[77.14900588759382,20.14003900007474,0],[77.14975421867834,20.13993468443287,0],[77.14993098478168,20.140946701616,0],[77.1492432779646,20.14104681084989,0]]]},"properties":{"plotIndex":1270,"source":"washim_soyabean.kml"}},{"type":"Feature","geometry":{"type":"Polygon","coordinates":[[[77.14847261335902,20.1411905533371,0],[77.14819325561321,20.14041734213355,0],[77.1490091651971,20.14023879406662,0],[77.14922587880355,20.14105754497739,0],[77.14847261335902,20.1411905533371,0]]]},"properties":{"plotIndex":1271,"source":"washim_soyabean.kml"}},{"type":"Feature","geometry":{"type":"Polygon","coordinates":[[[77.14994891564533,20.14095046461595,0],[77.14977267977366,20.13993491508116,0],[77.15000439553101,20.13989839464328,0],[77.15016230378436,20.14093920976041,0],[77.14994891564533,20.14095046461595,0]]]},"properties":{"plotIndex":1272,"source":"washim_soyabean.kml"}},{"type":"Feature","geometry":{"type":"Polygon","coordinates":[[[77.1481898890763,20.14038864281343,0],[77.14792022410899,20.13955179947482,0],[77.14878793576315,20.1393948677574,0],[77.14895131220617,20.14022093515585,0],[77.1481898890763,20.14038864281343,0]]]},"properties":{"plotIndex":1273,"source":"washim_soyabean.kml"}},{"type":"Feature","geometry":{"type":"Polygon","coordinates":[[[77.14784906815181,20.13949149210071,0],[77.1477461941754,20.13909945819058,0],[77.14968839368076,20.13889478288332,0],[77.14972686677953,20.13926813610355,0],[77.14911470737073,20.13929048507989,0],[77.14784906815181,20.13949149210071,0]]]},"properties":{"plotIndex":1274,"source":"washim_soyabean.kml"}},{"type":"Feature","geometry":{"type":"Polygon","coordinates":[[[77.14974838494487,20.13924260681421,0],[77.14970884901966,20.13889571206553,0],[77.15050315517651,20.13880641482299,0],[77.15052006935449,20.13940140480945,0],[77.15031472512051,20.13929855196742,0],[77.14974838494487,20.13924260681421,0]]]},"properties":{"plotIndex":1275,"source":"washim_soyabean.kml"}},{"type":"Feature","geometry":{"type":"Polygon","coordinates":[[[77.10419487263577,20.12615895739455,0],[77.1042999559075,20.12493536286792,0],[77.10475720764904,20.12499850343452,0],[77.10464818034855,20.12616542074393,0],[77.10447744579078,20.12615761032493,0],[77.10431187351841,20.1261852689689,0],[77.10419487263577,20.12615895739455,0]]]},"properties":{"plotIndex":1276,"source":"washim_soyabean.kml"}},{"type":"Feature","geometry":{"type":"Polygon","coordinates":[[[77.10371730819122,20.12612798393298,0],[77.10382324467307,20.12490258158478,0],[77.10428552197985,20.12493502413869,0],[77.10418141400342,20.12618676194515,0],[77.10371730819122,20.12612798393298,0]]]},"properties":{"plotIndex":1277,"source":"washim_soyabean.kml"}},{"type":"Feature","geometry":{"type":"Polygon","coordinates":[[[77.10184860427404,20.12513512492927,0],[77.10187277313797,20.12483307588936,0],[77.10378666334722,20.1245978363369,0],[77.1037846323209,20.12491753977895,0],[77.10184860427404,20.12513512492927,0]]]},"properties":{"plotIndex":1278,"source":"washim_soyabean.kml"}},{"type":"Feature","geometry":{"type":"Polygon","coordinates":[[[77.10164638681124,20.12483546958887,0],[77.1015506242368,20.12453091708792,0],[77.10382656158632,20.1242609565334,0],[77.10378265691067,20.12457220435138,0],[77.10164638681124,20.12483546958887,0]]]},"properties":{"plotIndex":1279,"source":"washim_soyabean.kml"}},{"type":"Feature","geometry":{"type":"Polygon","coordinates":[[[77.10153791324174,20.12451199203639,0],[77.10149862465558,20.12434085940653,0],[77.10159225022717,20.12433324380748,0],[77.10156220102658,20.12419810213899,0],[77.10384070295993,20.12390225179661,0],[77.10382182087706,20.12424974280293,0],[77.10153791324174,20.12451199203639,0]]]},"properties":{"plotIndex":1280,"source":"washim_soyabean.kml"}},{"type":"Feature","geometry":{"type":"Polygon","coordinates":[[[77.10148080618437,20.12415853363496,0],[77.1011354053613,20.12384285338003,0],[77.10118121679956,20.12343935151154,0],[77.1027627128622,20.12331518930961,0],[77.10280261976436,20.12400554793669,0],[77.10148080618437,20.12415853363496,0]]]},"properties":{"plotIndex":1281,"source":"washim_soyabean.kml"}},{"type":"Feature","geometry":{"type":"Polygon","coordinates":[[[77.10118519402279,20.12340949900899,0],[77.10115803358077,20.12320098816484,0],[77.1012692314658,20.12281377791357,0],[77.10165005590791,20.12278185951659,0],[77.1020654465918,20.1228119723441,0],[77.10209556980288,20.1233337287136,0],[77.10118519402279,20.12340949900899,0]]]},"properties":{"plotIndex":1282,"source":"washim_soyabean.kml"}},{"type":"Feature","geometry":{"type":"Polygon","coordinates":[[[77.09867762576312,20.12049773614202,0],[77.09893590424628,20.12113802353135,0],[77.0983432901998,20.12136472022279,0],[77.09863063529515,20.12226260364598,0],[77.09839222901174,20.12228670397279,0],[77.09820539322382,20.12219421348345,0],[77.0980474069308,20.12179777305484,0],[77.09811580725118,20.12165472245301,0],[77.09768172566696,20.12042899690999,0],[77.09867762576312,20.12049773614202,0]]]},"properties":{"plotIndex":1283,"source":"washim_soyabean.kml"}},{"type":"Feature","geometry":{"type":"Polygon","coordinates":[[[77.0991046807955,20.12045740659502,0],[77.0995226376805,20.12048583400802,0],[77.09976716846695,20.12108045187205,0],[77.09906266166995,20.12139661077539,0],[77.0986976719633,20.12048441080157,0],[77.0991046807955,20.12045740659502,0]]]},"properties":{"plotIndex":1284,"source":"washim_soyabean.kml"}},{"type":"Feature","geometry":{"type":"Polygon","coordinates":[[[77.09888729722624,20.12149637823697,0],[77.0991799091684,20.12211197461911,0],[77.09867572235751,20.12228121182197,0],[77.09835607935729,20.12137386648247,0],[77.09894210623261,20.12117161689903,0],[77.09904766455682,20.12142080733207,0],[77.09888729722624,20.12149637823697,0]]]},"properties":{"plotIndex":1285,"source":"washim_soyabean.kml"}},{"type":"Feature","geometry":{"type":"Polygon","coordinates":[[[77.09835651993912,20.12231683812575,0],[77.09864880184102,20.12230342421771,0],[77.09887740522042,20.12308122579863,0],[77.09853156055364,20.12313236308331,0],[77.0982418520482,20.12224596716988,0],[77.09835651993912,20.12231683812575,0]]]},"properties":{"plotIndex":1286,"source":"washim_soyabean.kml"}},{"type":"Feature","geometry":{"type":"Polygon","coordinates":[[[77.09919041275784,20.12214445265039,0],[77.09928284174248,20.12234889677167,0],[77.10016398414066,20.12195180145658,0],[77.10029947001235,20.12288170635862,0],[77.10023281015498,20.12295364255314,0],[77.09892848113502,20.12311062252043,0],[77.09869388557082,20.12231213049973,0],[77.09919041275784,20.12214445265039,0]]]},"properties":{"plotIndex":1287,"source":"washim_soyabean.kml"}},{"type":"Feature","geometry":{"type":"Polygon","coordinates":[[[77.09801315572807,20.12178230344735,0],[77.09849194542238,20.12315067408433,0],[77.09854948344913,20.12333847358011,0],[77.09790290027775,20.12355649799923,0],[77.09744207906479,20.12226512536872,0],[77.09801315572807,20.12178230344735,0]]]},"properties":{"plotIndex":1288,"source":"washim_soyabean.kml"}},{"type":"Feature","geometry":{"type":"Polygon","coordinates":[[[77.09855314810181,20.12336609312396,0],[77.0987557383358,20.12410380520464,0],[77.09728140275654,20.12458366974695,0],[77.09702777128447,20.12390611402668,0],[77.09855314810181,20.12336609312396,0]]]},"properties":{"plotIndex":1289,"source":"washim_soyabean.kml"}},{"type":"Feature","geometry":{"type":"Polygon","coordinates":[[[77.09889620881245,20.12311131373438,0],[77.09910040552255,20.12377783118197,0],[77.09886799037739,20.12386091323064,0],[77.09871604303117,20.12378478629337,0],[77.09865623653639,20.12364445004798,0],[77.09852790318014,20.12318183364244,0],[77.09889620881245,20.12311131373438,0]]]},"properties":{"plotIndex":1290,"source":"washim_soyabean.kml"}},{"type":"Feature","geometry":{"type":"Polygon","coordinates":[[[77.10015652295994,20.12298346338959,0],[77.1002277061929,20.12351933189763,0],[77.09910596596981,20.12373310553431,0],[77.09892689246986,20.1231415862003,0],[77.10015652295994,20.12298346338959,0]]]},"properties":{"plotIndex":1291,"source":"washim_soyabean.kml"}},{"type":"Feature","geometry":{"type":"Polygon","coordinates":[[[77.10027680214402,20.12348586647758,0],[77.10023100688429,20.12315390487288,0],[77.10035418984002,20.12296279015381,0],[77.10122091765304,20.12282578723387,0],[77.10108586703171,20.12323954260915,0],[77.1011370565756,20.12336870207096,0],[77.10027680214402,20.12348586647758,0]]]},"properties":{"plotIndex":1292,"source":"washim_soyabean.kml"}},{"type":"Feature","geometry":{"type":"Polygon","coordinates":[[[77.101135728805,20.1233873420009,0],[77.10108961911328,20.12383457848451,0],[77.10141091667579,20.12416130068432,0],[77.1014651233853,20.12463570223976,0],[77.1013036163263,20.12477317441734,0],[77.10050329298318,20.12467120952196,0],[77.10045801331138,20.12452395873532,0],[77.10036131678659,20.12449009943785,0],[77.100260568934,20.12350821993347,0],[77.101135728805,20.1233873420009,0]]]},"properties":{"plotIndex":1293,"source":"washim_soyabean.kml"}},{"type":"Feature","geometry":{"type":"Polygon","coordinates":[[[77.10024325611947,20.12354341058786,0],[77.10034711013206,20.12449454058499,0],[77.1002683682889,20.12464664790264,0],[77.09929695342872,20.12457915372464,0],[77.09910770495868,20.12375362551597,0],[77.10024325611947,20.12354341058786,0]]]},"properties":{"plotIndex":1294,"source":"washim_soyabean.kml"}},{"type":"Feature","geometry":{"type":"Polygon","coordinates":[[[77.10139150460037,20.12491472484522,0],[77.10160296754202,20.12551488857819,0],[77.100659310207,20.12575650081733,0],[77.10074118445893,20.12601620801812,0],[77.09975405183432,20.12612017473174,0],[77.09936409259467,20.12473729652678,0],[77.10139150460037,20.12491472484522,0]]]},"properties":{"plotIndex":1295,"source":"washim_soyabean.kml"}},{"type":"Feature","geometry":{"type":"Polygon","coordinates":[[[77.10167392124136,20.12553998920619,0],[77.10161390555592,20.12571540661972,0],[77.10171955027948,20.12571246862826,0],[77.10176157291136,20.12654738030406,0],[77.10136087793586,20.12663234416547,0],[77.10114890446418,20.12664679586041,0],[77.10112307900243,20.12672681479796,0],[77.10100174144547,20.12675101377447,0],[77.1006835008849,20.12577056561502,0],[77.10167392124136,20.12553998920619,0]]]},"properties":{"plotIndex":1296,"source":"washim_soyabean.kml"}},{"type":"Feature","geometry":{"type":"Polygon","coordinates":[[[77.09907298834112,20.12483638316231,0],[77.09919290787745,20.12520183326128,0],[77.09866296923254,20.12534160114138,0],[77.0985665971759,20.12500388272446,0],[77.09907298834112,20.12483638316231,0]]]},"properties":{"plotIndex":1297,"source":"washim_soyabean.kml"}},{"type":"Feature","geometry":{"type":"Polygon","coordinates":[[[77.09919318553933,20.12520739478751,0],[77.09924605687907,20.12539306604854,0],[77.09871072901693,20.12551631122201,0],[77.09867298794796,20.12535021754291,0],[77.09919318553933,20.12520739478751,0]]]},"properties":{"plotIndex":1298,"source":"washim_soyabean.kml"}},{"type":"Feature","geometry":{"type":"Polygon","coordinates":[[[77.09924770873894,20.12540055586964,0],[77.09932963200905,20.12568723600896,0],[77.0988155250518,20.12577779192702,0],[77.09875875325004,20.1257054206088,0],[77.09871554642253,20.12552161686806,0],[77.09924770873894,20.12540055586964,0]]]},"properties":{"plotIndex":1299,"source":"washim_soyabean.kml"}},{"type":"Feature","geometry":{"type":"Polygon","coordinates":[[[77.09917664929145,20.12472103599872,0],[77.09931299672334,20.1246972813161,0],[77.09955561535536,20.12564664038223,0],[77.09933883430091,20.12568261517941,0],[77.09920717998415,20.12520015491381,0],[77.09907771251522,20.12481904072137,0],[77.09917664929145,20.12472103599872,0]]]},"properties":{"plotIndex":1300,"source":"washim_soyabean.kml"}},{"type":"Feature","geometry":{"type":"Polygon","coordinates":[[[77.09774557255986,20.12475629979486,0],[77.0976893239207,20.1246010563577,0],[77.09771148263147,20.12456744702775,0],[77.0985273724437,20.12429913051501,0],[77.09860874180981,20.12450230858527,0],[77.09774557255986,20.12475629979486,0]]]},"properties":{"plotIndex":1301,"source":"washim_soyabean.kml"}},{"type":"Feature","geometry":{"type":"Polygon","coordinates":[[[77.0877602980673,20.11594561670446,0],[77.08785402361481,20.11616283750329,0],[77.08692442457087,20.11652682341577,0],[77.08684970356246,20.1162678905502,0],[77.0877602980673,20.11594561670446,0]]]},"properties":{"plotIndex":1302,"source":"washim_soyabean.kml"}},{"type":"Feature","geometry":{"type":"Polygon","coordinates":[[[77.08785517389833,20.11617884989974,0],[77.08799589020046,20.11642023041,0],[77.08699966229965,20.11679690584021,0],[77.08693540488376,20.11654676958025,0],[77.08785517389833,20.11617884989974,0]]]},"properties":{"plotIndex":1303,"source":"washim_soyabean.kml"}},{"type":"Feature","geometry":{"type":"Polygon","coordinates":[[[77.08798548769335,20.11645199475736,0],[77.08811765832174,20.11662965531812,0],[77.08706223399777,20.11697245111242,0],[77.08701218891142,20.11680535505438,0],[77.08798548769335,20.11645199475736,0]]]},"properties":{"plotIndex":1304,"source":"washim_soyabean.kml"}},{"type":"Feature","geometry":{"type":"Polygon","coordinates":[[[77.0881253244351,20.1166411288414,0],[77.08826292571007,20.116780706906,0],[77.08711507174151,20.11718706097638,0],[77.08706984376752,20.1169862099421,0],[77.0881253244351,20.1166411288414,0]]]},"properties":{"plotIndex":1305,"source":"washim_soyabean.kml"}},{"type":"Feature","geometry":{"type":"Polygon","coordinates":[[[77.08826572139891,20.11678748937427,0],[77.08850321251914,20.11705928386428,0],[77.08840546962648,20.11713451071171,0],[77.08723237602531,20.11755314958952,0],[77.0871157627787,20.11719857790196,0],[77.08826572139891,20.11678748937427,0]]]},"properties":{"plotIndex":1306,"source":"washim_soyabean.kml"}},{"type":"Feature","geometry":{"type":"Polygon","coordinates":[[[77.0886464140759,20.11605797880589,0],[77.08901327357445,20.1162745084045,0],[77.0883394586773,20.11669944611666,0],[77.08807540037229,20.11636241867899,0],[77.0886464140759,20.11605797880589,0]]]},"properties":{"plotIndex":1307,"source":"washim_soyabean.kml"}},{"type":"Feature","geometry":{"type":"Polygon","coordinates":[[[77.08902961265304,20.11627870131866,0],[77.08915220090137,20.11641620436955,0],[77.08846877466011,20.11685318025807,0],[77.0883600625423,20.11670765567744,0],[77.08902961265304,20.11627870131866,0]]]},"properties":{"plotIndex":1308,"source":"washim_soyabean.kml"}},{"type":"Feature","geometry":{"type":"Polygon","coordinates":[[[77.08803601359197,20.11732012352275,0],[77.08814147118605,20.11740886424951,0],[77.0886469222156,20.11716109351448,0],[77.08881140210293,20.11734221044496,0],[77.08748365644199,20.11805122962183,0],[77.08742209111043,20.1175366295035,0],[77.08803601359197,20.11732012352275,0]]]},"properties":{"plotIndex":1309,"source":"washim_soyabean.kml"}},{"type":"Feature","geometry":{"type":"Polygon","coordinates":[[[77.08748442627463,20.1180621988322,0],[77.08883051184208,20.11734963624697,0],[77.0889587137517,20.11748173447437,0],[77.08757033199198,20.11819958144179,0],[77.08748442627463,20.1180621988322,0]]]},"properties":{"plotIndex":1310,"source":"washim_soyabean.kml"}},{"type":"Feature","geometry":{"type":"Polygon","coordinates":[[[77.08766033792955,20.11817979931312,0],[77.08896632830678,20.11750033195212,0],[77.08908733046023,20.11762973964058,0],[77.08932882422786,20.11777911678884,0],[77.08950870171077,20.11811098770356,0],[77.08796170814537,20.11878936953502,0],[77.08766033792955,20.11817979931312,0]]]},"properties":{"plotIndex":1311,"source":"washim_soyabean.kml"}},{"type":"Feature","geometry":{"type":"Polygon","coordinates":[[[77.08861815093323,20.11700838646509,0],[77.08968854094417,20.11637760032056,0],[77.08991977074642,20.11675254844701,0],[77.08996222430174,20.11699214863872,0],[77.09042193349428,20.11765027296977,0],[77.08958472134749,20.11806297913881,0],[77.08942180712226,20.11770470470396,0],[77.08861815093323,20.11700838646509,0]]]},"properties":{"plotIndex":1312,"source":"washim_soyabean.kml"}},{"type":"Feature","geometry":{"type":"Polygon","coordinates":[[[77.09480067563716,20.12505455614102,0],[77.0948436992834,20.12570672097584,0],[77.09634962782566,20.12546433547185,0],[77.09658319879239,20.12578753036097,0],[77.0938049755844,20.12638843358326,0],[77.0935707056195,20.12547812605492,0],[77.09366531721318,20.12527778966363,0],[77.09480067563716,20.12505455614102,0]]]},"properties":{"plotIndex":1313,"source":"washim_soyabean.kml"}},{"type":"Feature","geometry":{"type":"Polygon","coordinates":[[[77.09401898341264,20.12637331827261,0],[77.09453336770413,20.12658518455284,0],[77.09463129657104,20.12708380722646,0],[77.09426624375214,20.12717635185372,0],[77.09414977694807,20.12673842031849,0],[77.09391095053284,20.12678911183095,0],[77.09381774281243,20.12641806029937,0],[77.09401898341264,20.12637331827261,0]]]},"properties":{"plotIndex":1314,"source":"washim_soyabean.kml"}},{"type":"Feature","geometry":{"type":"Polygon","coordinates":[[[77.09520955730672,20.12611415393559,0],[77.09530538205021,20.12622926367355,0],[77.09546851668733,20.12620549514589,0],[77.09568509208106,20.12626887708524,0],[77.09581166321733,20.12659106848366,0],[77.09598834103315,20.12673630575689,0],[77.09602768991745,20.12687352854418,0],[77.09543086487272,20.12703465489368,0],[77.09482028229576,20.12670994011027,0],[77.09461689954323,20.1267414919418,0],[77.09458313167413,20.12658378899169,0],[77.094039859044,20.12636741963707,0],[77.09520955730672,20.12611415393559,0]]]},"properties":{"plotIndex":1315,"source":"washim_soyabean.kml"}},{"type":"Feature","geometry":{"type":"Polygon","coordinates":[[[77.09659281048654,20.12580549575993,0],[77.0968297369034,20.12612522755629,0],[77.09712268248765,20.12631755789923,0],[77.09725271854917,20.12655590800345,0],[77.09738656667979,20.12714170776427,0],[77.09747721611838,20.12734357739623,0],[77.09743793427522,20.12747498333584,0],[77.09607833907388,20.12774226723629,0],[77.09601671559994,20.12752128537872,0],[77.09569359998538,20.12731464124176,0],[77.09559000905988,20.12712184986773,0],[77.09551715916666,20.12715123094532,0],[77.0954419990595,20.12704588974938,0],[77.09604874072156,20.12689095327283,0],[77.09600675154792,20.12673167079293,0],[77.09582175981443,20.12658302739401,0],[77.09569191061571,20.12625400825636,0],[77.09548557405007,20.12618386154613,0],[77.09531481183645,20.12620223263526,0],[77.09522587382872,20.12610035314358,0],[77.09659281048654,20.12580549575993,0]]]},"properties":{"plotIndex":1316,"source":"washim_soyabean.kml"}},{"type":"Feature","geometry":{"type":"Polygon","coordinates":[[[77.09744822781776,20.12474152886946,0],[77.0975425794124,20.12476885455878,0],[77.09770870122199,20.12520845244538,0],[77.09854446829127,20.12500632383346,0],[77.0987707886567,20.12578915838825,0],[77.09756154289,20.12609851400605,0],[77.09712155164792,20.12481098738007,0],[77.09744822781776,20.12474152886946,0]]]},"properties":{"plotIndex":1317,"source":"washim_soyabean.kml"}},{"type":"Feature","geometry":{"type":"Polygon","coordinates":[[[77.0987733890152,20.12580449827078,0],[77.09888963963749,20.12617263450354,0],[77.09770170357329,20.1265916611395,0],[77.09756943229104,20.126112513423,0],[77.0987733890152,20.12580449827078,0]]]},"properties":{"plotIndex":1318,"source":"washim_soyabean.kml"}},{"type":"Feature","geometry":{"type":"Polygon","coordinates":[[[77.09889934606048,20.12618710172509,0],[77.09894347804453,20.12649090071664,0],[77.09904805397339,20.12660784138014,0],[77.09916586203356,20.12693201466673,0],[77.09781885128716,20.12716761706823,0],[77.09771476611925,20.12708983897986,0],[77.09766997220382,20.12661432231273,0],[77.09889934606048,20.12618710172509,0]]]},"properties":{"plotIndex":1319,"source":"washim_soyabean.kml"}},{"type":"Feature","geometry":{"type":"Polygon","coordinates":[[[77.09951032326732,20.12619474534023,0],[77.09970441806196,20.12681849403639,0],[77.09918108756234,20.12693199275692,0],[77.09906216964397,20.12660173499475,0],[77.09900346867279,20.12654243724239,0],[77.0989516937764,20.12635081354866,0],[77.09951032326732,20.12619474534023,0]]]},"properties":{"plotIndex":1320,"source":"washim_soyabean.kml"}},{"type":"Feature","geometry":{"type":"Polygon","coordinates":[[[77.09904878456729,20.12574921239138,0],[77.09916546875381,20.12624548136651,0],[77.09893637656835,20.12628846675627,0],[77.09879410433352,20.12579848459047,0],[77.09904878456729,20.12574921239138,0]]]},"properties":{"plotIndex":1321,"source":"washim_soyabean.kml"}},{"type":"Feature","geometry":{"type":"Polygon","coordinates":[[[77.09956547232174,20.12567940674117,0],[77.09966935814923,20.12608029658254,0],[77.09960378121224,20.12609154485731,0],[77.09960184013444,20.12617400180592,0],[77.09928029470223,20.1261938973077,0],[77.09917101655257,20.12574776473375,0],[77.09956547232174,20.12567940674117,0]]]},"properties":{"plotIndex":1322,"source":"washim_soyabean.kml"}},{"type":"Feature","geometry":{"type":"Polygon","coordinates":[[[77.10017389573412,20.12613419977918,0],[77.10097346835812,20.12854044046341,0],[77.10059386030987,20.12875397610935,0],[77.10047293544973,20.12836147162578,0],[77.10021898288689,20.12838289826748,0],[77.09953538849123,20.12620367826735,0],[77.10017389573412,20.12613419977918,0]]]},"properties":{"plotIndex":1323,"source":"washim_soyabean.kml"}},{"type":"Feature","geometry":{"type":"Polygon","coordinates":[[[77.1007549955936,20.12604826291048,0],[77.10154168963938,20.12849612879364,0],[77.10099824633352,20.12855367152606,0],[77.1002026604707,20.12615366525223,0],[77.1007549955936,20.12604826291048,0]]]},"properties":{"plotIndex":1324,"source":"washim_soyabean.kml"}},{"type":"Feature","geometry":{"type":"Polygon","coordinates":[[[77.10113276906247,20.12675503762304,0],[77.1011943619185,20.12667465411704,0],[77.10179182770251,20.12656106218932,0],[77.10184518212719,20.12702033694639,0],[77.10227410898936,20.12816289934745,0],[77.10232919270125,20.1283762831203,0],[77.10155680212715,20.12849525358201,0],[77.10100429182728,20.12677509256354,0],[77.10113276906247,20.12675503762304,0]]]},"properties":{"plotIndex":1325,"source":"washim_soyabean.kml"}},{"type":"Feature","geometry":{"type":"Polygon","coordinates":[[[77.10230478432014,20.12700901100877,0],[77.10246544235933,20.12822528947714,0],[77.102291508946,20.1281269155353,0],[77.10187468600559,20.12701429090928,0],[77.10230478432014,20.12700901100877,0]]]},"properties":{"plotIndex":1326,"source":"washim_soyabean.kml"}},{"type":"Feature","geometry":{"type":"Polygon","coordinates":[[[77.10227657758134,20.12566215038363,0],[77.10243349763424,20.12576514790379,0],[77.10258115709598,20.12698983989848,0],[77.10276752238329,20.12840199163005,0],[77.10248775204406,20.12822961246129,0],[77.10234168681438,20.12698183198242,0],[77.10187139109101,20.12695899718065,0],[77.10178359004988,20.12561429028982,0],[77.10227657758134,20.12566215038363,0]]]},"properties":{"plotIndex":1327,"source":"washim_soyabean.kml"}},{"type":"Feature","geometry":{"type":"Polygon","coordinates":[[[77.10312196865463,20.12700090615609,0],[77.10318038633939,20.1283931818412,0],[77.10282459879316,20.12838325007945,0],[77.10260807114233,20.12699482079018,0],[77.10312196865463,20.12700090615609,0]]]},"properties":{"plotIndex":1328,"source":"washim_soyabean.kml"}},{"type":"Feature","geometry":{"type":"Polygon","coordinates":[[[77.10277212556431,20.12581844413402,0],[77.10306638468239,20.1258457879316,0],[77.10312039446337,20.12697118944131,0],[77.10261194777505,20.1269727185479,0],[77.10246644853251,20.12575955282588,0],[77.10277212556431,20.12581844413402,0]]]},"properties":{"plotIndex":1329,"source":"washim_soyabean.kml"}},{"type":"Feature","geometry":{"type":"Polygon","coordinates":[[[77.10320095189967,20.12839094918116,0],[77.10314601470888,20.12699424942118,0],[77.1035641501467,20.127031053424,0],[77.10345301922116,20.12838115518003,0],[77.10320095189967,20.12839094918116,0]]]},"properties":{"plotIndex":1330,"source":"washim_soyabean.kml"}},{"type":"Feature","geometry":{"type":"Polygon","coordinates":[[[77.103627429134,20.12588670347518,0],[77.10356899923629,20.12701710348967,0],[77.10313636671009,20.12697787263015,0],[77.10308214292964,20.12584042023773,0],[77.103627429134,20.12588670347518,0]]]},"properties":{"plotIndex":1331,"source":"washim_soyabean.kml"}},{"type":"Feature","geometry":{"type":"Polygon","coordinates":[[[77.10175459225441,20.12552395180906,0],[77.10176287139286,20.12540523698234,0],[77.10190472714565,20.12531636650372,0],[77.10194496652854,20.12518298674939,0],[77.10376552717264,20.12501568005868,0],[77.10371567367964,20.12574385111061,0],[77.10268747755156,20.12567393353323,0],[77.1025525261814,20.12560956516565,0],[77.10238648382362,20.12558603746465,0],[77.10219297405632,20.12552317185516,0],[77.10175459225441,20.12552395180906,0]]]},"properties":{"plotIndex":1332,"source":"washim_soyabean.kml"}},{"type":"Feature","geometry":{"type":"Polygon","coordinates":[[[77.10866545420107,20.12273287218849,0],[77.10959445818771,20.1220351070564,0],[77.11042397434528,20.12275105604528,0],[77.10962562885518,20.12337346677587,0],[77.10866545420107,20.12273287218849,0]]]},"properties":{"plotIndex":1333,"source":"washim_soyabean.kml"}},{"type":"Feature","geometry":{"type":"Polygon","coordinates":[[[77.10961367550183,20.12201946087436,0],[77.1102813424051,20.12150314929221,0],[77.11139075874803,20.12163847445425,0],[77.11044943708156,20.1227275278175,0],[77.10961367550183,20.12201946087436,0]]]},"properties":{"plotIndex":1334,"source":"washim_soyabean.kml"}},{"type":"Feature","geometry":{"type":"Polygon","coordinates":[[[77.10853414738885,20.12354614817679,0],[77.10867037770932,20.12285397089189,0],[77.10881743462127,20.12287495109451,0],[77.10958804715793,20.12340717271121,0],[77.10928597368273,20.12375904772613,0],[77.10897956292642,20.12361724681167,0],[77.10853414738885,20.12354614817679,0]]]},"properties":{"plotIndex":1335,"source":"washim_soyabean.kml"}},{"type":"Feature","geometry":{"type":"Polygon","coordinates":[[[77.1080498648898,20.12347333540471,0],[77.10817703629388,20.1228315325624,0],[77.10863847014025,20.12284906530378,0],[77.10849882847069,20.12355760382863,0],[77.1080498648898,20.12347333540471,0]]]},"properties":{"plotIndex":1336,"source":"washim_soyabean.kml"}},{"type":"Feature","geometry":{"type":"Polygon","coordinates":[[[77.10816227674985,20.12214540905165,0],[77.108205893834,20.12251114268201,0],[77.10855860664212,20.12280050426688,0],[77.10750627075996,20.12282072237536,0],[77.10753389878954,20.12260626011356,0],[77.10745292707871,20.12249928002503,0],[77.10745864108215,20.12211088006323,0],[77.10816227674985,20.12214540905165,0]]]},"properties":{"plotIndex":1337,"source":"washim_soyabean.kml"}},{"type":"Feature","geometry":{"type":"Polygon","coordinates":[[[77.10602943207715,20.12244511218682,0],[77.10608563444214,20.12203975010965,0],[77.10744523293353,20.12210159062459,0],[77.10742153611712,20.12250639105948,0],[77.10602943207715,20.12244511218682,0]]]},"properties":{"plotIndex":1338,"source":"washim_soyabean.kml"}},{"type":"Feature","geometry":{"type":"Polygon","coordinates":[[[77.10552013793517,20.12272339350738,0],[77.10559780921119,20.12202258496398,0],[77.10606587818194,20.12204376893933,0],[77.1059781451876,20.12275417138172,0],[77.10552013793517,20.12272339350738,0]]]},"properties":{"plotIndex":1339,"source":"washim_soyabean.kml"}},{"type":"Feature","geometry":{"type":"Polygon","coordinates":[[[77.10600441638196,20.12275040774102,0],[77.10603411439247,20.12246234107464,0],[77.10743633961589,20.12252305856001,0],[77.10751796045507,20.12260988947612,0],[77.10748574927455,20.12282038404556,0],[77.10600441638196,20.12275040774102,0]]]},"properties":{"plotIndex":1340,"source":"washim_soyabean.kml"}},{"type":"Feature","geometry":{"type":"Polygon","coordinates":[[[77.10547348297503,20.12321807489523,0],[77.10551720368018,20.12277205879084,0],[77.10616456043448,20.12277788656123,0],[77.10612526284044,20.12329850805773,0],[77.10547348297503,20.12321807489523,0]]]},"properties":{"plotIndex":1341,"source":"washim_soyabean.kml"}},{"type":"Feature","geometry":{"type":"Polygon","coordinates":[[[77.10614553135123,20.12330574306205,0],[77.10618962492767,20.12278456747626,0],[77.10662603951032,20.12280469124689,0],[77.10656674494136,20.12336064564774,0],[77.10614553135123,20.12330574306205,0]]]},"properties":{"plotIndex":1342,"source":"washim_soyabean.kml"}},{"type":"Feature","geometry":{"type":"Polygon","coordinates":[[[77.10658200024494,20.12335056690812,0],[77.10664236584492,20.12280105521774,0],[77.10769984860204,20.1228421604609,0],[77.10765768478184,20.12307219106654,0],[77.10782421881518,20.12309448262832,0],[77.10776020023701,20.1234642216357,0],[77.10658200024494,20.12335056690812,0]]]},"properties":{"plotIndex":1343,"source":"washim_soyabean.kml"}},{"type":"Feature","geometry":{"type":"Polygon","coordinates":[[[77.10730302201056,20.12400214536651,0],[77.10738628506775,20.12346273620118,0],[77.10898074561963,20.12368026454708,0],[77.10926911945343,20.12382655804674,0],[77.10902339673407,20.12417171251388,0],[77.10847255718186,20.12408101879009,0],[77.10792676191814,20.12404768453066,0],[77.10730302201056,20.12400214536651,0]]]},"properties":{"plotIndex":1344,"source":"washim_soyabean.kml"}},{"type":"Feature","geometry":{"type":"Polygon","coordinates":[[[77.10543852276835,20.12387224004674,0],[77.10552109805268,20.12326837601259,0],[77.10736334636559,20.12344884225365,0],[77.10728041605466,20.12399926535855,0],[77.10543852276835,20.12387224004674,0]]]},"properties":{"plotIndex":1345,"source":"washim_soyabean.kml"}},{"type":"Feature","geometry":{"type":"Polygon","coordinates":[[[77.10711955813099,20.12407138506551,0],[77.1070168542037,20.12514111390954,0],[77.10622402860562,20.12510057766357,0],[77.1062999411747,20.12403797457029,0],[77.10711955813099,20.12407138506551,0]]]},"properties":{"plotIndex":1346,"source":"washim_soyabean.kml"}},{"type":"Feature","geometry":{"type":"Polygon","coordinates":[[[77.10744510210014,20.12408722719298,0],[77.10736655763809,20.12513757708243,0],[77.10709319788064,20.12509001742803,0],[77.10717881035288,20.1241180104489,0],[77.10744510210014,20.12408722719298,0]]]},"properties":{"plotIndex":1347,"source":"washim_soyabean.kml"}},{"type":"Feature","geometry":{"type":"Polygon","coordinates":[[[77.10855989922578,20.1241608111327,0],[77.10850797461475,20.12473261674801,0],[77.10827372583691,20.12469655605355,0],[77.10799445285373,20.12518060631378,0],[77.10738472904629,20.12514104283316,0],[77.10746015541464,20.1240889976523,0],[77.10855989922578,20.1241608111327,0]]]},"properties":{"plotIndex":1348,"source":"washim_soyabean.kml"}},{"type":"Feature","geometry":{"type":"Polygon","coordinates":[[[77.1076278866543,20.12548849766022,0],[77.10809941141403,20.12548079665458,0],[77.10747114430347,20.12656274201627,0],[77.10686794085879,20.12650529914394,0],[77.10708112840734,20.12539741082145,0],[77.1076278866543,20.12548849766022,0]]]},"properties":{"plotIndex":1349,"source":"washim_soyabean.kml"}},{"type":"Feature","geometry":{"type":"Polygon","coordinates":[[[77.10555498092702,20.1220502695691,0],[77.10533100568756,20.12432877012641,0],[77.10483912803,20.12468033226267,0],[77.10510945646992,20.1220108369532,0],[77.10555498092702,20.1220502695691,0]]]},"properties":{"plotIndex":1350,"source":"washim_soyabean.kml"}},{"type":"Feature","geometry":{"type":"Polygon","coordinates":[[[77.10532541958138,20.12438930343751,0],[77.10530871929298,20.12629757305074,0],[77.10469372732668,20.12624399107564,0],[77.1048341604032,20.12471681626924,0],[77.10532541958138,20.12438930343751,0]]]},"properties":{"plotIndex":1351,"source":"washim_soyabean.kml"}},{"type":"Feature","geometry":{"type":"Polygon","coordinates":[[[77.10535459128386,20.12505963054813,0],[77.10541562894691,20.12393952646714,0],[77.1062264280052,20.12399440576424,0],[77.10616648073922,20.12510759657318,0],[77.10535459128386,20.12505963054813,0]]]},"properties":{"plotIndex":1352,"source":"washim_soyabean.kml"}},{"type":"Feature","geometry":{"type":"Polygon","coordinates":[[[77.1062655870516,20.12519232392974,0],[77.10611543886223,20.12650922563946,0],[77.10536900914828,20.12631041667527,0],[77.10535664750552,20.12512264233624,0],[77.1062655870516,20.12519232392974,0]]]},"properties":{"plotIndex":1353,"source":"washim_soyabean.kml"}},{"type":"Feature","geometry":{"type":"Polygon","coordinates":[[[77.10703579761697,20.12520234210582,0],[77.1068022796149,20.12652514801404,0],[77.10623753275978,20.1264826289969,0],[77.10636038456126,20.12518607338633,0],[77.10703579761697,20.12520234210582,0]]]},"properties":{"plotIndex":1354,"source":"washim_soyabean.kml"}},{"type":"Feature","geometry":{"type":"Polygon","coordinates":[[[77.10673506096272,20.12721365473023,0],[77.10681525214419,20.12665006268433,0],[77.1074290075801,20.12668480303563,0],[77.10713405010914,20.12721002732696,0],[77.10673506096272,20.12721365473023,0]]]},"properties":{"plotIndex":1355,"source":"washim_soyabean.kml"}},{"type":"Feature","geometry":{"type":"Polygon","coordinates":[[[77.15474388861425,20.15624681801084,0],[77.15465456004831,20.15549792268523,0],[77.15514378433852,20.15549220209557,0],[77.1553552393169,20.15691014136966,0],[77.1549081451454,20.15689312480405,0],[77.15474388861425,20.15624681801084,0]]]},"properties":{"plotIndex":1356,"source":"washim_soyabean.kml"}},{"type":"Feature","geometry":{"type":"Polygon","coordinates":[[[77.15515989464922,20.15546836195888,0],[77.15568829227394,20.1554314769256,0],[77.15585747648586,20.15695490247737,0],[77.15576158476678,20.15695453422597,0],[77.15539245249349,20.1568979667945,0],[77.15515989464922,20.15546836195888,0]]]},"properties":{"plotIndex":1357,"source":"washim_soyabean.kml"}},{"type":"Feature","geometry":{"type":"Polygon","coordinates":[[[76.8294578791313,20.01446562082979,0],[76.82995017537257,20.01481033296284,0],[76.83029512266566,20.01501107857798,0],[76.82967293822067,20.0155455502775,0],[76.82883496348265,20.01492491416101,0],[76.8294578791313,20.01446562082979,0]]]},"properties":{"plotIndex":1358,"source":"washim_soyabean.kml"}},{"type":"Feature","geometry":{"type":"Polygon","coordinates":[[[76.82914183122331,20.01423795354581,0],[76.82942799994157,20.01445566666287,0],[76.82882060775653,20.01490418798898,0],[76.828339057294,20.01453795137865,0],[76.82914183122331,20.01423795354581,0]]]},"properties":{"plotIndex":1359,"source":"washim_soyabean.kml"}},{"type":"Feature","geometry":{"type":"Polygon","coordinates":[[[76.83015329028397,20.01447756389277,0],[76.83096289656153,20.01396095134108,0],[76.83136508502635,20.01448249021686,0],[76.83050869160641,20.01502470770564,0],[76.83025629789402,20.0146882599071,0],[76.83015329028397,20.01447756389277,0]]]},"properties":{"plotIndex":1360,"source":"washim_soyabean.kml"}},{"type":"Feature","geometry":{"type":"Polygon","coordinates":[[[76.83038885928035,20.01495576073161,0],[76.83071899913176,20.01531999830017,0],[76.83094518909505,20.01567717688332,0],[76.83035667481128,20.01605748365397,0],[76.82966855378854,20.0155779629879,0],[76.83038885928035,20.01495576073161,0]]]},"properties":{"plotIndex":1361,"source":"washim_soyabean.kml"}},{"type":"Feature","geometry":{"type":"Polygon","coordinates":[[[76.82967003520449,20.01559125364842,0],[76.83039698529747,20.01608753664311,0],[76.83026805566453,20.01642517959716,0],[76.82946732094588,20.01613033633233,0],[76.82967003520449,20.01559125364842,0]]]},"properties":{"plotIndex":1362,"source":"washim_soyabean.kml"}},{"type":"Feature","geometry":{"type":"Polygon","coordinates":[[[76.82945534258576,20.01614260902704,0],[76.83024284685929,20.01644334501747,0],[76.83007966970631,20.01692115057753,0],[76.82928514961253,20.01666740756601,0],[76.82945534258576,20.01614260902704,0]]]},"properties":{"plotIndex":1363,"source":"washim_soyabean.kml"}},{"type":"Feature","geometry":{"type":"Polygon","coordinates":[[[76.82924660942969,20.01668597424004,0],[76.83001910511302,20.01694228535661,0],[76.82984476142482,20.01737352619058,0],[76.82905696833775,20.01717644497758,0],[76.82924660942969,20.01668597424004,0]]]},"properties":{"plotIndex":1364,"source":"washim_soyabean.kml"}},{"type":"Feature","geometry":{"type":"Polygon","coordinates":[[[76.8290333773701,20.01718990631985,0],[76.82983389530979,20.01739746751062,0],[76.82963543366775,20.01795580595239,0],[76.82881495085786,20.01780212352777,0],[76.8290333773701,20.01718990631985,0]]]},"properties":{"plotIndex":1365,"source":"washim_soyabean.kml"}},{"type":"Feature","geometry":{"type":"Polygon","coordinates":[[[76.8275669027929,20.01670776007233,0],[76.82815994851624,20.01675090444465,0],[76.82796376676626,20.01800932339476,0],[76.8272985606135,20.01778356891602,0],[76.8275669027929,20.01670776007233,0]]]},"properties":{"plotIndex":1366,"source":"washim_soyabean.kml"}},{"type":"Feature","geometry":{"type":"Polygon","coordinates":[[[76.82819812637784,20.01677856720096,0],[76.82907887555197,20.01694780496853,0],[76.8287670701576,20.01777574432232,0],[76.82804954745426,20.01761919166256,0],[76.82819812637784,20.01677856720096,0]]]},"properties":{"plotIndex":1367,"source":"washim_soyabean.kml"}}]}