{
  "type": "FeatureCollection",
  "name": "Niloha",
  "features": [
    {
      "type": "Feature",
      "properties": { "Name": "Untitled polygon" },
      "geometry": {
        "type": "Polygon",
        "coordinates": [
          [
            [77.8602839, 29.1269148, 0.0],
            [77.8604793, 29.1271919, 0.0],
            [77.8598412, 29.1275995, 0.0],
            [77.8596196, 29.1272841, 0.0],
            [77.8602839, 29.1269148, 0.0]
          ]
        ]
      }
    },
    {
      "type": "Feature",
      "properties": { "Name": "Untitled polygon" },
      "geometry": {
        "type": "Polygon",
        "coordinates": [
          [
            [77.8600943, 29.1266219, 0.0],
            [77.8602764, 29.1269052, 0.0],
            [77.8596086, 29.1272678, 0.0],
            [77.8594185, 29.1269682, 0.0],
            [77.8600943, 29.1266219, 0.0]
          ]
        ]
      }
    },
    {
      "type": "Feature",
      "properties": { "Name": "Untitled polygon" },
      "geometry": {
        "type": "Polygon",
        "coordinates": [
          [
            [77.8591175, 29.126596, 0.0],
            [77.8595749, 29.1272858, 0.0],
            [77.8590409, 29.1275851, 0.0],
            [77.8585931, 29.1269071, 0.0],
            [77.8591175, 29.126596, 0.0]
          ]
        ]
      }
    },
    {
      "type": "Feature",
      "properties": { "Name": "Untitled polygon" },
      "geometry": {
        "type": "Polygon",
        "coordinates": [
          [
            [77.8589314, 29.1274447, 0.0],
            [77.8592249, 29.1279098, 0.0],
            [77.8589718, 29.1280119, 0.0],
            [77.8589086, 29.1278452, 0.0],
            [77.8588128, 29.1278667, 0.0],
            [77.8587313, 29.1277588, 0.0],
            [77.8585122, 29.1278533, 0.0],
            [77.8584023, 29.1276719, 0.0],
            [77.8589314, 29.1274447, 0.0]
          ]
        ]
      }
    },
    {
      "type": "Feature",
      "properties": { "Name": "Untitled polygon" },
      "geometry": {
        "type": "Polygon",
        "coordinates": [
          [
            [77.8582583, 29.1280577, 0.0],
            [77.8583744, 29.1282423, 0.0],
            [77.858128, 29.1283811, 0.0],
            [77.8580056, 29.1282035, 0.0],
            [77.8582583, 29.1280577, 0.0]
          ]
        ]
      }
    },
    {
      "type": "Feature",
      "properties": { "Name": "Untitled polygon" },
      "geometry": {
        "type": "Polygon",
        "coordinates": [
          [
            [77.8583806, 29.1282502, 0.0],
            [77.8584907, 29.1284353, 0.0],
            [77.8582998, 29.1285359, 0.0],
            [77.858222, 29.1285323, 0.0],
            [77.8581311, 29.1283972, 0.0],
            [77.8583806, 29.1282502, 0.0]
          ]
        ]
      }
    },
    {
      "type": "Feature",
      "properties": { "Name": "Untitled polygon" },
      "geometry": {
        "type": "Polygon",
        "coordinates": [
          [
            [77.858058, 29.1272303, 0.0],
            [77.8583463, 29.1277022, 0.0],
            [77.8578701, 29.1280195, 0.0],
            [77.8575755, 29.1275103, 0.0],
            [77.858058, 29.1272303, 0.0]
          ]
        ]
      }
    },
    {
      "type": "Feature",
      "properties": { "Name": "Untitled polygon" },
      "geometry": {
        "type": "Polygon",
        "coordinates": [
          [
            [77.8595706, 29.125818, 0.0],
            [77.8598763, 29.1262783, 0.0],
            [77.8591856, 29.1266103, 0.0],
            [77.8588897, 29.1261659, 0.0],
            [77.8595706, 29.125818, 0.0]
          ]
        ]
      }
    },
    {
      "type": "Feature",
      "properties": { "Name": "Untitled polygon" },
      "geometry": {
        "type": "Polygon",
        "coordinates": [
          [
            [77.8569616, 29.1263713, 0.0],
            [77.8585862, 29.1257613, 0.0],
            [77.8590255, 29.1264714, 0.0],
            [77.8574792, 29.1273182, 0.0],
            [77.8569616, 29.1263713, 0.0]
          ]
        ]
      }
    },
    {
      "type": "Feature",
      "properties": { "Name": "Untitled polygon" },
      "geometry": {
        "type": "Polygon",
        "coordinates": [
          [
            [77.8593969, 29.1255326, 0.0],
            [77.8595679, 29.125802, 0.0],
            [77.8588818, 29.1261557, 0.0],
            [77.8587827, 29.125992, 0.0],
            [77.8587162, 29.1258838, 0.0],
            [77.8593969, 29.1255326, 0.0]
          ]
        ]
      }
    },
    {
      "type": "Feature",
      "properties": { "Name": "Untitled polygon" },
      "geometry": {
        "type": "Polygon",
        "coordinates": [
          [
            [77.8613131, 29.1247096, 0.0],
            [77.8611265, 29.1247911, 0.0],
            [77.8609355, 29.1245048, 0.0],
            [77.8610786, 29.1244663, 0.0],
            [77.8613131, 29.1247096, 0.0]
          ]
        ]
      }
    },
    {
      "type": "Feature",
      "properties": { "Name": "Untitled polygon" },
      "geometry": {
        "type": "Polygon",
        "coordinates": [
          [
            [77.8606974, 29.1245995, 0.0],
            [77.86094, 29.1248682, 0.0],
            [77.8607614, 29.1249361, 0.0],
            [77.8605065, 29.1246657, 0.0],
            [77.8606974, 29.1245995, 0.0]
          ]
        ]
      }
    },
    {
      "type": "Feature",
      "properties": { "Name": "Untitled polygon" },
      "geometry": {
        "type": "Polygon",
        "coordinates": [
          [
            [77.860918, 29.1245189, 0.0],
            [77.8611164, 29.1248038, 0.0],
            [77.8609459, 29.1248606, 0.0],
            [77.8607101, 29.1245944, 0.0],
            [77.860918, 29.1245189, 0.0]
          ]
        ]
      }
    },
    {
      "type": "Feature",
      "properties": { "Name": "Untitled polygon" },
      "geometry": {
        "type": "Polygon",
        "coordinates": [
          [
            [77.8600199, 29.1252124, 0.0],
            [77.859774, 29.124925, 0.0],
            [77.8604977, 29.1246632, 0.0],
            [77.8607503, 29.1249344, 0.0],
            [77.8603933, 29.125076, 0.0],
            [77.8600199, 29.1252124, 0.0]
          ]
        ]
      }
    },
    {
      "type": "Feature",
      "properties": { "Name": "Untitled polygon" },
      "geometry": {
        "type": "Polygon",
        "coordinates": [
          [
            [77.859039, 29.1252092, 0.0],
            [77.859769, 29.1249274, 0.0],
            [77.8600113, 29.1252153, 0.0],
            [77.8592939, 29.1254739, 0.0],
            [77.859039, 29.1252092, 0.0]
          ]
        ]
      }
    },
    {
      "type": "Feature",
      "properties": { "Name": "Untitled polygon" },
      "geometry": {
        "type": "Polygon",
        "coordinates": [
          [
            [77.8587637, 29.1249128, 0.0],
            [77.858948, 29.1247576, 0.0],
            [77.8590186, 29.1247375, 0.0],
            [77.859034, 29.1246702, 0.0],
            [77.85907, 29.1246538, 0.0],
            [77.8593026, 29.1250954, 0.0],
            [77.8591511, 29.1251482, 0.0],
            [77.8590633, 29.125148, 0.0],
            [77.8589992, 29.1251708, 0.0],
            [77.8587637, 29.1249128, 0.0]
          ]
        ]
      }
    },
    {
      "type": "Feature",
      "properties": { "Name": "Untitled polygon" },
      "geometry": {
        "type": "Polygon",
        "coordinates": [
          [
            [77.8598511, 29.1243634, 0.0],
            [77.8600709, 29.1248053, 0.0],
            [77.8593143, 29.1250981, 0.0],
            [77.8590777, 29.1246486, 0.0],
            [77.8598511, 29.1243634, 0.0]
          ]
        ]
      }
    },
    {
      "type": "Feature",
      "properties": { "Name": "Untitled polygon" },
      "geometry": {
        "type": "Polygon",
        "coordinates": [
          [
            [77.8603305, 29.1243596, 0.0],
            [77.8602607, 29.1242207, 0.0],
            [77.8607745, 29.1240631, 0.0],
            [77.861024, 29.124463, 0.0],
            [77.8600805, 29.1248028, 0.0],
            [77.8599332, 29.124496, 0.0],
            [77.8603305, 29.1243596, 0.0]
          ]
        ]
      }
    },
    {
      "type": "Feature",
      "properties": { "Name": "Untitled polygon" },
      "geometry": {
        "type": "Polygon",
        "coordinates": [
          [
            [77.8615532, 29.1246794, 0.0],
            [77.8620986, 29.1252377, 0.0],
            [77.8617765, 29.1253669, 0.0],
            [77.8613974, 29.1247447, 0.0],
            [77.8615532, 29.1246794, 0.0]
          ]
        ]
      }
    },
    {
      "type": "Feature",
      "properties": { "Name": "Untitled polygon" },
      "geometry": {
        "type": "Polygon",
        "coordinates": [
          [
            [77.8612875, 29.1255534, 0.0],
            [77.8609097, 29.1249293, 0.0],
            [77.8611418, 29.1248407, 0.0],
            [77.8615254, 29.125466, 0.0],
            [77.8612875, 29.1255534, 0.0]
          ]
        ]
      }
    },
    {
      "type": "Feature",
      "properties": { "Name": "Untitled polygon" },
      "geometry": {
        "type": "Polygon",
        "coordinates": [
          [
            [77.8608938, 29.1249385, 0.0],
            [77.8612768, 29.1255551, 0.0],
            [77.8610378, 29.1256438, 0.0],
            [77.8606549, 29.1250187, 0.0],
            [77.8608938, 29.1249385, 0.0]
          ]
        ]
      }
    },
    {
      "type": "Feature",
      "properties": { "Name": "Untitled polygon" },
      "geometry": {
        "type": "Polygon",
        "coordinates": [
          [
            [77.861036, 29.1256531, 0.0],
            [77.8607151, 29.1257795, 0.0],
            [77.8603254, 29.125148, 0.0],
            [77.8606346, 29.1250367, 0.0],
            [77.861036, 29.1256531, 0.0]
          ]
        ]
      }
    },
    {
      "type": "Feature",
      "properties": { "Name": "Untitled polygon" },
      "geometry": {
        "type": "Polygon",
        "coordinates": [
          [
            [77.8601358, 29.125212, 0.0],
            [77.8605276, 29.1258414, 0.0],
            [77.8601296, 29.1259941, 0.0],
            [77.8597224, 29.125367, 0.0],
            [77.8601358, 29.125212, 0.0]
          ]
        ]
      }
    },
    {
      "type": "Feature",
      "properties": { "Name": "Untitled polygon" },
      "geometry": {
        "type": "Polygon",
        "coordinates": [
          [
            [77.8601666, 29.125996, 0.0],
            [77.8607618, 29.1268056, 0.0],
            [77.8606324, 29.1268887, 0.0],
            [77.8603212, 29.126446, 0.0],
            [77.8602448, 29.1264289, 0.0],
            [77.8600686, 29.1265518, 0.0],
            [77.8597944, 29.1261302, 0.0],
            [77.8601666, 29.125996, 0.0]
          ]
        ]
      }
    },
    {
      "type": "Feature",
      "properties": { "Name": "Untitled polygon" },
      "geometry": {
        "type": "Polygon",
        "coordinates": [
          [
            [77.8610474, 29.1256654, 0.0],
            [77.8615811, 29.1263881, 0.0],
            [77.8609192, 29.1268977, 0.0],
            [77.8602351, 29.125974, 0.0],
            [77.8610474, 29.1256654, 0.0]
          ]
        ]
      }
    },
    {
      "type": "Feature",
      "properties": { "Name": "Untitled polygon" },
      "geometry": {
        "type": "Polygon",
        "coordinates": [
          [
            [77.8621473, 29.1252425, 0.0],
            [77.8623021, 29.1254704, 0.0],
            [77.8613306, 29.1260306, 0.0],
            [77.8610592, 29.125652, 0.0],
            [77.8621473, 29.1252425, 0.0]
          ]
        ]
      }
    },
    {
      "type": "Feature",
      "properties": { "Name": "Untitled polygon" },
      "geometry": {
        "type": "Polygon",
        "coordinates": [
          [
            [77.8623121, 29.1254751, 0.0],
            [77.8625451, 29.1256938, 0.0],
            [77.8615913, 29.1263831, 0.0],
            [77.8613368, 29.1260369, 0.0],
            [77.8623121, 29.1254751, 0.0]
          ]
        ]
      }
    },
    {
      "type": "Feature",
      "properties": { "Name": "Untitled polygon" },
      "geometry": {
        "type": "Polygon",
        "coordinates": [
          [
            [77.8600518, 29.127531, 0.0],
            [77.8601141, 29.1274881, 0.0],
            [77.8600898, 29.1274516, 0.0],
            [77.860643, 29.1270918, 0.0],
            [77.8608345, 29.1273283, 0.0],
            [77.8602385, 29.1277549, 0.0],
            [77.8600518, 29.127531, 0.0]
          ]
        ]
      }
    },
    {
      "type": "Feature",
      "properties": { "Name": "Untitled polygon" },
      "geometry": {
        "type": "Polygon",
        "coordinates": [
          [
            [77.8609157, 29.1269081, 0.0],
            [77.8611223, 29.1267542, 0.0],
            [77.8616014, 29.1273175, 0.0],
            [77.8611355, 29.1276515, 0.0],
            [77.8606592, 29.1270862, 0.0],
            [77.8609157, 29.1269081, 0.0]
          ]
        ]
      }
    },
    {
      "type": "Feature",
      "properties": { "Name": "Untitled polygon" },
      "geometry": {
        "type": "Polygon",
        "coordinates": [
          [
            [77.8569116, 29.1263356, 0.0],
            [77.8565571, 29.1257208, 0.0],
            [77.8576137, 29.1252817, 0.0],
            [77.8580838, 29.1259122, 0.0],
            [77.8569116, 29.1263356, 0.0]
          ]
        ]
      }
    },
    {
      "type": "Feature",
      "properties": { "Name": "Untitled polygon" },
      "geometry": {
        "type": "Polygon",
        "coordinates": [
          [
            [77.8580965, 29.1258929, 0.0],
            [77.8574477, 29.1250572, 0.0],
            [77.8584836, 29.1246929, 0.0],
            [77.8592625, 29.1254912, 0.0],
            [77.8580965, 29.1258929, 0.0]
          ]
        ]
      }
    },
    {
      "type": "Feature",
      "properties": { "Name": "Untitled polygon" },
      "geometry": {
        "type": "Polygon",
        "coordinates": [
          [
            [77.8565513, 29.1257076, 0.0],
            [77.8564432, 29.1255311, 0.0],
            [77.8574792, 29.125124, 0.0],
            [77.8576012, 29.1252738, 0.0],
            [77.8565513, 29.1257076, 0.0]
          ]
        ]
      }
    },
    {
      "type": "Feature",
      "properties": { "Name": "Untitled polygon" },
      "geometry": {
        "type": "Polygon",
        "coordinates": [
          [
            [77.8571276, 29.1246548, 0.0],
            [77.8574717, 29.1251129, 0.0],
            [77.8564382, 29.1255245, 0.0],
            [77.856158, 29.1249979, 0.0],
            [77.8571276, 29.1246548, 0.0]
          ]
        ]
      }
    },
    {
      "type": "Feature",
      "properties": { "Name": "Untitled polygon" },
      "geometry": {
        "type": "Polygon",
        "coordinates": [
          [
            [77.8581205, 29.124297, 0.0],
            [77.8584711, 29.12468, 0.0],
            [77.8574352, 29.1250469, 0.0],
            [77.8571406, 29.1246511, 0.0],
            [77.8581205, 29.124297, 0.0]
          ]
        ]
      }
    },
    {
      "type": "Feature",
      "properties": { "Name": "Untitled polygon" },
      "geometry": {
        "type": "Polygon",
        "coordinates": [
          [
            [77.8568211, 29.1247435, 0.0],
            [77.8561472, 29.124988, 0.0],
            [77.8560433, 29.1248032, 0.0],
            [77.8567105, 29.1245434, 0.0],
            [77.8568211, 29.1247435, 0.0]
          ]
        ]
      }
    },
    {
      "type": "Feature",
      "properties": { "Name": "Untitled polygon" },
      "geometry": {
        "type": "Polygon",
        "coordinates": [
          [
            [77.857344, 29.1242965, 0.0],
            [77.857455, 29.1245014, 0.0],
            [77.8568372, 29.1247401, 0.0],
            [77.8567246, 29.1245399, 0.0],
            [77.857344, 29.1242965, 0.0]
          ]
        ]
      }
    },
    {
      "type": "Feature",
      "properties": { "Name": "Untitled polygon" },
      "geometry": {
        "type": "Polygon",
        "coordinates": [
          [
            [77.8564009, 29.1240128, 0.0],
            [77.8567085, 29.1245329, 0.0],
            [77.8560374, 29.1247927, 0.0],
            [77.8557491, 29.1242746, 0.0],
            [77.8564009, 29.1240128, 0.0]
          ]
        ]
      }
    },
    {
      "type": "Feature",
      "properties": { "Name": "Untitled polygon" },
      "geometry": {
        "type": "Polygon",
        "coordinates": [
          [
            [77.8575009, 29.1274962, 0.0],
            [77.8578729, 29.1281594, 0.0],
            [77.8577947, 29.1282261, 0.0],
            [77.8578413, 29.1283178, 0.0],
            [77.8575804, 29.1284719, 0.0],
            [77.8571717, 29.1280676, 0.0],
            [77.8569588, 29.1277034, 0.0],
            [77.8575009, 29.1274962, 0.0]
          ]
        ]
      }
    },
    {
      "type": "Feature",
      "properties": { "Name": "Untitled polygon" },
      "geometry": {
        "type": "Polygon",
        "coordinates": [
          [
            [77.8569071, 29.1285756, 0.0],
            [77.8573446, 29.1282757, 0.0],
            [77.8575468, 29.1284739, 0.0],
            [77.8571767, 29.128718, 0.0],
            [77.8570353, 29.1286283, 0.0],
            [77.8569071, 29.1285756, 0.0]
          ]
        ]
      }
    },
    {
      "type": "Feature",
      "properties": { "Name": "Untitled polygon" },
      "geometry": {
        "type": "Polygon",
        "coordinates": [
          [
            [77.8578709, 29.128311, 0.0],
            [77.8580284, 29.1283149, 0.0],
            [77.8581937, 29.1285639, 0.0],
            [77.8581031, 29.1286732, 0.0],
            [77.8579259, 29.128717, 0.0],
            [77.857661, 29.1284423, 0.0],
            [77.8578709, 29.128311, 0.0]
          ]
        ]
      }
    },
    {
      "type": "Feature",
      "properties": { "Name": "Untitled polygon" },
      "geometry": {
        "type": "Polygon",
        "coordinates": [
          [
            [77.8571697, 29.1280759, 0.0],
            [77.8573423, 29.1282639, 0.0],
            [77.8568936, 29.1285717, 0.0],
            [77.85667, 29.128423, 0.0],
            [77.8571697, 29.1280759, 0.0]
          ]
        ]
      }
    },
    {
      "type": "Feature",
      "properties": { "Name": "Untitled polygon" },
      "geometry": {
        "type": "Polygon",
        "coordinates": [
          [
            [77.8567132, 29.1281815, 0.0],
            [77.8565011, 29.1278308, 0.0],
            [77.8569458, 29.1277021, 0.0],
            [77.8571585, 29.12807, 0.0],
            [77.8566564, 29.1284151, 0.0],
            [77.8565146, 29.1283228, 0.0],
            [77.8567132, 29.1281815, 0.0]
          ]
        ]
      }
    },
    {
      "type": "Feature",
      "properties": { "Name": "Untitled polygon" },
      "geometry": {
        "type": "Polygon",
        "coordinates": [
          [
            [77.856318, 29.1281529, 0.0],
            [77.8562801, 29.1281529, 0.0],
            [77.8560479, 29.1277663, 0.0],
            [77.8563838, 29.127645, 0.0],
            [77.8566964, 29.1281789, 0.0],
            [77.8565048, 29.1283166, 0.0],
            [77.856318, 29.1281529, 0.0]
          ]
        ]
      }
    },
    {
      "type": "Feature",
      "properties": { "Name": "Untitled polygon" },
      "geometry": {
        "type": "Polygon",
        "coordinates": [
          [
            [77.8572502, 29.1270235, 0.0],
            [77.8575085, 29.1274649, 0.0],
            [77.8565057, 29.1278172, 0.0],
            [77.8562519, 29.1274028, 0.0],
            [77.8572502, 29.1270235, 0.0]
          ]
        ]
      }
    },
    {
      "type": "Feature",
      "properties": { "Name": "Untitled polygon" },
      "geometry": {
        "type": "Polygon",
        "coordinates": [
          [
            [77.8570625, 29.126733, 0.0],
            [77.8572232, 29.1270094, 0.0],
            [77.856251, 29.1273827, 0.0],
            [77.8560764, 29.1271007, 0.0],
            [77.8570625, 29.126733, 0.0]
          ]
        ]
      }
    },
    {
      "type": "Feature",
      "properties": { "Name": "Untitled polygon" },
      "geometry": {
        "type": "Polygon",
        "coordinates": [
          [
            [77.8568977, 29.1263975, 0.0],
            [77.8570625, 29.1267147, 0.0],
            [77.8560552, 29.1270821, 0.0],
            [77.8558879, 29.1267569, 0.0],
            [77.8568977, 29.1263975, 0.0]
          ]
        ]
      }
    },
    {
      "type": "Feature",
      "properties": { "Name": "Untitled polygon" },
      "geometry": {
        "type": "Polygon",
        "coordinates": [
          [
            [77.8561786, 29.1273011, 0.0],
            [77.856367, 29.1276383, 0.0],
            [77.855596, 29.1279283, 0.0],
            [77.8554023, 29.1275718, 0.0],
            [77.8561786, 29.1273011, 0.0]
          ]
        ]
      }
    },
    {
      "type": "Feature",
      "properties": { "Name": "Untitled polygon" },
      "geometry": {
        "type": "Polygon",
        "coordinates": [
          [
            [77.855541, 29.12788, 0.0],
            [77.8556852, 29.1280508, 0.0],
            [77.8560311, 29.1279201, 0.0],
            [77.8562183, 29.1281828, 0.0],
            [77.8557169, 29.1283873, 0.0],
            [77.855662, 29.128439, 0.0],
            [77.8553343, 29.1279834, 0.0],
            [77.855541, 29.12788, 0.0]
          ]
        ]
      }
    },
    {
      "type": "Feature",
      "properties": { "Name": "Untitled polygon" },
      "geometry": {
        "type": "Polygon",
        "coordinates": [
          [
            [77.8559113, 29.1268968, 0.0],
            [77.8561573, 29.12729, 0.0],
            [77.8553853, 29.127557, 0.0],
            [77.8551467, 29.1271495, 0.0],
            [77.8559113, 29.1268968, 0.0]
          ]
        ]
      }
    },
    {
      "type": "Feature",
      "properties": { "Name": "Untitled polygon" },
      "geometry": {
        "type": "Polygon",
        "coordinates": [
          [
            [77.8550197, 29.1281527, 0.0],
            [77.8544464, 29.12736, 0.0],
            [77.8550932, 29.1270717, 0.0],
            [77.8551109, 29.1271395, 0.0],
            [77.8553116, 29.1275025, 0.0],
            [77.8555265, 29.1278569, 0.0],
            [77.8550197, 29.1281527, 0.0]
          ]
        ]
      }
    },
    {
      "type": "Feature",
      "properties": { "Name": "Untitled polygon" },
      "geometry": {
        "type": "Polygon",
        "coordinates": [
          [
            [77.8558727, 29.1267213, 0.0],
            [77.8553531, 29.1258232, 0.0],
            [77.8563685, 29.1254935, 0.0],
            [77.8568755, 29.1263447, 0.0],
            [77.8558727, 29.1267213, 0.0]
          ]
        ]
      }
    },
    {
      "type": "Feature",
      "properties": { "Name": "Untitled polygon" },
      "geometry": {
        "type": "Polygon",
        "coordinates": [
          [
            [77.8545753, 29.1261264, 0.0],
            [77.8553363, 29.1258491, 0.0],
            [77.8559102, 29.1268697, 0.0],
            [77.8551482, 29.1271174, 0.0],
            [77.8545753, 29.1261264, 0.0]
          ]
        ]
      }
    },
    {
      "type": "Feature",
      "properties": { "Name": "Untitled polygon" },
      "geometry": {
        "type": "Polygon",
        "coordinates": [
          [
            [77.8563601, 29.1254642, 0.0],
            [77.8557673, 29.125664, 0.0],
            [77.8555385, 29.1252311, 0.0],
            [77.8561273, 29.1250278, 0.0],
            [77.8563601, 29.1254642, 0.0]
          ]
        ]
      }
    },
    {
      "type": "Feature",
      "properties": { "Name": "Untitled polygon" },
      "geometry": {
        "type": "Polygon",
        "coordinates": [
          [
            [77.8555259, 29.1252459, 0.0],
            [77.8557462, 29.1256714, 0.0],
            [77.8548441, 29.1259822, 0.0],
            [77.8546238, 29.1255641, 0.0],
            [77.8555259, 29.1252459, 0.0]
          ]
        ]
      }
    },
    {
      "type": "Feature",
      "properties": { "Name": "Untitled polygon" },
      "geometry": {
        "type": "Polygon",
        "coordinates": [
          [
            [77.8542396, 29.1261981, 0.0],
            [77.854004, 29.1257856, 0.0],
            [77.8546065, 29.1255752, 0.0],
            [77.8548186, 29.125997, 0.0],
            [77.8542396, 29.1261981, 0.0]
          ]
        ]
      }
    },
    {
      "type": "Feature",
      "properties": { "Name": "Untitled polygon" },
      "geometry": {
        "type": "Polygon",
        "coordinates": [
          [
            [77.8542723, 29.1251756, 0.0],
            [77.8548785, 29.1249502, 0.0],
            [77.855099, 29.1253718, 0.0],
            [77.8544751, 29.1255974, 0.0],
            [77.8543397, 29.1253273, 0.0],
            [77.8542723, 29.1251756, 0.0]
          ]
        ]
      }
    },
    {
      "type": "Feature",
      "properties": { "Name": "Untitled polygon" },
      "geometry": {
        "type": "Polygon",
        "coordinates": [
          [
            [77.8541841, 29.1250647, 0.0],
            [77.8544505, 29.1256009, 0.0],
            [77.8538546, 29.1257969, 0.0],
            [77.8535813, 29.1252714, 0.0],
            [77.8541841, 29.1250647, 0.0]
          ]
        ]
      }
    },
    {
      "type": "Feature",
      "properties": { "Name": "Untitled polygon" },
      "geometry": {
        "type": "Polygon",
        "coordinates": [
          [
            [77.8547217, 29.1264239, 0.0],
            [77.8550727, 29.1270528, 0.0],
            [77.8543302, 29.1273835, 0.0],
            [77.8541741, 29.1271792, 0.0],
            [77.8538313, 29.1273121, 0.0],
            [77.8537169, 29.1271974, 0.0],
            [77.8534706, 29.1270606, 0.0],
            [77.8535429, 29.127005, 0.0],
            [77.8534962, 29.1269384, 0.0],
            [77.8547217, 29.1264239, 0.0]
          ]
        ]
      }
    },
    {
      "type": "Feature",
      "properties": { "Name": "Untitled polygon" },
      "geometry": {
        "type": "Polygon",
        "coordinates": [
          [
            [77.8545361, 29.1261284, 0.0],
            [77.8547005, 29.1264017, 0.0],
            [77.8541417, 29.126642, 0.0],
            [77.8539757, 29.126328, 0.0],
            [77.8545361, 29.1261284, 0.0]
          ]
        ]
      }
    },
    {
      "type": "Feature",
      "properties": { "Name": "Untitled polygon" },
      "geometry": {
        "type": "Polygon",
        "coordinates": [
          [
            [77.8539587, 29.1263353, 0.0],
            [77.8541205, 29.1266568, 0.0],
            [77.8534877, 29.1269236, 0.0],
            [77.853305, 29.1265683, 0.0],
            [77.8539587, 29.1263353, 0.0]
          ]
        ]
      }
    },
    {
      "type": "Feature",
      "properties": { "Name": "Untitled polygon" },
      "geometry": {
        "type": "Polygon",
        "coordinates": [
          [
            [77.8532936, 29.1265785, 0.0],
            [77.8535027, 29.1270058, 0.0],
            [77.8534162, 29.1270759, 0.0],
            [77.8530505, 29.127015, 0.0],
            [77.8528439, 29.1267535, 0.0],
            [77.8532936, 29.1265785, 0.0]
          ]
        ]
      }
    },
    {
      "type": "Feature",
      "properties": { "Name": "Untitled polygon" },
      "geometry": {
        "type": "Polygon",
        "coordinates": [
          [
            [77.8528958, 29.1261535, 0.0],
            [77.85316, 29.1266053, 0.0],
            [77.8528351, 29.1267023, 0.0],
            [77.8525746, 29.1262986, 0.0],
            [77.8528958, 29.1261535, 0.0]
          ]
        ]
      }
    },
    {
      "type": "Feature",
      "properties": { "Name": "Untitled polygon" },
      "geometry": {
        "type": "Polygon",
        "coordinates": [
          [
            [77.8532629, 29.1260358, 0.0],
            [77.8535227, 29.1264687, 0.0],
            [77.8531755, 29.1265946, 0.0],
            [77.8529144, 29.1261536, 0.0],
            [77.8532629, 29.1260358, 0.0]
          ]
        ]
      }
    },
    {
      "type": "Feature",
      "properties": { "Name": "Untitled polygon" },
      "geometry": {
        "type": "Polygon",
        "coordinates": [
          [
            [77.8536481, 29.125908, 0.0],
            [77.8538852, 29.1263302, 0.0],
            [77.853535, 29.12645, 0.0],
            [77.8532845, 29.1260358, 0.0],
            [77.8536481, 29.125908, 0.0]
          ]
        ]
      }
    },
    {
      "type": "Feature",
      "properties": { "Name": "Untitled polygon" },
      "geometry": {
        "type": "Polygon",
        "coordinates": [
          [
            [77.8542279, 29.1262046, 0.0],
            [77.8539036, 29.1263168, 0.0],
            [77.8536696, 29.1259001, 0.0],
            [77.853986, 29.1257829, 0.0],
            [77.8542279, 29.1262046, 0.0]
          ]
        ]
      }
    },
    {
      "type": "Feature",
      "properties": { "Name": "Untitled polygon" },
      "geometry": {
        "type": "Polygon",
        "coordinates": [
          [
            [77.8544321, 29.1273646, 0.0],
            [77.8546868, 29.1277179, 0.0],
            [77.854319, 29.1278979, 0.0],
            [77.8540308, 29.1275643, 0.0],
            [77.8544321, 29.1273646, 0.0]
          ]
        ]
      }
    },
    {
      "type": "Feature",
      "properties": { "Name": "Untitled polygon" },
      "geometry": {
        "type": "Polygon",
        "coordinates": [
          [
            [77.8546938, 29.1277281, 0.0],
            [77.8548552, 29.127945, 0.0],
            [77.8545395, 29.1281458, 0.0],
            [77.8543331, 29.1279061, 0.0],
            [77.8546938, 29.1277281, 0.0]
          ]
        ]
      }
    },
    {
      "type": "Feature",
      "properties": { "Name": "Untitled polygon" },
      "geometry": {
        "type": "Polygon",
        "coordinates": [
          [
            [77.8532645, 29.1276462, 0.0],
            [77.8531479, 29.1274818, 0.0],
            [77.8532517, 29.1274082, 0.0],
            [77.8533811, 29.1273879, 0.0],
            [77.8535644, 29.1273124, 0.0],
            [77.8536326, 29.1273208, 0.0],
            [77.8537053, 29.1274027, 0.0],
            [77.8532645, 29.1276462, 0.0]
          ]
        ]
      }
    },
    {
      "type": "Feature",
      "properties": { "Name": "Untitled polygon" },
      "geometry": {
        "type": "Polygon",
        "coordinates": [
          [
            [77.8537142, 29.127408, 0.0],
            [77.8541956, 29.1279908, 0.0],
            [77.8536833, 29.1282751, 0.0],
            [77.853273, 29.1276558, 0.0],
            [77.8537142, 29.127408, 0.0]
          ]
        ]
      }
    },
    {
      "type": "Feature",
      "properties": { "Name": "Untitled polygon" },
      "geometry": {
        "type": "Polygon",
        "coordinates": [
          [
            [77.8530832, 29.1274134, 0.0],
            [77.8533716, 29.1278351, 0.0],
            [77.8531663, 29.1279569, 0.0],
            [77.8528707, 29.1275231, 0.0],
            [77.8530832, 29.1274134, 0.0]
          ]
        ]
      }
    },
    {
      "type": "Feature",
      "properties": { "Name": "Untitled polygon" },
      "geometry": {
        "type": "Polygon",
        "coordinates": [
          [
            [77.8533839, 29.1278418, 0.0],
            [77.8537919, 29.1284691, 0.0],
            [77.8535884, 29.1285429, 0.0],
            [77.8531752, 29.1279625, 0.0],
            [77.8533839, 29.1278418, 0.0]
          ]
        ]
      }
    },
    {
      "type": "Feature",
      "properties": { "Name": "Untitled polygon" },
      "geometry": {
        "type": "Polygon",
        "coordinates": [
          [
            [77.8531536, 29.1279609, 0.0],
            [77.8536014, 29.1285729, 0.0],
            [77.8531368, 29.1287824, 0.0],
            [77.8527291, 29.1281899, 0.0],
            [77.8531536, 29.1279609, 0.0]
          ]
        ]
      }
    },
    {
      "type": "Feature",
      "properties": { "Name": "Untitled polygon" },
      "geometry": {
        "type": "Polygon",
        "coordinates": [
          [
            [77.8536114, 29.1285595, 0.0],
            [77.8538028, 29.1284791, 0.0],
            [77.8540447, 29.1288389, 0.0],
            [77.8538929, 29.128938, 0.0],
            [77.8536114, 29.1285595, 0.0]
          ]
        ]
      }
    },
    {
      "type": "Feature",
      "properties": { "Name": "Untitled polygon" },
      "geometry": {
        "type": "Polygon",
        "coordinates": [
          [
            [77.8542024, 29.1280006, 0.0],
            [77.8544708, 29.1283664, 0.0],
            [77.8541917, 29.1285352, 0.0],
            [77.8543041, 29.1286746, 0.0],
            [77.8540755, 29.1288279, 0.0],
            [77.8536946, 29.1282822, 0.0],
            [77.8542024, 29.1280006, 0.0]
          ]
        ]
      }
    },
    {
      "type": "Feature",
      "properties": { "Name": "Untitled polygon" },
      "geometry": {
        "type": "Polygon",
        "coordinates": [
          [
            [77.8536078, 29.1285832, 0.0],
            [77.853859, 29.1289377, 0.0],
            [77.8539024, 29.1289503, 0.0],
            [77.8539987, 29.1290828, 0.0],
            [77.8535318, 29.1293567, 0.0],
            [77.8531426, 29.1287895, 0.0],
            [77.8536078, 29.1285832, 0.0]
          ]
        ]
      }
    },
    {
      "type": "Feature",
      "properties": { "Name": "Untitled polygon" },
      "geometry": {
        "type": "Polygon",
        "coordinates": [
          [
            [77.8528187, 29.1283404, 0.0],
            [77.8535083, 29.1293524, 0.0],
            [77.8533244, 29.1294064, 0.0],
            [77.8531518, 29.1294449, 0.0],
            [77.8525108, 29.1284979, 0.0],
            [77.8528187, 29.1283404, 0.0]
          ]
        ]
      }
    },
    {
      "type": "Feature",
      "properties": { "Name": "Untitled polygon" },
      "geometry": {
        "type": "Polygon",
        "coordinates": [
          [
            [77.8531985, 29.1296704, 0.0],
            [77.853156, 29.1294616, 0.0],
            [77.8535104, 29.1293708, 0.0],
            [77.8535376, 29.1293706, 0.0],
            [77.8540156, 29.1290837, 0.0],
            [77.8539091, 29.1289419, 0.0],
            [77.8539812, 29.1288995, 0.0],
            [77.8541218, 29.1290727, 0.0],
            [77.8536113, 29.129617, 0.0],
            [77.8531985, 29.1296704, 0.0]
          ]
        ]
      }
    },
    {
      "type": "Feature",
      "properties": { "Name": "Untitled polygon" },
      "geometry": {
        "type": "Polygon",
        "coordinates": [
          [
            [77.8524588, 29.1265155, 0.0],
            [77.8528112, 29.1269946, 0.0],
            [77.8521691, 29.1273109, 0.0],
            [77.8518536, 29.1268054, 0.0],
            [77.8524588, 29.1265155, 0.0]
          ]
        ]
      }
    },
    {
      "type": "Feature",
      "properties": { "Name": "Untitled polygon" },
      "geometry": {
        "type": "Polygon",
        "coordinates": [
          [
            [77.851836, 29.1268105, 0.0],
            [77.8521574, 29.1273186, 0.0],
            [77.8518321, 29.1274693, 0.0],
            [77.851768, 29.1274029, 0.0],
            [77.8514102, 29.1275691, 0.0],
            [77.8511525, 29.1271904, 0.0],
            [77.851836, 29.1268105, 0.0]
          ]
        ]
      }
    },
    {
      "type": "Feature",
      "properties": { "Name": "Untitled polygon" },
      "geometry": {
        "type": "Polygon",
        "coordinates": [
          [
            [77.8528141, 29.1270177, 0.0],
            [77.8530593, 29.1273695, 0.0],
            [77.8524412, 29.1276788, 0.0],
            [77.8521691, 29.1273314, 0.0],
            [77.8528141, 29.1270177, 0.0]
          ]
        ]
      }
    },
    {
      "type": "Feature",
      "properties": { "Name": "Untitled polygon" },
      "geometry": {
        "type": "Polygon",
        "coordinates": [
          [
            [77.851765, 29.1274206, 0.0],
            [77.8518262, 29.1274895, 0.0],
            [77.8521603, 29.1273415, 0.0],
            [77.8524354, 29.1276993, 0.0],
            [77.8528275, 29.1274999, 0.0],
            [77.8531425, 29.127952, 0.0],
            [77.8527075, 29.1281876, 0.0],
            [77.8528013, 29.1283309, 0.0],
            [77.8524999, 29.1284733, 0.0],
            [77.8520278, 29.1277812, 0.0],
            [77.851662, 29.1279526, 0.0],
            [77.851419, 29.1275816, 0.0],
            [77.851765, 29.1274206, 0.0]
          ]
        ]
      }
    },
    {
      "type": "Feature",
      "properties": { "Name": "Untitled polygon" },
      "geometry": {
        "type": "Polygon",
        "coordinates": [
          [
            [77.8520247, 29.1278051, 0.0],
            [77.8527462, 29.1289101, 0.0],
            [77.8524066, 29.1290462, 0.0],
            [77.8516676, 29.1279686, 0.0],
            [77.8520247, 29.1278051, 0.0]
          ]
        ]
      }
    },
    {
      "type": "Feature",
      "properties": { "Name": "Untitled polygon" },
      "geometry": {
        "type": "Polygon",
        "coordinates": [
          [
            [77.8519049, 29.128354, 0.0],
            [77.8522844, 29.12891, 0.0],
            [77.8518143, 29.1291473, 0.0],
            [77.8514346, 29.1285817, 0.0],
            [77.8519049, 29.128354, 0.0]
          ]
        ]
      }
    },
    {
      "type": "Feature",
      "properties": { "Name": "Untitled polygon" },
      "geometry": {
        "type": "Polygon",
        "coordinates": [
          [
            [77.8521411, 29.1293935, 0.0],
            [77.852019, 29.1292521, 0.0],
            [77.8527768, 29.1289395, 0.0],
            [77.8531296, 29.129476, 0.0],
            [77.8531688, 29.1296729, 0.0],
            [77.8518976, 29.1299019, 0.0],
            [77.851714, 29.1295906, 0.0],
            [77.8521411, 29.1293935, 0.0]
          ]
        ]
      }
    },
    {
      "type": "Feature",
      "properties": { "Name": "Untitled polygon" },
      "geometry": {
        "type": "Polygon",
        "coordinates": [
          [
            [77.8520037, 29.1292654, 0.0],
            [77.8521044, 29.1293881, 0.0],
            [77.8516926, 29.1295827, 0.0],
            [77.8518825, 29.1299124, 0.0],
            [77.8516343, 29.1299613, 0.0],
            [77.851219, 29.1293269, 0.0],
            [77.851446, 29.1292093, 0.0],
            [77.8515967, 29.129423, 0.0],
            [77.8520037, 29.1292654, 0.0]
          ]
        ]
      }
    },
    {
      "type": "Feature",
      "properties": { "Name": "Untitled polygon" },
      "geometry": {
        "type": "Polygon",
        "coordinates": [
          [
            [77.8523948, 29.1290868, 0.0],
            [77.8519036, 29.1292905, 0.0],
            [77.8518168, 29.1291519, 0.0],
            [77.8522965, 29.1289156, 0.0],
            [77.8523948, 29.1290868, 0.0]
          ]
        ]
      }
    },
    {
      "type": "Feature",
      "properties": { "Name": "Untitled polygon" },
      "geometry": {
        "type": "Polygon",
        "coordinates": [
          [
            [77.8514235, 29.128587, 0.0],
            [77.851891, 29.1292922, 0.0],
            [77.8515987, 29.1294075, 0.0],
            [77.8514512, 29.1291949, 0.0],
            [77.8511701, 29.1293376, 0.0],
            [77.8508613, 29.1288603, 0.0],
            [77.8514235, 29.128587, 0.0]
          ]
        ]
      }
    },
    {
      "type": "Feature",
      "properties": { "Name": "Untitled polygon" },
      "geometry": {
        "type": "Polygon",
        "coordinates": [
          [
            [77.8512079, 29.1293333, 0.0],
            [77.8516201, 29.1299689, 0.0],
            [77.8510434, 29.1301218, 0.0],
            [77.8509863, 29.1300883, 0.0],
            [77.850659, 29.1295989, 0.0],
            [77.8512079, 29.1293333, 0.0]
          ]
        ]
      }
    },
    {
      "type": "Feature",
      "properties": { "Name": "Untitled polygon" },
      "geometry": {
        "type": "Polygon",
        "coordinates": [
          [
            [77.850853, 29.128863, 0.0],
            [77.8511564, 29.1293424, 0.0],
            [77.8506483, 29.1295817, 0.0],
            [77.8503567, 29.1291202, 0.0],
            [77.850853, 29.128863, 0.0]
          ]
        ]
      }
    },
    {
      "type": "Feature",
      "properties": { "Name": "Untitled polygon" },
      "geometry": {
        "type": "Polygon",
        "coordinates": [
          [
            [77.8511337, 29.1272147, 0.0],
            [77.8518965, 29.1283325, 0.0],
            [77.8514156, 29.1285648, 0.0],
            [77.8506359, 29.1274459, 0.0],
            [77.8511337, 29.1272147, 0.0]
          ]
        ]
      }
    },
    {
      "type": "Feature",
      "properties": { "Name": "Untitled polygon" },
      "geometry": {
        "type": "Polygon",
        "coordinates": [
          [
            [77.8506238, 29.1274629, 0.0],
            [77.8513827, 29.1285699, 0.0],
            [77.8503336, 29.1290903, 0.0],
            [77.8499846, 29.1285831, 0.0],
            [77.8495039, 29.1280089, 0.0],
            [77.8506238, 29.1274629, 0.0]
          ]
        ]
      }
    },
    {
      "type": "Feature",
      "properties": { "Name": "Untitled polygon" },
      "geometry": {
        "type": "Polygon",
        "coordinates": [
          [
            [77.8530293, 29.1297823, 0.0],
            [77.8535188, 29.1304422, 0.0],
            [77.8528844, 29.1307344, 0.0],
            [77.8527437, 29.1305183, 0.0],
            [77.8525976, 29.1305229, 0.0],
            [77.8522796, 29.1306183, 0.0],
            [77.8520419, 29.1307048, 0.0],
            [77.8519802, 29.1307044, 0.0],
            [77.8518064, 29.1304196, 0.0],
            [77.8516571, 29.1300784, 0.0],
            [77.8516944, 29.1300422, 0.0],
            [77.8519109, 29.1300066, 0.0],
            [77.8530293, 29.1297823, 0.0]
          ]
        ]
      }
    },
    {
      "type": "Feature",
      "properties": { "Name": "Untitled polygon" },
      "geometry": {
        "type": "Polygon",
        "coordinates": [
          [
            [77.8526593, 29.1310076, 0.0],
            [77.8523681, 29.1311131, 0.0],
            [77.8524145, 29.1312509, 0.0],
            [77.8521678, 29.1312082, 0.0],
            [77.8521767, 29.1309077, 0.0],
            [77.852545, 29.1307746, 0.0],
            [77.8526593, 29.1310076, 0.0]
          ]
        ]
      }
    },
    {
      "type": "Feature",
      "properties": { "Name": "Untitled polygon" },
      "geometry": {
        "type": "Polygon",
        "coordinates": [
          [
            [77.8532885, 29.13123, 0.0],
            [77.8534374, 29.1314874, 0.0],
            [77.8531922, 29.1316032, 0.0],
            [77.8530485, 29.1313111, 0.0],
            [77.8532885, 29.13123, 0.0]
          ]
        ]
      }
    },
    {
      "type": "Feature",
      "properties": { "Name": "Untitled polygon" },
      "geometry": {
        "type": "Polygon",
        "coordinates": [
          [
            [77.8535861, 29.1311067, 0.0],
            [77.8536429, 29.1311147, 0.0],
            [77.8537044, 29.1311686, 0.0],
            [77.8537458, 29.1312694, 0.0],
            [77.8537135, 29.1313405, 0.0],
            [77.8534466, 29.1314847, 0.0],
            [77.8533023, 29.1312272, 0.0],
            [77.8535861, 29.1311067, 0.0]
          ]
        ]
      }
    },
    {
      "type": "Feature",
      "properties": { "Name": "Untitled polygon" },
      "geometry": {
        "type": "Polygon",
        "coordinates": [
          [
            [77.8529391, 29.1316964, 0.0],
            [77.8529598, 29.1317324, 0.0],
            [77.8533371, 29.1315675, 0.0],
            [77.8535763, 29.1318138, 0.0],
            [77.8537819, 29.1320887, 0.0],
            [77.8533283, 29.1322859, 0.0],
            [77.8528868, 29.1317185, 0.0],
            [77.8529391, 29.1316964, 0.0]
          ]
        ]
      }
    },
    {
      "type": "Feature",
      "properties": { "Name": "Untitled polygon" },
      "geometry": {
        "type": "Polygon",
        "coordinates": [
          [
            [77.8528696, 29.131708, 0.0],
            [77.8530793, 29.1319878, 0.0],
            [77.8526934, 29.1321617, 0.0],
            [77.8525572, 29.1319615, 0.0],
            [77.8524981, 29.1318315, 0.0],
            [77.8528696, 29.131708, 0.0]
          ]
        ]
      }
    },
    {
      "type": "Feature",
      "properties": { "Name": "Untitled polygon" },
      "geometry": {
        "type": "Polygon",
        "coordinates": [
          [
            [77.8527041, 29.1322107, 0.0],
            [77.8528989, 29.1320942, 0.0],
            [77.8530926, 29.1320006, 0.0],
            [77.8533165, 29.132286, 0.0],
            [77.8528682, 29.1324628, 0.0],
            [77.8527041, 29.1322107, 0.0]
          ]
        ]
      }
    },
    {
      "type": "Feature",
      "properties": { "Name": "Untitled polygon" },
      "geometry": {
        "type": "Polygon",
        "coordinates": [
          [
            [77.8525981, 29.1314245, 0.0],
            [77.8526585, 29.1314536, 0.0],
            [77.8527511, 29.1313816, 0.0],
            [77.8529213, 29.1316834, 0.0],
            [77.8524203, 29.1318469, 0.0],
            [77.8522542, 29.1315412, 0.0],
            [77.8525981, 29.1314245, 0.0]
          ]
        ]
      }
    },
    {
      "type": "Feature",
      "properties": { "Name": "Untitled polygon" },
      "geometry": {
        "type": "Polygon",
        "coordinates": [
          [
            [77.8525422, 29.1319541, 0.0],
            [77.8526826, 29.1321789, 0.0],
            [77.8526653, 29.1322052, 0.0],
            [77.8523503, 29.132315, 0.0],
            [77.8522343, 29.1320645, 0.0],
            [77.8525422, 29.1319541, 0.0]
          ]
        ]
      }
    },
    {
      "type": "Feature",
      "properties": { "Name": "Untitled polygon" },
      "geometry": {
        "type": "Polygon",
        "coordinates": [
          [
            [77.8523297, 29.131703, 0.0],
            [77.8524125, 29.1318629, 0.0],
            [77.8524903, 29.1318383, 0.0],
            [77.8525411, 29.1319453, 0.0],
            [77.8520143, 29.1321148, 0.0],
            [77.8518461, 29.131822, 0.0],
            [77.8523297, 29.131703, 0.0]
          ]
        ]
      }
    },
    {
      "type": "Feature",
      "properties": { "Name": "Untitled polygon" },
      "geometry": {
        "type": "Polygon",
        "coordinates": [
          [
            [77.8523423, 29.1323289, 0.0],
            [77.8516056, 29.1325916, 0.0],
            [77.8514373, 29.1322953, 0.0],
            [77.8522263, 29.13207, 0.0],
            [77.8523423, 29.1323289, 0.0]
          ]
        ]
      }
    },
    {
      "type": "Feature",
      "properties": { "Name": "Untitled polygon" },
      "geometry": {
        "type": "Polygon",
        "coordinates": [
          [
            [77.8520017, 29.1321201, 0.0],
            [77.851088, 29.1323934, 0.0],
            [77.8509383, 29.1321973, 0.0],
            [77.8509151, 29.1320673, 0.0],
            [77.8518371, 29.1318234, 0.0],
            [77.8520017, 29.1321201, 0.0]
          ]
        ]
      }
    },
    {
      "type": "Feature",
      "properties": { "Name": "Untitled polygon" },
      "geometry": {
        "type": "Polygon",
        "coordinates": [
          [
            [77.8514303, 29.1323054, 0.0],
            [77.8515972, 29.1326022, 0.0],
            [77.8513543, 29.1326879, 0.0],
            [77.8513005, 29.1326726, 0.0],
            [77.8511095, 29.1324057, 0.0],
            [77.8514303, 29.1323054, 0.0]
          ]
        ]
      }
    },
    {
      "type": "Feature",
      "properties": { "Name": "Untitled polygon" },
      "geometry": {
        "type": "Polygon",
        "coordinates": [
          [
            [77.8516642, 29.1326056, 0.0],
            [77.8518391, 29.1328948, 0.0],
            [77.8514832, 29.1330323, 0.0],
            [77.8514006, 29.1328323, 0.0],
            [77.8514115, 29.1326964, 0.0],
            [77.8516642, 29.1326056, 0.0]
          ]
        ]
      }
    },
    {
      "type": "Feature",
      "properties": { "Name": "Untitled polygon" },
      "geometry": {
        "type": "Polygon",
        "coordinates": [
          [
            [77.8510406, 29.1324554, 0.0],
            [77.8513321, 29.1329322, 0.0],
            [77.8512778, 29.1330518, 0.0],
            [77.8504738, 29.1335996, 0.0],
            [77.8500714, 29.1331063, 0.0],
            [77.8510406, 29.1324554, 0.0]
          ]
        ]
      }
    },
    {
      "type": "Feature",
      "properties": { "Name": "Untitled polygon" },
      "geometry": {
        "type": "Polygon",
        "coordinates": [
          [
            [77.8503723, 29.1317937, 0.0],
            [77.8506209, 29.1322012, 0.0],
            [77.8508523, 29.1322362, 0.0],
            [77.8510206, 29.1324355, 0.0],
            [77.8504436, 29.1328024, 0.0],
            [77.8498455, 29.1320832, 0.0],
            [77.8503723, 29.1317937, 0.0]
          ]
        ]
      }
    },
    {
      "type": "Feature",
      "properties": { "Name": "Untitled polygon" },
      "geometry": {
        "type": "Polygon",
        "coordinates": [
          [
            [77.8513353, 29.1330475, 0.0],
            [77.8517567, 29.1335231, 0.0],
            [77.8509729, 29.1340503, 0.0],
            [77.8505557, 29.1335781, 0.0],
            [77.8513353, 29.1330475, 0.0]
          ]
        ]
      }
    },
    {
      "type": "Feature",
      "properties": { "Name": "Untitled polygon" },
      "geometry": {
        "type": "Polygon",
        "coordinates": [
          [
            [77.8525865, 29.1326002, 0.0],
            [77.8529029, 29.1330445, 0.0],
            [77.8518876, 29.1335292, 0.0],
            [77.8514933, 29.1330549, 0.0],
            [77.8525865, 29.1326002, 0.0]
          ]
        ]
      }
    },
    {
      "type": "Feature",
      "properties": { "Name": "Untitled polygon" },
      "geometry": {
        "type": "Polygon",
        "coordinates": [
          [
            [77.849356, 29.1324204, 0.0],
            [77.84905, 29.1320848, 0.0],
            [77.8495991, 29.1317902, 0.0],
            [77.8499601, 29.1322446, 0.0],
            [77.8495409, 29.1324935, 0.0],
            [77.8494398, 29.1323616, 0.0],
            [77.849356, 29.1324204, 0.0]
          ]
        ]
      }
    },
    {
      "type": "Feature",
      "properties": { "Name": "Untitled polygon" },
      "geometry": {
        "type": "Polygon",
        "coordinates": [
          [
            [77.8499719, 29.132255, 0.0],
            [77.8504347, 29.1328192, 0.0],
            [77.8502682, 29.1329183, 0.0],
            [77.8500047, 29.132579, 0.0],
            [77.8497217, 29.1327335, 0.0],
            [77.8495446, 29.132509, 0.0],
            [77.8499719, 29.132255, 0.0]
          ]
        ]
      }
    },
    {
      "type": "Feature",
      "properties": { "Name": "Untitled polygon" },
      "geometry": {
        "type": "Polygon",
        "coordinates": [
          [
            [77.8519912, 29.1307711, 0.0],
            [77.8521429, 29.1307613, 0.0],
            [77.852163, 29.1312829, 0.0],
            [77.8519469, 29.131343, 0.0],
            [77.8519089, 29.1312801, 0.0],
            [77.851897, 29.1310466, 0.0],
            [77.8519724, 29.1309923, 0.0],
            [77.8519912, 29.1307711, 0.0]
          ]
        ]
      }
    },
    {
      "type": "Feature",
      "properties": { "Name": "Untitled polygon" },
      "geometry": {
        "type": "Polygon",
        "coordinates": [
          [
            [77.8510568, 29.130574, 0.0],
            [77.851115, 29.1306115, 0.0],
            [77.8512785, 29.1305814, 0.0],
            [77.8515454, 29.1304948, 0.0],
            [77.8516808, 29.1304697, 0.0],
            [77.8518148, 29.130516, 0.0],
            [77.8519642, 29.1307364, 0.0],
            [77.8519545, 29.1309846, 0.0],
            [77.8519253, 29.1310085, 0.0],
            [77.8510898, 29.1310485, 0.0],
            [77.8509704, 29.1310019, 0.0],
            [77.8508639, 29.1306206, 0.0],
            [77.8510568, 29.130574, 0.0]
          ]
        ]
      }
    },
    {
      "type": "Feature",
      "properties": { "Name": "Untitled polygon" },
      "geometry": {
        "type": "Polygon",
        "coordinates": [
          [
            [77.8508926, 29.1302798, 0.0],
            [77.851129, 29.1301767, 0.0],
            [77.8513773, 29.1301019, 0.0],
            [77.8516382, 29.1300696, 0.0],
            [77.8517737, 29.1304084, 0.0],
            [77.8511056, 29.1305871, 0.0],
            [77.8510015, 29.1304249, 0.0],
            [77.8508926, 29.1302798, 0.0]
          ]
        ]
      }
    },
    {
      "type": "Feature",
      "properties": { "Name": "Untitled polygon" },
      "geometry": {
        "type": "Polygon",
        "coordinates": [
          [
            [77.8508598, 29.130308, 0.0],
            [77.8510376, 29.1305595, 0.0],
            [77.8508451, 29.1306029, 0.0],
            [77.8509563, 29.1310106, 0.0],
            [77.8502192, 29.1312072, 0.0],
            [77.8499819, 29.1307335, 0.0],
            [77.8508598, 29.130308, 0.0]
          ]
        ]
      }
    },
    {
      "type": "Feature",
      "properties": { "Name": "Untitled polygon" },
      "geometry": {
        "type": "Polygon",
        "coordinates": [
          [
            [77.8502997, 29.1314556, 0.0],
            [77.8507616, 29.131369, 0.0],
            [77.8509145, 29.1316802, 0.0],
            [77.8504809, 29.1318549, 0.0],
            [77.8502997, 29.1314556, 0.0]
          ]
        ]
      }
    },
    {
      "type": "Feature",
      "properties": { "Name": "Untitled polygon" },
      "geometry": {
        "type": "Polygon",
        "coordinates": [
          [
            [77.8501199, 29.1312393, 0.0],
            [77.8503536, 29.1317885, 0.0],
            [77.8498346, 29.1320678, 0.0],
            [77.8496038, 29.1317671, 0.0],
            [77.8493209, 29.1314229, 0.0],
            [77.8501199, 29.1312393, 0.0]
          ]
        ]
      }
    },
    {
      "type": "Feature",
      "properties": { "Name": "Untitled polygon" },
      "geometry": {
        "type": "Polygon",
        "coordinates": [
          [
            [77.8493082, 29.1314223, 0.0],
            [77.8495267, 29.1316893, 0.0],
            [77.8490174, 29.131972, 0.0],
            [77.8488417, 29.1316981, 0.0],
            [77.8493082, 29.1314223, 0.0]
          ]
        ]
      }
    },
    {
      "type": "Feature",
      "properties": { "Name": "Untitled polygon" },
      "geometry": {
        "type": "Polygon",
        "coordinates": [
          [
            [77.8518962, 29.1312962, 0.0],
            [77.8519875, 29.1314912, 0.0],
            [77.8511609, 29.1316408, 0.0],
            [77.8510256, 29.1313606, 0.0],
            [77.8518962, 29.1312962, 0.0]
          ]
        ]
      }
    },
    {
      "type": "Feature",
      "properties": { "Name": "Untitled polygon" },
      "geometry": {
        "type": "Polygon",
        "coordinates": [
          [
            [77.8487643, 29.1317368, 0.0],
            [77.8490165, 29.1320734, 0.0],
            [77.8486037, 29.1323309, 0.0],
            [77.8483289, 29.1320449, 0.0],
            [77.8487643, 29.1317368, 0.0]
          ]
        ]
      }
    },
    {
      "type": "Feature",
      "properties": { "Name": "Untitled polygon" },
      "geometry": {
        "type": "Polygon",
        "coordinates": [
          [
            [77.8486096, 29.1323396, 0.0],
            [77.8490205, 29.1320907, 0.0],
            [77.8493534, 29.1324386, 0.0],
            [77.8489499, 29.1326977, 0.0],
            [77.8486096, 29.1323396, 0.0]
          ]
        ]
      }
    },
    {
      "type": "Feature",
      "properties": { "Name": "Untitled polygon" },
      "geometry": {
        "type": "Polygon",
        "coordinates": [
          [
            [77.8489577, 29.1327051, 0.0],
            [77.8494368, 29.132398, 0.0],
            [77.8497341, 29.1327598, 0.0],
            [77.849999, 29.1325957, 0.0],
            [77.8502608, 29.1329295, 0.0],
            [77.8496022, 29.133374, 0.0],
            [77.8489577, 29.1327051, 0.0]
          ]
        ]
      }
    },
    {
      "type": "Feature",
      "properties": { "Name": "Untitled polygon" },
      "geometry": {
        "type": "Polygon",
        "coordinates": [
          [
            [77.8480874, 29.1332294, 0.0],
            [77.8489132, 29.1326988, 0.0],
            [77.8495938, 29.1333892, 0.0],
            [77.8488236, 29.1339689, 0.0],
            [77.8480874, 29.1332294, 0.0]
          ]
        ]
      }
    },
    {
      "type": "Feature",
      "properties": { "Name": "Untitled polygon" },
      "geometry": {
        "type": "Polygon",
        "coordinates": [
          [
            [77.8493776, 29.13358, 0.0],
            [77.8497995, 29.1340742, 0.0],
            [77.8499594, 29.1343429, 0.0],
            [77.8501636, 29.1346301, 0.0],
            [77.8498483, 29.1348485, 0.0],
            [77.8490198, 29.1338348, 0.0],
            [77.8493776, 29.13358, 0.0]
          ]
        ]
      }
    },
    {
      "type": "Feature",
      "properties": { "Name": "Untitled polygon" },
      "geometry": {
        "type": "Polygon",
        "coordinates": [
          [
            [77.8501844, 29.1346133, 0.0],
            [77.849809, 29.1340566, 0.0],
            [77.8493906, 29.1335649, 0.0],
            [77.8500547, 29.1331105, 0.0],
            [77.8504671, 29.1336132, 0.0],
            [77.8505332, 29.1335833, 0.0],
            [77.8509484, 29.1341071, 0.0],
            [77.8501844, 29.1346133, 0.0]
          ]
        ]
      }
    },
    {
      "type": "Feature",
      "properties": { "Name": "Untitled polygon" },
      "geometry": {
        "type": "Polygon",
        "coordinates": [
          [
            [77.8490143, 29.1338594, 0.0],
            [77.8495372, 29.1345132, 0.0],
            [77.8490625, 29.1348023, 0.0],
            [77.8489147, 29.1345754, 0.0],
            [77.8487587, 29.1344289, 0.0],
            [77.848552, 29.1341975, 0.0],
            [77.8490143, 29.1338594, 0.0]
          ]
        ]
      }
    },
    {
      "type": "Feature",
      "properties": { "Name": "Untitled polygon" },
      "geometry": {
        "type": "Polygon",
        "coordinates": [
          [
            [77.8485332, 29.1342094, 0.0],
            [77.8489356, 29.1346448, 0.0],
            [77.8490412, 29.1348177, 0.0],
            [77.8490788, 29.1348177, 0.0],
            [77.8493108, 29.1351695, 0.0],
            [77.8488598, 29.1354196, 0.0],
            [77.8480967, 29.1344711, 0.0],
            [77.8485332, 29.1342094, 0.0]
          ]
        ]
      }
    },
    {
      "type": "Feature",
      "properties": { "Name": "Untitled polygon" },
      "geometry": {
        "type": "Polygon",
        "coordinates": [
          [
            [77.8468906, 29.1334458, 0.0],
            [77.8473101, 29.1331293, 0.0],
            [77.8472092, 29.1330243, 0.0],
            [77.847503, 29.1326556, 0.0],
            [77.8488045, 29.1339829, 0.0],
            [77.8480645, 29.134467, 0.0],
            [77.8479145, 29.1344866, 0.0],
            [77.8468906, 29.1334458, 0.0]
          ]
        ]
      }
    },
    {
      "type": "Feature",
      "properties": { "Name": "Untitled polygon" },
      "geometry": {
        "type": "Polygon",
        "coordinates": [
          [
            [77.8475238, 29.134124, 0.0],
            [77.847906, 29.1345648, 0.0],
            [77.8474742, 29.1348426, 0.0],
            [77.8470917, 29.1343926, 0.0],
            [77.8475238, 29.134124, 0.0]
          ]
        ]
      }
    },
    {
      "type": "Feature",
      "properties": { "Name": "Untitled polygon" },
      "geometry": {
        "type": "Polygon",
        "coordinates": [
          [
            [77.8468787, 29.1334832, 0.0],
            [77.8475148, 29.1341142, 0.0],
            [77.8472068, 29.1343099, 0.0],
            [77.8465596, 29.1336795, 0.0],
            [77.8468787, 29.1334832, 0.0]
          ]
        ]
      }
    },
    {
      "type": "Feature",
      "properties": { "Name": "Untitled polygon" },
      "geometry": {
        "type": "Polygon",
        "coordinates": [
          [
            [77.847009, 29.134135, 0.0],
            [77.8471888, 29.1343158, 0.0],
            [77.8470736, 29.1343926, 0.0],
            [77.8472293, 29.1345775, 0.0],
            [77.8469833, 29.1347334, 0.0],
            [77.8467398, 29.1343433, 0.0],
            [77.847009, 29.134135, 0.0]
          ]
        ]
      }
    },
    {
      "type": "Feature",
      "properties": { "Name": "Untitled polygon" },
      "geometry": {
        "type": "Polygon",
        "coordinates": [
          [
            [77.846165, 29.1341592, 0.0],
            [77.8463518, 29.1339234, 0.0],
            [77.8465584, 29.1337131, 0.0],
            [77.8469947, 29.1341196, 0.0],
            [77.8465001, 29.1345414, 0.0],
            [77.846165, 29.1341592, 0.0]
          ]
        ]
      }
    },
    {
      "type": "Feature",
      "properties": { "Name": "Untitled polygon" },
      "geometry": {
        "type": "Polygon",
        "coordinates": [
          [
            [77.8461625, 29.1341773, 0.0],
            [77.8464393, 29.1344854, 0.0],
            [77.8459886, 29.1348104, 0.0],
            [77.8457588, 29.1345561, 0.0],
            [77.8461625, 29.1341773, 0.0]
          ]
        ]
      }
    },
    {
      "type": "Feature",
      "properties": { "Name": "Untitled polygon" },
      "geometry": {
        "type": "Polygon",
        "coordinates": [
          [
            [77.8459998, 29.1348184, 0.0],
            [77.8464391, 29.1344963, 0.0],
            [77.8468514, 29.1349877, 0.0],
            [77.8468532, 29.1350502, 0.0],
            [77.8464279, 29.1353661, 0.0],
            [77.8459998, 29.1348184, 0.0]
          ]
        ]
      }
    },
    {
      "type": "Feature",
      "properties": { "Name": "Untitled polygon" },
      "geometry": {
        "type": "Polygon",
        "coordinates": [
          [
            [77.8467355, 29.1343599, 0.0],
            [77.8470174, 29.1348268, 0.0],
            [77.8468581, 29.134976, 0.0],
            [77.846515, 29.1345603, 0.0],
            [77.8467355, 29.1343599, 0.0]
          ]
        ]
      }
    },
    {
      "type": "Feature",
      "properties": { "Name": "Untitled polygon" },
      "geometry": {
        "type": "Polygon",
        "coordinates": [
          [
            [77.8464413, 29.13537, 0.0],
            [77.8468646, 29.135064, 0.0],
            [77.8469491, 29.1351771, 0.0],
            [77.8465486, 29.1354949, 0.0],
            [77.8464413, 29.13537, 0.0]
          ]
        ]
      }
    },
    {
      "type": "Feature",
      "properties": { "Name": "Untitled polygon" },
      "geometry": {
        "type": "Polygon",
        "coordinates": [
          [
            [77.8469656, 29.1351732, 0.0],
            [77.8468672, 29.1350502, 0.0],
            [77.8468695, 29.1349916, 0.0],
            [77.8470362, 29.1348267, 0.0],
            [77.8469959, 29.1347479, 0.0],
            [77.8472411, 29.1345829, 0.0],
            [77.8474614, 29.134849, 0.0],
            [77.8469656, 29.1351732, 0.0]
          ]
        ]
      }
    },
    {
      "type": "Feature",
      "properties": { "Name": "Untitled polygon" },
      "geometry": {
        "type": "Polygon",
        "coordinates": [
          [
            [77.8452192, 29.1351264, 0.0],
            [77.8454143, 29.1348993, 0.0],
            [77.8453672, 29.1348173, 0.0],
            [77.8456427, 29.1346017, 0.0],
            [77.8457367, 29.1345665, 0.0],
            [77.8465254, 29.1355039, 0.0],
            [77.8459865, 29.1358267, 0.0],
            [77.8452192, 29.1351264, 0.0]
          ]
        ]
      }
    },
    {
      "type": "Feature",
      "properties": { "Name": "Untitled polygon" },
      "geometry": {
        "type": "Polygon",
        "coordinates": [
          [
            [77.8462065, 29.1332562, 0.0],
            [77.8462972, 29.1334021, 0.0],
            [77.846428, 29.1335873, 0.0],
            [77.8465497, 29.1337047, 0.0],
            [77.8463365, 29.1339104, 0.0],
            [77.8460912, 29.1335691, 0.0],
            [77.84595, 29.1334913, 0.0],
            [77.8462065, 29.1332562, 0.0]
          ]
        ]
      }
    },
    {
      "type": "Feature",
      "properties": { "Name": "Untitled polygon" },
      "geometry": {
        "type": "Polygon",
        "coordinates": [
          [
            [77.8456387, 29.1338542, 0.0],
            [77.8459336, 29.133536, 0.0],
            [77.8459377, 29.1335073, 0.0],
            [77.8460891, 29.133578, 0.0],
            [77.8463262, 29.1339211, 0.0],
            [77.8460671, 29.1342265, 0.0],
            [77.8460277, 29.1342046, 0.0],
            [77.8456387, 29.1338542, 0.0]
          ]
        ]
      }
    },
    {
      "type": "Feature",
      "properties": { "Name": "Untitled polygon" },
      "geometry": {
        "type": "Polygon",
        "coordinates": [
          [
            [77.8452808, 29.134213, 0.0],
            [77.8456245, 29.1338595, 0.0],
            [77.8460468, 29.1342546, 0.0],
            [77.8457533, 29.1345461, 0.0],
            [77.8456864, 29.1345519, 0.0],
            [77.8452808, 29.134213, 0.0]
          ]
        ]
      }
    },
    {
      "type": "Feature",
      "properties": { "Name": "Untitled polygon" },
      "geometry": {
        "type": "Polygon",
        "coordinates": [
          [
            [77.8448552, 29.1342748, 0.0],
            [77.8450801, 29.1340741, 0.0],
            [77.8456744, 29.1345611, 0.0],
            [77.8453597, 29.1348015, 0.0],
            [77.8448552, 29.1342748, 0.0]
          ]
        ]
      }
    },
    {
      "type": "Feature",
      "properties": { "Name": "Untitled polygon" },
      "geometry": {
        "type": "Polygon",
        "coordinates": [
          [
            [77.8442929, 29.1346294, 0.0],
            [77.8448055, 29.1342459, 0.0],
            [77.8453509, 29.1348191, 0.0],
            [77.844572, 29.1349906, 0.0],
            [77.8442929, 29.1346294, 0.0]
          ]
        ]
      }
    },
    {
      "type": "Feature",
      "properties": { "Name": "Untitled polygon" },
      "geometry": {
        "type": "Polygon",
        "coordinates": [
          [
            [77.8445888, 29.1340306, 0.0],
            [77.8447952, 29.1342349, 0.0],
            [77.8442919, 29.1346169, 0.0],
            [77.8442137, 29.134509, 0.0],
            [77.8443717, 29.134375, 0.0],
            [77.8442633, 29.134249, 0.0],
            [77.8445888, 29.1340306, 0.0]
          ]
        ]
      }
    },
    {
      "type": "Feature",
      "properties": { "Name": "Untitled polygon" },
      "geometry": {
        "type": "Polygon",
        "coordinates": [
          [
            [77.8445278, 29.1336915, 0.0],
            [77.8446041, 29.1337797, 0.0],
            [77.8444448, 29.1338794, 0.0],
            [77.8445756, 29.1340288, 0.0],
            [77.8442546, 29.1342376, 0.0],
            [77.8442036, 29.1341909, 0.0],
            [77.8441728, 29.1341162, 0.0],
            [77.8441249, 29.1341258, 0.0],
            [77.8441064, 29.1338985, 0.0],
            [77.8441377, 29.1338515, 0.0],
            [77.8445278, 29.1336915, 0.0]
          ]
        ]
      }
    },
    {
      "type": "Feature",
      "properties": { "Name": "Untitled polygon" },
      "geometry": {
        "type": "Polygon",
        "coordinates": [
          [
            [77.8522182, 29.1333999, 0.0],
            [77.8528373, 29.1341796, 0.0],
            [77.8526492, 29.1342903, 0.0],
            [77.8520145, 29.13351, 0.0],
            [77.8522182, 29.1333999, 0.0]
          ]
        ]
      }
    },
    {
      "type": "Feature",
      "properties": { "Name": "Untitled polygon" },
      "geometry": {
        "type": "Polygon",
        "coordinates": [
          [
            [77.852807, 29.1331117, 0.0],
            [77.8533812, 29.1338143, 0.0],
            [77.8528565, 29.1341695, 0.0],
            [77.852241, 29.1333899, 0.0],
            [77.852807, 29.1331117, 0.0]
          ]
        ]
      }
    },
    {
      "type": "Feature",
      "properties": { "Name": "Untitled polygon" },
      "geometry": {
        "type": "Polygon",
        "coordinates": [
          [
            [77.8533965, 29.1338343, 0.0],
            [77.8537178, 29.1342687, 0.0],
            [77.8532855, 29.1345994, 0.0],
            [77.852868, 29.1341962, 0.0],
            [77.8533965, 29.1338343, 0.0]
          ]
        ]
      }
    },
    {
      "type": "Feature",
      "properties": { "Name": "Untitled polygon" },
      "geometry": {
        "type": "Polygon",
        "coordinates": [
          [
            [77.8540957, 29.1332916, 0.0],
            [77.8544427, 29.1337306, 0.0],
            [77.8537332, 29.1342554, 0.0],
            [77.8534118, 29.1338043, 0.0],
            [77.8540957, 29.1332916, 0.0]
          ]
        ]
      }
    },
    {
      "type": "Feature",
      "properties": { "Name": "Untitled polygon" },
      "geometry": {
        "type": "Polygon",
        "coordinates": [
          [
            [77.8528223, 29.133105, 0.0],
            [77.8536162, 29.1327014, 0.0],
            [77.8540843, 29.1332681, 0.0],
            [77.8533391, 29.1337341, 0.0],
            [77.8528223, 29.133105, 0.0]
          ]
        ]
      }
    },
    {
      "type": "Feature",
      "properties": { "Name": "Untitled polygon" },
      "geometry": {
        "type": "Polygon",
        "coordinates": [
          [
            [77.8540794, 29.1324973, 0.0],
            [77.8541903, 29.1326553, 0.0],
            [77.8542508, 29.1326415, 0.0],
            [77.8545177, 29.1330357, 0.0],
            [77.8541048, 29.1332678, 0.0],
            [77.8536379, 29.1326936, 0.0],
            [77.8540794, 29.1324973, 0.0]
          ]
        ]
      }
    },
    {
      "type": "Feature",
      "properties": { "Name": "Untitled polygon" },
      "geometry": {
        "type": "Polygon",
        "coordinates": [
          [
            [77.8542351, 29.1321008, 0.0],
            [77.8544192, 29.1321893, 0.0],
            [77.8545873, 29.1324121, 0.0],
            [77.8541935, 29.1326331, 0.0],
            [77.853975, 29.1323147, 0.0],
            [77.8540622, 29.1322075, 0.0],
            [77.8542351, 29.1321008, 0.0]
          ]
        ]
      }
    },
    {
      "type": "Feature",
      "properties": { "Name": "Untitled polygon" },
      "geometry": {
        "type": "Polygon",
        "coordinates": [
          [
            [77.854927, 29.1322619, 0.0],
            [77.8553446, 29.133083, 0.0],
            [77.8550338, 29.1332781, 0.0],
            [77.8545714, 29.1324427, 0.0],
            [77.854927, 29.1322619, 0.0]
          ]
        ]
      }
    },
    {
      "type": "Feature",
      "properties": { "Name": "Untitled polygon" },
      "geometry": {
        "type": "Polygon",
        "coordinates": [
          [
            [77.8554733, 29.1330961, 0.0],
            [77.8557176, 29.1334811, 0.0],
            [77.8556699, 29.1335608, 0.0],
            [77.8560962, 29.1339792, 0.0],
            [77.8557901, 29.1342127, 0.0],
            [77.85495, 29.1334389, 0.0],
            [77.8554733, 29.1330961, 0.0]
          ]
        ]
      }
    },
    {
      "type": "Feature",
      "properties": { "Name": "Untitled polygon" },
      "geometry": {
        "type": "Polygon",
        "coordinates": [
          [
            [77.8576866, 29.1335063, 0.0],
            [77.8581464, 29.1332769, 0.0],
            [77.8585767, 29.1338329, 0.0],
            [77.8574054, 29.1345758, 0.0],
            [77.8570092, 29.1340581, 0.0],
            [77.8576866, 29.1335063, 0.0]
          ]
        ]
      }
    },
    {
      "type": "Feature",
      "properties": { "Name": "Untitled polygon" },
      "geometry": {
        "type": "Polygon",
        "coordinates": [
          [
            [77.8580685, 29.1341832, 0.0],
            [77.8584707, 29.1347639, 0.0],
            [77.8578204, 29.1351315, 0.0],
            [77.8574387, 29.1345966, 0.0],
            [77.8580685, 29.1341832, 0.0]
          ]
        ]
      }
    },
    {
      "type": "Feature",
      "properties": { "Name": "Untitled polygon" },
      "geometry": {
        "type": "Polygon",
        "coordinates": [
          [
            [77.8580925, 29.1341581, 0.0],
            [77.858619, 29.1338492, 0.0],
            [77.8585999, 29.133799, 0.0],
            [77.8587386, 29.1337327, 0.0],
            [77.8592123, 29.1343295, 0.0],
            [77.8591407, 29.1344215, 0.0],
            [77.8584995, 29.1347555, 0.0],
            [77.8581934, 29.1343337, 0.0],
            [77.8580925, 29.1341581, 0.0]
          ]
        ]
      }
    },
    {
      "type": "Feature",
      "properties": { "Name": "Untitled polygon" },
      "geometry": {
        "type": "Polygon",
        "coordinates": [
          [
            [77.8595219, 29.1336405, 0.0],
            [77.8597606, 29.1339621, 0.0],
            [77.859198, 29.1342659, 0.0],
            [77.8589407, 29.1339532, 0.0],
            [77.8595219, 29.1336405, 0.0]
          ]
        ]
      }
    },
    {
      "type": "Feature",
      "properties": { "Name": "Untitled polygon" },
      "geometry": {
        "type": "Polygon",
        "coordinates": [
          [
            [77.860583, 29.1337507, 0.0],
            [77.8611963, 29.1346028, 0.0],
            [77.8605044, 29.1350087, 0.0],
            [77.8599651, 29.1341348, 0.0],
            [77.860583, 29.1337507, 0.0]
          ]
        ]
      }
    },
    {
      "type": "Feature",
      "properties": { "Name": "Untitled polygon" },
      "geometry": {
        "type": "Polygon",
        "coordinates": [
          [
            [77.8604601, 29.1350367, 0.0],
            [77.8606172, 29.1352604, 0.0],
            [77.8605796, 29.13532, 0.0],
            [77.8598017, 29.1356844, 0.0],
            [77.8596368, 29.1354653, 0.0],
            [77.8604601, 29.1350367, 0.0]
          ]
        ]
      }
    },
    {
      "type": "Feature",
      "properties": { "Name": "Untitled polygon" },
      "geometry": {
        "type": "Polygon",
        "coordinates": [
          [
            [77.8614284, 29.1336495, 0.0],
            [77.8619643, 29.1343709, 0.0],
            [77.8613048, 29.1347603, 0.0],
            [77.860807, 29.1340341, 0.0],
            [77.8614284, 29.1336495, 0.0]
          ]
        ]
      }
    },
    {
      "type": "Feature",
      "properties": { "Name": "Untitled polygon" },
      "geometry": {
        "type": "Polygon",
        "coordinates": [
          [
            [77.8624854, 29.1338298, 0.0],
            [77.8627838, 29.1342164, 0.0],
            [77.862182, 29.1345804, 0.0],
            [77.8618826, 29.1341838, 0.0],
            [77.8624854, 29.1338298, 0.0]
          ]
        ]
      }
    },
    {
      "type": "Feature",
      "properties": { "Name": "Untitled polygon" },
      "geometry": {
        "type": "Polygon",
        "coordinates": [
          [
            [77.8613627, 29.1321931, 0.0],
            [77.86208, 29.1331016, 0.0],
            [77.8615691, 29.1334348, 0.0],
            [77.8608635, 29.1325701, 0.0],
            [77.8613627, 29.1321931, 0.0]
          ]
        ]
      }
    },
    {
      "type": "Feature",
      "properties": { "Name": "Untitled polygon" },
      "geometry": {
        "type": "Polygon",
        "coordinates": [
          [
            [77.8616935, 29.1316836, 0.0],
            [77.8618226, 29.1318172, 0.0],
            [77.8623826, 29.1314389, 0.0],
            [77.8628233, 29.131993, 0.0],
            [77.8619859, 29.1325318, 0.0],
            [77.8614231, 29.1318684, 0.0],
            [77.8616935, 29.1316836, 0.0]
          ]
        ]
      }
    },
    {
      "type": "Feature",
      "properties": { "Name": "Untitled polygon" },
      "geometry": {
        "type": "Polygon",
        "coordinates": [
          [
            [77.8621212, 29.1327037, 0.0],
            [77.8629606, 29.1321778, 0.0],
            [77.8631561, 29.1324133, 0.0],
            [77.8623249, 29.132959, 0.0],
            [77.8621212, 29.1327037, 0.0]
          ]
        ]
      }
    },
    {
      "type": "Feature",
      "properties": { "Name": "Untitled polygon" },
      "geometry": {
        "type": "Polygon",
        "coordinates": [
          [
            [77.862871, 29.1319774, 0.0],
            [77.8633817, 29.1316678, 0.0],
            [77.8632234, 29.1314506, 0.0],
            [77.8631755, 29.1311418, 0.0],
            [77.8636302, 29.1308663, 0.0],
            [77.8641997, 29.1315928, 0.0],
            [77.8636347, 29.1319726, 0.0],
            [77.8635861, 29.1319724, 0.0],
            [77.8631057, 29.1322805, 0.0],
            [77.8628696, 29.1319812, 0.0],
            [77.862871, 29.1319774, 0.0]
          ]
        ]
      }
    },
    {
      "type": "Feature",
      "properties": { "Name": "Untitled polygon" },
      "geometry": {
        "type": "Polygon",
        "coordinates": [
          [
            [77.8629829, 29.1314998, 0.0],
            [77.8632154, 29.1314646, 0.0],
            [77.8633576, 29.1316655, 0.0],
            [77.862863, 29.1319797, 0.0],
            [77.8626423, 29.1317002, 0.0],
            [77.8629829, 29.1314998, 0.0]
          ]
        ]
      }
    },
    {
      "type": "Feature",
      "properties": { "Name": "Untitled polygon" },
      "geometry": {
        "type": "Polygon",
        "coordinates": [
          [
            [77.8635848, 29.1319951, 0.0],
            [77.8636304, 29.1319949, 0.0],
            [77.8641813, 29.1316514, 0.0],
            [77.8645273, 29.1321095, 0.0],
            [77.8638393, 29.1325265, 0.0],
            [77.8637857, 29.1325125, 0.0],
            [77.8634404, 29.132711, 0.0],
            [77.8631288, 29.1322951, 0.0],
            [77.8635848, 29.1319951, 0.0]
          ]
        ]
      }
    },
    {
      "type": "Feature",
      "properties": { "Name": "Untitled polygon" },
      "geometry": {
        "type": "Polygon",
        "coordinates": [
          [
            [77.8628256, 29.1306713, 0.0],
            [77.8631029, 29.1310665, 0.0],
            [77.8627835, 29.1311348, 0.0],
            [77.8625917, 29.1308416, 0.0],
            [77.8628256, 29.1306713, 0.0]
          ]
        ]
      }
    },
    {
      "type": "Feature",
      "properties": { "Name": "Untitled polygon" },
      "geometry": {
        "type": "Polygon",
        "coordinates": [
          [
            [77.8651517, 29.1297294, 0.0],
            [77.8652591, 29.1298604, 0.0],
            [77.8636279, 29.1308552, 0.0],
            [77.8634608, 29.1306291, 0.0],
            [77.8651517, 29.1297294, 0.0]
          ]
        ]
      }
    },
    {
      "type": "Feature",
      "properties": { "Name": "Untitled polygon" },
      "geometry": {
        "type": "Polygon",
        "coordinates": [
          [
            [77.8652667, 29.1298701, 0.0],
            [77.8654461, 29.1303183, 0.0],
            [77.8638799, 29.1311283, 0.0],
            [77.8636613, 29.1308585, 0.0],
            [77.8652667, 29.1298701, 0.0]
          ]
        ]
      }
    },
    {
      "type": "Feature",
      "properties": { "Name": "Untitled polygon" },
      "geometry": {
        "type": "Polygon",
        "coordinates": [
          [
            [77.86531, 29.1304234, 0.0],
            [77.8654397, 29.1305466, 0.0],
            [77.8656234, 29.1306184, 0.0],
            [77.86423, 29.1315915, 0.0],
            [77.8638911, 29.1311413, 0.0],
            [77.86531, 29.1304234, 0.0]
          ]
        ]
      }
    },
    {
      "type": "Feature",
      "properties": { "Name": "Untitled polygon" },
      "geometry": {
        "type": "Polygon",
        "coordinates": [
          [
            [77.8636067, 29.1292751, 0.0],
            [77.8642411, 29.1301806, 0.0],
            [77.8634308, 29.1305951, 0.0],
            [77.8634233, 29.130644, 0.0],
            [77.8629828, 29.1308622, 0.0],
            [77.8628441, 29.1306506, 0.0],
            [77.8630569, 29.1304614, 0.0],
            [77.8625672, 29.1298363, 0.0],
            [77.8636067, 29.1292751, 0.0]
          ]
        ]
      }
    },
    {
      "type": "Feature",
      "properties": { "Name": "Untitled polygon" },
      "geometry": {
        "type": "Polygon",
        "coordinates": [
          [
            [77.8645476, 29.1288054, 0.0],
            [77.8648212, 29.1290847, 0.0],
            [77.8650062, 29.1293981, 0.0],
            [77.8651371, 29.1297154, 0.0],
            [77.8642717, 29.1301751, 0.0],
            [77.8636296, 29.1292535, 0.0],
            [77.8645476, 29.1288054, 0.0]
          ]
        ]
      }
    },
    {
      "type": "Feature",
      "properties": { "Name": "Untitled polygon" },
      "geometry": {
        "type": "Polygon",
        "coordinates": [
          [
            [77.8642805, 29.1282761, 0.0],
            [77.8645934, 29.1279012, 0.0],
            [77.8648286, 29.1276642, 0.0],
            [77.8652308, 29.1273756, 0.0],
            [77.8656154, 29.1278817, 0.0],
            [77.8646528, 29.1286604, 0.0],
            [77.8643325, 29.1284128, 0.0],
            [77.8642805, 29.1282761, 0.0]
          ]
        ]
      }
    },
    {
      "type": "Feature",
      "properties": { "Name": "Untitled polygon" },
      "geometry": {
        "type": "Polygon",
        "coordinates": [
          [
            [77.8646262, 29.1272383, 0.0],
            [77.8648013, 29.127596, 0.0],
            [77.8642905, 29.1281271, 0.0],
            [77.8642161, 29.1281236, 0.0],
            [77.8639707, 29.127661, 0.0],
            [77.8646262, 29.1272383, 0.0]
          ]
        ]
      }
    },
    {
      "type": "Feature",
      "properties": { "Name": "Untitled polygon" },
      "geometry": {
        "type": "Polygon",
        "coordinates": [
          [
            [77.8640256, 29.1262569, 0.0],
            [77.8646076, 29.1272124, 0.0],
            [77.8639522, 29.1276382, 0.0],
            [77.863378, 29.1266334, 0.0],
            [77.8640256, 29.1262569, 0.0]
          ]
        ]
      }
    },
    {
      "type": "Feature",
      "properties": { "Name": "Untitled polygon" },
      "geometry": {
        "type": "Polygon",
        "coordinates": [
          [
            [77.8652181, 29.1263179, 0.0],
            [77.8657733, 29.1270184, 0.0],
            [77.8651289, 29.1273975, 0.0],
            [77.8646523, 29.1266471, 0.0],
            [77.8652181, 29.1263179, 0.0]
          ]
        ]
      }
    },
    {
      "type": "Feature",
      "properties": { "Name": "Untitled polygon" },
      "geometry": {
        "type": "Polygon",
        "coordinates": [
          [
            [77.8656872, 29.1271154, 0.0],
            [77.8660439, 29.1275406, 0.0],
            [77.8655741, 29.1277849, 0.0],
            [77.8652695, 29.1273682, 0.0],
            [77.8656872, 29.1271154, 0.0]
          ]
        ]
      }
    },
    {
      "type": "Feature",
      "properties": { "Name": "Untitled polygon" },
      "geometry": {
        "type": "Polygon",
        "coordinates": [
          [
            [77.865959, 29.1269765, 0.0],
            [77.8663056, 29.1274031, 0.0],
            [77.8664172, 29.1273542, 0.0],
            [77.8665805, 29.1276306, 0.0],
            [77.8657454, 29.1280575, 0.0],
            [77.865589, 29.1278034, 0.0],
            [77.8660858, 29.1275463, 0.0],
            [77.8657093, 29.1270991, 0.0],
            [77.865959, 29.1269765, 0.0]
          ]
        ]
      }
    },
    {
      "type": "Feature",
      "properties": { "Name": "Untitled polygon" },
      "geometry": {
        "type": "Polygon",
        "coordinates": [
          [
            [77.8671279, 29.1269254, 0.0],
            [77.8674935, 29.1274814, 0.0],
            [77.8667637, 29.1278815, 0.0],
            [77.8664247, 29.1273315, 0.0],
            [77.8671279, 29.1269254, 0.0]
          ]
        ]
      }
    },
    {
      "type": "Feature",
      "properties": { "Name": "Untitled polygon" },
      "geometry": {
        "type": "Polygon",
        "coordinates": [
          [
            [77.8672553, 29.1262968, 0.0],
            [77.8676547, 29.1268153, 0.0],
            [77.8672257, 29.127028, 0.0],
            [77.8668362, 29.1265041, 0.0],
            [77.8672553, 29.1262968, 0.0]
          ]
        ]
      }
    },
    {
      "type": "Feature",
      "properties": { "Name": "Untitled polygon" },
      "geometry": {
        "type": "Polygon",
        "coordinates": [
          [
            [77.8675165, 29.1261506, 0.0],
            [77.8680333, 29.1268026, 0.0],
            [77.8673245, 29.127156, 0.0],
            [77.8672466, 29.1270392, 0.0],
            [77.8676696, 29.1268186, 0.0],
            [77.8672739, 29.1262838, 0.0],
            [77.8675165, 29.1261506, 0.0]
          ]
        ]
      }
    },
    {
      "type": "Feature",
      "properties": { "Name": "Untitled polygon" },
      "geometry": {
        "type": "Polygon",
        "coordinates": [
          [
            [77.9572458, 29.0666225, 0.0],
            [77.95751, 29.0656104, 0.0],
            [77.9580107, 29.0660756, 0.0],
            [77.9588568, 29.0674116, 0.0],
            [77.9579878, 29.0678171, 0.0],
            [77.9572458, 29.0666225, 0.0]
          ]
        ]
      }
    },
    {
      "type": "Feature",
      "properties": { "Name": "Untitled polygon" },
      "geometry": {
        "type": "Polygon",
        "coordinates": [
          [
            [77.958892, 29.0673845, 0.0],
            [77.9585567, 29.0668905, 0.0],
            [77.9589479, 29.0667781, 0.0],
            [77.9592038, 29.0672719, 0.0],
            [77.958892, 29.0673845, 0.0]
          ]
        ]
      }
    },
    {
      "type": "Feature",
      "properties": { "Name": "Untitled polygon" },
      "geometry": {
        "type": "Polygon",
        "coordinates": [
          [
            [77.9589752, 29.0667849, 0.0],
            [77.9594625, 29.066655, 0.0],
            [77.9596678, 29.0670742, 0.0],
            [77.9592311, 29.0672616, 0.0],
            [77.9589752, 29.0667849, 0.0]
          ]
        ]
      }
    },
    {
      "type": "Feature",
      "properties": { "Name": "Untitled polygon" },
      "geometry": {
        "type": "Polygon",
        "coordinates": [
          [
            [77.9585956, 29.0659186, 0.0],
            [77.9589711, 29.0667592, 0.0],
            [77.958537, 29.0668707, 0.0],
            [77.9580263, 29.0660549, 0.0],
            [77.9585956, 29.0659186, 0.0]
          ]
        ]
      }
    },
    {
      "type": "Feature",
      "properties": { "Name": "Untitled polygon" },
      "geometry": {
        "type": "Polygon",
        "coordinates": [
          [
            [77.9590804, 29.0657953, 0.0],
            [77.9592559, 29.066195, 0.0],
            [77.959213, 29.066236, 0.0],
            [77.9594118, 29.0666455, 0.0],
            [77.9589906, 29.0667558, 0.0],
            [77.9586268, 29.0659083, 0.0],
            [77.9590804, 29.0657953, 0.0]
          ]
        ]
      }
    },
    {
      "type": "Feature",
      "properties": { "Name": "Untitled polygon" },
      "geometry": {
        "type": "Polygon",
        "coordinates": [
          [
            [77.957931, 29.065334, 0.0],
            [77.9582252, 29.0658811, 0.0],
            [77.9579327, 29.0659765, 0.0],
            [77.9575295, 29.0655975, 0.0],
            [77.9575798, 29.0654608, 0.0],
            [77.957931, 29.065334, 0.0]
          ]
        ]
      }
    },
    {
      "type": "Feature",
      "properties": { "Name": "Untitled polygon" },
      "geometry": {
        "type": "Polygon",
        "coordinates": [
          [
            [77.9582162, 29.0649234, 0.0],
            [77.9583335, 29.0652139, 0.0],
            [77.9575758, 29.0654437, 0.0],
            [77.9576297, 29.0651082, 0.0],
            [77.9582162, 29.0649234, 0.0]
          ]
        ]
      }
    },
    {
      "type": "Feature",
      "properties": { "Name": "Untitled polygon" },
      "geometry": {
        "type": "Polygon",
        "coordinates": [
          [
            [77.9588515, 29.0650381, 0.0],
            [77.9589724, 29.0653648, 0.0],
            [77.9584479, 29.0655405, 0.0],
            [77.9585518, 29.0657907, 0.0],
            [77.9582488, 29.065869, 0.0],
            [77.9579581, 29.0653419, 0.0],
            [77.9583758, 29.0652205, 0.0],
            [77.9588515, 29.0650381, 0.0]
          ]
        ]
      }
    },
    {
      "type": "Feature",
      "properties": { "Name": "Untitled polygon" },
      "geometry": {
        "type": "Polygon",
        "coordinates": [
          [
            [77.9587546, 29.0647205, 0.0],
            [77.958848, 29.06502, 0.0],
            [77.9583605, 29.0651863, 0.0],
            [77.9582362, 29.0649086, 0.0],
            [77.9587546, 29.0647205, 0.0]
          ]
        ]
      }
    },
    {
      "type": "Feature",
      "properties": { "Name": "Untitled polygon" },
      "geometry": {
        "type": "Polygon",
        "coordinates": [
          [
            [77.9589656, 29.0653797, 0.0],
            [77.9591452, 29.0657725, 0.0],
            [77.9580078, 29.0660406, 0.0],
            [77.9579527, 29.0659834, 0.0],
            [77.9585725, 29.0658058, 0.0],
            [77.958472, 29.0655465, 0.0],
            [77.9589656, 29.0653797, 0.0]
          ]
        ]
      }
    },
    {
      "type": "Feature",
      "properties": { "Name": "Untitled polygon" },
      "geometry": {
        "type": "Polygon",
        "coordinates": [
          [
            [77.9577093, 29.0647944, 0.0],
            [77.9578057, 29.064197, 0.0],
            [77.9585374, 29.0640766, 0.0],
            [77.958696, 29.0645852, 0.0],
            [77.9577093, 29.0647944, 0.0]
          ]
        ]
      }
    },
    {
      "type": "Feature",
      "properties": { "Name": "Untitled polygon" },
      "geometry": {
        "type": "Polygon",
        "coordinates": [
          [
            [77.9579596, 29.0638199, 0.0],
            [77.9579795, 29.0634975, 0.0],
            [77.9582094, 29.0631402, 0.0],
            [77.9592215, 29.062934, 0.0],
            [77.9593734, 29.062966, 0.0],
            [77.9597279, 29.0639531, 0.0],
            [77.9586475, 29.0643101, 0.0],
            [77.9584542, 29.0637281, 0.0],
            [77.9579596, 29.0638199, 0.0]
          ]
        ]
      }
    },
    {
      "type": "Feature",
      "properties": { "Name": "Untitled polygon" },
      "geometry": {
        "type": "Polygon",
        "coordinates": [
          [
            [77.959173, 29.0657539, 0.0],
            [77.9589862, 29.0652827, 0.0],
            [77.9593111, 29.065174, 0.0],
            [77.9595322, 29.0656814, 0.0],
            [77.959173, 29.0657539, 0.0]
          ]
        ]
      }
    },
    {
      "type": "Feature",
      "properties": { "Name": "Untitled polygon" },
      "geometry": {
        "type": "Polygon",
        "coordinates": [
          [
            [77.9589616, 29.0652407, 0.0],
            [77.9587223, 29.0645486, 0.0],
            [77.9589791, 29.0644764, 0.0],
            [77.9590662, 29.0647424, 0.0],
            [77.9591286, 29.0647425, 0.0],
            [77.9592728, 29.065141, 0.0],
            [77.9589616, 29.0652407, 0.0]
          ]
        ]
      }
    },
    {
      "type": "Feature",
      "properties": { "Name": "Untitled polygon" },
      "geometry": {
        "type": "Polygon",
        "coordinates": [
          [
            [77.9587261, 29.0645154, 0.0],
            [77.9586644, 29.0643615, 0.0],
            [77.9594445, 29.0641062, 0.0],
            [77.959576, 29.06433, 0.0],
            [77.9600089, 29.0641982, 0.0],
            [77.9600781, 29.0644281, 0.0],
            [77.9596697, 29.0645633, 0.0],
            [77.9595107, 29.0646119, 0.0],
            [77.9597014, 29.0650262, 0.0],
            [77.9592988, 29.0651396, 0.0],
            [77.9591512, 29.0647264, 0.0],
            [77.9590855, 29.0647083, 0.0],
            [77.9589842, 29.0644418, 0.0],
            [77.9587261, 29.0645154, 0.0]
          ]
        ]
      }
    },
    {
      "type": "Feature",
      "properties": { "Name": "Untitled polygon" },
      "geometry": {
        "type": "Polygon",
        "coordinates": [
          [
            [77.9595511, 29.0656713, 0.0],
            [77.9594476, 29.0654447, 0.0],
            [77.9600798, 29.0652545, 0.0],
            [77.9601904, 29.0655293, 0.0],
            [77.9595511, 29.0656713, 0.0]
          ]
        ]
      }
    },
    {
      "type": "Feature",
      "properties": { "Name": "Untitled polygon" },
      "geometry": {
        "type": "Polygon",
        "coordinates": [
          [
            [77.9602319, 29.0655354, 0.0],
            [77.9603672, 29.06589, 0.0],
            [77.9592859, 29.0661928, 0.0],
            [77.9591299, 29.065804, 0.0],
            [77.9602319, 29.0655354, 0.0]
          ]
        ]
      }
    },
    {
      "type": "Feature",
      "properties": { "Name": "Untitled polygon" },
      "geometry": {
        "type": "Polygon",
        "coordinates": [
          [
            [77.9603876, 29.0657569, 0.0],
            [77.9602398, 29.0655109, 0.0],
            [77.961556, 29.0651475, 0.0],
            [77.9615411, 29.0654176, 0.0],
            [77.9603876, 29.0657569, 0.0]
          ]
        ]
      }
    },
    {
      "type": "Feature",
      "properties": { "Name": "Untitled polygon" },
      "geometry": {
        "type": "Polygon",
        "coordinates": [
          [
            [77.9602122, 29.0654988, 0.0],
            [77.9600883, 29.0652538, 0.0],
            [77.9606376, 29.0650575, 0.0],
            [77.9607688, 29.0653357, 0.0],
            [77.9602122, 29.0654988, 0.0]
          ]
        ]
      }
    },
    {
      "type": "Feature",
      "properties": { "Name": "Untitled polygon" },
      "geometry": {
        "type": "Polygon",
        "coordinates": [
          [
            [77.9605166, 29.0647917, 0.0],
            [77.9615603, 29.0644981, 0.0],
            [77.9615891, 29.0648435, 0.0],
            [77.9608798, 29.0650301, 0.0],
            [77.9607484, 29.0648341, 0.0],
            [77.9605942, 29.0648807, 0.0],
            [77.9605166, 29.0647917, 0.0]
          ]
        ]
      }
    },
    {
      "type": "Feature",
      "properties": { "Name": "Untitled polygon" },
      "geometry": {
        "type": "Polygon",
        "coordinates": [
          [
            [77.9608, 29.0653355, 0.0],
            [77.9606065, 29.0648975, 0.0],
            [77.9607361, 29.0648536, 0.0],
            [77.9608832, 29.0650726, 0.0],
            [77.9609936, 29.0652745, 0.0],
            [77.9608, 29.0653355, 0.0]
          ]
        ]
      }
    },
    {
      "type": "Feature",
      "properties": { "Name": "Untitled polygon" },
      "geometry": {
        "type": "Polygon",
        "coordinates": [
          [
            [77.9610695, 29.0639174, 0.0],
            [77.9611559, 29.0641247, 0.0],
            [77.9606238, 29.0642661, 0.0],
            [77.9605961, 29.0640396, 0.0],
            [77.9610695, 29.0639174, 0.0]
          ]
        ]
      }
    },
    {
      "type": "Feature",
      "properties": { "Name": "Untitled polygon" },
      "geometry": {
        "type": "Polygon",
        "coordinates": [
          [
            [77.9600953, 29.0639167, 0.0],
            [77.9601792, 29.0641315, 0.0],
            [77.9595749, 29.0642947, 0.0],
            [77.9594778, 29.064104, 0.0],
            [77.9600953, 29.0639167, 0.0]
          ]
        ]
      }
    },
    {
      "type": "Feature",
      "properties": { "Name": "Untitled polygon" },
      "geometry": {
        "type": "Polygon",
        "coordinates": [
          [
            [77.9615755, 29.0634132, 0.0],
            [77.9616416, 29.0636728, 0.0],
            [77.9605975, 29.0640017, 0.0],
            [77.9605008, 29.0637752, 0.0],
            [77.9615755, 29.0634132, 0.0]
          ]
        ]
      }
    },
    {
      "type": "Feature",
      "properties": { "Name": "Untitled polygon" },
      "geometry": {
        "type": "Polygon",
        "coordinates": [
          [
            [77.9621597, 29.0647778, 0.0],
            [77.9618381, 29.0649081, 0.0],
            [77.9618949, 29.0643325, 0.0],
            [77.9619736, 29.0642853, 0.0],
            [77.9621597, 29.0647778, 0.0]
          ]
        ]
      }
    },
    {
      "type": "Feature",
      "properties": { "Name": "Untitled polygon" },
      "geometry": {
        "type": "Polygon",
        "coordinates": [
          [
            [77.9595713, 29.0666128, 0.0],
            [77.9594283, 29.066643, 0.0],
            [77.959236, 29.066236, 0.0],
            [77.9593159, 29.0662261, 0.0],
            [77.9595713, 29.0666128, 0.0]
          ]
        ]
      }
    },
    {
      "type": "Feature",
      "properties": { "Name": "Untitled polygon" },
      "geometry": {
        "type": "Polygon",
        "coordinates": [
          [
            [77.9603946, 29.0658952, 0.0],
            [77.9605912, 29.0662999, 0.0],
            [77.959586, 29.066617, 0.0],
            [77.959337, 29.0662231, 0.0],
            [77.9603946, 29.0658952, 0.0]
          ]
        ]
      }
    },
    {
      "type": "Feature",
      "properties": { "Name": "Untitled polygon" },
      "geometry": {
        "type": "Polygon",
        "coordinates": [
          [
            [77.9615292, 29.0654533, 0.0],
            [77.961526, 29.0659435, 0.0],
            [77.9610884, 29.0660443, 0.0],
            [77.9611436, 29.0662563, 0.0],
            [77.9606475, 29.0664124, 0.0],
            [77.9607434, 29.0666465, 0.0],
            [77.9607365, 29.0666505, 0.0],
            [77.9596783, 29.0670584, 0.0],
            [77.9594881, 29.066651, 0.0],
            [77.9606143, 29.066312, 0.0],
            [77.9603775, 29.0657878, 0.0],
            [77.9615292, 29.0654533, 0.0]
          ]
        ]
      }
    },
    {
      "type": "Feature",
      "properties": { "Name": "Untitled polygon" },
      "geometry": {
        "type": "Polygon",
        "coordinates": [
          [
            [77.9588979, 29.0674306, 0.0],
            [77.9593791, 29.0681398, 0.0],
            [77.9587504, 29.0683437, 0.0],
            [77.9583992, 29.0676627, 0.0],
            [77.9588979, 29.0674306, 0.0]
          ]
        ]
      }
    },
    {
      "type": "Feature",
      "properties": { "Name": "Untitled polygon" },
      "geometry": {
        "type": "Polygon",
        "coordinates": [
          [
            [77.9594763, 29.0671827, 0.0],
            [77.9599194, 29.067936, 0.0],
            [77.9593997, 29.0681218, 0.0],
            [77.9589688, 29.0674203, 0.0],
            [77.9594763, 29.0671827, 0.0]
          ]
        ]
      }
    },
    {
      "type": "Feature",
      "properties": { "Name": "Untitled polygon" },
      "geometry": {
        "type": "Polygon",
        "coordinates": [
          [
            [77.9604598, 29.0677415, 0.0],
            [77.9606975, 29.0682106, 0.0],
            [77.9595235, 29.0685421, 0.0],
            [77.9592995, 29.0682068, 0.0],
            [77.9604598, 29.0677415, 0.0]
          ]
        ]
      }
    },
    {
      "type": "Feature",
      "properties": { "Name": "Untitled polygon" },
      "geometry": {
        "type": "Polygon",
        "coordinates": [
          [
            [77.9607735, 29.067151, 0.0],
            [77.960946, 29.0675186, 0.0],
            [77.9604716, 29.0677231, 0.0],
            [77.9602694, 29.0673642, 0.0],
            [77.9607735, 29.067151, 0.0]
          ]
        ]
      }
    },
    {
      "type": "Feature",
      "properties": { "Name": "Untitled polygon" },
      "geometry": {
        "type": "Polygon",
        "coordinates": [
          [
            [77.9597301, 29.067557, 0.0],
            [77.9594938, 29.0671752, 0.0],
            [77.9605006, 29.0667644, 0.0],
            [77.9607171, 29.0671588, 0.0],
            [77.9597301, 29.067557, 0.0]
          ]
        ]
      }
    },
    {
      "type": "Feature",
      "properties": { "Name": "Untitled polygon" },
      "geometry": {
        "type": "Polygon",
        "coordinates": [
          [
            [77.960246, 29.0673807, 0.0],
            [77.9604424, 29.0677286, 0.0],
            [77.9599369, 29.0679315, 0.0],
            [77.9597305, 29.0675757, 0.0],
            [77.960246, 29.0673807, 0.0]
          ]
        ]
      }
    },
    {
      "type": "Feature",
      "properties": { "Name": "Untitled polygon" },
      "geometry": {
        "type": "Polygon",
        "coordinates": [
          [
            [77.9569927, 29.06813, 0.0],
            [77.9572458, 29.0666822, 0.0],
            [77.9579516, 29.0678339, 0.0],
            [77.9571582, 29.0682951, 0.0],
            [77.9569927, 29.06813, 0.0]
          ]
        ]
      }
    },
    {
      "type": "Feature",
      "properties": { "Name": "Untitled polygon" },
      "geometry": {
        "type": "Polygon",
        "coordinates": [
          [
            [77.9574445, 29.0685619, 0.0],
            [77.9572574, 29.0682672, 0.0],
            [77.9579686, 29.0678537, 0.0],
            [77.9581612, 29.0682176, 0.0],
            [77.9574445, 29.0685619, 0.0]
          ]
        ]
      }
    },
    {
      "type": "Feature",
      "properties": { "Name": "Untitled polygon" },
      "geometry": {
        "type": "Polygon",
        "coordinates": [
          [
            [77.9583453, 29.0684652, 0.0],
            [77.9579997, 29.0678463, 0.0],
            [77.9583709, 29.0676653, 0.0],
            [77.9587082, 29.0683367, 0.0],
            [77.9583453, 29.0684652, 0.0]
          ]
        ]
      }
    },
    {
      "type": "Feature",
      "properties": { "Name": "Untitled polygon" },
      "geometry": {
        "type": "Polygon",
        "coordinates": [
          [
            [77.9582048, 29.0631058, 0.0],
            [77.9580502, 29.0629019, 0.0],
            [77.9582413, 29.0628079, 0.0],
            [77.9591192, 29.0625832, 0.0],
            [77.9592852, 29.0629104, 0.0],
            [77.9582048, 29.0631058, 0.0]
          ]
        ]
      }
    },
    {
      "type": "Feature",
      "properties": { "Name": "Untitled polygon" },
      "geometry": {
        "type": "Polygon",
        "coordinates": [
          [
            [77.9581649, 29.0627897, 0.0],
            [77.9581995, 29.0624555, 0.0],
            [77.9589766, 29.0622874, 0.0],
            [77.9591162, 29.0625549, 0.0],
            [77.9581649, 29.0627897, 0.0]
          ]
        ]
      }
    },
    {
      "type": "Feature",
      "properties": { "Name": "Untitled polygon" },
      "geometry": {
        "type": "Polygon",
        "coordinates": [
          [
            [77.9592071, 29.0626875, 0.0],
            [77.9587724, 29.0617589, 0.0],
            [77.9594931, 29.0615063, 0.0],
            [77.9599193, 29.0624324, 0.0],
            [77.9592071, 29.0626875, 0.0]
          ]
        ]
      }
    },
    {
      "type": "Feature",
      "properties": { "Name": "Untitled polygon" },
      "geometry": {
        "type": "Polygon",
        "coordinates": [
          [
            [77.9581995, 29.0624191, 0.0],
            [77.9584701, 29.0612885, 0.0],
            [77.9589658, 29.0622671, 0.0],
            [77.9581995, 29.0624191, 0.0]
          ]
        ]
      }
    },
    {
      "type": "Feature",
      "properties": { "Name": "Untitled polygon" },
      "geometry": {
        "type": "Polygon",
        "coordinates": [
          [
            [77.9587634, 29.0617203, 0.0],
            [77.9584876, 29.0612043, 0.0],
            [77.958611, 29.060669, 0.0],
            [77.9592817, 29.0604724, 0.0],
            [77.9594895, 29.0609214, 0.0],
            [77.9592554, 29.0610238, 0.0],
            [77.959473, 29.0614776, 0.0],
            [77.9587634, 29.0617203, 0.0]
          ]
        ]
      }
    },
    {
      "type": "Feature",
      "properties": { "Name": "Untitled polygon" },
      "geometry": {
        "type": "Polygon",
        "coordinates": [
          [
            [77.9599879, 29.0624024, 0.0],
            [77.9597954, 29.062027, 0.0],
            [77.9608237, 29.0616175, 0.0],
            [77.9610433, 29.0619998, 0.0],
            [77.9599879, 29.0624024, 0.0]
          ]
        ]
      }
    },
    {
      "type": "Feature",
      "properties": { "Name": "Untitled polygon" },
      "geometry": {
        "type": "Polygon",
        "coordinates": [
          [
            [77.9597761, 29.0620167, 0.0],
            [77.9596263, 29.0616756, 0.0],
            [77.9605899, 29.0612681, 0.0],
            [77.9607963, 29.0616148, 0.0],
            [77.9597761, 29.0620167, 0.0]
          ]
        ]
      }
    },
    {
      "type": "Feature",
      "properties": { "Name": "Untitled polygon" },
      "geometry": {
        "type": "Polygon",
        "coordinates": [
          [
            [77.9595958, 29.0616321, 0.0],
            [77.959267, 29.0610279, 0.0],
            [77.9595166, 29.0609304, 0.0],
            [77.959313, 29.0604656, 0.0],
            [77.9600542, 29.0602631, 0.0],
            [77.9605863, 29.06124, 0.0],
            [77.9595958, 29.0616321, 0.0]
          ]
        ]
      }
    },
    {
      "type": "Feature",
      "properties": { "Name": "Untitled polygon" },
      "geometry": {
        "type": "Polygon",
        "coordinates": [
          [
            [77.9610788, 29.0619874, 0.0],
            [77.9608558, 29.0616282, 0.0],
            [77.9613071, 29.0614506, 0.0],
            [77.961528, 29.0618293, 0.0],
            [77.9610788, 29.0619874, 0.0]
          ]
        ]
      }
    },
    {
      "type": "Feature",
      "properties": { "Name": "Untitled polygon" },
      "geometry": {
        "type": "Polygon",
        "coordinates": [
          [
            [77.9608491, 29.061603, 0.0],
            [77.9605301, 29.0610509, 0.0],
            [77.961014, 29.0608496, 0.0],
            [77.9613073, 29.0614253, 0.0],
            [77.9608491, 29.061603, 0.0]
          ]
        ]
      }
    },
    {
      "type": "Feature",
      "properties": { "Name": "Untitled polygon" },
      "geometry": {
        "type": "Polygon",
        "coordinates": [
          [
            [77.9605472, 29.0610056, 0.0],
            [77.9604076, 29.0607722, 0.0],
            [77.9609415, 29.0605119, 0.0],
            [77.9610142, 29.0605937, 0.0],
            [77.9608897, 29.0606325, 0.0],
            [77.9609948, 29.0608264, 0.0],
            [77.9605472, 29.0610056, 0.0]
          ]
        ]
      }
    },
    {
      "type": "Feature",
      "properties": { "Name": "Untitled polygon" },
      "geometry": {
        "type": "Polygon",
        "coordinates": [
          [
            [77.9603888, 29.0607434, 0.0],
            [77.9600967, 29.0602652, 0.0],
            [77.9605052, 29.0601376, 0.0],
            [77.9606811, 29.0600441, 0.0],
            [77.9609093, 29.0604787, 0.0],
            [77.9603888, 29.0607434, 0.0]
          ]
        ]
      }
    },
    {
      "type": "Feature",
      "properties": { "Name": "Untitled polygon" },
      "geometry": {
        "type": "Polygon",
        "coordinates": [
          [
            [77.9621584, 29.0598131, 0.0],
            [77.9617012, 29.0599865, 0.0],
            [77.9618424, 29.0603019, 0.0],
            [77.9610444, 29.0606357, 0.0],
            [77.960708, 29.0600417, 0.0],
            [77.9621682, 29.059297, 0.0],
            [77.9621584, 29.0598131, 0.0]
          ]
        ]
      }
    },
    {
      "type": "Feature",
      "properties": { "Name": "Untitled polygon" },
      "geometry": {
        "type": "Polygon",
        "coordinates": [
          [
            [77.9610745, 29.0609011, 0.0],
            [77.9609926, 29.0607773, 0.0],
            [77.9613582, 29.0606146, 0.0],
            [77.961434, 29.0607381, 0.0],
            [77.9610745, 29.0609011, 0.0]
          ]
        ]
      }
    },
    {
      "type": "Feature",
      "properties": { "Name": "Untitled polygon" },
      "geometry": {
        "type": "Polygon",
        "coordinates": [
          [
            [77.9614619, 29.0607169, 0.0],
            [77.9614069, 29.0605844, 0.0],
            [77.9621791, 29.0602542, 0.0],
            [77.9621826, 29.060431, 0.0],
            [77.9614619, 29.0607169, 0.0]
          ]
        ]
      }
    },
    {
      "type": "Feature",
      "properties": { "Name": "Untitled polygon" },
      "geometry": {
        "type": "Polygon",
        "coordinates": [
          [
            [77.9611922, 29.0611314, 0.0],
            [77.9610744, 29.0609191, 0.0],
            [77.9620083, 29.0605166, 0.0],
            [77.9620543, 29.0605853, 0.0],
            [77.9621986, 29.0605315, 0.0],
            [77.9621986, 29.0607582, 0.0],
            [77.9611922, 29.0611314, 0.0]
          ]
        ]
      }
    },
    {
      "type": "Feature",
      "properties": { "Name": "Untitled polygon" },
      "geometry": {
        "type": "Polygon",
        "coordinates": [
          [
            [77.961556, 29.0618382, 0.0],
            [77.9611877, 29.0611557, 0.0],
            [77.9618783, 29.0608899, 0.0],
            [77.9619628, 29.0611118, 0.0],
            [77.9620523, 29.0610979, 0.0],
            [77.9619288, 29.0616974, 0.0],
            [77.961556, 29.0618382, 0.0]
          ]
        ]
      }
    },
    {
      "type": "Feature",
      "properties": { "Name": "Untitled polygon" },
      "geometry": {
        "type": "Polygon",
        "coordinates": [
          [
            [77.9597384, 29.0639467, 0.0],
            [77.9594023, 29.0629918, 0.0],
            [77.9608466, 29.0629621, 0.0],
            [77.9608963, 29.063111, 0.0],
            [77.9600413, 29.0633898, 0.0],
            [77.9602323, 29.0637743, 0.0],
            [77.9597384, 29.0639467, 0.0]
          ]
        ]
      }
    },
    {
      "type": "Feature",
      "properties": { "Name": "Untitled polygon" },
      "geometry": {
        "type": "Polygon",
        "coordinates": [
          [
            [77.9602622, 29.0637874, 0.0],
            [77.9600593, 29.0634012, 0.0],
            [77.9609016, 29.0631314, 0.0],
            [77.9611002, 29.0635225, 0.0],
            [77.9602622, 29.0637874, 0.0]
          ]
        ]
      }
    },
    {
      "type": "Feature",
      "properties": { "Name": "Untitled polygon" },
      "geometry": {
        "type": "Polygon",
        "coordinates": [
          [
            [77.960588, 29.062262, 0.0],
            [77.9608535, 29.0629476, 0.0],
            [77.9594053, 29.0629661, 0.0],
            [77.9593104, 29.0629254, 0.0],
            [77.9592255, 29.0627133, 0.0],
            [77.960588, 29.062262, 0.0]
          ]
        ]
      }
    },
    {
      "type": "Feature",
      "properties": { "Name": "Untitled polygon" },
      "geometry": {
        "type": "Polygon",
        "coordinates": [
          [
            [77.9555278, 29.0690556, 0.0],
            [77.9550837, 29.0685301, 0.0],
            [77.9556403, 29.0681864, 0.0],
            [77.9560722, 29.0687706, 0.0],
            [77.9555278, 29.0690556, 0.0]
          ]
        ]
      }
    },
    {
      "type": "Feature",
      "properties": { "Name": "Untitled polygon" },
      "geometry": {
        "type": "Polygon",
        "coordinates": [
          [
            [77.9550837, 29.068481, 0.0],
            [77.9549202, 29.0682647, 0.0],
            [77.9554601, 29.0679458, 0.0],
            [77.9556291, 29.0681668, 0.0],
            [77.9550837, 29.068481, 0.0]
          ]
        ]
      }
    },
    {
      "type": "Feature",
      "properties": { "Name": "Untitled polygon" },
      "geometry": {
        "type": "Polygon",
        "coordinates": [
          [
            [77.954909, 29.0682255, 0.0],
            [77.9546003, 29.0677593, 0.0],
            [77.9550667, 29.067499, 0.0],
            [77.9554264, 29.0679212, 0.0],
            [77.954909, 29.0682255, 0.0]
          ]
        ]
      }
    },
    {
      "type": "Feature",
      "properties": { "Name": "Untitled polygon" },
      "geometry": {
        "type": "Polygon",
        "coordinates": [
          [
            [77.9540108, 29.0687126, 0.0],
            [77.9538196, 29.0684964, 0.0],
            [77.9541346, 29.0682852, 0.0],
            [77.9543312, 29.0685698, 0.0],
            [77.9540108, 29.0687126, 0.0]
          ]
        ]
      }
    },
    {
      "type": "Feature",
      "properties": { "Name": "Untitled polygon" },
      "geometry": {
        "type": "Polygon",
        "coordinates": [
          [
            [77.954348, 29.068555, 0.0],
            [77.9541346, 29.0682409, 0.0],
            [77.954713, 29.0679851, 0.0],
            [77.9550612, 29.0685497, 0.0],
            [77.9548141, 29.0686234, 0.0],
            [77.9546624, 29.0684515, 0.0],
            [77.954348, 29.068555, 0.0]
          ]
        ]
      }
    },
    {
      "type": "Feature",
      "properties": { "Name": "Untitled polygon" },
      "geometry": {
        "type": "Polygon",
        "coordinates": [
          [
            [77.9559983, 29.0685935, 0.0],
            [77.9556461, 29.0681373, 0.0],
            [77.9563368, 29.0677297, 0.0],
            [77.9566576, 29.0682208, 0.0],
            [77.9559983, 29.0685935, 0.0]
          ]
        ]
      }
    },
    {
      "type": "Feature",
      "properties": { "Name": "Untitled polygon" },
      "geometry": {
        "type": "Polygon",
        "coordinates": [
          [
            [77.955619, 29.0681166, 0.0],
            [77.95513, 29.0675025, 0.0],
            [77.9559381, 29.0670313, 0.0],
            [77.9563192, 29.0677069, 0.0],
            [77.955619, 29.0681166, 0.0]
          ]
        ]
      }
    },
    {
      "type": "Feature",
      "properties": { "Name": "Untitled polygon" },
      "geometry": {
        "type": "Polygon",
        "coordinates": [
          [
            [77.9543429, 29.0673359, 0.0],
            [77.9544896, 29.0676303, 0.0],
            [77.9535549, 29.068182, 0.0],
            [77.9533135, 29.067857, 0.0],
            [77.9543429, 29.0673359, 0.0]
          ]
        ]
      }
    },
    {
      "type": "Feature",
      "properties": { "Name": "Untitled polygon" },
      "geometry": {
        "type": "Polygon",
        "coordinates": [
          [
            [77.9564517, 29.0678517, 0.0],
            [77.955955, 29.0670213, 0.0],
            [77.9571187, 29.0664664, 0.0],
            [77.956884, 29.0677139, 0.0],
            [77.9564517, 29.0678517, 0.0]
          ]
        ]
      }
    },
    {
      "type": "Feature",
      "properties": { "Name": "Untitled polygon" },
      "geometry": {
        "type": "Polygon",
        "coordinates": [
          [
            [77.9568684, 29.0658911, 0.0],
            [77.9571242, 29.0663437, 0.0],
            [77.9570849, 29.0664517, 0.0],
            [77.9555065, 29.0671834, 0.0],
            [77.9552647, 29.0667958, 0.0],
            [77.9568684, 29.0658911, 0.0]
          ]
        ]
      }
    },
    {
      "type": "Feature",
      "properties": { "Name": "Untitled polygon" },
      "geometry": {
        "type": "Polygon",
        "coordinates": [
          [
            [77.9571896, 29.066351, 0.0],
            [77.9566773, 29.0654434, 0.0],
            [77.9574557, 29.0650081, 0.0],
            [77.9571896, 29.066351, 0.0]
          ]
        ]
      }
    },
    {
      "type": "Feature",
      "properties": { "Name": "Untitled polygon" },
      "geometry": {
        "type": "Polygon",
        "coordinates": [
          [
            [77.9550727, 29.0668413, 0.0],
            [77.9542362, 29.065238, 0.0],
            [77.9544721, 29.06512, 0.0],
            [77.9543997, 29.0649582, 0.0],
            [77.9552028, 29.0646135, 0.0],
            [77.9552816, 29.0647071, 0.0],
            [77.9553942, 29.0646682, 0.0],
            [77.9562485, 29.066196, 0.0],
            [77.9550727, 29.0668413, 0.0]
          ]
        ]
      }
    },
    {
      "type": "Feature",
      "properties": { "Name": "Untitled polygon" },
      "geometry": {
        "type": "Polygon",
        "coordinates": [
          [
            [77.9566317, 29.065385, 0.0],
            [77.9563608, 29.0648895, 0.0],
            [77.9568039, 29.0646938, 0.0],
            [77.9570806, 29.0651446, 0.0],
            [77.9566317, 29.065385, 0.0]
          ]
        ]
      }
    },
    {
      "type": "Feature",
      "properties": { "Name": "Untitled polygon" },
      "geometry": {
        "type": "Polygon",
        "coordinates": [
          [
            [77.9573883, 29.0649888, 0.0],
            [77.9571064, 29.0644882, 0.0],
            [77.9575999, 29.0643362, 0.0],
            [77.9573883, 29.0649888, 0.0]
          ]
        ]
      }
    },
    {
      "type": "Feature",
      "properties": { "Name": "Untitled polygon" },
      "geometry": {
        "type": "Polygon",
        "coordinates": [
          [
            [77.9570952, 29.0644685, 0.0],
            [77.9565853, 29.0634613, 0.0],
            [77.9578538, 29.0632071, 0.0],
            [77.9576111, 29.064292, 0.0],
            [77.9570952, 29.0644685, 0.0]
          ]
        ]
      }
    },
    {
      "type": "Feature",
      "properties": { "Name": "Untitled polygon" },
      "geometry": {
        "type": "Polygon",
        "coordinates": [
          [
            [77.9571139, 29.0651463, 0.0],
            [77.9561582, 29.063579, 0.0],
            [77.9565404, 29.063471, 0.0],
            [77.9573715, 29.0650035, 0.0],
            [77.9571139, 29.0651463, 0.0]
          ]
        ]
      }
    },
    {
      "type": "Feature",
      "properties": { "Name": "Untitled polygon" },
      "geometry": {
        "type": "Polygon",
        "coordinates": [
          [
            [77.9563324, 29.0648513, 0.0],
            [77.9556859, 29.0636768, 0.0],
            [77.9561245, 29.0635986, 0.0],
            [77.956787, 29.0646696, 0.0],
            [77.9563324, 29.0648513, 0.0]
          ]
        ]
      }
    },
    {
      "type": "Feature",
      "properties": { "Name": "Untitled polygon" },
      "geometry": {
        "type": "Polygon",
        "coordinates": [
          [
            [77.9557538, 29.0652146, 0.0],
            [77.9552869, 29.0644092, 0.0],
            [77.9558942, 29.0641348, 0.0],
            [77.9563212, 29.0649545, 0.0],
            [77.9557538, 29.0652146, 0.0]
          ]
        ]
      }
    },
    {
      "type": "Feature",
      "properties": { "Name": "Untitled polygon" },
      "geometry": {
        "type": "Polygon",
        "coordinates": [
          [
            [77.955872, 29.0641195, 0.0],
            [77.9548251, 29.0645868, 0.0],
            [77.9545067, 29.0640656, 0.0],
            [77.955635, 29.0636774, 0.0],
            [77.955872, 29.0641195, 0.0]
          ]
        ]
      }
    },
    {
      "type": "Feature",
      "properties": { "Name": "Untitled polygon" },
      "geometry": {
        "type": "Polygon",
        "coordinates": [
          [
            [77.9540861, 29.0632754, 0.0],
            [77.9545122, 29.0639968, 0.0],
            [77.9544617, 29.0640607, 0.0],
            [77.9547809, 29.0646015, 0.0],
            [77.953955, 29.0649549, 0.0],
            [77.9535958, 29.0644094, 0.0],
            [77.9533773, 29.0644682, 0.0],
            [77.953094, 29.0637614, 0.0],
            [77.9540861, 29.0632754, 0.0]
          ]
        ]
      }
    },
    {
      "type": "Feature",
      "properties": { "Name": "Untitled polygon" },
      "geometry": {
        "type": "Polygon",
        "coordinates": [
          [
            [77.9545459, 29.0640116, 0.0],
            [77.9541028, 29.0632655, 0.0],
            [77.9549326, 29.0629104, 0.0],
            [77.9554163, 29.0637166, 0.0],
            [77.9545459, 29.0640116, 0.0]
          ]
        ]
      }
    },
    {
      "type": "Feature",
      "properties": { "Name": "Untitled polygon" },
      "geometry": {
        "type": "Polygon",
        "coordinates": [
          [
            [77.9554557, 29.063692, 0.0],
            [77.9549607, 29.0628906, 0.0],
            [77.9563946, 29.0622182, 0.0],
            [77.9569149, 29.06332, 0.0],
            [77.9561053, 29.0635568, 0.0],
            [77.9554557, 29.063692, 0.0]
          ]
        ]
      }
    },
    {
      "type": "Feature",
      "properties": { "Name": "Untitled polygon" },
      "geometry": {
        "type": "Polygon",
        "coordinates": [
          [
            [77.9569765, 29.0633249, 0.0],
            [77.9564679, 29.0621096, 0.0],
            [77.9581474, 29.0615408, 0.0],
            [77.9578611, 29.0631651, 0.0],
            [77.9569765, 29.0633249, 0.0]
          ]
        ]
      }
    },
    {
      "type": "Feature",
      "properties": { "Name": "Untitled polygon" },
      "geometry": {
        "type": "Polygon",
        "coordinates": [
          [
            [77.9577065, 29.061628, 0.0],
            [77.957233, 29.060832, 0.0],
            [77.9583738, 29.0602376, 0.0],
            [77.9584638, 29.0602818, 0.0],
            [77.9581588, 29.0614854, 0.0],
            [77.9577065, 29.061628, 0.0]
          ]
        ]
      }
    },
    {
      "type": "Feature",
      "properties": { "Name": "Untitled polygon" },
      "geometry": {
        "type": "Polygon",
        "coordinates": [
          [
            [77.957205, 29.0608369, 0.0],
            [77.9576783, 29.061628, 0.0],
            [77.9572619, 29.0617656, 0.0],
            [77.9568342, 29.0610136, 0.0],
            [77.957205, 29.0608369, 0.0]
          ]
        ]
      }
    },
    {
      "type": "Feature",
      "properties": { "Name": "Untitled polygon" },
      "geometry": {
        "type": "Polygon",
        "coordinates": [
          [
            [77.9568117, 29.0610283, 0.0],
            [77.9572282, 29.0617951, 0.0],
            [77.9564407, 29.0620898, 0.0],
            [77.9560921, 29.0613821, 0.0],
            [77.9568117, 29.0610283, 0.0]
          ]
        ]
      }
    },
    {
      "type": "Feature",
      "properties": { "Name": "Untitled polygon" },
      "geometry": {
        "type": "Polygon",
        "coordinates": [
          [
            [77.9549243, 29.0628143, 0.0],
            [77.9545847, 29.0622765, 0.0],
            [77.9553944, 29.0618884, 0.0],
            [77.9557445, 29.0624168, 0.0],
            [77.9549243, 29.0628143, 0.0]
          ]
        ]
      }
    },
    {
      "type": "Feature",
      "properties": { "Name": "Untitled polygon" },
      "geometry": {
        "type": "Polygon",
        "coordinates": [
          [
            [77.9557843, 29.0624099, 0.0],
            [77.9553944, 29.061798, 0.0],
            [77.9560787, 29.0615128, 0.0],
            [77.956405, 29.062146, 0.0],
            [77.9557843, 29.0624099, 0.0]
          ]
        ]
      }
    },
    {
      "type": "Feature",
      "properties": { "Name": "Untitled polygon" },
      "geometry": {
        "type": "Polygon",
        "coordinates": [
          [
            [77.9545089, 29.0621013, 0.0],
            [77.9543269, 29.0617995, 0.0],
            [77.9551321, 29.0614341, 0.0],
            [77.955326, 29.0616994, 0.0],
            [77.9545089, 29.0621013, 0.0]
          ]
        ]
      }
    },
    {
      "type": "Feature",
      "properties": { "Name": "Untitled polygon" },
      "geometry": {
        "type": "Polygon",
        "coordinates": [
          [
            [77.9553805, 29.0617632, 0.0],
            [77.9551139, 29.0613175, 0.0],
            [77.9553443, 29.0611796, 0.0],
            [77.9551254, 29.0608188, 0.0],
            [77.9555981, 29.0605839, 0.0],
            [77.9560724, 29.0614608, 0.0],
            [77.9553805, 29.0617632, 0.0]
          ]
        ]
      }
    },
    {
      "type": "Feature",
      "properties": { "Name": "Untitled polygon" },
      "geometry": {
        "type": "Polygon",
        "coordinates": [
          [
            [77.9560603, 29.0613229, 0.0],
            [77.9554099, 29.0601433, 0.0],
            [77.9559206, 29.0599314, 0.0],
            [77.9565948, 29.0610468, 0.0],
            [77.9560603, 29.0613229, 0.0]
          ]
        ]
      }
    },
    {
      "type": "Feature",
      "properties": { "Name": "Untitled polygon" },
      "geometry": {
        "type": "Polygon",
        "coordinates": [
          [
            [77.9566312, 29.0610203, 0.0],
            [77.9559692, 29.0599366, 0.0],
            [77.9565943, 29.0596836, 0.0],
            [77.9572009, 29.0607553, 0.0],
            [77.9566312, 29.0610203, 0.0]
          ]
        ]
      }
    },
    {
      "type": "Feature",
      "properties": { "Name": "Untitled polygon" },
      "geometry": {
        "type": "Polygon",
        "coordinates": [
          [
            [77.9550829, 29.0607604, 0.0],
            [77.9548214, 29.0603409, 0.0],
            [77.9553371, 29.0601595, 0.0],
            [77.9555617, 29.0605414, 0.0],
            [77.9550829, 29.0607604, 0.0]
          ]
        ]
      }
    },
    {
      "type": "Feature",
      "properties": { "Name": "Untitled polygon" },
      "geometry": {
        "type": "Polygon",
        "coordinates": [
          [
            [77.9543085, 29.0617731, 0.0],
            [77.9540231, 29.0613016, 0.0],
            [77.9550891, 29.0608295, 0.0],
            [77.9552957, 29.0611584, 0.0],
            [77.9550533, 29.0613228, 0.0],
            [77.9550897, 29.0614076, 0.0],
            [77.9543085, 29.0617731, 0.0]
          ]
        ]
      }
    },
    {
      "type": "Feature",
      "properties": { "Name": "Untitled polygon" },
      "geometry": {
        "type": "Polygon",
        "coordinates": [
          [
            [77.9572311, 29.060713, 0.0],
            [77.9566307, 29.0596782, 0.0],
            [77.9577309, 29.0592467, 0.0],
            [77.9581685, 29.0602555, 0.0],
            [77.9572311, 29.060713, 0.0]
          ]
        ]
      }
    },
    {
      "type": "Feature",
      "properties": { "Name": "Untitled polygon" },
      "geometry": {
        "type": "Polygon",
        "coordinates": [
          [
            [77.9539866, 29.0612592, 0.0],
            [77.9537441, 29.0608034, 0.0],
            [77.9547971, 29.0603674, 0.0],
            [77.9550465, 29.060787, 0.0],
            [77.9539866, 29.0612592, 0.0]
          ]
        ]
      }
    },
    {
      "type": "Feature",
      "properties": { "Name": "Untitled polygon" },
      "geometry": {
        "type": "Polygon",
        "coordinates": [
          [
            [77.9540875, 29.0632456, 0.0],
            [77.9539482, 29.0629804, 0.0],
            [77.9547184, 29.0626101, 0.0],
            [77.9548461, 29.0628546, 0.0],
            [77.9540875, 29.0632456, 0.0]
          ]
        ]
      }
    },
    {
      "type": "Feature",
      "properties": { "Name": "Untitled polygon" },
      "geometry": {
        "type": "Polygon",
        "coordinates": [
          [
            [77.9530698, 29.0637267, 0.0],
            [77.9529852, 29.0634669, 0.0],
            [77.9539119, 29.0630067, 0.0],
            [77.9540573, 29.0632613, 0.0],
            [77.9530698, 29.0637267, 0.0]
          ]
        ]
      }
    },
    {
      "type": "Feature",
      "properties": { "Name": "Untitled polygon" },
      "geometry": {
        "type": "Polygon",
        "coordinates": [
          [
            [77.9529913, 29.0634246, 0.0],
            [77.9527484, 29.0628318, 0.0],
            [77.9533217, 29.062547, 0.0],
            [77.9534812, 29.0628482, 0.0],
            [77.9538992, 29.0626526, 0.0],
            [77.9540087, 29.0629012, 0.0],
            [77.9529913, 29.0634246, 0.0]
          ]
        ]
      }
    },
    {
      "type": "Feature",
      "properties": { "Name": "Untitled polygon" },
      "geometry": {
        "type": "Polygon",
        "coordinates": [
          [
            [77.9543907, 29.0620426, 0.0],
            [77.9546759, 29.0625783, 0.0],
            [77.9543118, 29.0627375, 0.0],
            [77.9541238, 29.0625994, 0.0],
            [77.9539052, 29.062605, 0.0],
            [77.953505, 29.0627638, 0.0],
            [77.9533641, 29.0625259, 0.0],
            [77.9543907, 29.0620426, 0.0]
          ]
        ]
      }
    },
    {
      "type": "Feature",
      "properties": { "Name": "Untitled polygon" },
      "geometry": {
        "type": "Polygon",
        "coordinates": [
          [
            [77.9527481, 29.0627949, 0.0],
            [77.9525955, 29.0623907, 0.0],
            [77.9525673, 29.0620002, 0.0],
            [77.9536497, 29.0616073, 0.0],
            [77.9538259, 29.0619099, 0.0],
            [77.9542149, 29.061767, 0.0],
            [77.9543543, 29.0620161, 0.0],
            [77.9527481, 29.0627949, 0.0]
          ]
        ]
      }
    },
    {
      "type": "Feature",
      "properties": { "Name": "Untitled polygon" },
      "geometry": {
        "type": "Polygon",
        "coordinates": [
          [
            [77.9525655, 29.0619688, 0.0],
            [77.9524805, 29.0614426, 0.0],
            [77.9537736, 29.060934, 0.0],
            [77.9540353, 29.0614018, 0.0],
            [77.9536584, 29.061575, 0.0],
            [77.9525655, 29.0619688, 0.0]
          ]
        ]
      }
    },
    {
      "type": "Feature",
      "properties": { "Name": "Untitled polygon" },
      "geometry": {
        "type": "Polygon",
        "coordinates": [
          [
            [77.9524846, 29.0614196, 0.0],
            [77.9524802, 29.0607344, 0.0],
            [77.9529906, 29.0605618, 0.0],
            [77.9531216, 29.061167, 0.0],
            [77.9524846, 29.0614196, 0.0]
          ]
        ]
      }
    },
    {
      "type": "Feature",
      "properties": { "Name": "Untitled polygon" },
      "geometry": {
        "type": "Polygon",
        "coordinates": [
          [
            [77.9531482, 29.0611402, 0.0],
            [77.9529414, 29.0603215, 0.0],
            [77.9534136, 29.0601442, 0.0],
            [77.9537393, 29.0607118, 0.0],
            [77.9537151, 29.0607823, 0.0],
            [77.9537575, 29.0609109, 0.0],
            [77.9531482, 29.0611402, 0.0]
          ]
        ]
      }
    },
    {
      "type": "Feature",
      "properties": { "Name": "Untitled polygon" },
      "geometry": {
        "type": "Polygon",
        "coordinates": [
          [
            [77.9524923, 29.0607097, 0.0],
            [77.9524482, 29.060293, 0.0],
            [77.9528683, 29.0601234, 0.0],
            [77.9529741, 29.0605405, 0.0],
            [77.9524923, 29.0607097, 0.0]
          ]
        ]
      }
    },
    {
      "type": "Feature",
      "properties": { "Name": "Untitled polygon" },
      "geometry": {
        "type": "Polygon",
        "coordinates": [
          [
            [77.9538139, 29.0606996, 0.0],
            [77.9534701, 29.0601264, 0.0],
            [77.9536966, 29.0599888, 0.0],
            [77.9540479, 29.0606041, 0.0],
            [77.9538139, 29.0606996, 0.0]
          ]
        ]
      }
    },
    {
      "type": "Feature",
      "properties": { "Name": "Untitled polygon" },
      "geometry": {
        "type": "Polygon",
        "coordinates": [
          [
            [77.9540842, 29.0606218, 0.0],
            [77.953787, 29.060082, 0.0],
            [77.9557326, 29.0593118, 0.0],
            [77.9559854, 29.0598243, 0.0],
            [77.9540842, 29.0606218, 0.0]
          ]
        ]
      }
    },
    {
      "type": "Feature",
      "properties": { "Name": "Untitled polygon" },
      "geometry": {
        "type": "Polygon",
        "coordinates": [
          [
            [77.9529374, 29.0602825, 0.0],
            [77.9528885, 29.0601131, 0.0],
            [77.9536239, 29.0598023, 0.0],
            [77.9536857, 29.0599637, 0.0],
            [77.9534322, 29.0601115, 0.0],
            [77.9529374, 29.0602825, 0.0]
          ]
        ]
      }
    },
    {
      "type": "Feature",
      "properties": { "Name": "Untitled polygon" },
      "geometry": {
        "type": "Polygon",
        "coordinates": [
          [
            [77.9537803, 29.0600665, 0.0],
            [77.9536322, 29.0597934, 0.0],
            [77.954041, 29.0596188, 0.0],
            [77.9541865, 29.0598981, 0.0],
            [77.9537803, 29.0600665, 0.0]
          ]
        ]
      }
    },
    {
      "type": "Feature",
      "properties": { "Name": "Untitled polygon" },
      "geometry": {
        "type": "Polygon",
        "coordinates": [
          [
            [77.9542064, 29.0598748, 0.0],
            [77.9539937, 29.0594792, 0.0],
            [77.9555025, 29.0588684, 0.0],
            [77.9557085, 29.0592852, 0.0],
            [77.9542064, 29.0598748, 0.0]
          ]
        ]
      }
    },
    {
      "type": "Feature",
      "properties": { "Name": "Untitled polygon" },
      "geometry": {
        "type": "Polygon",
        "coordinates": [
          [
            [77.9531672, 29.0677558, 0.0],
            [77.9525243, 29.0669999, 0.0],
            [77.9535737, 29.0663306, 0.0],
            [77.9541874, 29.0671795, 0.0],
            [77.9531672, 29.0677558, 0.0]
          ]
        ]
      }
    },
    {
      "type": "Feature",
      "properties": { "Name": "Untitled polygon" },
      "geometry": {
        "type": "Polygon",
        "coordinates": [
          [
            [77.9545882, 29.0677129, 0.0],
            [77.9544042, 29.0673656, 0.0],
            [77.9543754, 29.0673224, 0.0],
            [77.9543059, 29.0672892, 0.0],
            [77.9536247, 29.0663083, 0.0],
            [77.95446, 29.0657832, 0.0],
            [77.9550659, 29.0668751, 0.0],
            [77.9552219, 29.0668085, 0.0],
            [77.9554781, 29.0672257, 0.0],
            [77.9545882, 29.0677129, 0.0]
          ]
        ]
      }
    },
    {
      "type": "Feature",
      "properties": { "Name": "Untitled polygon" },
      "geometry": {
        "type": "Polygon",
        "coordinates": [
          [
            [77.9524895, 29.0669251, 0.0],
            [77.9518359, 29.0662055, 0.0],
            [77.9526689, 29.0652933, 0.0],
            [77.9535456, 29.0662441, 0.0],
            [77.9524895, 29.0669251, 0.0]
          ]
        ]
      }
    },
    {
      "type": "Feature",
      "properties": { "Name": "Untitled polygon" },
      "geometry": {
        "type": "Polygon",
        "coordinates": [
          [
            [77.9533653, 29.0645527, 0.0],
            [77.9535764, 29.0645061, 0.0],
            [77.953924, 29.0649905, 0.0],
            [77.9540471, 29.0650023, 0.0],
            [77.9544422, 29.0657484, 0.0],
            [77.953572, 29.0662249, 0.0],
            [77.9526997, 29.0652663, 0.0],
            [77.9533653, 29.0645527, 0.0]
          ]
        ]
      }
    },
    {
      "type": "Feature",
      "properties": { "Name": "Untitled polygon" },
      "geometry": {
        "type": "Polygon",
        "coordinates": [
          [
            [77.9531567, 29.0678333, 0.0],
            [77.9536675, 29.0684413, 0.0],
            [77.952518, 29.0691585, 0.0],
            [77.9520339, 29.0684936, 0.0],
            [77.9531567, 29.0678333, 0.0]
          ]
        ]
      }
    },
    {
      "type": "Feature",
      "properties": { "Name": "Untitled polygon" },
      "geometry": {
        "type": "Polygon",
        "coordinates": [
          [
            [77.9515219, 29.0678645, 0.0],
            [77.952258, 29.0689012, 0.0],
            [77.9514136, 29.0693429, 0.0],
            [77.9507437, 29.0684563, 0.0],
            [77.9515219, 29.0678645, 0.0]
          ]
        ]
      }
    },
    {
      "type": "Feature",
      "properties": { "Name": "Untitled polygon" },
      "geometry": {
        "type": "Polygon",
        "coordinates": [
          [
            [77.9519239, 29.0692472, 0.0],
            [77.9520447, 29.0693249, 0.0],
            [77.9523718, 29.0691561, 0.0],
            [77.9522944, 29.0690666, 0.0],
            [77.9523961, 29.0690505, 0.0],
            [77.9526084, 29.069399, 0.0],
            [77.9517749, 29.0698257, 0.0],
            [77.9515283, 29.0694471, 0.0],
            [77.9519239, 29.0692472, 0.0]
          ]
        ]
      }
    },
    {
      "type": "Feature",
      "properties": { "Name": "Untitled polygon" },
      "geometry": {
        "type": "Polygon",
        "coordinates": [
          [
            [77.952645, 29.0672229, 0.0],
            [77.953118, 29.0677913, 0.0],
            [77.9519954, 29.0684386, 0.0],
            [77.9515396, 29.0678357, 0.0],
            [77.952645, 29.0672229, 0.0]
          ]
        ]
      }
    },
    {
      "type": "Feature",
      "properties": { "Name": "Untitled polygon" },
      "geometry": {
        "type": "Polygon",
        "coordinates": [
          [
            [77.9522872, 29.0668525, 0.0],
            [77.9518304, 29.0671533, 0.0],
            [77.9513731, 29.0666338, 0.0],
            [77.9517615, 29.0662839, 0.0],
            [77.9522872, 29.0668525, 0.0]
          ]
        ]
      }
    },
    {
      "type": "Feature",
      "properties": { "Name": "Untitled polygon" },
      "geometry": {
        "type": "Polygon",
        "coordinates": [
          [
            [77.9523086, 29.0668757, 0.0],
            [77.9526222, 29.0672019, 0.0],
            [77.952071, 29.0674808, 0.0],
            [77.9518621, 29.0671632, 0.0],
            [77.9523086, 29.0668757, 0.0]
          ]
        ]
      }
    },
    {
      "type": "Feature",
      "properties": { "Name": "Untitled polygon" },
      "geometry": {
        "type": "Polygon",
        "coordinates": [
          [
            [77.9509198, 29.0670475, 0.0],
            [77.9515044, 29.0678311, 0.0],
            [77.9506818, 29.0684159, 0.0],
            [77.9509178, 29.068759, 0.0],
            [77.9503591, 29.0690474, 0.0],
            [77.9496257, 29.067968, 0.0],
            [77.9509198, 29.0670475, 0.0]
          ]
        ]
      }
    },
    {
      "type": "Feature",
      "properties": { "Name": "Untitled polygon" },
      "geometry": {
        "type": "Polygon",
        "coordinates": [
          [
            [77.9483461, 29.0691231, 0.0],
            [77.94859, 29.068886, 0.0],
            [77.9491628, 29.0694969, 0.0],
            [77.949738, 29.0691132, 0.0],
            [77.9496042, 29.0689592, 0.0],
            [77.9500479, 29.0686759, 0.0],
            [77.9509984, 29.0700627, 0.0],
            [77.949633, 29.0707284, 0.0],
            [77.9483461, 29.0691231, 0.0]
          ]
        ]
      }
    },
    {
      "type": "Feature",
      "properties": { "Name": "Untitled polygon" },
      "geometry": {
        "type": "Polygon",
        "coordinates": [
          [
            [77.9489367, 29.0685039, 0.0],
            [77.9494351, 29.0690719, 0.0],
            [77.949328, 29.0691383, 0.0],
            [77.9491647, 29.0690027, 0.0],
            [77.9488828, 29.0691392, 0.0],
            [77.9486322, 29.0688359, 0.0],
            [77.9489367, 29.0685039, 0.0]
          ]
        ]
      }
    },
    {
      "type": "Feature",
      "properties": { "Name": "Untitled polygon" },
      "geometry": {
        "type": "Polygon",
        "coordinates": [
          [
            [77.9494439, 29.0680754, 0.0],
            [77.9496831, 29.0683204, 0.0],
            [77.9497877, 29.0682773, 0.0],
            [77.9499622, 29.0685909, 0.0],
            [77.9493948, 29.0689496, 0.0],
            [77.9489643, 29.0684731, 0.0],
            [77.9494439, 29.0680754, 0.0]
          ]
        ]
      }
    },
    {
      "type": "Feature",
      "properties": { "Name": "Untitled polygon" },
      "geometry": {
        "type": "Polygon",
        "coordinates": [
          [
            [77.9516945, 29.0699589, 0.0],
            [77.9519848, 29.0703662, 0.0],
            [77.9520672, 29.0703337, 0.0],
            [77.9524279, 29.0708662, 0.0],
            [77.9522443, 29.0709487, 0.0],
            [77.9520774, 29.0707607, 0.0],
            [77.9517025, 29.0709711, 0.0],
            [77.9511857, 29.070224, 0.0],
            [77.9516945, 29.0699589, 0.0]
          ]
        ]
      }
    },
    {
      "type": "Feature",
      "properties": { "Name": "Untitled polygon" },
      "geometry": {
        "type": "Polygon",
        "coordinates": [
          [
            [77.9520865, 29.0707979, 0.0],
            [77.9524542, 29.0712847, 0.0],
            [77.9520651, 29.0715006, 0.0],
            [77.9517345, 29.070999, 0.0],
            [77.9520865, 29.0707979, 0.0]
          ]
        ]
      }
    },
    {
      "type": "Feature",
      "properties": { "Name": "Untitled polygon" },
      "geometry": {
        "type": "Polygon",
        "coordinates": [
          [
            [77.9531114, 29.0704415, 0.0],
            [77.953325, 29.0707692, 0.0],
            [77.9526867, 29.071156, 0.0],
            [77.952473, 29.0708644, 0.0],
            [77.9531114, 29.0704415, 0.0]
          ]
        ]
      }
    },
    {
      "type": "Feature",
      "properties": { "Name": "Untitled polygon" },
      "geometry": {
        "type": "Polygon",
        "coordinates": [
          [
            [77.9531466, 29.0697138, 0.0],
            [77.9534988, 29.0701315, 0.0],
            [77.9524456, 29.0708467, 0.0],
            [77.9520866, 29.0703213, 0.0],
            [77.9531466, 29.0697138, 0.0]
          ]
        ]
      }
    },
    {
      "type": "Feature",
      "properties": { "Name": "Untitled polygon" },
      "geometry": {
        "type": "Polygon",
        "coordinates": [
          [
            [77.9549176, 29.0697961, 0.0],
            [77.9537841, 29.0704453, 0.0],
            [77.9534945, 29.0700724, 0.0],
            [77.9546094, 29.0694432, 0.0],
            [77.9549176, 29.0697961, 0.0]
          ]
        ]
      }
    },
    {
      "type": "Feature",
      "properties": { "Name": "Untitled polygon" },
      "geometry": {
        "type": "Polygon",
        "coordinates": [
          [
            [77.9549136, 29.0698715, 0.0],
            [77.9552161, 29.0704217, 0.0],
            [77.9544314, 29.0708234, 0.0],
            [77.9541132, 29.0703397, 0.0],
            [77.9549136, 29.0698715, 0.0]
          ]
        ]
      }
    },
    {
      "type": "Feature",
      "properties": { "Name": "Untitled polygon" },
      "geometry": {
        "type": "Polygon",
        "coordinates": [
          [
            [77.9549657, 29.0693383, 0.0],
            [77.9551659, 29.0696181, 0.0],
            [77.9549997, 29.0697183, 0.0],
            [77.954727, 29.0694226, 0.0],
            [77.9549657, 29.0693383, 0.0]
          ]
        ]
      }
    },
    {
      "type": "Feature",
      "properties": { "Name": "Untitled polygon" },
      "geometry": {
        "type": "Polygon",
        "coordinates": [
          [
            [77.9557286, 29.0694289, 0.0],
            [77.9562584, 29.0701025, 0.0],
            [77.9562535, 29.0706316, 0.0],
            [77.9555659, 29.0709743, 0.0],
            [77.9549519, 29.069861, 0.0],
            [77.9557286, 29.0694289, 0.0]
          ]
        ]
      }
    },
    {
      "type": "Feature",
      "properties": { "Name": "Untitled polygon" },
      "geometry": {
        "type": "Polygon",
        "coordinates": [
          [
            [77.9556933, 29.0710057, 0.0],
            [77.9559957, 29.071504, 0.0],
            [77.9559431, 29.0719304, 0.0],
            [77.9557718, 29.0719922, 0.0],
            [77.9553518, 29.0713537, 0.0],
            [77.9552074, 29.0714272, 0.0],
            [77.9551206, 29.0713042, 0.0],
            [77.9556933, 29.0710057, 0.0]
          ]
        ]
      }
    },
    {
      "type": "Feature",
      "properties": { "Name": "Untitled polygon" },
      "geometry": {
        "type": "Polygon",
        "coordinates": [
          [
            [77.9562017, 29.0717147, 0.0],
            [77.9562966, 29.0717159, 0.0],
            [77.9566795, 29.0723369, 0.0],
            [77.9562565, 29.0725941, 0.0],
            [77.9560123, 29.0725504, 0.0],
            [77.9562017, 29.0717147, 0.0]
          ]
        ]
      }
    },
    {
      "type": "Feature",
      "properties": { "Name": "Untitled polygon" },
      "geometry": {
        "type": "Polygon",
        "coordinates": [
          [
            [77.954732, 29.0713698, 0.0],
            [77.955005, 29.0717853, 0.0],
            [77.9541784, 29.0723223, 0.0],
            [77.9537816, 29.0718603, 0.0],
            [77.954732, 29.0713698, 0.0]
          ]
        ]
      }
    },
    {
      "type": "Feature",
      "properties": { "Name": "Untitled polygon" },
      "geometry": {
        "type": "Polygon",
        "coordinates": [
          [
            [77.9540666, 29.0703642, 0.0],
            [77.9543725, 29.070847, 0.0],
            [77.9540442, 29.0710114, 0.0],
            [77.9537622, 29.0705503, 0.0],
            [77.9540666, 29.0703642, 0.0]
          ]
        ]
      }
    },
    {
      "type": "Feature",
      "properties": { "Name": "Untitled polygon" },
      "geometry": {
        "type": "Polygon",
        "coordinates": [
          [
            [77.9534092, 29.0707693, 0.0],
            [77.9536638, 29.0712485, 0.0],
            [77.9531012, 29.0715592, 0.0],
            [77.9528895, 29.0711085, 0.0],
            [77.9534092, 29.0707693, 0.0]
          ]
        ]
      }
    },
    {
      "type": "Feature",
      "properties": { "Name": "Untitled polygon" },
      "geometry": {
        "type": "Polygon",
        "coordinates": [
          [
            [77.9544032, 29.0708766, 0.0],
            [77.9547167, 29.0713557, 0.0],
            [77.9532095, 29.072125, 0.0],
            [77.952984, 29.0716713, 0.0],
            [77.9544032, 29.0708766, 0.0]
          ]
        ]
      }
    },
    {
      "type": "Feature",
      "properties": { "Name": "Untitled polygon" },
      "geometry": {
        "type": "Polygon",
        "coordinates": [
          [
            [77.9528731, 29.0711165, 0.0],
            [77.9530734, 29.0715822, 0.0],
            [77.9527947, 29.0717144, 0.0],
            [77.9525739, 29.0712816, 0.0],
            [77.9528731, 29.0711165, 0.0]
          ]
        ]
      }
    },
    {
      "type": "Feature",
      "properties": { "Name": "Untitled polygon" },
      "geometry": {
        "type": "Polygon",
        "coordinates": [
          [
            [77.9529579, 29.0722238, 0.0],
            [77.9523842, 29.0724371, 0.0],
            [77.951792, 29.0716984, 0.0],
            [77.9525149, 29.0713069, 0.0],
            [77.9529579, 29.0722238, 0.0]
          ]
        ]
      }
    },
    {
      "type": "Feature",
      "properties": { "Name": "Untitled polygon" },
      "geometry": {
        "type": "Polygon",
        "coordinates": [
          [
            [77.9535686, 29.071962, 0.0],
            [77.9540036, 29.0724368, 0.0],
            [77.9535739, 29.0727, 0.0],
            [77.9530924, 29.0722059, 0.0],
            [77.9535686, 29.071962, 0.0]
          ]
        ]
      }
    },
    {
      "type": "Feature",
      "properties": { "Name": "Untitled polygon" },
      "geometry": {
        "type": "Polygon",
        "coordinates": [
          [
            [77.9523434, 29.0728368, 0.0],
            [77.9521755, 29.0725435, 0.0],
            [77.9530739, 29.0722409, 0.0],
            [77.9535279, 29.072747, 0.0],
            [77.9529283, 29.0730772, 0.0],
            [77.9526577, 29.0726921, 0.0],
            [77.9523434, 29.0728368, 0.0]
          ]
        ]
      }
    },
    {
      "type": "Feature",
      "properties": { "Name": "Untitled polygon" },
      "geometry": {
        "type": "Polygon",
        "coordinates": [
          [
            [77.9523746, 29.0728534, 0.0],
            [77.9526229, 29.0727285, 0.0],
            [77.9528711, 29.073097, 0.0],
            [77.9526138, 29.0732476, 0.0],
            [77.9523746, 29.0728534, 0.0]
          ]
        ]
      }
    },
    {
      "type": "Feature",
      "properties": { "Name": "Untitled polygon" },
      "geometry": {
        "type": "Polygon",
        "coordinates": [
          [
            [77.9556933, 29.0727892, 0.0],
            [77.9548821, 29.0731136, 0.0],
            [77.9543249, 29.0723318, 0.0],
            [77.9550485, 29.0718597, 0.0],
            [77.9556933, 29.0727892, 0.0]
          ]
        ]
      }
    },
    {
      "type": "Feature",
      "properties": { "Name": "Untitled polygon" },
      "geometry": {
        "type": "Polygon",
        "coordinates": [
          [
            [77.9543591, 29.0733866, 0.0],
            [77.9548674, 29.0743144, 0.0],
            [77.9543668, 29.0745036, 0.0],
            [77.9537846, 29.0736558, 0.0],
            [77.9543591, 29.0733866, 0.0]
          ]
        ]
      }
    },
    {
      "type": "Feature",
      "properties": { "Name": "Untitled polygon" },
      "geometry": {
        "type": "Polygon",
        "coordinates": [
          [
            [77.9542896, 29.0723497, 0.0],
            [77.9548691, 29.0731484, 0.0],
            [77.9557237, 29.0728233, 0.0],
            [77.9554569, 29.0741752, 0.0],
            [77.9549008, 29.0742863, 0.0],
            [77.954379, 29.0733568, 0.0],
            [77.9535958, 29.0737273, 0.0],
            [77.9533684, 29.0733304, 0.0],
            [77.9536621, 29.073166, 0.0],
            [77.9534464, 29.0728546, 0.0],
            [77.9542896, 29.0723497, 0.0]
          ]
        ]
      }
    },
    {
      "type": "Feature",
      "properties": { "Name": "Untitled polygon" },
      "geometry": {
        "type": "Polygon",
        "coordinates": [
          [
            [77.955432, 29.0741996, 0.0],
            [77.9552038, 29.0749718, 0.0],
            [77.9549298, 29.0750235, 0.0],
            [77.954537, 29.0745183, 0.0],
            [77.955432, 29.0741996, 0.0]
          ]
        ]
      }
    },
    {
      "type": "Feature",
      "properties": { "Name": "Untitled polygon" },
      "geometry": {
        "type": "Polygon",
        "coordinates": [
          [
            [77.953461, 29.0750977, 0.0],
            [77.9536547, 29.0754336, 0.0],
            [77.9530202, 29.0757257, 0.0],
            [77.9528556, 29.075376, 0.0],
            [77.953461, 29.0750977, 0.0]
          ]
        ]
      }
    },
    {
      "type": "Feature",
      "properties": { "Name": "Untitled polygon" },
      "geometry": {
        "type": "Polygon",
        "coordinates": [
          [
            [77.9529286, 29.0756141, 0.0],
            [77.9530169, 29.0757577, 0.0],
            [77.9536679, 29.0754659, 0.0],
            [77.9538499, 29.0757438, 0.0],
            [77.9530483, 29.0761889, 0.0],
            [77.9522866, 29.0759501, 0.0],
            [77.9529286, 29.0756141, 0.0]
          ]
        ]
      }
    },
    {
      "type": "Feature",
      "properties": { "Name": "Untitled polygon" },
      "geometry": {
        "type": "Polygon",
        "coordinates": [
          [
            [77.9541684, 29.0757939, 0.0],
            [77.9544736, 29.0762242, 0.0],
            [77.954087, 29.0765111, 0.0],
            [77.9533533, 29.0762639, 0.0],
            [77.9541684, 29.0757939, 0.0]
          ]
        ]
      }
    },
    {
      "type": "Feature",
      "properties": { "Name": "Untitled polygon" },
      "geometry": {
        "type": "Polygon",
        "coordinates": [
          [
            [77.9550642, 29.0759183, 0.0],
            [77.9549923, 29.0762062, 0.0],
            [77.9546331, 29.0764247, 0.0],
            [77.9545123, 29.0762312, 0.0],
            [77.9550642, 29.0759183, 0.0]
          ]
        ]
      }
    },
    {
      "type": "Feature",
      "properties": { "Name": "Untitled polygon" },
      "geometry": {
        "type": "Polygon",
        "coordinates": [
          [
            [77.9256537, 29.0958421, 0.0],
            [77.9263022, 29.0950248, 0.0],
            [77.9265607, 29.0952438, 0.0],
            [77.9258729, 29.0959714, 0.0],
            [77.9256537, 29.0958421, 0.0]
          ]
        ]
      }
    },
    {
      "type": "Feature",
      "properties": { "Name": "Untitled polygon" },
      "geometry": {
        "type": "Polygon",
        "coordinates": [
          [
            [77.9261336, 29.0948254, 0.0],
            [77.926252, 29.0946385, 0.0],
            [77.9265627, 29.0946427, 0.0],
            [77.9263627, 29.0949922, 0.0],
            [77.9261336, 29.0948254, 0.0]
          ]
        ]
      }
    },
    {
      "type": "Feature",
      "properties": { "Name": "Untitled polygon" },
      "geometry": {
        "type": "Polygon",
        "coordinates": [
          [
            [77.9260775, 29.0958205, 0.0],
            [77.9265947, 29.0952517, 0.0],
            [77.927204, 29.095103, 0.0],
            [77.9276904, 29.0951501, 0.0],
            [77.9277502, 29.0946772, 0.0],
            [77.9285158, 29.094708, 0.0],
            [77.9283261, 29.0956823, 0.0],
            [77.9280718, 29.0957062, 0.0],
            [77.9278725, 29.0957533, 0.0],
            [77.9278133, 29.0959169, 0.0],
            [77.9260775, 29.0958205, 0.0]
          ]
        ]
      }
    },
    {
      "type": "Feature",
      "properties": { "Name": "Untitled polygon" },
      "geometry": {
        "type": "Polygon",
        "coordinates": [
          [
            [77.9266011, 29.0952232, 0.0],
            [77.9263932, 29.0950385, 0.0],
            [77.926621, 29.0946568, 0.0],
            [77.9277265, 29.0946781, 0.0],
            [77.9276798, 29.0951375, 0.0],
            [77.9271921, 29.0950821, 0.0],
            [77.9266011, 29.0952232, 0.0]
          ]
        ]
      }
    },
    {
      "type": "Feature",
      "properties": { "Name": "Untitled polygon" },
      "geometry": {
        "type": "Polygon",
        "coordinates": [
          [
            [77.9262916, 29.0945843, 0.0],
            [77.927206, 29.0935453, 0.0],
            [77.92771, 29.0939473, 0.0],
            [77.9276355, 29.0946274, 0.0],
            [77.9262916, 29.0945843, 0.0]
          ]
        ]
      }
    },
    {
      "type": "Feature",
      "properties": { "Name": "Untitled polygon" },
      "geometry": {
        "type": "Polygon",
        "coordinates": [
          [
            [77.927657, 29.0946219, 0.0],
            [77.9277324, 29.0939453, 0.0],
            [77.9286582, 29.0939243, 0.0],
            [77.9285403, 29.0946434, 0.0],
            [77.927657, 29.0946219, 0.0]
          ]
        ]
      }
    },
    {
      "type": "Feature",
      "properties": { "Name": "Untitled polygon" },
      "geometry": {
        "type": "Polygon",
        "coordinates": [
          [
            [77.9281769, 29.0939107, 0.0],
            [77.9281433, 29.0935272, 0.0],
            [77.9287285, 29.0935759, 0.0],
            [77.9286624, 29.0938933, 0.0],
            [77.9281769, 29.0939107, 0.0]
          ]
        ]
      }
    },
    {
      "type": "Feature",
      "properties": { "Name": "Untitled polygon" },
      "geometry": {
        "type": "Polygon",
        "coordinates": [
          [
            [77.9286832, 29.0939056, 0.0],
            [77.9289205, 29.0931532, 0.0],
            [77.9301734, 29.0930088, 0.0],
            [77.9298417, 29.0938343, 0.0],
            [77.9286832, 29.0939056, 0.0]
          ]
        ]
      }
    },
    {
      "type": "Feature",
      "properties": { "Name": "Untitled polygon" },
      "geometry": {
        "type": "Polygon",
        "coordinates": [
          [
            [77.930571, 29.0925252, 0.0],
            [77.9308599, 29.0917875, 0.0],
            [77.9310289, 29.0917379, 0.0],
            [77.9312779, 29.0921615, 0.0],
            [77.930571, 29.0925252, 0.0]
          ]
        ]
      }
    },
    {
      "type": "Feature",
      "properties": { "Name": "Untitled polygon" },
      "geometry": {
        "type": "Polygon",
        "coordinates": [
          [
            [77.932303, 29.0912089, 0.0],
            [77.9325389, 29.0916416, 0.0],
            [77.931293, 29.0921418, 0.0],
            [77.9310439, 29.0917214, 0.0],
            [77.932303, 29.0912089, 0.0]
          ]
        ]
      }
    },
    {
      "type": "Feature",
      "properties": { "Name": "Untitled polygon" },
      "geometry": {
        "type": "Polygon",
        "coordinates": [
          [
            [77.933118, 29.0907873, 0.0],
            [77.9330431, 29.0906858, 0.0],
            [77.933249, 29.0905739, 0.0],
            [77.9336021, 29.0911551, 0.0],
            [77.9325257, 29.0915701, 0.0],
            [77.932332, 29.0911944, 0.0],
            [77.933118, 29.0907873, 0.0]
          ]
        ]
      }
    },
    {
      "type": "Feature",
      "properties": { "Name": "Untitled polygon" },
      "geometry": {
        "type": "Polygon",
        "coordinates": [
          [
            [77.9332409, 29.0894086, 0.0],
            [77.9334518, 29.0897395, 0.0],
            [77.932974, 29.0900115, 0.0],
            [77.9327855, 29.0896885, 0.0],
            [77.9332409, 29.0894086, 0.0]
          ]
        ]
      }
    },
    {
      "type": "Feature",
      "properties": { "Name": "Untitled polygon" },
      "geometry": {
        "type": "Polygon",
        "coordinates": [
          [
            [77.9338694, 29.0905077, 0.0],
            [77.9341218, 29.0909451, 0.0],
            [77.9338089, 29.0910665, 0.0],
            [77.9337414, 29.0909778, 0.0],
            [77.9336172, 29.0910173, 0.0],
            [77.9334405, 29.0907314, 0.0],
            [77.9338694, 29.0905077, 0.0]
          ]
        ]
      }
    },
    {
      "type": "Feature",
      "properties": { "Name": "Untitled polygon" },
      "geometry": {
        "type": "Polygon",
        "coordinates": [
          [
            [77.9349783, 29.0900196, 0.0],
            [77.9352675, 29.0905177, 0.0],
            [77.9341369, 29.0909319, 0.0],
            [77.9338994, 29.0904749, 0.0],
            [77.9349783, 29.0900196, 0.0]
          ]
        ]
      }
    },
    {
      "type": "Feature",
      "properties": { "Name": "Untitled polygon" },
      "geometry": {
        "type": "Polygon",
        "coordinates": [
          [
            [77.9342948, 29.0902706, 0.0],
            [77.9339902, 29.0897351, 0.0],
            [77.9347471, 29.0894015, 0.0],
            [77.9351088, 29.0899252, 0.0],
            [77.9342948, 29.0902706, 0.0]
          ]
        ]
      }
    },
    {
      "type": "Feature",
      "properties": { "Name": "Untitled polygon" },
      "geometry": {
        "type": "Polygon",
        "coordinates": [
          [
            [77.9339745, 29.0896925, 0.0],
            [77.9336852, 29.0891744, 0.0],
            [77.9343256, 29.0888203, 0.0],
            [77.9347302, 29.0893726, 0.0],
            [77.9339745, 29.0896925, 0.0]
          ]
        ]
      }
    },
    {
      "type": "Feature",
      "properties": { "Name": "Untitled polygon" },
      "geometry": {
        "type": "Polygon",
        "coordinates": [
          [
            [77.9348586, 29.0887648, 0.0],
            [77.9354149, 29.0898043, 0.0],
            [77.9351335, 29.0899095, 0.0],
            [77.9344867, 29.0889344, 0.0],
            [77.9348586, 29.0887648, 0.0]
          ]
        ]
      }
    },
    {
      "type": "Feature",
      "properties": { "Name": "Untitled polygon" },
      "geometry": {
        "type": "Polygon",
        "coordinates": [
          [
            [77.9352888, 29.0886252, 0.0],
            [77.9354832, 29.0889127, 0.0],
            [77.935565, 29.0888938, 0.0],
            [77.9358476, 29.0893322, 0.0],
            [77.9353055, 29.0895123, 0.0],
            [77.9350917, 29.089124, 0.0],
            [77.9351141, 29.0890915, 0.0],
            [77.93496, 29.0888003, 0.0],
            [77.9352888, 29.0886252, 0.0]
          ]
        ]
      }
    },
    {
      "type": "Feature",
      "properties": { "Name": "Untitled polygon" },
      "geometry": {
        "type": "Polygon",
        "coordinates": [
          [
            [77.9354486, 29.0898175, 0.0],
            [77.9353093, 29.0895352, 0.0],
            [77.9358737, 29.089355, 0.0],
            [77.9361849, 29.0900235, 0.0],
            [77.9356591, 29.0902149, 0.0],
            [77.9359236, 29.0907384, 0.0],
            [77.935606, 29.0908547, 0.0],
            [77.9353971, 29.090479, 0.0],
            [77.9352993, 29.0905122, 0.0],
            [77.9349903, 29.0900017, 0.0],
            [77.9354486, 29.0898175, 0.0]
          ]
        ]
      }
    },
    {
      "type": "Feature",
      "properties": { "Name": "Untitled polygon" },
      "geometry": {
        "type": "Polygon",
        "coordinates": [
          [
            [77.9358878, 29.0887398, 0.0],
            [77.9361452, 29.089173, 0.0],
            [77.935847, 29.0892772, 0.0],
            [77.9355935, 29.0888852, 0.0],
            [77.9358878, 29.0887398, 0.0]
          ]
        ]
      }
    },
    {
      "type": "Feature",
      "properties": { "Name": "Untitled polygon" },
      "geometry": {
        "type": "Polygon",
        "coordinates": [
          [
            [77.9365564, 29.0890369, 0.0],
            [77.9365051, 29.0898179, 0.0],
            [77.9362008, 29.0900001, 0.0],
            [77.9358983, 29.0893437, 0.0],
            [77.9365564, 29.0890369, 0.0]
          ]
        ]
      }
    },
    {
      "type": "Feature",
      "properties": { "Name": "Untitled polygon" },
      "geometry": {
        "type": "Polygon",
        "coordinates": [
          [
            [77.9360808, 29.088653, 0.0],
            [77.9357937, 29.0881137, 0.0],
            [77.9362123, 29.0879692, 0.0],
            [77.9365675, 29.0890109, 0.0],
            [77.9361705, 29.0891708, 0.0],
            [77.935902, 29.0887212, 0.0],
            [77.9360808, 29.088653, 0.0]
          ]
        ]
      }
    },
    {
      "type": "Feature",
      "properties": { "Name": "Untitled polygon" },
      "geometry": {
        "type": "Polygon",
        "coordinates": [
          [
            [77.9360493, 29.0878349, 0.0],
            [77.936159, 29.0874444, 0.0],
            [77.9365454, 29.0876606, 0.0],
            [77.9360493, 29.0878349, 0.0]
          ]
        ]
      }
    },
    {
      "type": "Feature",
      "properties": { "Name": "Untitled polygon" },
      "geometry": {
        "type": "Polygon",
        "coordinates": [
          [
            [77.9356974, 29.0879854, 0.0],
            [77.9353827, 29.0875329, 0.0],
            [77.9358814, 29.0872971, 0.0],
            [77.9360875, 29.0874381, 0.0],
            [77.936023, 29.0878415, 0.0],
            [77.9356974, 29.0879854, 0.0]
          ]
        ]
      }
    },
    {
      "type": "Feature",
      "properties": { "Name": "Untitled polygon" },
      "geometry": {
        "type": "Polygon",
        "coordinates": [
          [
            [77.9352899, 29.0881717, 0.0],
            [77.9349622, 29.0877686, 0.0],
            [77.9353526, 29.0875394, 0.0],
            [77.9356713, 29.087992, 0.0],
            [77.9352899, 29.0881717, 0.0]
          ]
        ]
      }
    },
    {
      "type": "Feature",
      "properties": { "Name": "Untitled polygon" },
      "geometry": {
        "type": "Polygon",
        "coordinates": [
          [
            [77.9351713, 29.0869888, 0.0],
            [77.9356864, 29.0873531, 0.0],
            [77.9352589, 29.0875722, 0.0],
            [77.9348928, 29.0871794, 0.0],
            [77.9351713, 29.0869888, 0.0]
          ]
        ]
      }
    },
    {
      "type": "Feature",
      "properties": { "Name": "Untitled polygon" },
      "geometry": {
        "type": "Polygon",
        "coordinates": [
          [
            [77.9340354, 29.0867683, 0.0],
            [77.934352, 29.0865086, 0.0],
            [77.9352249, 29.0869337, 0.0],
            [77.9348413, 29.0871736, 0.0],
            [77.9346456, 29.0869393, 0.0],
            [77.9345403, 29.087065, 0.0],
            [77.9343898, 29.0869169, 0.0],
            [77.9342697, 29.0869765, 0.0],
            [77.9340354, 29.0867683, 0.0]
          ]
        ]
      }
    },
    {
      "type": "Feature",
      "properties": { "Name": "Untitled polygon" },
      "geometry": {
        "type": "Polygon",
        "coordinates": [
          [
            [77.9331219, 29.0872716, 0.0],
            [77.9337236, 29.0864954, 0.0],
            [77.9342585, 29.0869864, 0.0],
            [77.9334286, 29.0875879, 0.0],
            [77.9331219, 29.0872716, 0.0]
          ]
        ]
      }
    },
    {
      "type": "Feature",
      "properties": { "Name": "Untitled polygon" },
      "geometry": {
        "type": "Polygon",
        "coordinates": [
          [
            [77.9341345, 29.0870949, 0.0],
            [77.9343861, 29.0869466, 0.0],
            [77.9345441, 29.0870914, 0.0],
            [77.9346381, 29.0869724, 0.0],
            [77.9348225, 29.0871868, 0.0],
            [77.9344429, 29.0874465, 0.0],
            [77.9341345, 29.0870949, 0.0]
          ]
        ]
      }
    },
    {
      "type": "Feature",
      "properties": { "Name": "Untitled polygon" },
      "geometry": {
        "type": "Polygon",
        "coordinates": [
          [
            [77.9344579, 29.0874531, 0.0],
            [77.9348601, 29.08719, 0.0],
            [77.9352386, 29.0875777, 0.0],
            [77.9347998, 29.08785, 0.0],
            [77.9344579, 29.0874531, 0.0]
          ]
        ]
      }
    },
    {
      "type": "Feature",
      "properties": { "Name": "Untitled polygon" },
      "geometry": {
        "type": "Polygon",
        "coordinates": [
          [
            [77.9337876, 29.0873675, 0.0],
            [77.9341156, 29.0871212, 0.0],
            [77.934394, 29.0874334, 0.0],
            [77.934082, 29.0876797, 0.0],
            [77.9337876, 29.0873675, 0.0]
          ]
        ]
      }
    },
    {
      "type": "Feature",
      "properties": { "Name": "Untitled polygon" },
      "geometry": {
        "type": "Polygon",
        "coordinates": [
          [
            [77.9340971, 29.0876994, 0.0],
            [77.9344203, 29.0874662, 0.0],
            [77.9347998, 29.0878763, 0.0],
            [77.9349537, 29.0877811, 0.0],
            [77.9352597, 29.0881757, 0.0],
            [77.9347136, 29.0884516, 0.0],
            [77.9340971, 29.0876994, 0.0]
          ]
        ]
      }
    },
    {
      "type": "Feature",
      "properties": { "Name": "Untitled polygon" },
      "geometry": {
        "type": "Polygon",
        "coordinates": [
          [
            [77.9342818, 29.0879679, 0.0],
            [77.934695, 29.0884814, 0.0],
            [77.9342786, 29.0887116, 0.0],
            [77.9339065, 29.0881779, 0.0],
            [77.9342818, 29.0879679, 0.0]
          ]
        ]
      }
    },
    {
      "type": "Feature",
      "properties": { "Name": "Untitled polygon" },
      "geometry": {
        "type": "Polygon",
        "coordinates": [
          [
            [77.9333978, 29.0876393, 0.0],
            [77.9337572, 29.0873862, 0.0],
            [77.9342629, 29.0879417, 0.0],
            [77.9338914, 29.0881615, 0.0],
            [77.9333978, 29.0876393, 0.0]
          ]
        ]
      }
    },
    {
      "type": "Feature",
      "properties": { "Name": "Untitled polygon" },
      "geometry": {
        "type": "Polygon",
        "coordinates": [
          [
            [77.9314628, 29.0889138, 0.0],
            [77.9316072, 29.0888319, 0.0],
            [77.9323019, 29.0893734, 0.0],
            [77.9325898, 29.0896523, 0.0],
            [77.931764, 29.090193, 0.0],
            [77.9313447, 29.0898543, 0.0],
            [77.9308915, 29.0887546, 0.0],
            [77.9311125, 29.0885856, 0.0],
            [77.9314628, 29.0889138, 0.0]
          ]
        ]
      }
    },
    {
      "type": "Feature",
      "properties": { "Name": "Untitled polygon" },
      "geometry": {
        "type": "Polygon",
        "coordinates": [
          [
            [77.9312095, 29.0874638, 0.0],
            [77.932008, 29.0884445, 0.0],
            [77.9314782, 29.0888505, 0.0],
            [77.9311066, 29.0885311, 0.0],
            [77.9308796, 29.0887055, 0.0],
            [77.9305494, 29.0878364, 0.0],
            [77.9312095, 29.0874638, 0.0]
          ]
        ]
      }
    },
    {
      "type": "Feature",
      "properties": { "Name": "Untitled polygon" },
      "geometry": {
        "type": "Polygon",
        "coordinates": [
          [
            [77.9334898, 29.0897614, 0.0],
            [77.9332781, 29.0893954, 0.0],
            [77.933661, 29.0891984, 0.0],
            [77.9342583, 29.0902856, 0.0],
            [77.9338601, 29.0904889, 0.0],
            [77.9334213, 29.0907122, 0.0],
            [77.9329836, 29.0900401, 0.0],
            [77.9334898, 29.0897614, 0.0]
          ]
        ]
      }
    },
    {
      "type": "Feature",
      "properties": { "Name": "Untitled polygon" },
      "geometry": {
        "type": "Polygon",
        "coordinates": [
          [
            [77.9325039, 29.0880488, 0.0],
            [77.9331026, 29.0886829, 0.0],
            [77.9322857, 29.0893097, 0.0],
            [77.9316258, 29.088783, 0.0],
            [77.9325039, 29.0880488, 0.0]
          ]
        ]
      }
    },
    {
      "type": "Feature",
      "properties": { "Name": "Untitled polygon" },
      "geometry": {
        "type": "Polygon",
        "coordinates": [
          [
            [77.9334956, 29.0884389, 0.0],
            [77.9338945, 29.0889199, 0.0],
            [77.9326034, 29.0896329, 0.0],
            [77.9323141, 29.0893345, 0.0],
            [77.9334956, 29.0884389, 0.0]
          ]
        ]
      }
    },
    {
      "type": "Feature",
      "properties": { "Name": "Untitled polygon" },
      "geometry": {
        "type": "Polygon",
        "coordinates": [
          [
            [77.9338389, 29.0881943, 0.0],
            [77.9342273, 29.0887402, 0.0],
            [77.9339066, 29.0888998, 0.0],
            [77.9335054, 29.0884173, 0.0],
            [77.9338389, 29.0881943, 0.0]
          ]
        ]
      }
    },
    {
      "type": "Feature",
      "properties": { "Name": "Untitled polygon" },
      "geometry": {
        "type": "Polygon",
        "coordinates": [
          [
            [77.9328175, 29.0883172, 0.0],
            [77.9334807, 29.0877865, 0.0],
            [77.9338063, 29.0881456, 0.0],
            [77.9331497, 29.0886364, 0.0],
            [77.9328175, 29.0883172, 0.0]
          ]
        ]
      }
    },
    {
      "type": "Feature",
      "properties": { "Name": "Untitled polygon" },
      "geometry": {
        "type": "Polygon",
        "coordinates": [
          [
            [77.9327912, 29.0882885, 0.0],
            [77.9323181, 29.0878378, 0.0],
            [77.932574, 29.0876159, 0.0],
            [77.9327383, 29.0874114, 0.0],
            [77.9333172, 29.0876161, 0.0],
            [77.9334644, 29.0877548, 0.0],
            [77.9327912, 29.0882885, 0.0]
          ]
        ]
      }
    },
    {
      "type": "Feature",
      "properties": { "Name": "Untitled polygon" },
      "geometry": {
        "type": "Polygon",
        "coordinates": [
          [
            [77.9319493, 29.0869515, 0.0],
            [77.9323447, 29.0873684, 0.0],
            [77.932115, 29.087618, 0.0],
            [77.9324859, 29.0880461, 0.0],
            [77.9320442, 29.088413, 0.0],
            [77.9312745, 29.0874551, 0.0],
            [77.9319493, 29.0869515, 0.0]
          ]
        ]
      }
    },
    {
      "type": "Feature",
      "properties": { "Name": "Untitled polygon" },
      "geometry": {
        "type": "Polygon",
        "coordinates": [
          [
            [77.9325089, 29.0872306, 0.0],
            [77.9326569, 29.087368, 0.0],
            [77.9325483, 29.0875577, 0.0],
            [77.9322954, 29.0877931, 0.0],
            [77.9321445, 29.087618, 0.0],
            [77.9325089, 29.0872306, 0.0]
          ]
        ]
      }
    },
    {
      "type": "Feature",
      "properties": { "Name": "Untitled polygon" },
      "geometry": {
        "type": "Polygon",
        "coordinates": [
          [
            [77.9330052, 29.0874477, 0.0],
            [77.9331247, 29.087308, 0.0],
            [77.9333929, 29.0875808, 0.0],
            [77.933295, 29.0875667, 0.0],
            [77.9330052, 29.0874477, 0.0]
          ]
        ]
      }
    },
    {
      "type": "Feature",
      "properties": { "Name": "Untitled polygon" },
      "geometry": {
        "type": "Polygon",
        "coordinates": [
          [
            [77.93303, 29.087006, 0.0],
            [77.9327226, 29.0866908, 0.0],
            [77.9332194, 29.0863824, 0.0],
            [77.9335378, 29.0866999, 0.0],
            [77.9329753, 29.0874337, 0.0],
            [77.9327182, 29.0873324, 0.0],
            [77.9326886, 29.0872836, 0.0],
            [77.93303, 29.087006, 0.0]
          ]
        ]
      }
    },
    {
      "type": "Feature",
      "properties": { "Name": "Untitled polygon" },
      "geometry": {
        "type": "Polygon",
        "coordinates": [
          [
            [77.9326631, 29.0872642, 0.0],
            [77.9320149, 29.0865973, 0.0],
            [77.9323718, 29.0863301, 0.0],
            [77.9327049, 29.0866696, 0.0],
            [77.9327011, 29.0866923, 0.0],
            [77.9329974, 29.0870052, 0.0],
            [77.9326631, 29.0872642, 0.0]
          ]
        ]
      }
    },
    {
      "type": "Feature",
      "properties": { "Name": "Untitled polygon" },
      "geometry": {
        "type": "Polygon",
        "coordinates": [
          [
            [77.9334833, 29.0862125, 0.0],
            [77.9337587, 29.086436, 0.0],
            [77.933551, 29.0866889, 0.0],
            [77.9332294, 29.0863677, 0.0],
            [77.9334833, 29.0862125, 0.0]
          ]
        ]
      }
    },
    {
      "type": "Feature",
      "properties": { "Name": "Untitled polygon" },
      "geometry": {
        "type": "Polygon",
        "coordinates": [
          [
            [77.9337427, 29.0864762, 0.0],
            [77.9339167, 29.086279, 0.0],
            [77.9343401, 29.0865047, 0.0],
            [77.9340323, 29.0867548, 0.0],
            [77.9337427, 29.0864762, 0.0]
          ]
        ]
      }
    },
    {
      "type": "Feature",
      "properties": { "Name": "Untitled polygon" },
      "geometry": {
        "type": "Polygon",
        "coordinates": [
          [
            [77.9331046, 29.0858167, 0.0],
            [77.9339029, 29.0862759, 0.0],
            [77.9337703, 29.0864313, 0.0],
            [77.933487, 29.0861941, 0.0],
            [77.9327258, 29.0866721, 0.0],
            [77.9323694, 29.0863032, 0.0],
            [77.9331046, 29.0858167, 0.0]
          ]
        ]
      }
    },
    {
      "type": "Feature",
      "properties": { "Name": "Untitled polygon" },
      "geometry": {
        "type": "Polygon",
        "coordinates": [
          [
            [77.9330552, 29.0858095, 0.0],
            [77.9326781, 29.0860765, 0.0],
            [77.9323984, 29.0858639, 0.0],
            [77.9327653, 29.0856231, 0.0],
            [77.9330552, 29.0858095, 0.0]
          ]
        ]
      }
    },
    {
      "type": "Feature",
      "properties": { "Name": "Untitled polygon" },
      "geometry": {
        "type": "Polygon",
        "coordinates": [
          [
            [77.9323754, 29.0858811, 0.0],
            [77.9326525, 29.0860906, 0.0],
            [77.9317942, 29.0866662, 0.0],
            [77.931519, 29.0864036, 0.0],
            [77.9323754, 29.0858811, 0.0]
          ]
        ]
      }
    },
    {
      "type": "Feature",
      "properties": { "Name": "Untitled polygon" },
      "geometry": {
        "type": "Polygon",
        "coordinates": [
          [
            [77.9325879, 29.0854909, 0.0],
            [77.9327625, 29.0856126, 0.0],
            [77.9323737, 29.0858623, 0.0],
            [77.9315117, 29.0863913, 0.0],
            [77.931356, 29.0862406, 0.0],
            [77.9325879, 29.0854909, 0.0]
          ]
        ]
      }
    },
    {
      "type": "Feature",
      "properties": { "Name": "Untitled polygon" },
      "geometry": {
        "type": "Polygon",
        "coordinates": [
          [
            [77.9313433, 29.0862378, 0.0],
            [77.9311324, 29.0859888, 0.0],
            [77.932216, 29.0851537, 0.0],
            [77.9325693, 29.0854797, 0.0],
            [77.9313433, 29.0862378, 0.0]
          ]
        ]
      }
    },
    {
      "type": "Feature",
      "properties": { "Name": "Untitled polygon" },
      "geometry": {
        "type": "Polygon",
        "coordinates": [
          [
            [77.9310882, 29.0860305, 0.0],
            [77.9313371, 29.0863271, 0.0],
            [77.9309006, 29.0866105, 0.0],
            [77.9306725, 29.0862932, 0.0],
            [77.9310882, 29.0860305, 0.0]
          ]
        ]
      }
    },
    {
      "type": "Feature",
      "properties": { "Name": "Untitled polygon" },
      "geometry": {
        "type": "Polygon",
        "coordinates": [
          [
            [77.9308002, 29.0856635, 0.0],
            [77.9310742, 29.0860165, 0.0],
            [77.9306626, 29.0862776, 0.0],
            [77.9303821, 29.0858863, 0.0],
            [77.9308002, 29.0856635, 0.0]
          ]
        ]
      }
    },
    {
      "type": "Feature",
      "properties": { "Name": "Untitled polygon" },
      "geometry": {
        "type": "Polygon",
        "coordinates": [
          [
            [77.9316741, 29.0866571, 0.0],
            [77.931781, 29.08674, 0.0],
            [77.9319718, 29.0866379, 0.0],
            [77.932249, 29.0869336, 0.0],
            [77.9320663, 29.0870466, 0.0],
            [77.9319472, 29.0869318, 0.0],
            [77.9312679, 29.0874341, 0.0],
            [77.9310081, 29.0871236, 0.0],
            [77.9316741, 29.0866571, 0.0]
          ]
        ]
      }
    },
    {
      "type": "Feature",
      "properties": { "Name": "Untitled polygon" },
      "geometry": {
        "type": "Polygon",
        "coordinates": [
          [
            [77.9306944, 29.0867958, 0.0],
            [77.9311881, 29.0873932, 0.0],
            [77.9308364, 29.0876313, 0.0],
            [77.9304098, 29.0869928, 0.0],
            [77.9306944, 29.0867958, 0.0]
          ]
        ]
      }
    },
    {
      "type": "Feature",
      "properties": { "Name": "Untitled polygon" },
      "geometry": {
        "type": "Polygon",
        "coordinates": [
          [
            [77.9307549, 29.0846257, 0.0],
            [77.9309628, 29.0848104, 0.0],
            [77.9300139, 29.0853302, 0.0],
            [77.9297165, 29.0851915, 0.0],
            [77.9307549, 29.0846257, 0.0]
          ]
        ]
      }
    },
    {
      "type": "Feature",
      "properties": { "Name": "Untitled polygon" },
      "geometry": {
        "type": "Polygon",
        "coordinates": [
          [
            [77.9303551, 29.0848165, 0.0],
            [77.930218, 29.084663, 0.0],
            [77.9295453, 29.0850525, 0.0],
            [77.9294222, 29.0848581, 0.0],
            [77.9304819, 29.0843231, 0.0],
            [77.9307508, 29.0846153, 0.0],
            [77.9303551, 29.0848165, 0.0]
          ]
        ]
      }
    },
    {
      "type": "Feature",
      "properties": { "Name": "Untitled polygon" },
      "geometry": {
        "type": "Polygon",
        "coordinates": [
          [
            [77.9313494, 29.0842819, 0.0],
            [77.9315229, 29.0845003, 0.0],
            [77.9309984, 29.0847885, 0.0],
            [77.9307908, 29.0846104, 0.0],
            [77.9313494, 29.0842819, 0.0]
          ]
        ]
      }
    },
    {
      "type": "Feature",
      "properties": { "Name": "Untitled polygon" },
      "geometry": {
        "type": "Polygon",
        "coordinates": [
          [
            [77.9306477, 29.0844573, 0.0],
            [77.9302414, 29.0840225, 0.0],
            [77.9309559, 29.0837042, 0.0],
            [77.9312496, 29.0841414, 0.0],
            [77.9306477, 29.0844573, 0.0]
          ]
        ]
      }
    },
    {
      "type": "Feature",
      "properties": { "Name": "Untitled polygon" },
      "geometry": {
        "type": "Polygon",
        "coordinates": [
          [
            [77.9302204, 29.0839625, 0.0],
            [77.9300594, 29.0837154, 0.0],
            [77.9309672, 29.0836274, 0.0],
            [77.9302204, 29.0839625, 0.0]
          ]
        ]
      }
    },
    {
      "type": "Feature",
      "properties": { "Name": "Untitled polygon" },
      "geometry": {
        "type": "Polygon",
        "coordinates": [
          [
            [77.9294381, 29.0848388, 0.0],
            [77.9291361, 29.0844607, 0.0],
            [77.929659, 29.0841466, 0.0],
            [77.9295639, 29.0839892, 0.0],
            [77.9299883, 29.0838039, 0.0],
            [77.9302261, 29.0841153, 0.0],
            [77.9297602, 29.0843928, 0.0],
            [77.9299034, 29.0846046, 0.0],
            [77.9294381, 29.0848388, 0.0]
          ]
        ]
      }
    },
    {
      "type": "Feature",
      "properties": { "Name": "Untitled polygon" },
      "geometry": {
        "type": "Polygon",
        "coordinates": [
          [
            [77.9298834, 29.0853173, 0.0],
            [77.9301357, 29.0856997, 0.0],
            [77.9298279, 29.0858252, 0.0],
            [77.9296331, 29.0854844, 0.0],
            [77.9298834, 29.0853173, 0.0]
          ]
        ]
      }
    },
    {
      "type": "Feature",
      "properties": { "Name": "Untitled polygon" },
      "geometry": {
        "type": "Polygon",
        "coordinates": [
          [
            [77.9301857, 29.0857796, 0.0],
            [77.930363, 29.0859077, 0.0],
            [77.9308849, 29.0866253, 0.0],
            [77.9307127, 29.0867578, 0.0],
            [77.9303786, 29.0869748, 0.0],
            [77.9308188, 29.0876497, 0.0],
            [77.9305253, 29.0877939, 0.0],
            [77.9298337, 29.0859331, 0.0],
            [77.9301857, 29.0857796, 0.0]
          ]
        ]
      }
    },
    {
      "type": "Feature",
      "properties": { "Name": "Untitled polygon" },
      "geometry": {
        "type": "Polygon",
        "coordinates": [
          [
            [77.929827, 29.0910039, 0.0],
            [77.930019, 29.0915695, 0.0],
            [77.9295521, 29.0919483, 0.0],
            [77.9292137, 29.0914299, 0.0],
            [77.929827, 29.0910039, 0.0]
          ]
        ]
      }
    },
    {
      "type": "Feature",
      "properties": { "Name": "Untitled polygon" },
      "geometry": {
        "type": "Polygon",
        "coordinates": [
          [
            [77.9300201, 29.0916117, 0.0],
            [77.9300962, 29.0918945, 0.0],
            [77.9296631, 29.0921163, 0.0],
            [77.9295664, 29.0919637, 0.0],
            [77.9300201, 29.0916117, 0.0]
          ]
        ]
      }
    },
    {
      "type": "Feature",
      "properties": { "Name": "Untitled polygon" },
      "geometry": {
        "type": "Polygon",
        "coordinates": [
          [
            [77.9292217, 29.0912429, 0.0],
            [77.9288686, 29.0904844, 0.0],
            [77.9292196, 29.0903783, 0.0],
            [77.9295037, 29.0910232, 0.0],
            [77.9292217, 29.0912429, 0.0]
          ]
        ]
      }
    },
    {
      "type": "Feature",
      "properties": { "Name": "Untitled polygon" },
      "geometry": {
        "type": "Polygon",
        "coordinates": [
          [
            [77.9298876, 29.0907502, 0.0],
            [77.9296764, 29.0900691, 0.0],
            [77.9302238, 29.0897305, 0.0],
            [77.930494, 29.0903086, 0.0],
            [77.9298876, 29.0907502, 0.0]
          ]
        ]
      }
    },
    {
      "type": "Feature",
      "properties": { "Name": "Untitled polygon" },
      "geometry": {
        "type": "Polygon",
        "coordinates": [
          [
            [77.9296786, 29.0900357, 0.0],
            [77.9295895, 29.0896674, 0.0],
            [77.9307781, 29.0890254, 0.0],
            [77.9311063, 29.0898508, 0.0],
            [77.9304988, 29.090279, 0.0],
            [77.9302255, 29.089701, 0.0],
            [77.9296786, 29.0900357, 0.0]
          ]
        ]
      }
    },
    {
      "type": "Feature",
      "properties": { "Name": "Untitled polygon" },
      "geometry": {
        "type": "Polygon",
        "coordinates": [
          [
            [77.9300654, 29.0885513, 0.0],
            [77.9305193, 29.0883375, 0.0],
            [77.9306566, 29.0886956, 0.0],
            [77.9301365, 29.0889318, 0.0],
            [77.9300027, 29.0886684, 0.0],
            [77.9300852, 29.088627, 0.0],
            [77.9300654, 29.0885513, 0.0]
          ]
        ]
      }
    },
    {
      "type": "Feature",
      "properties": { "Name": "Untitled polygon" },
      "geometry": {
        "type": "Polygon",
        "coordinates": [
          [
            [77.9303834, 29.08799, 0.0],
            [77.9305107, 29.0883085, 0.0],
            [77.9293542, 29.0888421, 0.0],
            [77.9292609, 29.0885021, 0.0],
            [77.9303834, 29.08799, 0.0]
          ]
        ]
      }
    },
    {
      "type": "Feature",
      "properties": { "Name": "Untitled polygon" },
      "geometry": {
        "type": "Polygon",
        "coordinates": [
          [
            [77.9301293, 29.0880504, 0.0],
            [77.9297163, 29.0874796, 0.0],
            [77.930119, 29.0872626, 0.0],
            [77.9303942, 29.0879379, 0.0],
            [77.9301293, 29.0880504, 0.0]
          ]
        ]
      }
    },
    {
      "type": "Feature",
      "properties": { "Name": "Untitled polygon" },
      "geometry": {
        "type": "Polygon",
        "coordinates": [
          [
            [77.9292536, 29.088467, 0.0],
            [77.9290712, 29.0877443, 0.0],
            [77.9294742, 29.087586, 0.0],
            [77.9298185, 29.0882133, 0.0],
            [77.9292536, 29.088467, 0.0]
          ]
        ]
      }
    },
    {
      "type": "Feature",
      "properties": { "Name": "Untitled polygon" },
      "geometry": {
        "type": "Polygon",
        "coordinates": [
          [
            [77.9295446, 29.0869968, 0.0],
            [77.9292666, 29.0865378, 0.0],
            [77.9297797, 29.0863228, 0.0],
            [77.930087, 29.0872454, 0.0],
            [77.9290465, 29.0877215, 0.0],
            [77.9289003, 29.0872425, 0.0],
            [77.9295446, 29.0869968, 0.0]
          ]
        ]
      }
    },
    {
      "type": "Feature",
      "properties": { "Name": "Untitled polygon" },
      "geometry": {
        "type": "Polygon",
        "coordinates": [
          [
            [77.9292531, 29.0865512, 0.0],
            [77.9295233, 29.08699, 0.0],
            [77.9289034, 29.0872249, 0.0],
            [77.9287821, 29.0867706, 0.0],
            [77.9292531, 29.0865512, 0.0]
          ]
        ]
      }
    },
    {
      "type": "Feature",
      "properties": { "Name": "Untitled polygon" },
      "geometry": {
        "type": "Polygon",
        "coordinates": [
          [
            [77.9297094, 29.0861137, 0.0],
            [77.9297799, 29.0863085, 0.0],
            [77.9287782, 29.0867379, 0.0],
            [77.9287029, 29.0864857, 0.0],
            [77.9297094, 29.0861137, 0.0]
          ]
        ]
      }
    },
    {
      "type": "Feature",
      "properties": { "Name": "Untitled polygon" },
      "geometry": {
        "type": "Polygon",
        "coordinates": [
          [
            [77.928707, 29.0864675, 0.0],
            [77.9285331, 29.0858582, 0.0],
            [77.9294311, 29.0855285, 0.0],
            [77.9297057, 29.0860902, 0.0],
            [77.928707, 29.0864675, 0.0]
          ]
        ]
      }
    },
    {
      "type": "Feature",
      "properties": { "Name": "Untitled polygon" },
      "geometry": {
        "type": "Polygon",
        "coordinates": [
          [
            [77.9287269, 29.0902308, 0.0],
            [77.928523, 29.0894891, 0.0],
            [77.9283403, 29.0891399, 0.0],
            [77.9292333, 29.0887052, 0.0],
            [77.9295269, 29.0897804, 0.0],
            [77.9287269, 29.0902308, 0.0]
          ]
        ]
      }
    },
    {
      "type": "Feature",
      "properties": { "Name": "Untitled polygon" },
      "geometry": {
        "type": "Polygon",
        "coordinates": [
          [
            [77.928324, 29.0891035, 0.0],
            [77.9279048, 29.0883342, 0.0],
            [77.9289996, 29.0878384, 0.0],
            [77.9292602, 29.0886623, 0.0],
            [77.928324, 29.0891035, 0.0]
          ]
        ]
      }
    },
    {
      "type": "Feature",
      "properties": { "Name": "Untitled polygon" },
      "geometry": {
        "type": "Polygon",
        "coordinates": [
          [
            [77.9276966, 29.0870049, 0.0],
            [77.9281736, 29.087736, 0.0],
            [77.9283918, 29.08758, 0.0],
            [77.9285419, 29.0878943, 0.0],
            [77.9278427, 29.0882407, 0.0],
            [77.9272769, 29.087107, 0.0],
            [77.9276966, 29.0870049, 0.0]
          ]
        ]
      }
    },
    {
      "type": "Feature",
      "properties": { "Name": "Untitled polygon" },
      "geometry": {
        "type": "Polygon",
        "coordinates": [
          [
            [77.9285871, 29.0878646, 0.0],
            [77.9283817, 29.0875039, 0.0],
            [77.9284555, 29.0874419, 0.0],
            [77.9288447, 29.0872933, 0.0],
            [77.9289685, 29.0877485, 0.0],
            [77.9285871, 29.0878646, 0.0]
          ]
        ]
      }
    },
    {
      "type": "Feature",
      "properties": { "Name": "Untitled polygon" },
      "geometry": {
        "type": "Polygon",
        "coordinates": [
          [
            [77.9280255, 29.0874287, 0.0],
            [77.9277334, 29.0869961, 0.0],
            [77.9287001, 29.0866925, 0.0],
            [77.9288022, 29.087149, 0.0],
            [77.9280255, 29.0874287, 0.0]
          ]
        ]
      }
    },
    {
      "type": "Feature",
      "properties": { "Name": "Untitled polygon" },
      "geometry": {
        "type": "Polygon",
        "coordinates": [
          [
            [77.9269589, 29.0886387, 0.0],
            [77.9264851, 29.0875022, 0.0],
            [77.9265383, 29.0874603, 0.0],
            [77.926504, 29.0873314, 0.0],
            [77.9272513, 29.0871079, 0.0],
            [77.9278078, 29.0882556, 0.0],
            [77.9272097, 29.0884766, 0.0],
            [77.9269589, 29.0886387, 0.0]
          ]
        ]
      }
    },
    {
      "type": "Feature",
      "properties": { "Name": "Untitled polygon" },
      "geometry": {
        "type": "Polygon",
        "coordinates": [
          [
            [77.9269666, 29.0894162, 0.0],
            [77.9267749, 29.0889082, 0.0],
            [77.9269645, 29.0887672, 0.0],
            [77.9269872, 29.0886684, 0.0],
            [77.9277965, 29.0883072, 0.0],
            [77.9283525, 29.089276, 0.0],
            [77.9271251, 29.0897235, 0.0],
            [77.9269666, 29.0894162, 0.0]
          ]
        ]
      }
    },
    {
      "type": "Feature",
      "properties": { "Name": "Untitled polygon" },
      "geometry": {
        "type": "Polygon",
        "coordinates": [
          [
            [77.9268339, 29.0871489, 0.0],
            [77.9266782, 29.0867619, 0.0],
            [77.9269824, 29.0866694, 0.0],
            [77.9268494, 29.0863298, 0.0],
            [77.9272926, 29.0861787, 0.0],
            [77.9276063, 29.086977, 0.0],
            [77.9268339, 29.0871489, 0.0]
          ]
        ]
      }
    },
    {
      "type": "Feature",
      "properties": { "Name": "Untitled polygon" },
      "geometry": {
        "type": "Polygon",
        "coordinates": [
          [
            [77.927546, 29.0867701, 0.0],
            [77.92731, 29.0861813, 0.0],
            [77.9284494, 29.0857837, 0.0],
            [77.9286386, 29.0864301, 0.0],
            [77.927546, 29.0867701, 0.0]
          ]
        ]
      }
    },
    {
      "type": "Feature",
      "properties": { "Name": "Untitled polygon" },
      "geometry": {
        "type": "Polygon",
        "coordinates": [
          [
            [77.9276066, 29.0860601, 0.0],
            [77.9272445, 29.0852861, 0.0],
            [77.9282299, 29.0849349, 0.0],
            [77.9284435, 29.0857431, 0.0],
            [77.9276066, 29.0860601, 0.0]
          ]
        ]
      }
    },
    {
      "type": "Feature",
      "properties": { "Name": "Untitled polygon" },
      "geometry": {
        "type": "Polygon",
        "coordinates": [
          [
            [77.9285417, 29.0857509, 0.0],
            [77.9283538, 29.0850768, 0.0],
            [77.9289055, 29.0848193, 0.0],
            [77.9293233, 29.0853952, 0.0],
            [77.9285417, 29.0857509, 0.0]
          ]
        ]
      }
    },
    {
      "type": "Feature",
      "properties": { "Name": "Untitled polygon" },
      "geometry": {
        "type": "Polygon",
        "coordinates": [
          [
            [77.9283517, 29.0850496, 0.0],
            [77.9281392, 29.0843054, 0.0],
            [77.92839, 29.0841066, 0.0],
            [77.9288939, 29.0847936, 0.0],
            [77.9283517, 29.0850496, 0.0]
          ]
        ]
      }
    },
    {
      "type": "Feature",
      "properties": { "Name": "Untitled polygon" },
      "geometry": {
        "type": "Polygon",
        "coordinates": [
          [
            [77.9270642, 29.0848358, 0.0],
            [77.926905, 29.0844801, 0.0],
            [77.9280084, 29.0841137, 0.0],
            [77.9281182, 29.0844498, 0.0],
            [77.9270642, 29.0848358, 0.0]
          ]
        ]
      }
    },
    {
      "type": "Feature",
      "properties": { "Name": "Untitled polygon" },
      "geometry": {
        "type": "Polygon",
        "coordinates": [
          [
            [77.9269081, 29.0844638, 0.0],
            [77.926816, 29.0842186, 0.0],
            [77.9278485, 29.0839118, 0.0],
            [77.9279875, 29.0840958, 0.0],
            [77.9269081, 29.0844638, 0.0]
          ]
        ]
      }
    },
    {
      "type": "Feature",
      "properties": { "Name": "Untitled polygon" },
      "geometry": {
        "type": "Polygon",
        "coordinates": [
          [
            [77.9268089, 29.0841977, 0.0],
            [77.9265608, 29.0834452, 0.0],
            [77.9273004, 29.0832553, 0.0],
            [77.9278365, 29.0838909, 0.0],
            [77.9268089, 29.0841977, 0.0]
          ]
        ]
      }
    },
    {
      "type": "Feature",
      "properties": { "Name": "Untitled polygon" },
      "geometry": {
        "type": "Polygon",
        "coordinates": [
          [
            [77.9260879, 29.0844709, 0.0],
            [77.9260108, 29.0842613, 0.0],
            [77.9266822, 29.084074, 0.0],
            [77.9267658, 29.0842714, 0.0],
            [77.9260879, 29.0844709, 0.0]
          ]
        ]
      }
    },
    {
      "type": "Feature",
      "properties": { "Name": "Untitled polygon" },
      "geometry": {
        "type": "Polygon",
        "coordinates": [
          [
            [77.9262276, 29.085167, 0.0],
            [77.9260756, 29.0845045, 0.0],
            [77.9267679, 29.0843014, 0.0],
            [77.9270146, 29.0849179, 0.0],
            [77.9262276, 29.085167, 0.0]
          ]
        ]
      }
    },
    {
      "type": "Feature",
      "properties": { "Name": "Untitled polygon" },
      "geometry": {
        "type": "Polygon",
        "coordinates": [
          [
            [77.9248915, 29.0850504, 0.0],
            [77.9248352, 29.0846977, 0.0],
            [77.9256369, 29.0845099, 0.0],
            [77.9257589, 29.084694, 0.0],
            [77.9257958, 29.0848503, 0.0],
            [77.9248915, 29.0850504, 0.0]
          ]
        ]
      }
    },
    {
      "type": "Feature",
      "properties": { "Name": "Untitled polygon" },
      "geometry": {
        "type": "Polygon",
        "coordinates": [
          [
            [77.9261449, 29.0868684, 0.0],
            [77.9259101, 29.0862787, 0.0],
            [77.9263974, 29.0860688, 0.0],
            [77.9266245, 29.0866853, 0.0],
            [77.9261449, 29.0868684, 0.0]
          ]
        ]
      }
    },
    {
      "type": "Feature",
      "properties": { "Name": "Untitled polygon" },
      "geometry": {
        "type": "Polygon",
        "coordinates": [
          [
            [77.9262597, 29.0870629, 0.0],
            [77.9263403, 29.0870281, 0.0],
            [77.9262114, 29.0868573, 0.0],
            [77.9266197, 29.0867014, 0.0],
            [77.9267807, 29.0871815, 0.0],
            [77.926345, 29.0873509, 0.0],
            [77.9261084, 29.087343, 0.0],
            [77.9259045, 29.0871405, 0.0],
            [77.9262597, 29.0870629, 0.0]
          ]
        ]
      }
    },
    {
      "type": "Feature",
      "properties": { "Name": "Untitled polygon" },
      "geometry": {
        "type": "Polygon",
        "coordinates": [
          [
            [77.9313173, 29.0935881, 0.0],
            [77.9317738, 29.094242, 0.0],
            [77.9307668, 29.0947374, 0.0],
            [77.9303891, 29.0940348, 0.0],
            [77.9313173, 29.0935881, 0.0]
          ]
        ]
      }
    },
    {
      "type": "Feature",
      "properties": { "Name": "Untitled polygon" },
      "geometry": {
        "type": "Polygon",
        "coordinates": [
          [
            [77.9304398, 29.0930093, 0.0],
            [77.9309754, 29.0936955, 0.0],
            [77.9307182, 29.0938063, 0.0],
            [77.9303053, 29.0932804, 0.0],
            [77.9304398, 29.0930093, 0.0]
          ]
        ]
      }
    },
    {
      "type": "Feature",
      "properties": { "Name": "Untitled polygon" },
      "geometry": {
        "type": "Polygon",
        "coordinates": [
          [
            [77.9324189, 29.0939237, 0.0],
            [77.9327393, 29.0944678, 0.0],
            [77.9322152, 29.0947919, 0.0],
            [77.9320584, 29.0946115, 0.0],
            [77.9318741, 29.0947087, 0.0],
            [77.9316243, 29.0943527, 0.0],
            [77.9324189, 29.0939237, 0.0]
          ]
        ]
      }
    },
    {
      "type": "Feature",
      "properties": { "Name": "Untitled polygon" },
      "geometry": {
        "type": "Polygon",
        "coordinates": [
          [
            [77.9315448, 29.0938298, 0.0],
            [77.9313396, 29.0935214, 0.0],
            [77.9310155, 29.0936787, 0.0],
            [77.93046, 29.0929757, 0.0],
            [77.9306102, 29.0925228, 0.0],
            [77.9312948, 29.0921776, 0.0],
            [77.9321782, 29.0935349, 0.0],
            [77.9315448, 29.0938298, 0.0]
          ]
        ]
      }
    },
    {
      "type": "Feature",
      "properties": { "Name": "Untitled polygon" },
      "geometry": {
        "type": "Polygon",
        "coordinates": [
          [
            [77.9317752, 29.0928246, 0.0],
            [77.9313268, 29.0921608, 0.0],
            [77.9325402, 29.0916831, 0.0],
            [77.9329587, 29.092304, 0.0],
            [77.9324357, 29.0925611, 0.0],
            [77.932391, 29.0924827, 0.0],
            [77.9317752, 29.0928246, 0.0]
          ]
        ]
      }
    },
    {
      "type": "Feature",
      "properties": { "Name": "Untitled polygon" },
      "geometry": {
        "type": "Polygon",
        "coordinates": [
          [
            [77.9329232, 29.0920358, 0.0],
            [77.9326579, 29.0915996, 0.0],
            [77.9333581, 29.0913122, 0.0],
            [77.9336108, 29.091748, 0.0],
            [77.9329232, 29.0920358, 0.0]
          ]
        ]
      }
    },
    {
      "type": "Feature",
      "properties": { "Name": "Untitled polygon" },
      "geometry": {
        "type": "Polygon",
        "coordinates": [
          [
            [77.9338355, 29.0916695, 0.0],
            [77.9340294, 29.0920358, 0.0],
            [77.9334371, 29.0923009, 0.0],
            [77.9333923, 29.092245, 0.0],
            [77.9330289, 29.0923628, 0.0],
            [77.9328881, 29.0920833, 0.0],
            [77.9338355, 29.0916695, 0.0]
          ]
        ]
      }
    },
    {
      "type": "Feature",
      "properties": { "Name": "Untitled polygon" },
      "geometry": {
        "type": "Polygon",
        "coordinates": [
          [
            [77.9333861, 29.0922718, 0.0],
            [77.9335113, 29.0925928, 0.0],
            [77.933227, 29.0926991, 0.0],
            [77.9330509, 29.0923888, 0.0],
            [77.9333861, 29.0922718, 0.0]
          ]
        ]
      }
    },
    {
      "type": "Feature",
      "properties": { "Name": "Untitled polygon" },
      "geometry": {
        "type": "Polygon",
        "coordinates": [
          [
            [77.9302309, 29.0932443, 0.0],
            [77.9306979, 29.0938089, 0.0],
            [77.9303336, 29.0940248, 0.0],
            [77.9300309, 29.093636, 0.0],
            [77.9302309, 29.0932443, 0.0]
          ]
        ]
      }
    },
    {
      "type": "Feature",
      "properties": { "Name": "Untitled polygon" },
      "geometry": {
        "type": "Polygon",
        "coordinates": [
          [
            [77.9300184, 29.0936978, 0.0],
            [77.9303712, 29.094119, 0.0],
            [77.9306852, 29.0947879, 0.0],
            [77.9309608, 29.0951927, 0.0],
            [77.9304465, 29.0956047, 0.0],
            [77.9296013, 29.0948263, 0.0],
            [77.9300184, 29.0936978, 0.0]
          ]
        ]
      }
    },
    {
      "type": "Feature",
      "properties": { "Name": "Untitled polygon" },
      "geometry": {
        "type": "Polygon",
        "coordinates": [
          [
            [77.929307, 29.0959534, 0.0],
            [77.9296722, 29.0956582, 0.0],
            [77.929375, 29.0953486, 0.0],
            [77.9295747, 29.0948476, 0.0],
            [77.9304349, 29.0956404, 0.0],
            [77.9306727, 29.0958438, 0.0],
            [77.9308159, 29.0960242, 0.0],
            [77.9305099, 29.0963736, 0.0],
            [77.9301976, 29.09663, 0.0],
            [77.929991, 29.096811, 0.0],
            [77.9298731, 29.0966788, 0.0],
            [77.9297237, 29.0964385, 0.0],
            [77.9295809, 29.0962367, 0.0],
            [77.929307, 29.0959534, 0.0]
          ]
        ]
      }
    },
    {
      "type": "Feature",
      "properties": { "Name": "Untitled polygon" },
      "geometry": {
        "type": "Polygon",
        "coordinates": [
          [
            [77.9291254, 29.0958557, 0.0],
            [77.9292754, 29.0959597, 0.0],
            [77.9299549, 29.0968205, 0.0],
            [77.9296861, 29.0970224, 0.0],
            [77.9294492, 29.0971581, 0.0],
            [77.9292876, 29.0969343, 0.0],
            [77.9290508, 29.0970432, 0.0],
            [77.9287382, 29.0967383, 0.0],
            [77.9291254, 29.0958557, 0.0]
          ]
        ]
      }
    },
    {
      "type": "Feature",
      "properties": { "Name": "Untitled polygon" },
      "geometry": {
        "type": "Polygon",
        "coordinates": [
          [
            [77.9299684, 29.0968516, 0.0],
            [77.9303092, 29.0965884, 0.0],
            [77.9304117, 29.0966778, 0.0],
            [77.9307085, 29.0972435, 0.0],
            [77.9299629, 29.0976498, 0.0],
            [77.929554, 29.0971351, 0.0],
            [77.9299684, 29.0968516, 0.0]
          ]
        ]
      }
    },
    {
      "type": "Feature",
      "properties": { "Name": "Untitled polygon" },
      "geometry": {
        "type": "Polygon",
        "coordinates": [
          [
            [77.9291792, 29.0973214, 0.0],
            [77.9295403, 29.0971511, 0.0],
            [77.9299521, 29.0976643, 0.0],
            [77.9296259, 29.0978861, 0.0],
            [77.9291672, 29.0981005, 0.0],
            [77.9288878, 29.097518, 0.0],
            [77.9291792, 29.0973214, 0.0]
          ]
        ]
      }
    },
    {
      "type": "Feature",
      "properties": { "Name": "Untitled polygon" },
      "geometry": {
        "type": "Polygon",
        "coordinates": [
          [
            [77.9307291, 29.0968753, 0.0],
            [77.9310148, 29.0967221, 0.0],
            [77.9314041, 29.0964691, 0.0],
            [77.9318421, 29.0971147, 0.0],
            [77.9311696, 29.0973975, 0.0],
            [77.9308611, 29.0975302, 0.0],
            [77.9308063, 29.0973436, 0.0],
            [77.9311359, 29.0972154, 0.0],
            [77.9310338, 29.097046, 0.0],
            [77.9307063, 29.0971857, 0.0],
            [77.9305594, 29.0969448, 0.0],
            [77.9307291, 29.0968753, 0.0]
          ]
        ]
      }
    },
    {
      "type": "Feature",
      "properties": { "Name": "Untitled polygon" },
      "geometry": {
        "type": "Polygon",
        "coordinates": [
          [
            [77.930779, 29.0977637, 0.0],
            [77.9308548, 29.0975423, 0.0],
            [77.9314683, 29.0972806, 0.0],
            [77.9316496, 29.0976446, 0.0],
            [77.9308591, 29.0979293, 0.0],
            [77.930779, 29.0977637, 0.0]
          ]
        ]
      }
    },
    {
      "type": "Feature",
      "properties": { "Name": "Untitled polygon" },
      "geometry": {
        "type": "Polygon",
        "coordinates": [
          [
            [77.9288984, 29.0975908, 0.0],
            [77.92916, 29.0981254, 0.0],
            [77.9293915, 29.098498, 0.0],
            [77.9290643, 29.0986581, 0.0],
            [77.9288639, 29.0984232, 0.0],
            [77.9287596, 29.0984809, 0.0],
            [77.9287187, 29.098409, 0.0],
            [77.9285767, 29.0981803, 0.0],
            [77.9283906, 29.0978935, 0.0],
            [77.9288984, 29.0975908, 0.0]
          ]
        ]
      }
    },
    {
      "type": "Feature",
      "properties": { "Name": "Untitled polygon" },
      "geometry": {
        "type": "Polygon",
        "coordinates": [
          [
            [77.9304917, 29.0964498, 0.0],
            [77.9306809, 29.0962202, 0.0],
            [77.9307455, 29.0962338, 0.0],
            [77.9310033, 29.0964317, 0.0],
            [77.9311579, 29.0964879, 0.0],
            [77.9313842, 29.0964636, 0.0],
            [77.9307746, 29.0968401, 0.0],
            [77.9305645, 29.0969272, 0.0],
            [77.9304349, 29.0966791, 0.0],
            [77.930327, 29.0965766, 0.0],
            [77.9304917, 29.0964498, 0.0]
          ]
        ]
      }
    },
    {
      "type": "Feature",
      "properties": { "Name": "Untitled polygon" },
      "geometry": {
        "type": "Polygon",
        "coordinates": [
          [
            [77.9310517, 29.0958905, 0.0],
            [77.9312386, 29.0960815, 0.0],
            [77.9314577, 29.096405, 0.0],
            [77.9313358, 29.0964323, 0.0],
            [77.9311368, 29.0964612, 0.0],
            [77.9309985, 29.0963991, 0.0],
            [77.9307105, 29.0961954, 0.0],
            [77.9310517, 29.0958905, 0.0]
          ]
        ]
      }
    },
    {
      "type": "Feature",
      "properties": { "Name": "Untitled polygon" },
      "geometry": {
        "type": "Polygon",
        "coordinates": [
          [
            [77.9286979, 29.0939207, 0.0],
            [77.9299288, 29.0938485, 0.0],
            [77.9294052, 29.0951781, 0.0],
            [77.9284693, 29.0951016, 0.0],
            [77.9286979, 29.0939207, 0.0]
          ]
        ]
      }
    },
    {
      "type": "Feature",
      "properties": { "Name": "Untitled polygon" },
      "geometry": {
        "type": "Polygon",
        "coordinates": [
          [
            [77.9315964, 29.0943488, 0.0],
            [77.9320403, 29.0949684, 0.0],
            [77.9313949, 29.0953885, 0.0],
            [77.931268, 29.0955751, 0.0],
            [77.9307161, 29.0947991, 0.0],
            [77.9315964, 29.0943488, 0.0]
          ]
        ]
      }
    },
    {
      "type": "Feature",
      "properties": { "Name": "Untitled polygon" },
      "geometry": {
        "type": "Polygon",
        "coordinates": [
          [
            [77.9327998, 29.0944756, 0.0],
            [77.933136, 29.0948546, 0.0],
            [77.9322931, 29.0953876, 0.0],
            [77.9320332, 29.0949978, 0.0],
            [77.9327998, 29.0944756, 0.0]
          ]
        ]
      }
    },
    {
      "type": "Feature",
      "properties": { "Name": "Untitled polygon" },
      "geometry": {
        "type": "Polygon",
        "coordinates": [
          [
            [77.931543, 29.095352, 0.0],
            [77.9320099, 29.0950129, 0.0],
            [77.9322697, 29.0953916, 0.0],
            [77.9314924, 29.0958477, 0.0],
            [77.9312784, 29.0955939, 0.0],
            [77.9313876, 29.0954365, 0.0],
            [77.931543, 29.095352, 0.0]
          ]
        ]
      }
    },
    {
      "type": "Feature",
      "properties": { "Name": "Untitled polygon" },
      "geometry": {
        "type": "Polygon",
        "coordinates": [
          [
            [77.9328771, 29.0944201, 0.0],
            [77.9328222, 29.0943502, 0.0],
            [77.9329929, 29.094243, 0.0],
            [77.9328008, 29.0939113, 0.0],
            [77.9325266, 29.0940406, 0.0],
            [77.9317869, 29.0928786, 0.0],
            [77.9323588, 29.0925584, 0.0],
            [77.9324169, 29.0926121, 0.0],
            [77.9329682, 29.0923408, 0.0],
            [77.9332256, 29.0927313, 0.0],
            [77.9335541, 29.0925918, 0.0],
            [77.9334277, 29.0923278, 0.0],
            [77.9340693, 29.0920407, 0.0],
            [77.9346089, 29.0930282, 0.0],
            [77.9342725, 29.0932597, 0.0],
            [77.9344053, 29.0934634, 0.0],
            [77.9328771, 29.0944201, 0.0]
          ]
        ]
      }
    },
    {
      "type": "Feature",
      "properties": { "Name": "Untitled polygon" },
      "geometry": {
        "type": "Polygon",
        "coordinates": [
          [
            [77.9342658, 29.0923624, 0.0],
            [77.9346961, 29.0921181, 0.0],
            [77.9348118, 29.0923069, 0.0],
            [77.9343797, 29.0925538, 0.0],
            [77.9342658, 29.0923624, 0.0]
          ]
        ]
      }
    },
    {
      "type": "Feature",
      "properties": { "Name": "Untitled polygon" },
      "geometry": {
        "type": "Polygon",
        "coordinates": [
          [
            [77.9342665, 29.0914765, 0.0],
            [77.9345134, 29.0918323, 0.0],
            [77.9340518, 29.0920284, 0.0],
            [77.9338471, 29.0916447, 0.0],
            [77.9342665, 29.0914765, 0.0]
          ]
        ]
      }
    },
    {
      "type": "Feature",
      "properties": { "Name": "Untitled polygon" },
      "geometry": {
        "type": "Polygon",
        "coordinates": [
          [
            [77.9342935, 29.0914728, 0.0],
            [77.9346584, 29.0913233, 0.0],
            [77.9351412, 29.0920028, 0.0],
            [77.9347795, 29.0921894, 0.0],
            [77.9345405, 29.0918637, 0.0],
            [77.9345153, 29.0917955, 0.0],
            [77.9342935, 29.0914728, 0.0]
          ]
        ]
      }
    },
    {
      "type": "Feature",
      "properties": { "Name": "Untitled polygon" },
      "geometry": {
        "type": "Polygon",
        "coordinates": [
          [
            [77.9335868, 29.0912002, 0.0],
            [77.9344218, 29.0908504, 0.0],
            [77.9346535, 29.091306, 0.0],
            [77.9338446, 29.091642, 0.0],
            [77.9337154, 29.0914132, 0.0],
            [77.9335868, 29.0912002, 0.0]
          ]
        ]
      }
    },
    {
      "type": "Feature",
      "properties": { "Name": "Untitled polygon" },
      "geometry": {
        "type": "Polygon",
        "coordinates": [
          [
            [77.9333585, 29.0912849, 0.0],
            [77.9335588, 29.0911939, 0.0],
            [77.9338451, 29.0916545, 0.0],
            [77.9336243, 29.0917499, 0.0],
            [77.9333585, 29.0912849, 0.0]
          ]
        ]
      }
    },
    {
      "type": "Feature",
      "properties": { "Name": "Untitled polygon" },
      "geometry": {
        "type": "Polygon",
        "coordinates": [
          [
            [77.9340747, 29.0920296, 0.0],
            [77.9345131, 29.0918439, 0.0],
            [77.9347055, 29.092097, 0.0],
            [77.9342526, 29.0923599, 0.0],
            [77.9340747, 29.0920296, 0.0]
          ]
        ]
      }
    },
    {
      "type": "Feature",
      "properties": { "Name": "Untitled polygon" },
      "geometry": {
        "type": "Polygon",
        "coordinates": [
          [
            [77.9353661, 29.0923257, 0.0],
            [77.9356122, 29.0926673, 0.0],
            [77.9352737, 29.0928691, 0.0],
            [77.9350236, 29.0925339, 0.0],
            [77.9353661, 29.0923257, 0.0]
          ]
        ]
      }
    },
    {
      "type": "Feature",
      "properties": { "Name": "Untitled polygon" },
      "geometry": {
        "type": "Polygon",
        "coordinates": [
          [
            [77.935329, 29.0922405, 0.0],
            [77.9359609, 29.0919254, 0.0],
            [77.9361594, 29.0923305, 0.0],
            [77.9356276, 29.0926583, 0.0],
            [77.935329, 29.0922405, 0.0]
          ]
        ]
      }
    },
    {
      "type": "Feature",
      "properties": { "Name": "Untitled polygon" },
      "geometry": {
        "type": "Polygon",
        "coordinates": [
          [
            [77.9357105, 29.0913804, 0.0],
            [77.9363569, 29.0911862, 0.0],
            [77.936329, 29.0918143, 0.0],
            [77.9360317, 29.0919206, 0.0],
            [77.9357105, 29.0913804, 0.0]
          ]
        ]
      }
    },
    {
      "type": "Feature",
      "properties": { "Name": "Untitled polygon" },
      "geometry": {
        "type": "Polygon",
        "coordinates": [
          [
            [77.9336799, 29.0939543, 0.0],
            [77.934181, 29.0945922, 0.0],
            [77.9334066, 29.0950359, 0.0],
            [77.9329351, 29.0944397, 0.0],
            [77.9336799, 29.0939543, 0.0]
          ]
        ]
      }
    },
    {
      "type": "Feature",
      "properties": { "Name": "Untitled polygon" },
      "geometry": {
        "type": "Polygon",
        "coordinates": [
          [
            [77.9343251, 29.0935346, 0.0],
            [77.9346526, 29.0939615, 0.0],
            [77.9340316, 29.0943612, 0.0],
            [77.9336888, 29.0939395, 0.0],
            [77.9343251, 29.0935346, 0.0]
          ]
        ]
      }
    },
    {
      "type": "Feature",
      "properties": { "Name": "Untitled polygon" },
      "geometry": {
        "type": "Polygon",
        "coordinates": [
          [
            [77.935208, 29.0942469, 0.0],
            [77.9349945, 29.0943748, 0.0],
            [77.9343624, 29.0935407, 0.0],
            [77.9346148, 29.093387, 0.0],
            [77.9349329, 29.093763, 0.0],
            [77.9353945, 29.0934768, 0.0],
            [77.9351115, 29.093028, 0.0],
            [77.935353, 29.0928787, 0.0],
            [77.9359471, 29.0938644, 0.0],
            [77.9353804, 29.094237, 0.0],
            [77.935208, 29.0942469, 0.0]
          ]
        ]
      }
    },
    {
      "type": "Feature",
      "properties": { "Name": "Untitled polygon" },
      "geometry": {
        "type": "Polygon",
        "coordinates": [
          [
            [77.9353839, 29.0942553, 0.0],
            [77.9360003, 29.0938516, 0.0],
            [77.9360202, 29.0941565, 0.0],
            [77.9355388, 29.0944738, 0.0],
            [77.9353839, 29.0942553, 0.0]
          ]
        ]
      }
    },
    {
      "type": "Feature",
      "properties": { "Name": "Untitled polygon" },
      "geometry": {
        "type": "Polygon",
        "coordinates": [
          [
            [77.9348618, 29.0942262, 0.0],
            [77.9354268, 29.0949855, 0.0],
            [77.9347899, 29.0953634, 0.0],
            [77.9342376, 29.0946079, 0.0],
            [77.9348618, 29.0942262, 0.0]
          ]
        ]
      }
    },
    {
      "type": "Feature",
      "properties": { "Name": "Untitled polygon" },
      "geometry": {
        "type": "Polygon",
        "coordinates": [
          [
            [77.9352148, 29.0942581, 0.0],
            [77.9353585, 29.0942493, 0.0],
            [77.9354978, 29.0944364, 0.0],
            [77.9358314, 29.09488, 0.0],
            [77.9355426, 29.0950889, 0.0],
            [77.9350105, 29.0943952, 0.0],
            [77.9352148, 29.0942581, 0.0]
          ]
        ]
      }
    },
    {
      "type": "Feature",
      "properties": { "Name": "Untitled polygon" },
      "geometry": {
        "type": "Polygon",
        "coordinates": [
          [
            [77.9342811, 29.0947065, 0.0],
            [77.9345217, 29.0950507, 0.0],
            [77.9337718, 29.0955003, 0.0],
            [77.9334997, 29.095155, 0.0],
            [77.9342811, 29.0947065, 0.0]
          ]
        ]
      }
    },
    {
      "type": "Feature",
      "properties": { "Name": "Untitled polygon" },
      "geometry": {
        "type": "Polygon",
        "coordinates": [
          [
            [77.9315095, 29.0960551, 0.0],
            [77.9328028, 29.0960387, 0.0],
            [77.9329125, 29.0961272, 0.0],
            [77.9330522, 29.0963565, 0.0],
            [77.9325681, 29.0964293, 0.0],
            [77.9316083, 29.0964213, 0.0],
            [77.9315095, 29.0960551, 0.0]
          ]
        ]
      }
    },
    {
      "type": "Feature",
      "properties": { "Name": "Untitled polygon" },
      "geometry": {
        "type": "Polygon",
        "coordinates": [
          [
            [77.9334044, 29.0962055, 0.0],
            [77.9336605, 29.0960666, 0.0],
            [77.9343148, 29.0960836, 0.0],
            [77.9349413, 29.0961169, 0.0],
            [77.9353669, 29.0961781, 0.0],
            [77.9353017, 29.0962572, 0.0],
            [77.9352727, 29.0963312, 0.0],
            [77.9347281, 29.0965316, 0.0],
            [77.9332111, 29.0964564, 0.0],
            [77.9330918, 29.0963297, 0.0],
            [77.9334044, 29.0962055, 0.0]
          ]
        ]
      }
    },
    {
      "type": "Feature",
      "properties": { "Name": "Untitled polygon" },
      "geometry": {
        "type": "Polygon",
        "coordinates": [
          [
            [77.9349938, 29.096106, 0.0],
            [77.9342744, 29.096068, 0.0],
            [77.9342415, 29.0959762, 0.0],
            [77.9343894, 29.0959185, 0.0],
            [77.934434, 29.095981, 0.0],
            [77.934996, 29.0956769, 0.0],
            [77.9353386, 29.0961498, 0.0],
            [77.9349938, 29.096106, 0.0]
          ]
        ]
      }
    },
    {
      "type": "Feature",
      "properties": { "Name": "Untitled polygon" },
      "geometry": {
        "type": "Polygon",
        "coordinates": [
          [
            [77.9349173, 29.096554, 0.0],
            [77.9353719, 29.0963675, 0.0],
            [77.9358508, 29.0969504, 0.0],
            [77.9353641, 29.0972064, 0.0],
            [77.9351155, 29.0968525, 0.0],
            [77.9349173, 29.096554, 0.0]
          ]
        ]
      }
    },
    {
      "type": "Feature",
      "properties": { "Name": "Untitled polygon" },
      "geometry": {
        "type": "Polygon",
        "coordinates": [
          [
            [77.9349025, 29.0965575, 0.0],
            [77.9350287, 29.0967423, 0.0],
            [77.9343796, 29.0970384, 0.0],
            [77.9339742, 29.0965167, 0.0],
            [77.9349025, 29.0965575, 0.0]
          ]
        ]
      }
    },
    {
      "type": "Feature",
      "properties": { "Name": "Untitled polygon" },
      "geometry": {
        "type": "Polygon",
        "coordinates": [
          [
            [77.9319371, 29.0964679, 0.0],
            [77.9324888, 29.0964761, 0.0],
            [77.9326369, 29.0966744, 0.0],
            [77.9322105, 29.0969292, 0.0],
            [77.9319371, 29.0964679, 0.0]
          ]
        ]
      }
    },
    {
      "type": "Feature",
      "properties": { "Name": "Untitled polygon" },
      "geometry": {
        "type": "Polygon",
        "coordinates": [
          [
            [77.9317458, 29.0969199, 0.0],
            [77.9320783, 29.0967615, 0.0],
            [77.9321925, 29.0969363, 0.0],
            [77.9318637, 29.0971073, 0.0],
            [77.9317458, 29.0969199, 0.0]
          ]
        ]
      }
    },
    {
      "type": "Feature",
      "properties": { "Name": "Untitled polygon" },
      "geometry": {
        "type": "Polygon",
        "coordinates": [
          [
            [77.9318768, 29.0971209, 0.0],
            [77.9321593, 29.096975, 0.0],
            [77.9326486, 29.0966846, 0.0],
            [77.9330594, 29.0973702, 0.0],
            [77.9329332, 29.0974419, 0.0],
            [77.9333884, 29.0981587, 0.0],
            [77.9330063, 29.0983151, 0.0],
            [77.93259, 29.0975887, 0.0],
            [77.9323535, 29.0977054, 0.0],
            [77.9327309, 29.0983947, 0.0],
            [77.9323123, 29.0985611, 0.0],
            [77.9319235, 29.0978571, 0.0],
            [77.9318062, 29.0979086, 0.0],
            [77.9314892, 29.0972858, 0.0],
            [77.9318768, 29.0971209, 0.0]
          ]
        ]
      }
    },
    {
      "type": "Feature",
      "properties": { "Name": "Untitled polygon" },
      "geometry": {
        "type": "Polygon",
        "coordinates": [
          [
            [77.9331654, 29.0975121, 0.0],
            [77.9333072, 29.0975124, 0.0],
            [77.9338113, 29.0972954, 0.0],
            [77.9343834, 29.0970607, 0.0],
            [77.9347423, 29.0975192, 0.0],
            [77.9335188, 29.0981155, 0.0],
            [77.9331654, 29.0975121, 0.0]
          ]
        ]
      }
    },
    {
      "type": "Feature",
      "properties": { "Name": "Untitled polygon" },
      "geometry": {
        "type": "Polygon",
        "coordinates": [
          [
            [77.9345059, 29.0976615, 0.0],
            [77.9348688, 29.0985785, 0.0],
            [77.9356821, 29.0983008, 0.0],
            [77.9356302, 29.0990293, 0.0],
            [77.9352868, 29.0991434, 0.0],
            [77.9352428, 29.0990487, 0.0],
            [77.9348188, 29.0992274, 0.0],
            [77.934751, 29.0992956, 0.0],
            [77.9347, 29.0991153, 0.0],
            [77.9351694, 29.0989295, 0.0],
            [77.9351331, 29.0988048, 0.0],
            [77.9345719, 29.0989703, 0.0],
            [77.9344616, 29.0987185, 0.0],
            [77.9339744, 29.098905, 0.0],
            [77.9336879, 29.0980686, 0.0],
            [77.9345059, 29.0976615, 0.0]
          ]
        ]
      }
    },
    {
      "type": "Feature",
      "properties": { "Name": "Untitled polygon" },
      "geometry": {
        "type": "Polygon",
        "coordinates": [
          [
            [77.9324248, 29.0985556, 0.0],
            [77.9330706, 29.0983169, 0.0],
            [77.933252, 29.098794, 0.0],
            [77.9333769, 29.0987589, 0.0],
            [77.9334585, 29.0989659, 0.0],
            [77.933126, 29.0990547, 0.0],
            [77.9331408, 29.0991253, 0.0],
            [77.933994, 29.0989155, 0.0],
            [77.9340357, 29.0990348, 0.0],
            [77.9327725, 29.0993958, 0.0],
            [77.9324248, 29.0985556, 0.0]
          ]
        ]
      }
    },
    {
      "type": "Feature",
      "properties": { "Name": "Untitled polygon" },
      "geometry": {
        "type": "Polygon",
        "coordinates": [
          [
            [77.9343593, 29.099905, 0.0],
            [77.9354515, 29.0997331, 0.0],
            [77.9355236, 29.1002528, 0.0],
            [77.9345033, 29.1003295, 0.0],
            [77.9343593, 29.099905, 0.0]
          ]
        ]
      }
    },
    {
      "type": "Feature",
      "properties": { "Name": "Untitled polygon" },
      "geometry": {
        "type": "Polygon",
        "coordinates": [
          [
            [77.9334451, 29.1000244, 0.0],
            [77.9331459, 29.1000384, 0.0],
            [77.9329559, 29.099358, 0.0],
            [77.9340351, 29.0990608, 0.0],
            [77.9344818, 29.1003126, 0.0],
            [77.9335584, 29.1005491, 0.0],
            [77.9334451, 29.1000244, 0.0]
          ]
        ]
      }
    },
    {
      "type": "Feature",
      "properties": { "Name": "Untitled polygon" },
      "geometry": {
        "type": "Polygon",
        "coordinates": [
          [
            [77.934679, 29.1009266, 0.0],
            [77.9354896, 29.1006456, 0.0],
            [77.9354793, 29.1009842, 0.0],
            [77.9357409, 29.100978, 0.0],
            [77.9356981, 29.1018166, 0.0],
            [77.9350741, 29.102031, 0.0],
            [77.934679, 29.1009266, 0.0]
          ]
        ]
      }
    },
    {
      "type": "Feature",
      "properties": { "Name": "Untitled polygon" },
      "geometry": {
        "type": "Polygon",
        "coordinates": [
          [
            [77.9339311, 29.1017943, 0.0],
            [77.9335208, 29.1005836, 0.0],
            [77.934463, 29.1003303, 0.0],
            [77.9348788, 29.1015748, 0.0],
            [77.9344835, 29.1017789, 0.0],
            [77.9346287, 29.1022544, 0.0],
            [77.9341777, 29.1024659, 0.0],
            [77.9339311, 29.1017943, 0.0]
          ]
        ]
      }
    },
    {
      "type": "Feature",
      "properties": { "Name": "Untitled polygon" },
      "geometry": {
        "type": "Polygon",
        "coordinates": [
          [
            [77.9321661, 29.0995449, 0.0],
            [77.9327572, 29.0993905, 0.0],
            [77.933146, 29.1006573, 0.0],
            [77.9325304, 29.1007779, 0.0],
            [77.9321661, 29.0995449, 0.0]
          ]
        ]
      }
    },
    {
      "type": "Feature",
      "properties": { "Name": "Untitled polygon" },
      "geometry": {
        "type": "Polygon",
        "coordinates": [
          [
            [77.9319357, 29.1002692, 0.0],
            [77.9323316, 29.1001668, 0.0],
            [77.9325089, 29.1007859, 0.0],
            [77.9321053, 29.100872, 0.0],
            [77.9320578, 29.1006934, 0.0],
            [77.9319399, 29.1006962, 0.0],
            [77.9316501, 29.0996894, 0.0],
            [77.9317529, 29.0996564, 0.0],
            [77.9319357, 29.1002692, 0.0]
          ]
        ]
      }
    },
    {
      "type": "Feature",
      "properties": { "Name": "Untitled polygon" },
      "geometry": {
        "type": "Polygon",
        "coordinates": [
          [
            [77.9304683, 29.0973926, 0.0],
            [77.9307288, 29.0972544, 0.0],
            [77.9308445, 29.09751, 0.0],
            [77.9307677, 29.0977886, 0.0],
            [77.9307164, 29.0978205, 0.0],
            [77.9305476, 29.0975181, 0.0],
            [77.9304683, 29.0973926, 0.0]
          ]
        ]
      }
    },
    {
      "type": "Feature",
      "properties": { "Name": "Untitled polygon" },
      "geometry": {
        "type": "Polygon",
        "coordinates": [
          [
            [77.9304653, 29.0973947, 0.0],
            [77.9307057, 29.0978262, 0.0],
            [77.9301827, 29.0981189, 0.0],
            [77.9299785, 29.0976573, 0.0],
            [77.9304653, 29.0973947, 0.0]
          ]
        ]
      }
    },
    {
      "type": "Feature",
      "properties": { "Name": "Untitled polygon" },
      "geometry": {
        "type": "Polygon",
        "coordinates": [
          [
            [77.9304716, 29.0979786, 0.0],
            [77.9307812, 29.0978025, 0.0],
            [77.9309399, 29.0982024, 0.0],
            [77.9306697, 29.0983326, 0.0],
            [77.9304716, 29.0979786, 0.0]
          ]
        ]
      }
    },
    {
      "type": "Feature",
      "properties": { "Name": "Untitled polygon" },
      "geometry": {
        "type": "Polygon",
        "coordinates": [
          [
            [77.9301812, 29.0981386, 0.0],
            [77.9304597, 29.0979812, 0.0],
            [77.930664, 29.0983354, 0.0],
            [77.9303824, 29.0984707, 0.0],
            [77.9301812, 29.0981386, 0.0]
          ]
        ]
      }
    },
    {
      "type": "Feature",
      "properties": { "Name": "Untitled polygon" },
      "geometry": {
        "type": "Polygon",
        "coordinates": [
          [
            [77.9260642, 29.0984524, 0.0],
            [77.9262851, 29.0987161, 0.0],
            [77.9266944, 29.0985075, 0.0],
            [77.9267501, 29.0986605, 0.0],
            [77.9274589, 29.0984336, 0.0],
            [77.9275492, 29.0986941, 0.0],
            [77.9286333, 29.0983733, 0.0],
            [77.9287344, 29.0985956, 0.0],
            [77.9287104, 29.0987692, 0.0],
            [77.9286091, 29.0989156, 0.0],
            [77.9284514, 29.0990453, 0.0],
            [77.928196, 29.0991954, 0.0],
            [77.9278396, 29.0994264, 0.0],
            [77.9267259, 29.1000839, 0.0],
            [77.9257552, 29.098622, 0.0],
            [77.9260642, 29.0984524, 0.0]
          ]
        ]
      }
    },
    {
      "type": "Feature",
      "properties": { "Name": "Untitled polygon" },
      "geometry": {
        "type": "Polygon",
        "coordinates": [
          [
            [77.9197563, 29.089603, 0.0],
            [77.9200957, 29.0896028, 0.0],
            [77.9207804, 29.089353, 0.0],
            [77.921148, 29.0899872, 0.0],
            [77.9203363, 29.090248, 0.0],
            [77.9203161, 29.0902938, 0.0],
            [77.9194091, 29.0905388, 0.0],
            [77.9191791, 29.0897829, 0.0],
            [77.9197563, 29.089603, 0.0]
          ]
        ]
      }
    },
    {
      "type": "Feature",
      "properties": { "Name": "Untitled polygon" },
      "geometry": {
        "type": "Polygon",
        "coordinates": [
          [
            [77.9191992, 29.0896869, 0.0],
            [77.9190179, 29.0892237, 0.0],
            [77.9194922, 29.0890623, 0.0],
            [77.9197029, 29.0895283, 0.0],
            [77.9191992, 29.0896869, 0.0]
          ]
        ]
      }
    },
    {
      "type": "Feature",
      "properties": { "Name": "Untitled polygon" },
      "geometry": {
        "type": "Polygon",
        "coordinates": [
          [
            [77.9200365, 29.0888459, 0.0],
            [77.9202162, 29.0891272, 0.0],
            [77.9196427, 29.0893429, 0.0],
            [77.9195108, 29.089043, 0.0],
            [77.9200365, 29.0888459, 0.0]
          ]
        ]
      }
    },
    {
      "type": "Feature",
      "properties": { "Name": "Untitled polygon" },
      "geometry": {
        "type": "Polygon",
        "coordinates": [
          [
            [77.9251108, 29.0988803, 0.0],
            [77.9254422, 29.0987377, 0.0],
            [77.9255782, 29.0989472, 0.0],
            [77.9258379, 29.098786, 0.0],
            [77.9259323, 29.0989244, 0.0],
            [77.9251365, 29.0993382, 0.0],
            [77.9249078, 29.0990541, 0.0],
            [77.9249696, 29.0989555, 0.0],
            [77.9251108, 29.0988803, 0.0]
          ]
        ]
      }
    },
    {
      "type": "Feature",
      "properties": { "Name": "Untitled polygon" },
      "geometry": {
        "type": "Polygon",
        "coordinates": [
          [
            [77.919499, 29.0890214, 0.0],
            [77.9192802, 29.0885292, 0.0],
            [77.9198835, 29.088333, 0.0],
            [77.9199258, 29.0885961, 0.0],
            [77.9200491, 29.0888189, 0.0],
            [77.919499, 29.0890214, 0.0]
          ]
        ]
      }
    },
    {
      "type": "Feature",
      "properties": { "Name": "Untitled polygon" },
      "geometry": {
        "type": "Polygon",
        "coordinates": [
          [
            [77.93017, 29.0999575, 0.0],
            [77.9306146, 29.1008863, 0.0],
            [77.9299117, 29.1010883, 0.0],
            [77.9295202, 29.1001542, 0.0],
            [77.93017, 29.0999575, 0.0]
          ]
        ]
      }
    },
    {
      "type": "Feature",
      "properties": { "Name": "Untitled polygon" },
      "geometry": {
        "type": "Polygon",
        "coordinates": [
          [
            [77.9303322, 29.1009861, 0.0],
            [77.9305914, 29.1016418, 0.0],
            [77.930158, 29.1017774, 0.0],
            [77.9298814, 29.1011149, 0.0],
            [77.9303322, 29.1009861, 0.0]
          ]
        ]
      }
    },
    {
      "type": "Feature",
      "properties": { "Name": "Untitled polygon" },
      "geometry": {
        "type": "Polygon",
        "coordinates": [
          [
            [77.9229053, 29.0887695, 0.0],
            [77.9225782, 29.0882914, 0.0],
            [77.9226182, 29.0880254, 0.0],
            [77.9231851, 29.0877753, 0.0],
            [77.9230536, 29.0887746, 0.0],
            [77.9229053, 29.0887695, 0.0]
          ]
        ]
      }
    },
    {
      "type": "Feature",
      "properties": { "Name": "Untitled polygon" },
      "geometry": {
        "type": "Polygon",
        "coordinates": [
          [
            [77.9306336, 29.100898, 0.0],
            [77.9308587, 29.1011788, 0.0],
            [77.930476, 29.1013111, 0.0],
            [77.930337, 29.100976, 0.0],
            [77.9306336, 29.100898, 0.0]
          ]
        ]
      }
    },
    {
      "type": "Feature",
      "properties": { "Name": "Untitled polygon" },
      "geometry": {
        "type": "Polygon",
        "coordinates": [
          [
            [77.9244354, 29.0880761, 0.0],
            [77.9243226, 29.0875729, 0.0],
            [77.9251469, 29.0873903, 0.0],
            [77.9258529, 29.0871748, 0.0],
            [77.9259591, 29.0876202, 0.0],
            [77.9244354, 29.0880761, 0.0]
          ]
        ]
      }
    },
    {
      "type": "Feature",
      "properties": { "Name": "Untitled polygon" },
      "geometry": {
        "type": "Polygon",
        "coordinates": [
          [
            [77.9246945, 29.0866303, 0.0],
            [77.9258176, 29.0863088, 0.0],
            [77.9259335, 29.0866602, 0.0],
            [77.9247122, 29.0869672, 0.0],
            [77.9246072, 29.0867106, 0.0],
            [77.9246945, 29.0866303, 0.0]
          ]
        ]
      }
    },
    {
      "type": "Feature",
      "properties": { "Name": "Untitled polygon" },
      "geometry": {
        "type": "Polygon",
        "coordinates": [
          [
            [77.9333543, 29.1014192, 0.0],
            [77.9335567, 29.1019731, 0.0],
            [77.9339343, 29.1018641, 0.0],
            [77.9341542, 29.1024551, 0.0],
            [77.9336948, 29.1026107, 0.0],
            [77.9330381, 29.1027537, 0.0],
            [77.9327203, 29.1017197, 0.0],
            [77.9322619, 29.1018196, 0.0],
            [77.9320035, 29.1009316, 0.0],
            [77.9331355, 29.1006773, 0.0],
            [77.9332214, 29.100911, 0.0],
            [77.9332836, 29.1010955, 0.0],
            [77.9333543, 29.1014192, 0.0]
          ]
        ]
      }
    },
    {
      "type": "Feature",
      "properties": { "Name": "Untitled polygon" },
      "geometry": {
        "type": "Polygon",
        "coordinates": [
          [
            [77.9253656, 29.0861339, 0.0],
            [77.9250924, 29.0857493, 0.0],
            [77.9257341, 29.0855626, 0.0],
            [77.9262553, 29.0855088, 0.0],
            [77.9264049, 29.0860503, 0.0],
            [77.9259502, 29.0862429, 0.0],
            [77.9259339, 29.0861338, 0.0],
            [77.9260626, 29.0860866, 0.0],
            [77.9260255, 29.0859609, 0.0],
            [77.9253656, 29.0861339, 0.0]
          ]
        ]
      }
    },
    {
      "type": "Feature",
      "properties": { "Name": "Untitled polygon" },
      "geometry": {
        "type": "Polygon",
        "coordinates": [
          [
            [77.9334308, 29.1027726, 0.0],
            [77.9335498, 29.1030261, 0.0],
            [77.9336847, 29.1033003, 0.0],
            [77.9337485, 29.1037997, 0.0],
            [77.9330418, 29.1038975, 0.0],
            [77.9330554, 29.1043241, 0.0],
            [77.9325118, 29.104296, 0.0],
            [77.9325196, 29.1038141, 0.0],
            [77.9324398, 29.1031907, 0.0],
            [77.9323803, 29.1030062, 0.0],
            [77.9328899, 29.1028711, 0.0],
            [77.9334308, 29.1027726, 0.0]
          ]
        ]
      }
    },
    {
      "type": "Feature",
      "properties": { "Name": "Untitled polygon" },
      "geometry": {
        "type": "Polygon",
        "coordinates": [
          [
            [77.9323236, 29.1052887, 0.0],
            [77.9325394, 29.1056213, 0.0],
            [77.9328449, 29.1055412, 0.0],
            [77.9329709, 29.105647, 0.0],
            [77.9332559, 29.1055235, 0.0],
            [77.933491, 29.1058459, 0.0],
            [77.9327975, 29.1061313, 0.0],
            [77.9328409, 29.1062328, 0.0],
            [77.9323176, 29.1064601, 0.0],
            [77.9317858, 29.1053135, 0.0],
            [77.9323236, 29.1052887, 0.0]
          ]
        ]
      }
    },
    {
      "type": "Feature",
      "properties": { "Name": "Untitled polygon" },
      "geometry": {
        "type": "Polygon",
        "coordinates": [
          [
            [77.9265744, 29.086435, 0.0],
            [77.9264321, 29.0860785, 0.0],
            [77.9274249, 29.0857151, 0.0],
            [77.9275853, 29.0860662, 0.0],
            [77.9268415, 29.0863176, 0.0],
            [77.9265744, 29.086435, 0.0]
          ]
        ]
      }
    },
    {
      "type": "Feature",
      "properties": { "Name": "Untitled polygon" },
      "geometry": {
        "type": "Polygon",
        "coordinates": [
          [
            [77.9319846, 29.1009262, 0.0],
            [77.9322159, 29.1017585, 0.0],
            [77.931591, 29.1019704, 0.0],
            [77.9312253, 29.1020323, 0.0],
            [77.931015, 29.1015502, 0.0],
            [77.930956, 29.1015182, 0.0],
            [77.9308294, 29.1012174, 0.0],
            [77.9319846, 29.1009262, 0.0]
          ]
        ]
      }
    },
    {
      "type": "Feature",
      "properties": { "Name": "Untitled polygon" },
      "geometry": {
        "type": "Polygon",
        "coordinates": [
          [
            [77.933047, 29.1027311, 0.0],
            [77.9327211, 29.1017172, 0.0],
            [77.9333571, 29.101454, 0.0],
            [77.9335366, 29.1019711, 0.0],
            [77.9339423, 29.1018631, 0.0],
            [77.9341396, 29.1024742, 0.0],
            [77.933047, 29.1027311, 0.0]
          ]
        ]
      }
    },
    {
      "type": "Feature",
      "properties": { "Name": "Untitled polygon" },
      "geometry": {
        "type": "Polygon",
        "coordinates": [
          [
            [77.9341889, 29.1024365, 0.0],
            [77.9338961, 29.1016096, 0.0],
            [77.9343439, 29.1014307, 0.0],
            [77.9346356, 29.1022398, 0.0],
            [77.9341889, 29.1024365, 0.0]
          ]
        ]
      }
    },
    {
      "type": "Feature",
      "properties": { "Name": "Untitled polygon" },
      "geometry": {
        "type": "Polygon",
        "coordinates": [
          [
            [77.9338861, 29.1015912, 0.0],
            [77.9337627, 29.1012843, 0.0],
            [77.9342061, 29.1011298, 0.0],
            [77.9346354, 29.1009563, 0.0],
            [77.934848, 29.1015688, 0.0],
            [77.9344888, 29.1017765, 0.0],
            [77.9343483, 29.1014087, 0.0],
            [77.9338861, 29.1015912, 0.0]
          ]
        ]
      }
    },
    {
      "type": "Feature",
      "properties": { "Name": "Untitled polygon" },
      "geometry": {
        "type": "Polygon",
        "coordinates": [
          [
            [77.9337591, 29.1012631, 0.0],
            [77.9335315, 29.1005939, 0.0],
            [77.9344682, 29.1003536, 0.0],
            [77.9346306, 29.100938, 0.0],
            [77.9337591, 29.1012631, 0.0]
          ]
        ]
      }
    },
    {
      "type": "Feature",
      "properties": { "Name": "Untitled polygon" },
      "geometry": {
        "type": "Polygon",
        "coordinates": [
          [
            [77.9346707, 29.100928, 0.0],
            [77.9345014, 29.1003565, 0.0],
            [77.9355083, 29.1002673, 0.0],
            [77.9354841, 29.1006481, 0.0],
            [77.9354126, 29.1006894, 0.0],
            [77.9346707, 29.100928, 0.0]
          ]
        ]
      }
    },
    {
      "type": "Feature",
      "properties": { "Name": "Untitled polygon" },
      "geometry": {
        "type": "Polygon",
        "coordinates": [
          [
            [77.9350893, 29.102007, 0.0],
            [77.9346894, 29.1009557, 0.0],
            [77.9354896, 29.1006692, 0.0],
            [77.9354897, 29.1009942, 0.0],
            [77.9358977, 29.1009972, 0.0],
            [77.9358913, 29.1018068, 0.0],
            [77.9356916, 29.1018144, 0.0],
            [77.9350893, 29.102007, 0.0]
          ]
        ]
      }
    },
    {
      "type": "Feature",
      "properties": { "Name": "Untitled polygon" },
      "geometry": {
        "type": "Polygon",
        "coordinates": [
          [
            [77.93657, 29.1018178, 0.0],
            [77.9366374, 29.1010089, 0.0],
            [77.9369324, 29.1010359, 0.0],
            [77.9368398, 29.1018738, 0.0],
            [77.93657, 29.1018178, 0.0]
          ]
        ]
      }
    },
    {
      "type": "Feature",
      "properties": { "Name": "Untitled polygon" },
      "geometry": {
        "type": "Polygon",
        "coordinates": [
          [
            [77.9369401, 29.1010193, 0.0],
            [77.9369791, 29.1002917, 0.0],
            [77.9378069, 29.1003728, 0.0],
            [77.9377108, 29.1010998, 0.0],
            [77.9369401, 29.1010193, 0.0]
          ]
        ]
      }
    },
    {
      "type": "Feature",
      "properties": { "Name": "Untitled polygon" },
      "geometry": {
        "type": "Polygon",
        "coordinates": [
          [
            [77.936944, 29.1002628, 0.0],
            [77.9369768, 29.0998217, 0.0],
            [77.9379383, 29.0999187, 0.0],
            [77.9379186, 29.1002922, 0.0],
            [77.937804, 29.1003639, 0.0],
            [77.936944, 29.1002628, 0.0]
          ]
        ]
      }
    },
    {
      "type": "Feature",
      "properties": { "Name": "Untitled polygon" },
      "geometry": {
        "type": "Polygon",
        "coordinates": [
          [
            [77.9367538, 29.1002496, 0.0],
            [77.9367759, 29.0998391, 0.0],
            [77.9369609, 29.0998211, 0.0],
            [77.9369275, 29.1002626, 0.0],
            [77.9367538, 29.1002496, 0.0]
          ]
        ]
      }
    },
    {
      "type": "Feature",
      "properties": { "Name": "Untitled polygon" },
      "geometry": {
        "type": "Polygon",
        "coordinates": [
          [
            [77.9369811, 29.0997777, 0.0],
            [77.9370193, 29.0993381, 0.0],
            [77.9373426, 29.0993515, 0.0],
            [77.9373007, 29.0998067, 0.0],
            [77.9369811, 29.0997777, 0.0]
          ]
        ]
      }
    },
    {
      "type": "Feature",
      "properties": { "Name": "Untitled polygon" },
      "geometry": {
        "type": "Polygon",
        "coordinates": [
          [
            [77.937015, 29.099317, 0.0],
            [77.9370437, 29.0989094, 0.0],
            [77.9373933, 29.0989318, 0.0],
            [77.9373485, 29.0993374, 0.0],
            [77.937015, 29.099317, 0.0]
          ]
        ]
      }
    },
    {
      "type": "Feature",
      "properties": { "Name": "Untitled polygon" },
      "geometry": {
        "type": "Polygon",
        "coordinates": [
          [
            [77.9367742, 29.0988597, 0.0],
            [77.9368334, 29.0982431, 0.0],
            [77.9373667, 29.0982419, 0.0],
            [77.9373584, 29.0988899, 0.0],
            [77.9367742, 29.0988597, 0.0]
          ]
        ]
      }
    },
    {
      "type": "Feature",
      "properties": { "Name": "Untitled polygon" },
      "geometry": {
        "type": "Polygon",
        "coordinates": [
          [
            [77.9368402, 29.0982206, 0.0],
            [77.9368918, 29.0978462, 0.0],
            [77.9373874, 29.0978655, 0.0],
            [77.9373614, 29.0982241, 0.0],
            [77.9368402, 29.0982206, 0.0]
          ]
        ]
      }
    },
    {
      "type": "Feature",
      "properties": { "Name": "Untitled polygon" },
      "geometry": {
        "type": "Polygon",
        "coordinates": [
          [
            [77.9369231, 29.0978291, 0.0],
            [77.9368906, 29.0972209, 0.0],
            [77.9374759, 29.0972395, 0.0],
            [77.9374501, 29.0974883, 0.0],
            [77.9379024, 29.0975186, 0.0],
            [77.9378898, 29.0978779, 0.0],
            [77.9369231, 29.0978291, 0.0]
          ]
        ]
      }
    },
    {
      "type": "Feature",
      "properties": { "Name": "Untitled polygon" },
      "geometry": {
        "type": "Polygon",
        "coordinates": [
          [
            [77.9368954, 29.097194, 0.0],
            [77.936982, 29.0966205, 0.0],
            [77.9380994, 29.0966335, 0.0],
            [77.9380936, 29.0972533, 0.0],
            [77.9368954, 29.097194, 0.0]
          ]
        ]
      }
    },
    {
      "type": "Feature",
      "properties": { "Name": "Untitled polygon" },
      "geometry": {
        "type": "Polygon",
        "coordinates": [
          [
            [77.9374606, 29.0974796, 0.0],
            [77.9374838, 29.0972339, 0.0],
            [77.9381139, 29.0972637, 0.0],
            [77.9380666, 29.0978811, 0.0],
            [77.9378963, 29.0978761, 0.0],
            [77.9379182, 29.0975083, 0.0],
            [77.9374606, 29.0974796, 0.0]
          ]
        ]
      }
    },
    {
      "type": "Feature",
      "properties": { "Name": "Untitled polygon" },
      "geometry": {
        "type": "Polygon",
        "coordinates": [
          [
            [77.9373031, 29.0937394, 0.0],
            [77.9384267, 29.093109, 0.0],
            [77.9388029, 29.093684, 0.0],
            [77.9381172, 29.0940662, 0.0],
            [77.9378425, 29.0941327, 0.0],
            [77.937552, 29.0937158, 0.0],
            [77.9373651, 29.093873, 0.0],
            [77.9373031, 29.0937394, 0.0]
          ]
        ]
      }
    },
    {
      "type": "Feature",
      "properties": { "Name": "Untitled polygon" },
      "geometry": {
        "type": "Polygon",
        "coordinates": [
          [
            [77.9381257, 29.0940703, 0.0],
            [77.9388134, 29.0936896, 0.0],
            [77.938833, 29.0936572, 0.0],
            [77.9396462, 29.0932594, 0.0],
            [77.9398896, 29.0937012, 0.0],
            [77.9384503, 29.0945283, 0.0],
            [77.9381257, 29.0940703, 0.0]
          ]
        ]
      }
    },
    {
      "type": "Feature",
      "properties": { "Name": "Untitled polygon" },
      "geometry": {
        "type": "Polygon",
        "coordinates": [
          [
            [77.9374897, 29.0942193, 0.0],
            [77.938117, 29.094073, 0.0],
            [77.9383004, 29.0943341, 0.0],
            [77.9376795, 29.0946197, 0.0],
            [77.9374897, 29.0942193, 0.0]
          ]
        ]
      }
    },
    {
      "type": "Feature",
      "properties": { "Name": "Untitled polygon" },
      "geometry": {
        "type": "Polygon",
        "coordinates": [
          [
            [77.9373809, 29.0988884, 0.0],
            [77.9373845, 29.0982184, 0.0],
            [77.9374069, 29.0978739, 0.0],
            [77.9380264, 29.0979144, 0.0],
            [77.9380306, 29.0989035, 0.0],
            [77.9373809, 29.0988884, 0.0]
          ]
        ]
      }
    },
    {
      "type": "Feature",
      "properties": { "Name": "Untitled polygon" },
      "geometry": {
        "type": "Polygon",
        "coordinates": [
          [
            [77.9373515, 29.0938945, 0.0],
            [77.9375509, 29.0937244, 0.0],
            [77.9378323, 29.0941315, 0.0],
            [77.9374926, 29.0942078, 0.0],
            [77.9373515, 29.0938945, 0.0]
          ]
        ]
      }
    },
    {
      "type": "Feature",
      "properties": { "Name": "Untitled polygon" },
      "geometry": {
        "type": "Polygon",
        "coordinates": [
          [
            [77.9378236, 29.0949107, 0.0],
            [77.9388357, 29.0943196, 0.0],
            [77.9391841, 29.0947397, 0.0],
            [77.938161, 29.0953841, 0.0],
            [77.9378236, 29.0949107, 0.0]
          ]
        ]
      }
    },
    {
      "type": "Feature",
      "properties": { "Name": "Untitled polygon" },
      "geometry": {
        "type": "Polygon",
        "coordinates": [
          [
            [77.938047, 29.0989054, 0.0],
            [77.9380405, 29.0979117, 0.0],
            [77.938857, 29.097957, 0.0],
            [77.9388445, 29.0984986, 0.0],
            [77.9393258, 29.0984065, 0.0],
            [77.9395588, 29.0988175, 0.0],
            [77.9394298, 29.0990198, 0.0],
            [77.938047, 29.0989054, 0.0]
          ]
        ]
      }
    },
    {
      "type": "Feature",
      "properties": { "Name": "Untitled polygon" },
      "geometry": {
        "type": "Polygon",
        "coordinates": [
          [
            [77.938078, 29.0978838, 0.0],
            [77.938128, 29.0972542, 0.0],
            [77.9381043, 29.0972491, 0.0],
            [77.9381119, 29.0968871, 0.0],
            [77.9388191, 29.096898, 0.0],
            [77.9388284, 29.0966757, 0.0],
            [77.9391722, 29.0966702, 0.0],
            [77.9391835, 29.0979478, 0.0],
            [77.938078, 29.0978838, 0.0]
          ]
        ]
      }
    },
    {
      "type": "Feature",
      "properties": { "Name": "Untitled polygon" },
      "geometry": {
        "type": "Polygon",
        "coordinates": [
          [
            [77.9391977, 29.0979532, 0.0],
            [77.9391988, 29.0966766, 0.0],
            [77.9401724, 29.0967456, 0.0],
            [77.9400321, 29.0976368, 0.0],
            [77.9393187, 29.0979471, 0.0],
            [77.9391977, 29.0979532, 0.0]
          ]
        ]
      }
    },
    {
      "type": "Feature",
      "properties": { "Name": "Untitled polygon" },
      "geometry": {
        "type": "Polygon",
        "coordinates": [
          [
            [77.9381119, 29.0968721, 0.0],
            [77.9381124, 29.0966375, 0.0],
            [77.9388176, 29.0966723, 0.0],
            [77.9388029, 29.0968797, 0.0],
            [77.9381119, 29.0968721, 0.0]
          ]
        ]
      }
    },
    {
      "type": "Feature",
      "properties": { "Name": "Untitled polygon" },
      "geometry": {
        "type": "Polygon",
        "coordinates": [
          [
            [77.9388426, 29.096655, 0.0],
            [77.9385619, 29.0962986, 0.0],
            [77.9393466, 29.0963478, 0.0],
            [77.9396223, 29.0966887, 0.0],
            [77.9388426, 29.096655, 0.0]
          ]
        ]
      }
    },
    {
      "type": "Feature",
      "properties": { "Name": "Untitled polygon" },
      "geometry": {
        "type": "Polygon",
        "coordinates": [
          [
            [77.9396355, 29.0966862, 0.0],
            [77.9393703, 29.0963529, 0.0],
            [77.9395548, 29.0963149, 0.0],
            [77.9397255, 29.0962064, 0.0],
            [77.940011, 29.0965608, 0.0],
            [77.9398228, 29.096677, 0.0],
            [77.9396355, 29.0966862, 0.0]
          ]
        ]
      }
    },
    {
      "type": "Feature",
      "properties": { "Name": "Untitled polygon" },
      "geometry": {
        "type": "Polygon",
        "coordinates": [
          [
            [77.9398268, 29.0966876, 0.0],
            [77.9402543, 29.0964607, 0.0],
            [77.9405254, 29.096754, 0.0],
            [77.9398268, 29.0966876, 0.0]
          ]
        ]
      }
    },
    {
      "type": "Feature",
      "properties": { "Name": "Untitled polygon" },
      "geometry": {
        "type": "Polygon",
        "coordinates": [
          [
            [77.9395351, 29.0962992, 0.0],
            [77.939222, 29.0959547, 0.0],
            [77.9394318, 29.0958075, 0.0],
            [77.9397276, 29.0961753, 0.0],
            [77.9395351, 29.0962992, 0.0]
          ]
        ]
      }
    },
    {
      "type": "Feature",
      "properties": { "Name": "Untitled polygon" },
      "geometry": {
        "type": "Polygon",
        "coordinates": [
          [
            [77.9396243, 29.0960173, 0.0],
            [77.9392047, 29.0955039, 0.0],
            [77.9394426, 29.0953664, 0.0],
            [77.9398684, 29.0959106, 0.0],
            [77.9396243, 29.0960173, 0.0]
          ]
        ]
      }
    },
    {
      "type": "Feature",
      "properties": { "Name": "Untitled polygon" },
      "geometry": {
        "type": "Polygon",
        "coordinates": [
          [
            [77.9390036, 29.0957224, 0.0],
            [77.9385513, 29.0951884, 0.0],
            [77.9387565, 29.0950265, 0.0],
            [77.9392267, 29.0955696, 0.0],
            [77.9390036, 29.0957224, 0.0]
          ]
        ]
      }
    },
    {
      "type": "Feature",
      "properties": { "Name": "Untitled polygon" },
      "geometry": {
        "type": "Polygon",
        "coordinates": [
          [
            [77.9390176, 29.095728, 0.0],
            [77.9392389, 29.0955737, 0.0],
            [77.9394217, 29.0957942, 0.0],
            [77.939219, 29.0959404, 0.0],
            [77.9390176, 29.095728, 0.0]
          ]
        ]
      }
    },
    {
      "type": "Feature",
      "properties": { "Name": "Untitled polygon" },
      "geometry": {
        "type": "Polygon",
        "coordinates": [
          [
            [77.9391997, 29.0954959, 0.0],
            [77.939076, 29.0953637, 0.0],
            [77.939301, 29.09522, 0.0],
            [77.9394314, 29.0953579, 0.0],
            [77.9391997, 29.0954959, 0.0]
          ]
        ]
      }
    },
    {
      "type": "Feature",
      "properties": { "Name": "Untitled polygon" },
      "geometry": {
        "type": "Polygon",
        "coordinates": [
          [
            [77.9389351, 29.0963042, 0.0],
            [77.9388939, 29.0962477, 0.0],
            [77.9392401, 29.096065, 0.0],
            [77.939445, 29.0963067, 0.0],
            [77.9389351, 29.0963042, 0.0]
          ]
        ]
      }
    },
    {
      "type": "Feature",
      "properties": { "Name": "Untitled polygon" },
      "geometry": {
        "type": "Polygon",
        "coordinates": [
          [
            [77.9385393, 29.0962728, 0.0],
            [77.9384027, 29.0960938, 0.0],
            [77.9386973, 29.0958999, 0.0],
            [77.9389036, 29.0962871, 0.0],
            [77.9385393, 29.0962728, 0.0]
          ]
        ]
      }
    },
    {
      "type": "Feature",
      "properties": { "Name": "Untitled polygon" },
      "geometry": {
        "type": "Polygon",
        "coordinates": [
          [
            [77.9383963, 29.0960886, 0.0],
            [77.9379633, 29.0955484, 0.0],
            [77.9385264, 29.0952029, 0.0],
            [77.9392594, 29.0960339, 0.0],
            [77.9388893, 29.0962371, 0.0],
            [77.9386988, 29.0958837, 0.0],
            [77.9383963, 29.0960886, 0.0]
          ]
        ]
      }
    },
    {
      "type": "Feature",
      "properties": { "Name": "Untitled polygon" },
      "geometry": {
        "type": "Polygon",
        "coordinates": [
          [
            [77.9387867, 29.0950232, 0.0],
            [77.939055, 29.0948631, 0.0],
            [77.9393, 29.0952048, 0.0],
            [77.9390681, 29.0953499, 0.0],
            [77.9387867, 29.0950232, 0.0]
          ]
        ]
      }
    },
    {
      "type": "Feature",
      "properties": { "Name": "Untitled polygon" },
      "geometry": {
        "type": "Polygon",
        "coordinates": [
          [
            [77.9393196, 29.0947054, 0.0],
            [77.9396713, 29.095113, 0.0],
            [77.9393868, 29.0952755, 0.0],
            [77.9390778, 29.0948643, 0.0],
            [77.9393196, 29.0947054, 0.0]
          ]
        ]
      }
    },
    {
      "type": "Feature",
      "properties": { "Name": "Untitled polygon" },
      "geometry": {
        "type": "Polygon",
        "coordinates": [
          [
            [77.9403302, 29.0944127, 0.0],
            [77.9404887, 29.0946353, 0.0],
            [77.9396747, 29.0950968, 0.0],
            [77.9395114, 29.0948983, 0.0],
            [77.9403302, 29.0944127, 0.0]
          ]
        ]
      }
    },
    {
      "type": "Feature",
      "properties": { "Name": "Untitled polygon" },
      "geometry": {
        "type": "Polygon",
        "coordinates": [
          [
            [77.9397159, 29.0951295, 0.0],
            [77.9405014, 29.0946674, 0.0],
            [77.9406346, 29.0948283, 0.0],
            [77.9398601, 29.0952686, 0.0],
            [77.9397159, 29.0951295, 0.0]
          ]
        ]
      }
    },
    {
      "type": "Feature",
      "properties": { "Name": "Untitled polygon" },
      "geometry": {
        "type": "Polygon",
        "coordinates": [
          [
            [77.939393, 29.0952933, 0.0],
            [77.9396768, 29.0951235, 0.0],
            [77.9399878, 29.0954462, 0.0],
            [77.9407637, 29.0950373, 0.0],
            [77.9409945, 29.095367, 0.0],
            [77.9403666, 29.0957216, 0.0],
            [77.9399411, 29.0959656, 0.0],
            [77.939393, 29.0952933, 0.0]
          ]
        ]
      }
    },
    {
      "type": "Feature",
      "properties": { "Name": "Untitled polygon" },
      "geometry": {
        "type": "Polygon",
        "coordinates": [
          [
            [77.9403663, 29.0957392, 0.0],
            [77.9410086, 29.0953706, 0.0],
            [77.9413049, 29.0957505, 0.0],
            [77.9406827, 29.0961043, 0.0],
            [77.9403663, 29.0957392, 0.0]
          ]
        ]
      }
    },
    {
      "type": "Feature",
      "properties": { "Name": "Untitled polygon" },
      "geometry": {
        "type": "Polygon",
        "coordinates": [
          [
            [77.9399579, 29.0959821, 0.0],
            [77.9403519, 29.0957403, 0.0],
            [77.9406812, 29.0961181, 0.0],
            [77.9413077, 29.0957673, 0.0],
            [77.9416697, 29.0962246, 0.0],
            [77.9405433, 29.0967548, 0.0],
            [77.9402623, 29.0964431, 0.0],
            [77.9399579, 29.0959821, 0.0]
          ]
        ]
      }
    },
    {
      "type": "Feature",
      "properties": { "Name": "Untitled polygon" },
      "geometry": {
        "type": "Polygon",
        "coordinates": [
          [
            [77.9405873, 29.0967508, 0.0],
            [77.9416819, 29.0962311, 0.0],
            [77.9419036, 29.0965362, 0.0],
            [77.9421526, 29.0963942, 0.0],
            [77.9423977, 29.0966828, 0.0],
            [77.9420873, 29.0969306, 0.0],
            [77.941693, 29.0968153, 0.0],
            [77.9414143, 29.0967769, 0.0],
            [77.9405873, 29.0967508, 0.0]
          ]
        ]
      }
    },
    {
      "type": "Feature",
      "properties": { "Name": "Untitled polygon" },
      "geometry": {
        "type": "Polygon",
        "coordinates": [
          [
            [77.9424087, 29.0958115, 0.0],
            [77.942623, 29.0960656, 0.0],
            [77.9419116, 29.0965251, 0.0],
            [77.9417032, 29.0962195, 0.0],
            [77.9424087, 29.0958115, 0.0]
          ]
        ]
      }
    },
    {
      "type": "Feature",
      "properties": { "Name": "Untitled polygon" },
      "geometry": {
        "type": "Polygon",
        "coordinates": [
          [
            [77.9421041, 29.0969277, 0.0],
            [77.9424223, 29.0966761, 0.0],
            [77.9427286, 29.0967835, 0.0],
            [77.942385, 29.0970123, 0.0],
            [77.9421041, 29.0969277, 0.0]
          ]
        ]
      }
    },
    {
      "type": "Feature",
      "properties": { "Name": "Untitled polygon" },
      "geometry": {
        "type": "Polygon",
        "coordinates": [
          [
            [77.9426336, 29.0960673, 0.0],
            [77.9434575, 29.0971171, 0.0],
            [77.9433387, 29.0971687, 0.0],
            [77.9432454, 29.0970839, 0.0],
            [77.9431012, 29.0972045, 0.0],
            [77.9424219, 29.0970094, 0.0],
            [77.9427532, 29.0967828, 0.0],
            [77.9424036, 29.0966695, 0.0],
            [77.942162, 29.0963789, 0.0],
            [77.9426336, 29.0960673, 0.0]
          ]
        ]
      }
    },
    {
      "type": "Feature",
      "properties": { "Name": "Untitled polygon" },
      "geometry": {
        "type": "Polygon",
        "coordinates": [
          [
            [77.9428711, 29.0955593, 0.0],
            [77.9433973, 29.0963484, 0.0],
            [77.9430645, 29.0965995, 0.0],
            [77.9424308, 29.0957995, 0.0],
            [77.9428711, 29.0955593, 0.0]
          ]
        ]
      }
    },
    {
      "type": "Feature",
      "properties": { "Name": "Untitled polygon" },
      "geometry": {
        "type": "Polygon",
        "coordinates": [
          [
            [77.9432329, 29.0953264, 0.0],
            [77.9437558, 29.0960361, 0.0],
            [77.9434078, 29.0963425, 0.0],
            [77.9428834, 29.0955514, 0.0],
            [77.9432329, 29.0953264, 0.0]
          ]
        ]
      }
    },
    {
      "type": "Feature",
      "properties": { "Name": "Untitled polygon" },
      "geometry": {
        "type": "Polygon",
        "coordinates": [
          [
            [77.943253, 29.0953231, 0.0],
            [77.9436882, 29.0950426, 0.0],
            [77.9443554, 29.0956405, 0.0],
            [77.9437638, 29.0960302, 0.0],
            [77.943253, 29.0953231, 0.0]
          ]
        ]
      }
    },
    {
      "type": "Feature",
      "properties": { "Name": "Untitled polygon" },
      "geometry": {
        "type": "Polygon",
        "coordinates": [
          [
            [77.9424954, 29.0951037, 0.0],
            [77.9429018, 29.0948628, 0.0],
            [77.9432801, 29.0952645, 0.0],
            [77.9428675, 29.095545, 0.0],
            [77.9424954, 29.0951037, 0.0]
          ]
        ]
      }
    },
    {
      "type": "Feature",
      "properties": { "Name": "Untitled polygon" },
      "geometry": {
        "type": "Polygon",
        "coordinates": [
          [
            [77.9438131, 29.0942296, 0.0],
            [77.9441996, 29.094676, 0.0],
            [77.9433023, 29.0952586, 0.0],
            [77.9429205, 29.0948531, 0.0],
            [77.9438131, 29.0942296, 0.0]
          ]
        ]
      }
    },
    {
      "type": "Feature",
      "properties": { "Name": "Untitled polygon" },
      "geometry": {
        "type": "Polygon",
        "coordinates": [
          [
            [77.944229, 29.0946994, 0.0],
            [77.9443992, 29.0948749, 0.0],
            [77.9439228, 29.0952277, 0.0],
            [77.9437121, 29.0950295, 0.0],
            [77.944229, 29.0946994, 0.0]
          ]
        ]
      }
    },
    {
      "type": "Feature",
      "properties": { "Name": "Untitled polygon" },
      "geometry": {
        "type": "Polygon",
        "coordinates": [
          [
            [77.9439319, 29.095238, 0.0],
            [77.9444091, 29.0948836, 0.0],
            [77.944788, 29.0953665, 0.0],
            [77.9443708, 29.095638, 0.0],
            [77.9439319, 29.095238, 0.0]
          ]
        ]
      }
    },
    {
      "type": "Feature",
      "properties": { "Name": "Untitled polygon" },
      "geometry": {
        "type": "Polygon",
        "coordinates": [
          [
            [77.9442249, 29.0957848, 0.0],
            [77.9447879, 29.0953803, 0.0],
            [77.9448786, 29.0954378, 0.0],
            [77.9449144, 29.0965841, 0.0],
            [77.9448827, 29.0966581, 0.0],
            [77.9442249, 29.0957848, 0.0]
          ]
        ]
      }
    },
    {
      "type": "Feature",
      "properties": { "Name": "Untitled polygon" },
      "geometry": {
        "type": "Polygon",
        "coordinates": [
          [
            [77.9441786, 29.0971338, 0.0],
            [77.9448216, 29.096656, 0.0],
            [77.9448852, 29.0967165, 0.0],
            [77.9449238, 29.0974533, 0.0],
            [77.9446983, 29.0976279, 0.0],
            [77.9444029, 29.0972919, 0.0],
            [77.9441786, 29.0971338, 0.0]
          ]
        ]
      }
    },
    {
      "type": "Feature",
      "properties": { "Name": "Untitled polygon" },
      "geometry": {
        "type": "Polygon",
        "coordinates": [
          [
            [77.9446012, 29.0963285, 0.0],
            [77.9448126, 29.0966049, 0.0],
            [77.9445384, 29.0967913, 0.0],
            [77.9443062, 29.0965595, 0.0],
            [77.9446012, 29.0963285, 0.0]
          ]
        ]
      }
    },
    {
      "type": "Feature",
      "properties": { "Name": "Untitled polygon" },
      "geometry": {
        "type": "Polygon",
        "coordinates": [
          [
            [77.943406, 29.096355, 0.0],
            [77.9437673, 29.096043, 0.0],
            [77.9441788, 29.095778, 0.0],
            [77.9445927, 29.096304, 0.0],
            [77.9438714, 29.096849, 0.0],
            [77.9434537, 29.097094, 0.0],
            [77.9430718, 29.0966091, 0.0],
            [77.943406, 29.096355, 0.0]
          ]
        ]
      }
    },
    {
      "type": "Feature",
      "properties": { "Name": "Untitled polygon" },
      "geometry": {
        "type": "Polygon",
        "coordinates": [
          [
            [77.9438699, 29.096869, 0.0],
            [77.9442827, 29.0965546, 0.0],
            [77.9445538, 29.0968379, 0.0],
            [77.9440847, 29.0971641, 0.0],
            [77.9436308, 29.0970205, 0.0],
            [77.9438699, 29.096869, 0.0]
          ]
        ]
      }
    },
    {
      "type": "Feature",
      "properties": { "Name": "Untitled polygon" },
      "geometry": {
        "type": "Polygon",
        "coordinates": [
          [
            [77.9439151, 29.0975243, 0.0],
            [77.9440832, 29.0971752, 0.0],
            [77.9442235, 29.0971977, 0.0],
            [77.9443161, 29.0972522, 0.0],
            [77.9444024, 29.0973187, 0.0],
            [77.9446894, 29.0976357, 0.0],
            [77.9445088, 29.0977918, 0.0],
            [77.9439151, 29.0975243, 0.0]
          ]
        ]
      }
    },
    {
      "type": "Feature",
      "properties": { "Name": "Untitled polygon" },
      "geometry": {
        "type": "Polygon",
        "coordinates": [
          [
            [77.9432143, 29.0976316, 0.0],
            [77.9432927, 29.0973222, 0.0],
            [77.9438187, 29.0975362, 0.0],
            [77.943763, 29.0977152, 0.0],
            [77.9432143, 29.0976316, 0.0]
          ]
        ]
      }
    },
    {
      "type": "Feature",
      "properties": { "Name": "Untitled polygon" },
      "geometry": {
        "type": "Polygon",
        "coordinates": [
          [
            [77.9437752, 29.0977237, 0.0],
            [77.9438315, 29.097543, 0.0],
            [77.9442135, 29.097702, 0.0],
            [77.9442087, 29.0980908, 0.0],
            [77.9428025, 29.0980611, 0.0],
            [77.9428935, 29.0976071, 0.0],
            [77.9437752, 29.0977237, 0.0]
          ]
        ]
      }
    },
    {
      "type": "Feature",
      "properties": { "Name": "Untitled polygon" },
      "geometry": {
        "type": "Polygon",
        "coordinates": [
          [
            [77.9431515, 29.0986681, 0.0],
            [77.9431179, 29.0980808, 0.0],
            [77.9438759, 29.0981009, 0.0],
            [77.9438635, 29.0984588, 0.0],
            [77.9435054, 29.0984109, 0.0],
            [77.9434856, 29.0986432, 0.0],
            [77.9431515, 29.0986681, 0.0]
          ]
        ]
      }
    },
    {
      "type": "Feature",
      "properties": { "Name": "Untitled polygon" },
      "geometry": {
        "type": "Polygon",
        "coordinates": [
          [
            [77.9434787, 29.0989569, 0.0],
            [77.9435157, 29.0984231, 0.0],
            [77.9438821, 29.0984743, 0.0],
            [77.9438895, 29.098093, 0.0],
            [77.9442106, 29.0981018, 0.0],
            [77.9442084, 29.0988284, 0.0],
            [77.9438496, 29.0988405, 0.0],
            [77.9438467, 29.098976, 0.0],
            [77.9434787, 29.0989569, 0.0]
          ]
        ]
      }
    },
    {
      "type": "Feature",
      "properties": { "Name": "Untitled polygon" },
      "geometry": {
        "type": "Polygon",
        "coordinates": [
          [
            [77.9428626, 29.0989246, 0.0],
            [77.9428761, 29.0986957, 0.0],
            [77.9434767, 29.0986599, 0.0],
            [77.9434592, 29.0988849, 0.0],
            [77.9428626, 29.0989246, 0.0]
          ]
        ]
      }
    },
    {
      "type": "Feature",
      "properties": { "Name": "Untitled polygon" },
      "geometry": {
        "type": "Polygon",
        "coordinates": [
          [
            [77.9428633, 29.0986818, 0.0],
            [77.9428081, 29.098079, 0.0],
            [77.9431031, 29.0980805, 0.0],
            [77.9431405, 29.0986679, 0.0],
            [77.9428633, 29.0986818, 0.0]
          ]
        ]
      }
    },
    {
      "type": "Feature",
      "properties": { "Name": "Untitled polygon" },
      "geometry": {
        "type": "Polygon",
        "coordinates": [
          [
            [77.9427397, 29.0995587, 0.0],
            [77.9428143, 29.0992245, 0.0],
            [77.9434134, 29.0991637, 0.0],
            [77.9433892, 29.0995051, 0.0],
            [77.9427397, 29.0995587, 0.0]
          ]
        ]
      }
    },
    {
      "type": "Feature",
      "properties": { "Name": "Untitled polygon" },
      "geometry": {
        "type": "Polygon",
        "coordinates": [
          [
            [77.9423265, 29.098746, 0.0],
            [77.9428311, 29.0984759, 0.0],
            [77.9428544, 29.0987101, 0.0],
            [77.9428501, 29.0988512, 0.0],
            [77.9418479, 29.0994737, 0.0],
            [77.9416312, 29.0992116, 0.0],
            [77.9423265, 29.098746, 0.0]
          ]
        ]
      }
    },
    {
      "type": "Feature",
      "properties": { "Name": "Untitled polygon" },
      "geometry": {
        "type": "Polygon",
        "coordinates": [
          [
            [77.9421082, 29.0985349, 0.0],
            [77.942313, 29.098735, 0.0],
            [77.9416325, 29.0991896, 0.0],
            [77.9414716, 29.0989939, 0.0],
            [77.9421082, 29.0985349, 0.0]
          ]
        ]
      }
    },
    {
      "type": "Feature",
      "properties": { "Name": "Untitled polygon" },
      "geometry": {
        "type": "Polygon",
        "coordinates": [
          [
            [77.9427839, 29.0980679, 0.0],
            [77.9428219, 29.0984574, 0.0],
            [77.9423268, 29.0987298, 0.0],
            [77.9420811, 29.0984941, 0.0],
            [77.9427839, 29.0980679, 0.0]
          ]
        ]
      }
    },
    {
      "type": "Feature",
      "properties": { "Name": "Untitled polygon" },
      "geometry": {
        "type": "Polygon",
        "coordinates": [
          [
            [77.9427512, 29.0980693, 0.0],
            [77.9420614, 29.0984786, 0.0],
            [77.9420888, 29.098519, 0.0],
            [77.9414229, 29.0989818, 0.0],
            [77.9412754, 29.098758, 0.0],
            [77.941927, 29.0983313, 0.0],
            [77.9417186, 29.0980224, 0.0],
            [77.9427512, 29.0980693, 0.0]
          ]
        ]
      }
    },
    {
      "type": "Feature",
      "properties": { "Name": "Untitled polygon" },
      "geometry": {
        "type": "Polygon",
        "coordinates": [
          [
            [77.9372318, 29.095973, 0.0],
            [77.9385439, 29.0951785, 0.0],
            [77.9392927, 29.0960621, 0.0],
            [77.9388892, 29.0962752, 0.0],
            [77.9387303, 29.0959268, 0.0],
            [77.9383949, 29.0960901, 0.0],
            [77.9385708, 29.0962795, 0.0],
            [77.9374002, 29.0962119, 0.0],
            [77.9372318, 29.095973, 0.0]
          ]
        ]
      }
    },
    {
      "type": "Feature",
      "properties": { "Name": "Untitled polygon" },
      "geometry": {
        "type": "Polygon",
        "coordinates": [
          [
            [77.9417835, 29.0979799, 0.0],
            [77.9418655, 29.09736, 0.0],
            [77.9420276, 29.0973439, 0.0],
            [77.9420899, 29.0969543, 0.0],
            [77.9423069, 29.0970375, 0.0],
            [77.9422081, 29.0975219, 0.0],
            [77.9428786, 29.0976143, 0.0],
            [77.9427871, 29.0980521, 0.0],
            [77.9417835, 29.0979799, 0.0]
          ]
        ]
      }
    },
    {
      "type": "Feature",
      "properties": { "Name": "Untitled polygon" },
      "geometry": {
        "type": "Polygon",
        "coordinates": [
          [
            [77.9370865, 29.0952971, 0.0],
            [77.937804, 29.0949219, 0.0],
            [77.9381535, 29.0953904, 0.0],
            [77.9371997, 29.0959713, 0.0],
            [77.9373694, 29.0961979, 0.0],
            [77.9370587, 29.0962041, 0.0],
            [77.9370865, 29.0952971, 0.0]
          ]
        ]
      }
    },
    {
      "type": "Feature",
      "properties": { "Name": "Untitled polygon" },
      "geometry": {
        "type": "Polygon",
        "coordinates": [
          [
            [77.9422248, 29.0975138, 0.0],
            [77.9423191, 29.0970262, 0.0],
            [77.943279, 29.0973078, 0.0],
            [77.9431984, 29.0976304, 0.0],
            [77.9422248, 29.0975138, 0.0]
          ]
        ]
      }
    },
    {
      "type": "Feature",
      "properties": { "Name": "Untitled polygon" },
      "geometry": {
        "type": "Polygon",
        "coordinates": [
          [
            [77.940202, 29.0979161, 0.0],
            [77.94042, 29.0967743, 0.0],
            [77.9411222, 29.0967947, 0.0],
            [77.9410592, 29.0979243, 0.0],
            [77.940202, 29.0979161, 0.0]
          ]
        ]
      }
    },
    {
      "type": "Feature",
      "properties": { "Name": "Untitled polygon" },
      "geometry": {
        "type": "Polygon",
        "coordinates": [
          [
            [77.9368815, 29.0972202, 0.0],
            [77.9369172, 29.0966114, 0.0],
            [77.9381228, 29.0966399, 0.0],
            [77.9380646, 29.0979119, 0.0],
            [77.9378951, 29.0976525, 0.0],
            [77.9379019, 29.0975143, 0.0],
            [77.9375864, 29.0974765, 0.0],
            [77.9374468, 29.0974762, 0.0],
            [77.9374722, 29.0972111, 0.0],
            [77.9373264, 29.0972267, 0.0],
            [77.9371147, 29.0972156, 0.0],
            [77.9368815, 29.0972202, 0.0]
          ]
        ]
      }
    },
    {
      "type": "Feature",
      "properties": { "Name": "Untitled polygon" },
      "geometry": {
        "type": "Polygon",
        "coordinates": [
          [
            [77.9410973, 29.0979446, 0.0],
            [77.9411712, 29.0968092, 0.0],
            [77.9414362, 29.0968016, 0.0],
            [77.941674, 29.0968346, 0.0],
            [77.9420603, 29.0969488, 0.0],
            [77.9420113, 29.0973281, 0.0],
            [77.9418462, 29.0973492, 0.0],
            [77.9417605, 29.0979819, 0.0],
            [77.9410973, 29.0979446, 0.0]
          ]
        ]
      }
    },
    {
      "type": "Feature",
      "properties": { "Name": "Untitled polygon" },
      "geometry": {
        "type": "Polygon",
        "coordinates": [
          [
            [77.9373923, 29.0978522, 0.0],
            [77.9388647, 29.0979535, 0.0],
            [77.9388308, 29.0984904, 0.0],
            [77.9392582, 29.0984028, 0.0],
            [77.9395755, 29.0988143, 0.0],
            [77.9395073, 29.0989952, 0.0],
            [77.9373531, 29.0988808, 0.0],
            [77.9373923, 29.0978522, 0.0]
          ]
        ]
      }
    },
    {
      "type": "Feature",
      "properties": { "Name": "Untitled polygon" },
      "geometry": {
        "type": "Polygon",
        "coordinates": [
          [
            [77.938639, 29.098993, 0.0],
            [77.9396693, 29.099059, 0.0],
            [77.9396135, 29.0999748, 0.0],
            [77.9385708, 29.0999015, 0.0],
            [77.938639, 29.098993, 0.0]
          ]
        ]
      }
    },
    {
      "type": "Feature",
      "properties": { "Name": "Untitled polygon" },
      "geometry": {
        "type": "Polygon",
        "coordinates": [
          [
            [77.940396, 29.0984315, 0.0],
            [77.9411755, 29.0979744, 0.0],
            [77.9416794, 29.0980014, 0.0],
            [77.9418992, 29.098324, 0.0],
            [77.940844, 29.0989776, 0.0],
            [77.940396, 29.0984315, 0.0]
          ]
        ]
      }
    },
    {
      "type": "Feature",
      "properties": { "Name": "Untitled polygon" },
      "geometry": {
        "type": "Polygon",
        "coordinates": [
          [
            [77.9373685, 29.0992205, 0.0],
            [77.9373744, 29.0989257, 0.0],
            [77.9378766, 29.0989402, 0.0],
            [77.9377721, 29.0998655, 0.0],
            [77.937305, 29.0998221, 0.0],
            [77.9373685, 29.0992205, 0.0]
          ]
        ]
      }
    },
    {
      "type": "Feature",
      "properties": { "Name": "Untitled polygon" },
      "geometry": {
        "type": "Polygon",
        "coordinates": [
          [
            [77.9392266, 29.098074, 0.0],
            [77.9400596, 29.0976439, 0.0],
            [77.9401933, 29.0979368, 0.0],
            [77.9411471, 29.0979727, 0.0],
            [77.9397359, 29.0988089, 0.0],
            [77.9392266, 29.098074, 0.0]
          ]
        ]
      }
    },
    {
      "type": "Feature",
      "properties": { "Name": "Untitled polygon" },
      "geometry": {
        "type": "Polygon",
        "coordinates": [
          [
            [77.9400288, 29.0993987, 0.0],
            [77.9400877, 29.098619, 0.0],
            [77.9403832, 29.0984441, 0.0],
            [77.940828, 29.0989916, 0.0],
            [77.9402196, 29.0993422, 0.0],
            [77.9400288, 29.0993987, 0.0]
          ]
        ]
      }
    },
    {
      "type": "Feature",
      "properties": { "Name": "Untitled polygon" },
      "geometry": {
        "type": "Polygon",
        "coordinates": [
          [
            [77.9399839, 29.0999841, 0.0],
            [77.9400001, 29.0996619, 0.0],
            [77.9402926, 29.0996346, 0.0],
            [77.9402335, 29.0993846, 0.0],
            [77.9405543, 29.0991981, 0.0],
            [77.9407682, 29.0994811, 0.0],
            [77.9414567, 29.0991062, 0.0],
            [77.9416013, 29.0992466, 0.0],
            [77.9409104, 29.0996566, 0.0],
            [77.9410029, 29.0998202, 0.0],
            [77.9408072, 29.1000056, 0.0],
            [77.9399839, 29.0999841, 0.0]
          ]
        ]
      }
    },
    {
      "type": "Feature",
      "properties": { "Name": "Untitled polygon" },
      "geometry": {
        "type": "Polygon",
        "coordinates": [
          [
            [77.9412606, 29.0988035, 0.0],
            [77.9414581, 29.099092, 0.0],
            [77.9407707, 29.0994652, 0.0],
            [77.9405647, 29.0991908, 0.0],
            [77.9412606, 29.0988035, 0.0]
          ]
        ]
      }
    },
    {
      "type": "Feature",
      "properties": { "Name": "Untitled polygon" },
      "geometry": {
        "type": "Polygon",
        "coordinates": [
          [
            [77.9408317, 29.0999998, 0.0],
            [77.941015, 29.0998183, 0.0],
            [77.9417017, 29.0993754, 0.0],
            [77.9422391, 29.1000636, 0.0],
            [77.9408317, 29.0999998, 0.0]
          ]
        ]
      }
    },
    {
      "type": "Feature",
      "properties": { "Name": "Untitled polygon" },
      "geometry": {
        "type": "Polygon",
        "coordinates": [
          [
            [77.9399619, 29.1004218, 0.0],
            [77.9399882, 29.1000117, 0.0],
            [77.9409816, 29.1000433, 0.0],
            [77.9409617, 29.1004516, 0.0],
            [77.9399619, 29.1004218, 0.0]
          ]
        ]
      }
    },
    {
      "type": "Feature",
      "properties": { "Name": "Untitled polygon" },
      "geometry": {
        "type": "Polygon",
        "coordinates": [
          [
            [77.9399278, 29.1006474, 0.0],
            [77.9399503, 29.1004366, 0.0],
            [77.9409667, 29.1004733, 0.0],
            [77.94095, 29.1006864, 0.0],
            [77.9399278, 29.1006474, 0.0]
          ]
        ]
      }
    },
    {
      "type": "Feature",
      "properties": { "Name": "Untitled polygon" },
      "geometry": {
        "type": "Polygon",
        "coordinates": [
          [
            [77.9422218, 29.0975213, 0.0],
            [77.942913, 29.0976097, 0.0],
            [77.9429777, 29.0971892, 0.0],
            [77.943303, 29.0973008, 0.0],
            [77.943223, 29.097637, 0.0],
            [77.9437852, 29.097714, 0.0],
            [77.943789, 29.0975451, 0.0],
            [77.9442331, 29.0977081, 0.0],
            [77.9442115, 29.0980846, 0.0],
            [77.9417076, 29.0980033, 0.0],
            [77.9412176, 29.0979766, 0.0],
            [77.9412661, 29.097486, 0.0],
            [77.9413823, 29.0975086, 0.0],
            [77.941334, 29.0970775, 0.0],
            [77.9413974, 29.096777, 0.0],
            [77.9419074, 29.0968914, 0.0],
            [77.9423215, 29.0970168, 0.0],
            [77.9422218, 29.0975213, 0.0]
          ]
        ]
      }
    },
    {
      "type": "Feature",
      "properties": { "Name": "Untitled polygon" },
      "geometry": {
        "type": "Polygon",
        "coordinates": [
          [
            [77.9398929, 29.1011273, 0.0],
            [77.9399223, 29.1006645, 0.0],
            [77.9409653, 29.100704, 0.0],
            [77.9409947, 29.10006, 0.0],
            [77.9413486, 29.1000671, 0.0],
            [77.9413391, 29.1011881, 0.0],
            [77.9398929, 29.1011273, 0.0]
          ]
        ]
      }
    },
    {
      "type": "Feature",
      "properties": { "Name": "Untitled polygon" },
      "geometry": {
        "type": "Polygon",
        "coordinates": [
          [
            [77.9411324, 29.0979794, 0.0],
            [77.9416999, 29.0980201, 0.0],
            [77.9419041, 29.0983275, 0.0],
            [77.9412133, 29.0987921, 0.0],
            [77.9407026, 29.0982128, 0.0],
            [77.9411324, 29.0979794, 0.0]
          ]
        ]
      }
    },
    {
      "type": "Feature",
      "properties": { "Name": "Untitled polygon" },
      "geometry": {
        "type": "Polygon",
        "coordinates": [
          [
            [77.9402892, 29.0979314, 0.0],
            [77.9411119, 29.097961, 0.0],
            [77.9406701, 29.0982156, 0.0],
            [77.9411908, 29.0987944, 0.0],
            [77.9408535, 29.0989727, 0.0],
            [77.940388, 29.0984489, 0.0],
            [77.9402892, 29.0979314, 0.0]
          ]
        ]
      }
    },
    {
      "type": "Feature",
      "properties": { "Name": "Untitled polygon" },
      "geometry": {
        "type": "Polygon",
        "coordinates": [
          [
            [77.9413523, 29.1006391, 0.0],
            [77.9413605, 29.1000717, 0.0],
            [77.9426813, 29.1000964, 0.0],
            [77.9427059, 29.1007597, 0.0],
            [77.9423476, 29.1007394, 0.0],
            [77.9422412, 29.1007483, 0.0],
            [77.9420969, 29.1006697, 0.0],
            [77.9413523, 29.1006391, 0.0]
          ]
        ]
      }
    },
    {
      "type": "Feature",
      "properties": { "Name": "Untitled polygon" },
      "geometry": {
        "type": "Polygon",
        "coordinates": [
          [
            [77.9398019, 29.1021285, 0.0],
            [77.939864, 29.1013861, 0.0],
            [77.9408076, 29.1014232, 0.0],
            [77.9407884, 29.1022149, 0.0],
            [77.9398019, 29.1021285, 0.0]
          ]
        ]
      }
    },
    {
      "type": "Feature",
      "properties": { "Name": "Untitled polygon" },
      "geometry": {
        "type": "Polygon",
        "coordinates": [
          [
            [77.9387769, 29.0950143, 0.0],
            [77.9392513, 29.0955745, 0.0],
            [77.9390337, 29.0957248, 0.0],
            [77.9385434, 29.0951569, 0.0],
            [77.9387769, 29.0950143, 0.0]
          ]
        ]
      }
    },
    {
      "type": "Feature",
      "properties": { "Name": "Untitled polygon" },
      "geometry": {
        "type": "Polygon",
        "coordinates": [
          [
            [77.9427309, 29.1012579, 0.0],
            [77.942696, 29.1008933, 0.0],
            [77.9433074, 29.1008937, 0.0],
            [77.943285, 29.1012926, 0.0],
            [77.9427309, 29.1012579, 0.0]
          ]
        ]
      }
    },
    {
      "type": "Feature",
      "properties": { "Name": "Untitled polygon" },
      "geometry": {
        "type": "Polygon",
        "coordinates": [
          [
            [77.9394241, 29.095783, 0.0],
            [77.9397286, 29.0961685, 0.0],
            [77.9395352, 29.0962878, 0.0],
            [77.9392128, 29.0959407, 0.0],
            [77.9394241, 29.095783, 0.0]
          ]
        ]
      }
    },
    {
      "type": "Feature",
      "properties": { "Name": "Untitled polygon" },
      "geometry": {
        "type": "Polygon",
        "coordinates": [
          [
            [77.9385348, 29.0962841, 0.0],
            [77.9388252, 29.0966544, 0.0],
            [77.9382611, 29.0966396, 0.0],
            [77.93793, 29.0962648, 0.0],
            [77.9385348, 29.0962841, 0.0]
          ]
        ]
      }
    },
    {
      "type": "Feature",
      "properties": { "Name": "Untitled polygon" },
      "geometry": {
        "type": "Polygon",
        "coordinates": [
          [
            [77.9426985, 29.1008741, 0.0],
            [77.9426082, 29.1007687, 0.0],
            [77.9427168, 29.1007703, 0.0],
            [77.942712, 29.100676, 0.0],
            [77.9433444, 29.1003244, 0.0],
            [77.9433097, 29.1008855, 0.0],
            [77.9426985, 29.1008741, 0.0]
          ]
        ]
      }
    },
    {
      "type": "Feature",
      "properties": { "Name": "Untitled polygon" },
      "geometry": {
        "type": "Polygon",
        "coordinates": [
          [
            [77.9379858, 29.0963516, 0.0],
            [77.9382397, 29.0966309, 0.0],
            [77.937678, 29.0966139, 0.0],
            [77.937418, 29.0963432, 0.0],
            [77.9379858, 29.0963516, 0.0]
          ]
        ]
      }
    },
    {
      "type": "Feature",
      "properties": { "Name": "Untitled polygon" },
      "geometry": {
        "type": "Polygon",
        "coordinates": [
          [
            [77.9432517, 29.1018754, 0.0],
            [77.9433089, 29.1014011, 0.0],
            [77.9438367, 29.1013083, 0.0],
            [77.9439478, 29.1016985, 0.0],
            [77.9434535, 29.1018385, 0.0],
            [77.9432517, 29.1018754, 0.0]
          ]
        ]
      }
    },
    {
      "type": "Feature",
      "properties": { "Name": "Untitled polygon" },
      "geometry": {
        "type": "Polygon",
        "coordinates": [
          [
            [77.9381258, 29.0968665, 0.0],
            [77.9387977, 29.0968939, 0.0],
            [77.9388178, 29.0966716, 0.0],
            [77.9391916, 29.0966746, 0.0],
            [77.9399014, 29.0967275, 0.0],
            [77.9401865, 29.0967372, 0.0],
            [77.9400633, 29.0976152, 0.0],
            [77.9398045, 29.0977381, 0.0],
            [77.9392844, 29.0979685, 0.0],
            [77.9380815, 29.0978795, 0.0],
            [77.9381258, 29.0968665, 0.0]
          ]
        ]
      }
    },
    {
      "type": "Feature",
      "properties": { "Name": "Untitled polygon" },
      "geometry": {
        "type": "Polygon",
        "coordinates": [
          [
            [77.9432364, 29.1023465, 0.0],
            [77.9432565, 29.1018853, 0.0],
            [77.9434567, 29.1018476, 0.0],
            [77.9439604, 29.1017096, 0.0],
            [77.9442177, 29.1024293, 0.0],
            [77.9432364, 29.1023465, 0.0]
          ]
        ]
      }
    },
    {
      "type": "Feature",
      "properties": { "Name": "Untitled polygon" },
      "geometry": {
        "type": "Polygon",
        "coordinates": [
          [
            [77.944248, 29.1024334, 0.0],
            [77.9440677, 29.1019284, 0.0],
            [77.9449977, 29.1016855, 0.0],
            [77.9450323, 29.1024728, 0.0],
            [77.944248, 29.1024334, 0.0]
          ]
        ]
      }
    },
    {
      "type": "Feature",
      "properties": { "Name": "Untitled polygon" },
      "geometry": {
        "type": "Polygon",
        "coordinates": [
          [
            [77.9399093, 29.0937115, 0.0],
            [77.940259, 29.0942691, 0.0],
            [77.9394033, 29.094782, 0.0],
            [77.9394971, 29.0949005, 0.0],
            [77.9403381, 29.0943841, 0.0],
            [77.9406477, 29.0948129, 0.0],
            [77.9398349, 29.0952831, 0.0],
            [77.9399809, 29.09546, 0.0],
            [77.9402836, 29.0952897, 0.0],
            [77.9402395, 29.095222, 0.0],
            [77.9407237, 29.0949662, 0.0],
            [77.9413482, 29.0957657, 0.0],
            [77.9424314, 29.0951538, 0.0],
            [77.9428101, 29.0955932, 0.0],
            [77.9419057, 29.0960828, 0.0],
            [77.9424626, 29.0966956, 0.0],
            [77.9420908, 29.0968984, 0.0],
            [77.9413752, 29.0967399, 0.0],
            [77.9412366, 29.0974907, 0.0],
            [77.9411933, 29.0979387, 0.0],
            [77.9402593, 29.0978978, 0.0],
            [77.9400771, 29.0976388, 0.0],
            [77.9402142, 29.0967479, 0.0],
            [77.9402608, 29.0964424, 0.0],
            [77.9390239, 29.0948604, 0.0],
            [77.9392355, 29.0947447, 0.0],
            [77.9388705, 29.0943183, 0.0],
            [77.9399093, 29.0937115, 0.0]
          ]
        ]
      }
    },
    {
      "type": "Feature",
      "properties": { "Name": "Untitled polygon" },
      "geometry": {
        "type": "Polygon",
        "coordinates": [
          [
            [77.9440841, 29.1018904, 0.0],
            [77.9439543, 29.101498, 0.0],
            [77.9450019, 29.1012985, 0.0],
            [77.9449979, 29.1016667, 0.0],
            [77.9440841, 29.1018904, 0.0]
          ]
        ]
      }
    },
    {
      "type": "Feature",
      "properties": { "Name": "Untitled polygon" },
      "geometry": {
        "type": "Polygon",
        "coordinates": [
          [
            [77.9450233, 29.1019032, 0.0],
            [77.9450335, 29.1011033, 0.0],
            [77.9453918, 29.1010237, 0.0],
            [77.9454297, 29.1018201, 0.0],
            [77.9450233, 29.1019032, 0.0]
          ]
        ]
      }
    },
    {
      "type": "Feature",
      "properties": { "Name": "Untitled polygon" },
      "geometry": {
        "type": "Polygon",
        "coordinates": [
          [
            [77.945455, 29.1018327, 0.0],
            [77.9454006, 29.1010259, 0.0],
            [77.9457894, 29.1009018, 0.0],
            [77.9457798, 29.101794, 0.0],
            [77.945455, 29.1018327, 0.0]
          ]
        ]
      }
    },
    {
      "type": "Feature",
      "properties": { "Name": "Untitled polygon" },
      "geometry": {
        "type": "Polygon",
        "coordinates": [
          [
            [77.9457931, 29.1017311, 0.0],
            [77.9458003, 29.1009017, 0.0],
            [77.9461811, 29.1007898, 0.0],
            [77.9464265, 29.1012704, 0.0],
            [77.9469085, 29.1011448, 0.0],
            [77.9472337, 29.1017145, 0.0],
            [77.9457931, 29.1017311, 0.0]
          ]
        ]
      }
    },
    {
      "type": "Feature",
      "properties": { "Name": "Untitled polygon" },
      "geometry": {
        "type": "Polygon",
        "coordinates": [
          [
            [77.9466964, 29.1006796, 0.0],
            [77.9469166, 29.1011331, 0.0],
            [77.9464303, 29.1012626, 0.0],
            [77.9461922, 29.1007897, 0.0],
            [77.9466964, 29.1006796, 0.0]
          ]
        ]
      }
    },
    {
      "type": "Feature",
      "properties": { "Name": "Untitled polygon" },
      "geometry": {
        "type": "Polygon",
        "coordinates": [
          [
            [77.9471745, 29.1005215, 0.0],
            [77.9473183, 29.1008568, 0.0],
            [77.946873, 29.1010191, 0.0],
            [77.9467124, 29.1006776, 0.0],
            [77.9471745, 29.1005215, 0.0]
          ]
        ]
      }
    },
    {
      "type": "Feature",
      "properties": { "Name": "Untitled polygon" },
      "geometry": {
        "type": "Polygon",
        "coordinates": [
          [
            [77.946703, 29.1006447, 0.0],
            [77.9464256, 29.1000058, 0.0],
            [77.946769, 29.1000061, 0.0],
            [77.9471287, 29.1004962, 0.0],
            [77.946703, 29.1006447, 0.0]
          ]
        ]
      }
    },
    {
      "type": "Feature",
      "properties": { "Name": "Untitled polygon" },
      "geometry": {
        "type": "Polygon",
        "coordinates": [
          [
            [77.9406104, 29.0930111, 0.0],
            [77.9403318, 29.092537, 0.0],
            [77.9404533, 29.0923788, 0.0],
            [77.9412454, 29.0920021, 0.0],
            [77.9414836, 29.0923058, 0.0],
            [77.9420764, 29.0919717, 0.0],
            [77.9433315, 29.0935224, 0.0],
            [77.9407661, 29.09488, 0.0],
            [77.9397992, 29.0933976, 0.0],
            [77.9406104, 29.0930111, 0.0]
          ]
        ]
      }
    },
    {
      "type": "Feature",
      "properties": { "Name": "Untitled polygon" },
      "geometry": {
        "type": "Polygon",
        "coordinates": [
          [
            [77.9471929, 29.1004436, 0.0],
            [77.9471415, 29.1004098, 0.0],
            [77.9468063, 29.0999964, 0.0],
            [77.947031, 29.1000107, 0.0],
            [77.9470851, 29.099981, 0.0],
            [77.9475753, 29.1003788, 0.0],
            [77.9471929, 29.1004436, 0.0]
          ]
        ]
      }
    },
    {
      "type": "Feature",
      "properties": { "Name": "Untitled polygon" },
      "geometry": {
        "type": "Polygon",
        "coordinates": [
          [
            [77.9433093, 29.0935725, 0.0],
            [77.9438419, 29.0942304, 0.0],
            [77.9421044, 29.0953156, 0.0],
            [77.9416434, 29.0955731, 0.0],
            [77.9415497, 29.0954635, 0.0],
            [77.9417686, 29.0953019, 0.0],
            [77.9412877, 29.0946737, 0.0],
            [77.9433093, 29.0935725, 0.0]
          ]
        ]
      }
    },
    {
      "type": "Feature",
      "properties": { "Name": "Untitled polygon" },
      "geometry": {
        "type": "Polygon",
        "coordinates": [
          [
            [77.9473818, 29.1004416, 0.0],
            [77.9477207, 29.1011812, 0.0],
            [77.947545, 29.1012481, 0.0],
            [77.9472163, 29.1004892, 0.0],
            [77.9473818, 29.1004416, 0.0]
          ]
        ]
      }
    },
    {
      "type": "Feature",
      "properties": { "Name": "Untitled polygon" },
      "geometry": {
        "type": "Polygon",
        "coordinates": [
          [
            [77.9473261, 29.1008645, 0.0],
            [77.94775, 29.1016969, 0.0],
            [77.9472644, 29.1017326, 0.0],
            [77.9468779, 29.1010291, 0.0],
            [77.9473261, 29.1008645, 0.0]
          ]
        ]
      }
    },
    {
      "type": "Feature",
      "properties": { "Name": "Untitled polygon" },
      "geometry": {
        "type": "Polygon",
        "coordinates": [
          [
            [77.9474486, 29.1017384, 0.0],
            [77.947626, 29.1021632, 0.0],
            [77.9472838, 29.1022503, 0.0],
            [77.9471453, 29.10175, 0.0],
            [77.9474486, 29.1017384, 0.0]
          ]
        ]
      }
    },
    {
      "type": "Feature",
      "properties": { "Name": "Untitled polygon" },
      "geometry": {
        "type": "Polygon",
        "coordinates": [
          [
            [77.9438611, 29.0942374, 0.0],
            [77.9442259, 29.0946679, 0.0],
            [77.9433134, 29.0952741, 0.0],
            [77.9429014, 29.0948656, 0.0],
            [77.9438611, 29.0942374, 0.0]
          ]
        ]
      }
    },
    {
      "type": "Feature",
      "properties": { "Name": "Untitled polygon" },
      "geometry": {
        "type": "Polygon",
        "coordinates": [
          [
            [77.9477691, 29.1017083, 0.0],
            [77.9480473, 29.1021889, 0.0],
            [77.9477447, 29.1023215, 0.0],
            [77.9474619, 29.1017363, 0.0],
            [77.9477691, 29.1017083, 0.0]
          ]
        ]
      }
    },
    {
      "type": "Feature",
      "properties": { "Name": "Untitled polygon" },
      "geometry": {
        "type": "Polygon",
        "coordinates": [
          [
            [77.9453127, 29.0957469, 0.0],
            [77.9458311, 29.0963487, 0.0],
            [77.9450434, 29.0968608, 0.0],
            [77.9450038, 29.0955087, 0.0],
            [77.9451479, 29.0955723, 0.0],
            [77.9453127, 29.0957469, 0.0]
          ]
        ]
      }
    },
    {
      "type": "Feature",
      "properties": { "Name": "Untitled polygon" },
      "geometry": {
        "type": "Polygon",
        "coordinates": [
          [
            [77.9471318, 29.1017471, 0.0],
            [77.9473711, 29.1026605, 0.0],
            [77.9471129, 29.1026333, 0.0],
            [77.9469623, 29.1017558, 0.0],
            [77.9471318, 29.1017471, 0.0]
          ]
        ]
      }
    },
    {
      "type": "Feature",
      "properties": { "Name": "Untitled polygon" },
      "geometry": {
        "type": "Polygon",
        "coordinates": [
          [
            [77.9432545, 29.095321, 0.0],
            [77.9436195, 29.0957821, 0.0],
            [77.9438657, 29.0956124, 0.0],
            [77.943455, 29.0952062, 0.0],
            [77.9436984, 29.0950654, 0.0],
            [77.9443565, 29.095643, 0.0],
            [77.9441807, 29.0957693, 0.0],
            [77.9446021, 29.0963037, 0.0],
            [77.9439096, 29.0968141, 0.0],
            [77.9432656, 29.0972318, 0.0],
            [77.9423668, 29.0970192, 0.0],
            [77.9427438, 29.0967806, 0.0],
            [77.942514, 29.0967106, 0.0],
            [77.9422066, 29.0963633, 0.0],
            [77.9426503, 29.096068, 0.0],
            [77.9424339, 29.0958266, 0.0],
            [77.9432545, 29.095321, 0.0]
          ]
        ]
      }
    },
    {
      "type": "Feature",
      "properties": { "Name": "Untitled polygon" },
      "geometry": {
        "type": "Polygon",
        "coordinates": [
          [
            [77.9476442, 29.1021715, 0.0],
            [77.9477332, 29.1023335, 0.0],
            [77.9480492, 29.1022015, 0.0],
            [77.9482975, 29.1027035, 0.0],
            [77.9482804, 29.1027364, 0.0],
            [77.9473858, 29.1026623, 0.0],
            [77.9472896, 29.1022633, 0.0],
            [77.9476442, 29.1021715, 0.0]
          ]
        ]
      }
    },
    {
      "type": "Feature",
      "properties": { "Name": "Untitled polygon" },
      "geometry": {
        "type": "Polygon",
        "coordinates": [
          [
            [77.9448795, 29.0966108, 0.0],
            [77.9449137, 29.0967501, 0.0],
            [77.9449289, 29.0974628, 0.0],
            [77.9447152, 29.0976317, 0.0],
            [77.9444389, 29.0973163, 0.0],
            [77.9441597, 29.0971261, 0.0],
            [77.9448795, 29.0966108, 0.0]
          ]
        ]
      }
    },
    {
      "type": "Feature",
      "properties": { "Name": "Untitled polygon" },
      "geometry": {
        "type": "Polygon",
        "coordinates": [
          [
            [77.9446119, 29.0963106, 0.0],
            [77.9448498, 29.0965961, 0.0],
            [77.9445496, 29.0968207, 0.0],
            [77.9442877, 29.0965514, 0.0],
            [77.9446119, 29.0963106, 0.0]
          ]
        ]
      }
    },
    {
      "type": "Feature",
      "properties": { "Name": "Untitled polygon" },
      "geometry": {
        "type": "Polygon",
        "coordinates": [
          [
            [77.9483554, 29.1027198, 0.0],
            [77.9480931, 29.1022018, 0.0],
            [77.9484403, 29.1020478, 0.0],
            [77.9487457, 29.1026518, 0.0],
            [77.948729, 29.1027476, 0.0],
            [77.9483554, 29.1027198, 0.0]
          ]
        ]
      }
    },
    {
      "type": "Feature",
      "properties": { "Name": "Untitled polygon" },
      "geometry": {
        "type": "Polygon",
        "coordinates": [
          [
            [77.9451513, 29.0923107, 0.0],
            [77.9462936, 29.0936372, 0.0],
            [77.9448729, 29.0945816, 0.0],
            [77.94453, 29.0927092, 0.0],
            [77.9451513, 29.0923107, 0.0]
          ]
        ]
      }
    },
    {
      "type": "Feature",
      "properties": { "Name": "Untitled polygon" },
      "geometry": {
        "type": "Polygon",
        "coordinates": [
          [
            [77.9480774, 29.1021714, 0.0],
            [77.9479749, 29.1020185, 0.0],
            [77.948353, 29.1018456, 0.0],
            [77.9484373, 29.1020257, 0.0],
            [77.9480774, 29.1021714, 0.0]
          ]
        ]
      }
    },
    {
      "type": "Feature",
      "properties": { "Name": "Untitled polygon" },
      "geometry": {
        "type": "Polygon",
        "coordinates": [
          [
            [77.9458591, 29.093961, 0.0],
            [77.9465972, 29.0947491, 0.0],
            [77.9457744, 29.0954186, 0.0],
            [77.9454646, 29.0951187, 0.0],
            [77.9450216, 29.0954615, 0.0],
            [77.9448906, 29.0946155, 0.0],
            [77.9458591, 29.093961, 0.0]
          ]
        ]
      }
    },
    {
      "type": "Feature",
      "properties": { "Name": "Untitled polygon" },
      "geometry": {
        "type": "Polygon",
        "coordinates": [
          [
            [77.9484695, 29.1020055, 0.0],
            [77.948393, 29.1018695, 0.0],
            [77.9489226, 29.1014409, 0.0],
            [77.9493239, 29.1017404, 0.0],
            [77.9493057, 29.1017961, 0.0],
            [77.9484695, 29.1020055, 0.0]
          ]
        ]
      }
    },
    {
      "type": "Feature",
      "properties": { "Name": "Untitled polygon" },
      "geometry": {
        "type": "Polygon",
        "coordinates": [
          [
            [77.9459746, 29.0956545, 0.0],
            [77.9460365, 29.0956967, 0.0],
            [77.9467281, 29.0952312, 0.0],
            [77.9473237, 29.0959612, 0.0],
            [77.9466715, 29.096364, 0.0],
            [77.9467877, 29.0964597, 0.0],
            [77.9463682, 29.0967822, 0.0],
            [77.9455826, 29.0959872, 0.0],
            [77.9459746, 29.0956545, 0.0]
          ]
        ]
      }
    },
    {
      "type": "Feature",
      "properties": { "Name": "Untitled polygon" },
      "geometry": {
        "type": "Polygon",
        "coordinates": [
          [
            [77.9493028, 29.1018242, 0.0],
            [77.949108, 29.1027304, 0.0],
            [77.9488129, 29.1027407, 0.0],
            [77.9487923, 29.1025783, 0.0],
            [77.9486557, 29.1023433, 0.0],
            [77.9484812, 29.1020487, 0.0],
            [77.9493028, 29.1018242, 0.0]
          ]
        ]
      }
    },
    {
      "type": "Feature",
      "properties": { "Name": "Untitled polygon" },
      "geometry": {
        "type": "Polygon",
        "coordinates": [
          [
            [77.9444766, 29.0929677, 0.0],
            [77.9449615, 29.0952213, 0.0],
            [77.9449414, 29.0954461, 0.0],
            [77.9434316, 29.0936273, 0.0],
            [77.9444766, 29.0929677, 0.0]
          ]
        ]
      }
    },
    {
      "type": "Feature",
      "properties": { "Name": "Untitled polygon" },
      "geometry": {
        "type": "Polygon",
        "coordinates": [
          [
            [77.9495297, 29.1009155, 0.0],
            [77.94935, 29.1015774, 0.0],
            [77.9488329, 29.1011277, 0.0],
            [77.9495297, 29.1009155, 0.0]
          ]
        ]
      }
    },
    {
      "type": "Feature",
      "properties": { "Name": "Untitled polygon" },
      "geometry": {
        "type": "Polygon",
        "coordinates": [
          [
            [77.9495566, 29.1006676, 0.0],
            [77.9495377, 29.1008969, 0.0],
            [77.9488241, 29.1011106, 0.0],
            [77.9486757, 29.1009328, 0.0],
            [77.9495566, 29.1006676, 0.0]
          ]
        ]
      }
    },
    {
      "type": "Feature",
      "properties": { "Name": "Untitled polygon" },
      "geometry": {
        "type": "Polygon",
        "coordinates": [
          [
            [77.9427949, 29.0915027, 0.0],
            [77.9442709, 29.0907683, 0.0],
            [77.9442816, 29.0920468, 0.0],
            [77.9444519, 29.0929427, 0.0],
            [77.9440667, 29.0931826, 0.0],
            [77.9435318, 29.0925946, 0.0],
            [77.9431221, 29.0921232, 0.0],
            [77.9429698, 29.0917803, 0.0],
            [77.9427949, 29.0915027, 0.0]
          ]
        ]
      }
    },
    {
      "type": "Feature",
      "properties": { "Name": "Untitled polygon" },
      "geometry": {
        "type": "Polygon",
        "coordinates": [
          [
            [77.9427378, 29.0914951, 0.0],
            [77.9429699, 29.091852, 0.0],
            [77.9431067, 29.0921433, 0.0],
            [77.9440398, 29.0931803, 0.0],
            [77.9434304, 29.0935861, 0.0],
            [77.9420997, 29.0918663, 0.0],
            [77.9427378, 29.0914951, 0.0]
          ]
        ]
      }
    },
    {
      "type": "Feature",
      "properties": { "Name": "Untitled polygon" },
      "geometry": {
        "type": "Polygon",
        "coordinates": [
          [
            [77.9489932, 29.1003489, 0.0],
            [77.9490413, 29.1004461, 0.0],
            [77.9492348, 29.1003981, 0.0],
            [77.949358, 29.1005719, 0.0],
            [77.9495674, 29.1005269, 0.0],
            [77.949538, 29.1006456, 0.0],
            [77.9486794, 29.1009115, 0.0],
            [77.9480171, 29.1005197, 0.0],
            [77.9489932, 29.1003489, 0.0]
          ]
        ]
      }
    },
    {
      "type": "Feature",
      "properties": { "Name": "Untitled polygon" },
      "geometry": {
        "type": "Polygon",
        "coordinates": [
          [
            [77.9489529, 29.1002443, 0.0],
            [77.9489843, 29.1003364, 0.0],
            [77.9480144, 29.1005042, 0.0],
            [77.9478892, 29.1003714, 0.0],
            [77.9489529, 29.1002443, 0.0]
          ]
        ]
      }
    },
    {
      "type": "Feature",
      "properties": { "Name": "Untitled polygon" },
      "geometry": {
        "type": "Polygon",
        "coordinates": [
          [
            [77.9481905, 29.0916953, 0.0],
            [77.9488854, 29.0925211, 0.0],
            [77.9482755, 29.0929139, 0.0],
            [77.9484722, 29.0931123, 0.0],
            [77.948543, 29.0933137, 0.0],
            [77.9475856, 29.0938858, 0.0],
            [77.9473191, 29.0935835, 0.0],
            [77.9473671, 29.0934932, 0.0],
            [77.9472729, 29.0933864, 0.0],
            [77.9471405, 29.0933358, 0.0],
            [77.947548, 29.0930721, 0.0],
            [77.9473118, 29.0928212, 0.0],
            [77.94755, 29.0926472, 0.0],
            [77.9472694, 29.0923029, 0.0],
            [77.9481905, 29.0916953, 0.0]
          ]
        ]
      }
    },
    {
      "type": "Feature",
      "properties": { "Name": "Untitled polygon" },
      "geometry": {
        "type": "Polygon",
        "coordinates": [
          [
            [77.9458039, 29.0918844, 0.0],
            [77.9464089, 29.0927938, 0.0],
            [77.9467779, 29.0933128, 0.0],
            [77.946322, 29.0936203, 0.0],
            [77.9458039, 29.0930435, 0.0],
            [77.946115, 29.0929073, 0.0],
            [77.945409, 29.0921325, 0.0],
            [77.9458039, 29.0918844, 0.0]
          ]
        ]
      }
    },
    {
      "type": "Feature",
      "properties": { "Name": "Untitled polygon" },
      "geometry": {
        "type": "Polygon",
        "coordinates": [
          [
            [77.9473315, 29.0900578, 0.0],
            [77.9484739, 29.0914916, 0.0],
            [77.947935, 29.0918201, 0.0],
            [77.9473542, 29.0910759, 0.0],
            [77.9474196, 29.0910397, 0.0],
            [77.9473909, 29.0909718, 0.0],
            [77.947672, 29.0908205, 0.0],
            [77.9474734, 29.090598, 0.0],
            [77.9471425, 29.0907754, 0.0],
            [77.9468057, 29.0903435, 0.0],
            [77.9473315, 29.0900578, 0.0]
          ]
        ]
      }
    },
    {
      "type": "Feature",
      "properties": { "Name": "Untitled polygon" },
      "geometry": {
        "type": "Polygon",
        "coordinates": [
          [
            [77.9503332, 29.0925262, 0.0],
            [77.9508083, 29.0930676, 0.0],
            [77.9506422, 29.0931709, 0.0],
            [77.9509219, 29.0934787, 0.0],
            [77.9512099, 29.0933272, 0.0],
            [77.9511078, 29.0938344, 0.0],
            [77.9506252, 29.0941083, 0.0],
            [77.9503908, 29.0938619, 0.0],
            [77.9506683, 29.0936461, 0.0],
            [77.9503893, 29.0933453, 0.0],
            [77.9501041, 29.0935658, 0.0],
            [77.9496547, 29.0930632, 0.0],
            [77.9503332, 29.0925262, 0.0]
          ]
        ]
      }
    },
    {
      "type": "Feature",
      "properties": { "Name": "Untitled polygon" },
      "geometry": {
        "type": "Polygon",
        "coordinates": [
          [
            [77.9476348, 29.090381, 0.0],
            [77.9469568, 29.0895754, 0.0],
            [77.9481553, 29.0889527, 0.0],
            [77.9496573, 29.0907792, 0.0],
            [77.9485286, 29.0914748, 0.0],
            [77.9481355, 29.0910075, 0.0],
            [77.9476348, 29.090381, 0.0]
          ]
        ]
      }
    },
    {
      "type": "Feature",
      "properties": { "Name": "Untitled polygon" },
      "geometry": {
        "type": "Polygon",
        "coordinates": [
          [
            [77.9455193, 29.103676, 0.0],
            [77.9455347, 29.1033451, 0.0],
            [77.9458787, 29.1033653, 0.0],
            [77.9458633, 29.1036892, 0.0],
            [77.9455193, 29.103676, 0.0]
          ]
        ]
      }
    },
    {
      "type": "Feature",
      "properties": { "Name": "Untitled polygon" },
      "geometry": {
        "type": "Polygon",
        "coordinates": [
          [
            [77.9455362, 29.103328, 0.0],
            [77.9455365, 29.1030696, 0.0],
            [77.9458768, 29.1030896, 0.0],
            [77.9458843, 29.1033404, 0.0],
            [77.9455362, 29.103328, 0.0]
          ]
        ]
      }
    },
    {
      "type": "Feature",
      "properties": { "Name": "Untitled polygon" },
      "geometry": {
        "type": "Polygon",
        "coordinates": [
          [
            [77.9458849, 29.1036829, 0.0],
            [77.9459374, 29.1026725, 0.0],
            [77.9465868, 29.1027249, 0.0],
            [77.9465438, 29.1031932, 0.0],
            [77.9462357, 29.1031853, 0.0],
            [77.9462363, 29.103701, 0.0],
            [77.9458849, 29.1036829, 0.0]
          ]
        ]
      }
    },
    {
      "type": "Feature",
      "properties": { "Name": "Untitled polygon" },
      "geometry": {
        "type": "Polygon",
        "coordinates": [
          [
            [77.9462575, 29.103687, 0.0],
            [77.9462585, 29.1032113, 0.0],
            [77.9465401, 29.1032104, 0.0],
            [77.9465339, 29.1036863, 0.0],
            [77.9462575, 29.103687, 0.0]
          ]
        ]
      }
    },
    {
      "type": "Feature",
      "properties": { "Name": "Untitled polygon" },
      "geometry": {
        "type": "Polygon",
        "coordinates": [
          [
            [77.9455442, 29.1030446, 0.0],
            [77.9455475, 29.1026468, 0.0],
            [77.9459154, 29.1026674, 0.0],
            [77.9458886, 29.1030569, 0.0],
            [77.9455442, 29.1030446, 0.0]
          ]
        ]
      }
    },
    {
      "type": "Feature",
      "properties": { "Name": "Untitled polygon" },
      "geometry": {
        "type": "Polygon",
        "coordinates": [
          [
            [77.9450842, 29.1036683, 0.0],
            [77.9450924, 29.1033453, 0.0],
            [77.9455093, 29.1033611, 0.0],
            [77.9454976, 29.1036747, 0.0],
            [77.9450842, 29.1036683, 0.0]
          ]
        ]
      }
    },
    {
      "type": "Feature",
      "properties": { "Name": "Untitled polygon" },
      "geometry": {
        "type": "Polygon",
        "coordinates": [
          [
            [77.945102, 29.1033107, 0.0],
            [77.9450947, 29.1029394, 0.0],
            [77.9453336, 29.1029667, 0.0],
            [77.9453392, 29.1026174, 0.0],
            [77.9455286, 29.1026419, 0.0],
            [77.945519, 29.1033304, 0.0],
            [77.945102, 29.1033107, 0.0]
          ]
        ]
      }
    },
    {
      "type": "Feature",
      "properties": { "Name": "Untitled polygon" },
      "geometry": {
        "type": "Polygon",
        "coordinates": [
          [
            [77.9489652, 29.0888844, 0.0],
            [77.9485303, 29.0883119, 0.0],
            [77.9480906, 29.0885153, 0.0],
            [77.9479587, 29.0884324, 0.0],
            [77.947816, 29.0884678, 0.0],
            [77.9471705, 29.0875255, 0.0],
            [77.9489449, 29.0864513, 0.0],
            [77.9493794, 29.0868822, 0.0],
            [77.9489655, 29.0871504, 0.0],
            [77.9493561, 29.0876458, 0.0],
            [77.9497116, 29.0874662, 0.0],
            [77.9495684, 29.0873288, 0.0],
            [77.9497922, 29.0872603, 0.0],
            [77.9499895, 29.0875018, 0.0],
            [77.9506261, 29.087121, 0.0],
            [77.9510884, 29.0876019, 0.0],
            [77.9522132, 29.0887581, 0.0],
            [77.9518861, 29.0901813, 0.0],
            [77.9510198, 29.0898927, 0.0],
            [77.9506674, 29.0900899, 0.0],
            [77.9497214, 29.0907315, 0.0],
            [77.9491828, 29.0901544, 0.0],
            [77.9497539, 29.089727, 0.0],
            [77.9495959, 29.0895193, 0.0],
            [77.9489721, 29.0898975, 0.0],
            [77.9486422, 29.089508, 0.0],
            [77.9487593, 29.089362, 0.0],
            [77.9485828, 29.0891457, 0.0],
            [77.9489652, 29.0888844, 0.0]
          ]
        ]
      }
    },
    {
      "type": "Feature",
      "properties": { "Name": "Untitled polygon" },
      "geometry": {
        "type": "Polygon",
        "coordinates": [
          [
            [77.9450941, 29.1029223, 0.0],
            [77.9450898, 29.1025928, 0.0],
            [77.945324, 29.1026179, 0.0],
            [77.9453199, 29.1029518, 0.0],
            [77.9450941, 29.1029223, 0.0]
          ]
        ]
      }
    },
    {
      "type": "Feature",
      "properties": { "Name": "Untitled polygon" },
      "geometry": {
        "type": "Polygon",
        "coordinates": [
          [
            [77.9465704, 29.1037008, 0.0],
            [77.9466119, 29.1027229, 0.0],
            [77.9470252, 29.1027524, 0.0],
            [77.9469519, 29.1037124, 0.0],
            [77.9465704, 29.1037008, 0.0]
          ]
        ]
      }
    },
    {
      "type": "Feature",
      "properties": { "Name": "Untitled polygon" },
      "geometry": {
        "type": "Polygon",
        "coordinates": [
          [
            [77.946988, 29.1037376, 0.0],
            [77.9470471, 29.1027521, 0.0],
            [77.9475638, 29.1028027, 0.0],
            [77.9474633, 29.1037942, 0.0],
            [77.946988, 29.1037376, 0.0]
          ]
        ]
      }
    },
    {
      "type": "Feature",
      "properties": { "Name": "Untitled polygon" },
      "geometry": {
        "type": "Polygon",
        "coordinates": [
          [
            [77.9481083, 29.1037638, 0.0],
            [77.9482409, 29.1028303, 0.0],
            [77.9484233, 29.1030296, 0.0],
            [77.9487824, 29.1038123, 0.0],
            [77.9481083, 29.1037638, 0.0]
          ]
        ]
      }
    },
    {
      "type": "Feature",
      "properties": { "Name": "Untitled polygon" },
      "geometry": {
        "type": "Polygon",
        "coordinates": [
          [
            [77.9495869, 29.1039094, 0.0],
            [77.9492768, 29.1032811, 0.0],
            [77.9492373, 29.1030926, 0.0],
            [77.9493055, 29.1029042, 0.0],
            [77.950462, 29.1029273, 0.0],
            [77.950704, 29.1033093, 0.0],
            [77.9495869, 29.1039094, 0.0]
          ]
        ]
      }
    },
    {
      "type": "Feature",
      "properties": { "Name": "Untitled polygon" },
      "geometry": {
        "type": "Polygon",
        "coordinates": [
          [
            [77.9514695, 29.1029583, 0.0],
            [77.9515193, 29.1031063, 0.0],
            [77.9508634, 29.1034244, 0.0],
            [77.9505103, 29.1029355, 0.0],
            [77.9514695, 29.1029583, 0.0]
          ]
        ]
      }
    },
    {
      "type": "Feature",
      "properties": { "Name": "Untitled polygon" },
      "geometry": {
        "type": "Polygon",
        "coordinates": [
          [
            [77.9507241, 29.103317, 0.0],
            [77.951048, 29.1038187, 0.0],
            [77.9498581, 29.1044921, 0.0],
            [77.9496006, 29.1039307, 0.0],
            [77.9507241, 29.103317, 0.0]
          ]
        ]
      }
    },
    {
      "type": "Feature",
      "properties": { "Name": "Untitled polygon" },
      "geometry": {
        "type": "Polygon",
        "coordinates": [
          [
            [77.9502357, 29.1043203, 0.0],
            [77.9504394, 29.1047095, 0.0],
            [77.9500721, 29.104927, 0.0],
            [77.9498695, 29.104518, 0.0],
            [77.9502357, 29.1043203, 0.0]
          ]
        ]
      }
    },
    {
      "type": "Feature",
      "properties": { "Name": "Untitled polygon" },
      "geometry": {
        "type": "Polygon",
        "coordinates": [
          [
            [77.9518642, 29.0904077, 0.0],
            [77.9516085, 29.0914612, 0.0],
            [77.951344, 29.0911799, 0.0],
            [77.9510268, 29.0913565, 0.0],
            [77.9509869, 29.0915124, 0.0],
            [77.9508662, 29.0916194, 0.0],
            [77.9503359, 29.0910293, 0.0],
            [77.950057, 29.0912064, 0.0],
            [77.9506097, 29.0917779, 0.0],
            [77.9503865, 29.0919555, 0.0],
            [77.9494656, 29.0909242, 0.0],
            [77.9509955, 29.0899457, 0.0],
            [77.9518619, 29.0902606, 0.0],
            [77.9515363, 29.0904705, 0.0],
            [77.9516822, 29.0905424, 0.0],
            [77.9518642, 29.0904077, 0.0]
          ]
        ]
      }
    },
    {
      "type": "Feature",
      "properties": { "Name": "Untitled polygon" },
      "geometry": {
        "type": "Polygon",
        "coordinates": [
          [
            [77.9494062, 29.1026258, 0.0],
            [77.9494702, 29.1021982, 0.0],
            [77.9497689, 29.1021036, 0.0],
            [77.9499559, 29.1026473, 0.0],
            [77.9494062, 29.1026258, 0.0]
          ]
        ]
      }
    },
    {
      "type": "Feature",
      "properties": { "Name": "Untitled polygon" },
      "geometry": {
        "type": "Polygon",
        "coordinates": [
          [
            [77.9523231, 29.0889124, 0.0],
            [77.9527865, 29.0887137, 0.0],
            [77.9527643, 29.0884936, 0.0],
            [77.9528995, 29.0884143, 0.0],
            [77.9536248, 29.0893681, 0.0],
            [77.9525995, 29.0900774, 0.0],
            [77.9532618, 29.0908195, 0.0],
            [77.9527116, 29.0912169, 0.0],
            [77.9520075, 29.0904127, 0.0],
            [77.9523231, 29.0889124, 0.0]
          ]
        ]
      }
    },
    {
      "type": "Feature",
      "properties": { "Name": "Untitled polygon" },
      "geometry": {
        "type": "Polygon",
        "coordinates": [
          [
            [77.9494679, 29.1021633, 0.0],
            [77.9495665, 29.1017845, 0.0],
            [77.9503575, 29.1014808, 0.0],
            [77.950789, 29.1020531, 0.0],
            [77.9504986, 29.1022494, 0.0],
            [77.9499062, 29.102403, 0.0],
            [77.9497746, 29.1020652, 0.0],
            [77.9494679, 29.1021633, 0.0]
          ]
        ]
      }
    },
    {
      "type": "Feature",
      "properties": { "Name": "Untitled polygon" },
      "geometry": {
        "type": "Polygon",
        "coordinates": [
          [
            [77.9510306, 29.1011824, 0.0],
            [77.9513379, 29.1015726, 0.0],
            [77.9507346, 29.1019367, 0.0],
            [77.9504294, 29.1015353, 0.0],
            [77.9510306, 29.1011824, 0.0]
          ]
        ]
      }
    },
    {
      "type": "Feature",
      "properties": { "Name": "Untitled polygon" },
      "geometry": {
        "type": "Polygon",
        "coordinates": [
          [
            [77.9516717, 29.1007728, 0.0],
            [77.9519954, 29.1011334, 0.0],
            [77.9513325, 29.1015505, 0.0],
            [77.9510574, 29.1011712, 0.0],
            [77.9516717, 29.1007728, 0.0]
          ]
        ]
      }
    },
    {
      "type": "Feature",
      "properties": { "Name": "Untitled polygon" },
      "geometry": {
        "type": "Polygon",
        "coordinates": [
          [
            [77.9524133, 29.1009239, 0.0],
            [77.9526939, 29.1012949, 0.0],
            [77.9519827, 29.1017026, 0.0],
            [77.9517101, 29.1013404, 0.0],
            [77.9524133, 29.1009239, 0.0]
          ]
        ]
      }
    },
    {
      "type": "Feature",
      "properties": { "Name": "Untitled polygon" },
      "geometry": {
        "type": "Polygon",
        "coordinates": [
          [
            [77.9526507, 29.100159, 0.0],
            [77.9527856, 29.1003333, 0.0],
            [77.9530905, 29.1001758, 0.0],
            [77.9535389, 29.1007821, 0.0],
            [77.9531185, 29.1010522, 0.0],
            [77.9523932, 29.1003257, 0.0],
            [77.9526507, 29.100159, 0.0]
          ]
        ]
      }
    },
    {
      "type": "Feature",
      "properties": { "Name": "Untitled polygon" },
      "geometry": {
        "type": "Polygon",
        "coordinates": [
          [
            [77.9439604, 29.1014711, 0.0],
            [77.9437843, 29.1010086, 0.0],
            [77.9449812, 29.1010303, 0.0],
            [77.9449872, 29.1012703, 0.0],
            [77.9439604, 29.1014711, 0.0]
          ]
        ]
      }
    },
    {
      "type": "Feature",
      "properties": { "Name": "Untitled polygon" },
      "geometry": {
        "type": "Polygon",
        "coordinates": [
          [
            [77.9450039, 29.1010789, 0.0],
            [77.9450165, 29.1007834, 0.0],
            [77.9453568, 29.1007056, 0.0],
            [77.945389, 29.1009923, 0.0],
            [77.9450039, 29.1010789, 0.0]
          ]
        ]
      }
    },
    {
      "type": "Feature",
      "properties": { "Name": "Untitled polygon" },
      "geometry": {
        "type": "Polygon",
        "coordinates": [
          [
            [77.9454383, 29.1009907, 0.0],
            [77.9454239, 29.1006984, 0.0],
            [77.9457709, 29.1006336, 0.0],
            [77.9457832, 29.1008663, 0.0],
            [77.9454383, 29.1009907, 0.0]
          ]
        ]
      }
    },
    {
      "type": "Feature",
      "properties": { "Name": "Untitled polygon" },
      "geometry": {
        "type": "Polygon",
        "coordinates": [
          [
            [77.9458099, 29.100868, 0.0],
            [77.9458002, 29.1006275, 0.0],
            [77.9462232, 29.1005502, 0.0],
            [77.946266, 29.1007325, 0.0],
            [77.9458099, 29.100868, 0.0]
          ]
        ]
      }
    },
    {
      "type": "Feature",
      "properties": { "Name": "Untitled polygon" },
      "geometry": {
        "type": "Polygon",
        "coordinates": [
          [
            [77.9450223, 29.1007546, 0.0],
            [77.9450142, 29.1003269, 0.0],
            [77.9453665, 29.1002935, 0.0],
            [77.9453929, 29.1006631, 0.0],
            [77.9450223, 29.1007546, 0.0]
          ]
        ]
      }
    },
    {
      "type": "Feature",
      "properties": { "Name": "Untitled polygon" },
      "geometry": {
        "type": "Polygon",
        "coordinates": [
          [
            [77.9454194, 29.1006597, 0.0],
            [77.9453908, 29.1003083, 0.0],
            [77.9457631, 29.1002818, 0.0],
            [77.945775, 29.1005895, 0.0],
            [77.9454194, 29.1006597, 0.0]
          ]
        ]
      }
    },
    {
      "type": "Feature",
      "properties": { "Name": "Untitled polygon" },
      "geometry": {
        "type": "Polygon",
        "coordinates": [
          [
            [77.9450248, 29.1003131, 0.0],
            [77.9450172, 29.0998988, 0.0],
            [77.945788, 29.0999454, 0.0],
            [77.9457914, 29.1002558, 0.0],
            [77.9454173, 29.1002817, 0.0],
            [77.9453635, 29.100273, 0.0],
            [77.9450248, 29.1003131, 0.0]
          ]
        ]
      }
    },
    {
      "type": "Feature",
      "properties": { "Name": "Untitled polygon" },
      "geometry": {
        "type": "Polygon",
        "coordinates": [
          [
            [77.9442106, 29.1002384, 0.0],
            [77.9442296, 29.09994, 0.0],
            [77.9449769, 29.0999745, 0.0],
            [77.9449732, 29.1002731, 0.0],
            [77.9442106, 29.1002384, 0.0]
          ]
        ]
      }
    },
    {
      "type": "Feature",
      "properties": { "Name": "Untitled polygon" },
      "geometry": {
        "type": "Polygon",
        "coordinates": [
          [
            [77.9442114, 29.0998362, 0.0],
            [77.9442354, 29.0990501, 0.0],
            [77.9450383, 29.0990413, 0.0],
            [77.9449804, 29.0998956, 0.0],
            [77.9442114, 29.0998362, 0.0]
          ]
        ]
      }
    },
    {
      "type": "Feature",
      "properties": { "Name": "Untitled polygon" },
      "geometry": {
        "type": "Polygon",
        "coordinates": [
          [
            [77.9450053, 29.099825, 0.0],
            [77.945036, 29.0993075, 0.0],
            [77.945317, 29.0991054, 0.0],
            [77.9456519, 29.0994951, 0.0],
            [77.9450053, 29.099825, 0.0]
          ]
        ]
      }
    },
    {
      "type": "Feature",
      "properties": { "Name": "Untitled polygon" },
      "geometry": {
        "type": "Polygon",
        "coordinates": [
          [
            [77.9456714, 29.0994636, 0.0],
            [77.9453217, 29.099067, 0.0],
            [77.9450496, 29.0992738, 0.0],
            [77.9450627, 29.098424, 0.0],
            [77.945232, 29.0983722, 0.0],
            [77.9456263, 29.0989185, 0.0],
            [77.9460361, 29.099243, 0.0],
            [77.9456714, 29.0994636, 0.0]
          ]
        ]
      }
    },
    {
      "type": "Feature",
      "properties": { "Name": "Untitled polygon" },
      "geometry": {
        "type": "Polygon",
        "coordinates": [
          [
            [77.9442389, 29.0990112, 0.0],
            [77.9442358, 29.0986781, 0.0],
            [77.9450255, 29.0985902, 0.0],
            [77.9450277, 29.0990238, 0.0],
            [77.9442389, 29.0990112, 0.0]
          ]
        ]
      }
    },
    {
      "type": "Feature",
      "properties": { "Name": "Untitled polygon" },
      "geometry": {
        "type": "Polygon",
        "coordinates": [
          [
            [77.9442415, 29.098648, 0.0],
            [77.9442445, 29.0977244, 0.0],
            [77.9450498, 29.0980236, 0.0],
            [77.9450382, 29.0985682, 0.0],
            [77.9442415, 29.098648, 0.0]
          ]
        ]
      }
    },
    {
      "type": "Feature",
      "properties": { "Name": "Untitled polygon" },
      "geometry": {
        "type": "Polygon",
        "coordinates": [
          [
            [77.9382541, 29.0966085, 0.0],
            [77.9379683, 29.0962807, 0.0],
            [77.9385223, 29.0962932, 0.0],
            [77.9388186, 29.0966485, 0.0],
            [77.9382541, 29.0966085, 0.0]
          ]
        ]
      }
    },
    {
      "type": "Feature",
      "properties": { "Name": "Untitled polygon" },
      "geometry": {
        "type": "Polygon",
        "coordinates": [
          [
            [77.9370754, 29.0965814, 0.0],
            [77.9370756, 29.0963885, 0.0],
            [77.9371578, 29.0962946, 0.0],
            [77.9373317, 29.0962569, 0.0],
            [77.9376452, 29.0965795, 0.0],
            [77.9370754, 29.0965814, 0.0]
          ]
        ]
      }
    },
    {
      "type": "Feature",
      "properties": { "Name": "Untitled polygon" },
      "geometry": {
        "type": "Polygon",
        "coordinates": [
          [
            [77.9379461, 29.0962879, 0.0],
            [77.9382242, 29.0966093, 0.0],
            [77.9376735, 29.0965828, 0.0],
            [77.9373573, 29.0962431, 0.0],
            [77.9379461, 29.0962879, 0.0]
          ]
        ]
      }
    },
    {
      "type": "Feature",
      "properties": { "Name": "Untitled polygon" },
      "geometry": {
        "type": "Polygon",
        "coordinates": [
          [
            [77.9379358, 29.095547, 0.0],
            [77.9384932, 29.0962525, 0.0],
            [77.9373879, 29.0961873, 0.0],
            [77.9372539, 29.0959785, 0.0],
            [77.9379358, 29.095547, 0.0]
          ]
        ]
      }
    },
    {
      "type": "Feature",
      "properties": { "Name": "Untitled polygon" },
      "geometry": {
        "type": "Polygon",
        "coordinates": [
          [
            [77.93711, 29.0952672, 0.0],
            [77.937136, 29.094866, 0.0],
            [77.9376611, 29.0946321, 0.0],
            [77.937838, 29.0949034, 0.0],
            [77.93711, 29.0952672, 0.0]
          ]
        ]
      }
    },
    {
      "type": "Feature",
      "properties": { "Name": "Untitled polygon" },
      "geometry": {
        "type": "Polygon",
        "coordinates": [
          [
            [77.9382975, 29.0943389, 0.0],
            [77.9384468, 29.09453, 0.0],
            [77.9378538, 29.0948922, 0.0],
            [77.9376821, 29.0946214, 0.0],
            [77.9382975, 29.0943389, 0.0]
          ]
        ]
      }
    },
    {
      "type": "Feature",
      "properties": { "Name": "Untitled polygon" },
      "geometry": {
        "type": "Polygon",
        "coordinates": [
          [
            [77.9371258, 29.0948427, 0.0],
            [77.9371516, 29.0943147, 0.0],
            [77.9380934, 29.0940839, 0.0],
            [77.9382725, 29.0943184, 0.0],
            [77.9371258, 29.0948427, 0.0]
          ]
        ]
      }
    },
    {
      "type": "Feature",
      "properties": { "Name": "Untitled polygon" },
      "geometry": {
        "type": "Polygon",
        "coordinates": [
          [
            [77.9396627, 29.0932705, 0.0],
            [77.9402357, 29.0942643, 0.0],
            [77.9394188, 29.0947778, 0.0],
            [77.9393403, 29.0946694, 0.0],
            [77.9391861, 29.0947199, 0.0],
            [77.9388556, 29.0942895, 0.0],
            [77.9384759, 29.0945096, 0.0],
            [77.9381377, 29.0940694, 0.0],
            [77.9396627, 29.0932705, 0.0]
          ]
        ]
      }
    },
    {
      "type": "Feature",
      "properties": { "Name": "Untitled polygon" },
      "geometry": {
        "type": "Polygon",
        "coordinates": [
          [
            [77.9372706, 29.0937566, 0.0],
            [77.9371535, 29.0934413, 0.0],
            [77.9378271, 29.0930754, 0.0],
            [77.9379979, 29.0933471, 0.0],
            [77.9372706, 29.0937566, 0.0]
          ]
        ]
      }
    },
    {
      "type": "Feature",
      "properties": { "Name": "Untitled polygon" },
      "geometry": {
        "type": "Polygon",
        "coordinates": [
          [
            [77.9381133, 29.0940316, 0.0],
            [77.9377483, 29.0935371, 0.0],
            [77.9393126, 29.0926426, 0.0],
            [77.9396384, 29.0932289, 0.0],
            [77.9381133, 29.0940316, 0.0]
          ]
        ]
      }
    },
    {
      "type": "Feature",
      "properties": { "Name": "Untitled polygon" },
      "geometry": {
        "type": "Polygon",
        "coordinates": [
          [
            [77.9371922, 29.0933911, 0.0],
            [77.9372271, 29.0928562, 0.0],
            [77.9377413, 29.0926126, 0.0],
            [77.9380163, 29.0929563, 0.0],
            [77.9371922, 29.0933911, 0.0]
          ]
        ]
      }
    },
    {
      "type": "Feature",
      "properties": { "Name": "Untitled polygon" },
      "geometry": {
        "type": "Polygon",
        "coordinates": [
          [
            [77.9386107, 29.0921999, 0.0],
            [77.9387939, 29.0925416, 0.0],
            [77.9380534, 29.0929546, 0.0],
            [77.9377701, 29.0925919, 0.0],
            [77.9386107, 29.0921999, 0.0]
          ]
        ]
      }
    },
    {
      "type": "Feature",
      "properties": { "Name": "Untitled polygon" },
      "geometry": {
        "type": "Polygon",
        "coordinates": [
          [
            [77.9372323, 29.0928189, 0.0],
            [77.9372162, 29.0923075, 0.0],
            [77.9374809, 29.092221, 0.0],
            [77.9377189, 29.0925988, 0.0],
            [77.9372323, 29.0928189, 0.0]
          ]
        ]
      }
    },
    {
      "type": "Feature",
      "properties": { "Name": "Untitled polygon" },
      "geometry": {
        "type": "Polygon",
        "coordinates": [
          [
            [77.9383979, 29.091853, 0.0],
            [77.9385959, 29.0921846, 0.0],
            [77.9377406, 29.092581, 0.0],
            [77.9375057, 29.0922104, 0.0],
            [77.9383979, 29.091853, 0.0]
          ]
        ]
      }
    },
    {
      "type": "Feature",
      "properties": { "Name": "Untitled polygon" },
      "geometry": {
        "type": "Polygon",
        "coordinates": [
          [
            [77.9387668, 29.0916981, 0.0],
            [77.9389391, 29.0919864, 0.0],
            [77.9386029, 29.0921649, 0.0],
            [77.9384181, 29.0918491, 0.0],
            [77.9387668, 29.0916981, 0.0]
          ]
        ]
      }
    },
    {
      "type": "Feature",
      "properties": { "Name": "Untitled polygon" },
      "geometry": {
        "type": "Polygon",
        "coordinates": [
          [
            [77.938454, 29.0911671, 0.0],
            [77.9387648, 29.091674, 0.0],
            [77.9379137, 29.0920372, 0.0],
            [77.9376735, 29.0915612, 0.0],
            [77.938454, 29.0911671, 0.0]
          ]
        ]
      }
    },
    {
      "type": "Feature",
      "properties": { "Name": "Untitled polygon" },
      "geometry": {
        "type": "Polygon",
        "coordinates": [
          [
            [77.9372953, 29.0917506, 0.0],
            [77.9374739, 29.0922061, 0.0],
            [77.9372286, 29.0922899, 0.0],
            [77.9371724, 29.0917642, 0.0],
            [77.9372953, 29.0917506, 0.0]
          ]
        ]
      }
    },
    {
      "type": "Feature",
      "properties": { "Name": "Untitled polygon" },
      "geometry": {
        "type": "Polygon",
        "coordinates": [
          [
            [77.9376675, 29.0915791, 0.0],
            [77.9378977, 29.0920396, 0.0],
            [77.9374844, 29.0921923, 0.0],
            [77.9373083, 29.0917405, 0.0],
            [77.9376675, 29.0915791, 0.0]
          ]
        ]
      }
    },
    {
      "type": "Feature",
      "properties": { "Name": "Untitled polygon" },
      "geometry": {
        "type": "Polygon",
        "coordinates": [
          [
            [77.9371534, 29.0916702, 0.0],
            [77.9372738, 29.0906919, 0.0],
            [77.9377603, 29.0906507, 0.0],
            [77.9380918, 29.091248, 0.0],
            [77.9376323, 29.0915184, 0.0],
            [77.9373064, 29.0916675, 0.0],
            [77.9371534, 29.0916702, 0.0]
          ]
        ]
      }
    },
    {
      "type": "Feature",
      "properties": { "Name": "Untitled polygon" },
      "geometry": {
        "type": "Polygon",
        "coordinates": [
          [
            [77.9381372, 29.0912262, 0.0],
            [77.9378426, 29.0907054, 0.0],
            [77.9383349, 29.0906898, 0.0],
            [77.938444, 29.0910925, 0.0],
            [77.9381372, 29.0912262, 0.0]
          ]
        ]
      }
    },
    {
      "type": "Feature",
      "properties": { "Name": "Untitled polygon" },
      "geometry": {
        "type": "Polygon",
        "coordinates": [
          [
            [77.9384954, 29.0910714, 0.0],
            [77.9383567, 29.0906965, 0.0],
            [77.9387314, 29.0906822, 0.0],
            [77.9388598, 29.090935, 0.0],
            [77.9384954, 29.0910714, 0.0]
          ]
        ]
      }
    },
    {
      "type": "Feature",
      "properties": { "Name": "Untitled polygon" },
      "geometry": {
        "type": "Polygon",
        "coordinates": [
          [
            [77.938873, 29.0909209, 0.0],
            [77.9387477, 29.0906775, 0.0],
            [77.9390411, 29.0906539, 0.0],
            [77.9391008, 29.09082, 0.0],
            [77.938873, 29.0909209, 0.0]
          ]
        ]
      }
    },
    {
      "type": "Feature",
      "properties": { "Name": "Untitled polygon" },
      "geometry": {
        "type": "Polygon",
        "coordinates": [
          [
            [77.9371281, 29.0906532, 0.0],
            [77.9373166, 29.086937, 0.0],
            [77.9393478, 29.0867916, 0.0],
            [77.9394005, 29.089472, 0.0],
            [77.9396871, 29.0902089, 0.0],
            [77.9396884, 29.0904357, 0.0],
            [77.9371281, 29.0906532, 0.0]
          ]
        ]
      }
    },
    {
      "type": "Feature",
      "properties": { "Name": "Untitled polygon" },
      "geometry": {
        "type": "Polygon",
        "coordinates": [
          [
            [77.9394308, 29.0888952, 0.0],
            [77.9398088, 29.0887146, 0.0],
            [77.9408613, 29.0903145, 0.0],
            [77.939935, 29.090762, 0.0],
            [77.9398085, 29.0907522, 0.0],
            [77.9397099, 29.0904779, 0.0],
            [77.9397323, 29.0902234, 0.0],
            [77.9394363, 29.0894803, 0.0],
            [77.9394308, 29.0888952, 0.0]
          ]
        ]
      }
    },
    {
      "type": "Feature",
      "properties": { "Name": "Untitled polygon" },
      "geometry": {
        "type": "Polygon",
        "coordinates": [
          [
            [77.9406718, 29.0883286, 0.0],
            [77.9409081, 29.0887541, 0.0],
            [77.9401311, 29.0890972, 0.0],
            [77.9398697, 29.0886825, 0.0],
            [77.9406718, 29.0883286, 0.0]
          ]
        ]
      }
    },
    {
      "type": "Feature",
      "properties": { "Name": "Untitled polygon" },
      "geometry": {
        "type": "Polygon",
        "coordinates": [
          [
            [77.9409186, 29.0887692, 0.0],
            [77.9410759, 29.0891103, 0.0],
            [77.9403335, 29.0894038, 0.0],
            [77.9401446, 29.0891174, 0.0],
            [77.9409186, 29.0887692, 0.0]
          ]
        ]
      }
    },
    {
      "type": "Feature",
      "properties": { "Name": "Untitled polygon" },
      "geometry": {
        "type": "Polygon",
        "coordinates": [
          [
            [77.9410759, 29.0891295, 0.0],
            [77.9412659, 29.0894833, 0.0],
            [77.9405577, 29.0897771, 0.0],
            [77.9403523, 29.0894177, 0.0],
            [77.9410759, 29.0891295, 0.0]
          ]
        ]
      }
    },
    {
      "type": "Feature",
      "properties": { "Name": "Untitled polygon" },
      "geometry": {
        "type": "Polygon",
        "coordinates": [
          [
            [77.9412865, 29.0895089, 0.0],
            [77.9415262, 29.0899467, 0.0],
            [77.941846, 29.0898244, 0.0],
            [77.9420302, 29.0901522, 0.0],
            [77.9410872, 29.0905426, 0.0],
            [77.9405961, 29.0898224, 0.0],
            [77.9412865, 29.0895089, 0.0]
          ]
        ]
      }
    },
    {
      "type": "Feature",
      "properties": { "Name": "Untitled polygon" },
      "geometry": {
        "type": "Polygon",
        "coordinates": [
          [
            [77.9425695, 29.0887193, 0.0],
            [77.9430813, 29.0892353, 0.0],
            [77.9415361, 29.0899169, 0.0],
            [77.9412182, 29.0893047, 0.0],
            [77.9425695, 29.0887193, 0.0]
          ]
        ]
      }
    },
    {
      "type": "Feature",
      "properties": { "Name": "Untitled polygon" },
      "geometry": {
        "type": "Polygon",
        "coordinates": [
          [
            [77.9420841, 29.088309, 0.0],
            [77.9425544, 29.0887084, 0.0],
            [77.9420819, 29.0889218, 0.0],
            [77.9418217, 29.0884631, 0.0],
            [77.9420841, 29.088309, 0.0]
          ]
        ]
      }
    },
    {
      "type": "Feature",
      "properties": { "Name": "Untitled polygon" },
      "geometry": {
        "type": "Polygon",
        "coordinates": [
          [
            [77.9413404, 29.0883974, 0.0],
            [77.9412327, 29.0881093, 0.0],
            [77.941689, 29.0879179, 0.0],
            [77.9420588, 29.088303, 0.0],
            [77.941801, 29.088457, 0.0],
            [77.9420612, 29.0889258, 0.0],
            [77.9412061, 29.0892917, 0.0],
            [77.9408207, 29.0885672, 0.0],
            [77.9413404, 29.0883974, 0.0]
          ]
        ]
      }
    },
    {
      "type": "Feature",
      "properties": { "Name": "Untitled polygon" },
      "geometry": {
        "type": "Polygon",
        "coordinates": [
          [
            [77.9412177, 29.0881128, 0.0],
            [77.9413168, 29.0883875, 0.0],
            [77.9408075, 29.0885571, 0.0],
            [77.9406867, 29.0883134, 0.0],
            [77.9412177, 29.0881128, 0.0]
          ]
        ]
      }
    },
    {
      "type": "Feature",
      "properties": { "Name": "Untitled polygon" },
      "geometry": {
        "type": "Polygon",
        "coordinates": [
          [
            [77.9397647, 29.0876424, 0.0],
            [77.9402468, 29.0883684, 0.0],
            [77.9396578, 29.0885524, 0.0],
            [77.9395745, 29.0883654, 0.0],
            [77.9394602, 29.0882606, 0.0],
            [77.9394732, 29.0877464, 0.0],
            [77.9397647, 29.0876424, 0.0]
          ]
        ]
      }
    },
    {
      "type": "Feature",
      "properties": { "Name": "Untitled polygon" },
      "geometry": {
        "type": "Polygon",
        "coordinates": [
          [
            [77.9403223, 29.0884129, 0.0],
            [77.9402014, 29.0882365, 0.0],
            [77.9404045, 29.0881102, 0.0],
            [77.9405461, 29.0883163, 0.0],
            [77.9403223, 29.0884129, 0.0]
          ]
        ]
      }
    },
    {
      "type": "Feature",
      "properties": { "Name": "Untitled polygon" },
      "geometry": {
        "type": "Polygon",
        "coordinates": [
          [
            [77.9401874, 29.0882031, 0.0],
            [77.9397791, 29.0876275, 0.0],
            [77.9403122, 29.0873485, 0.0],
            [77.9407055, 29.0879382, 0.0],
            [77.9408052, 29.0879173, 0.0],
            [77.9409511, 29.0881453, 0.0],
            [77.9405805, 29.0883058, 0.0],
            [77.9404266, 29.0880856, 0.0],
            [77.9401874, 29.0882031, 0.0]
          ]
        ]
      }
    },
    {
      "type": "Feature",
      "properties": { "Name": "Untitled polygon" },
      "geometry": {
        "type": "Polygon",
        "coordinates": [
          [
            [77.9407838, 29.087584, 0.0],
            [77.9405473, 29.0872154, 0.0],
            [77.9408356, 29.0870697, 0.0],
            [77.9414438, 29.0879575, 0.0],
            [77.9410011, 29.0881403, 0.0],
            [77.9406757, 29.0876436, 0.0],
            [77.9407838, 29.087584, 0.0]
          ]
        ]
      }
    },
    {
      "type": "Feature",
      "properties": { "Name": "Untitled polygon" },
      "geometry": {
        "type": "Polygon",
        "coordinates": [
          [
            [77.9398849, 29.0875678, 0.0],
            [77.9397554, 29.0876283, 0.0],
            [77.9394573, 29.0877248, 0.0],
            [77.9394504, 29.0868405, 0.0],
            [77.9398849, 29.0875678, 0.0]
          ]
        ]
      }
    },
    {
      "type": "Feature",
      "properties": { "Name": "Untitled polygon" },
      "geometry": {
        "type": "Polygon",
        "coordinates": [
          [
            [77.9397486, 29.0866848, 0.0],
            [77.9401195, 29.0874124, 0.0],
            [77.9398868, 29.0875381, 0.0],
            [77.9394819, 29.0867704, 0.0],
            [77.9397486, 29.0866848, 0.0]
          ]
        ]
      }
    },
    {
      "type": "Feature",
      "properties": { "Name": "Untitled polygon" },
      "geometry": {
        "type": "Polygon",
        "coordinates": [
          [
            [77.9402773, 29.0864995, 0.0],
            [77.9409207, 29.0862142, 0.0],
            [77.9413147, 29.0867906, 0.0],
            [77.9401275, 29.0873841, 0.0],
            [77.939764, 29.0866835, 0.0],
            [77.9402773, 29.0864995, 0.0]
          ]
        ]
      }
    },
    {
      "type": "Feature",
      "properties": { "Name": "Untitled polygon" },
      "geometry": {
        "type": "Polygon",
        "coordinates": [
          [
            [77.9413405, 29.085983, 0.0],
            [77.9417412, 29.0865799, 0.0],
            [77.9413304, 29.0867882, 0.0],
            [77.9409376, 29.0861981, 0.0],
            [77.9413405, 29.085983, 0.0]
          ]
        ]
      }
    },
    {
      "type": "Feature",
      "properties": { "Name": "Untitled polygon" },
      "geometry": {
        "type": "Polygon",
        "coordinates": [
          [
            [77.9419667, 29.08568, 0.0],
            [77.9423986, 29.0862432, 0.0],
            [77.9417542, 29.0865699, 0.0],
            [77.9413564, 29.0859771, 0.0],
            [77.9419667, 29.08568, 0.0]
          ]
        ]
      }
    },
    {
      "type": "Feature",
      "properties": { "Name": "Untitled polygon" },
      "geometry": {
        "type": "Polygon",
        "coordinates": [
          [
            [77.9424143, 29.0862565, 0.0],
            [77.9432658, 29.0873663, 0.0],
            [77.9426389, 29.0878099, 0.0],
            [77.9417669, 29.0865871, 0.0],
            [77.9424143, 29.0862565, 0.0]
          ]
        ]
      }
    },
    {
      "type": "Feature",
      "properties": { "Name": "Untitled polygon" },
      "geometry": {
        "type": "Polygon",
        "coordinates": [
          [
            [77.9412623, 29.0868319, 0.0],
            [77.9418892, 29.0877274, 0.0],
            [77.9416069, 29.0878864, 0.0],
            [77.9409885, 29.0869843, 0.0],
            [77.9412623, 29.0868319, 0.0]
          ]
        ]
      }
    },
    {
      "type": "Feature",
      "properties": { "Name": "Untitled polygon" },
      "geometry": {
        "type": "Polygon",
        "coordinates": [
          [
            [77.9417446, 29.0865936, 0.0],
            [77.9419988, 29.0869615, 0.0],
            [77.9415408, 29.0871978, 0.0],
            [77.9412843, 29.0868286, 0.0],
            [77.9417446, 29.0865936, 0.0]
          ]
        ]
      }
    },
    {
      "type": "Feature",
      "properties": { "Name": "Untitled polygon" },
      "geometry": {
        "type": "Polygon",
        "coordinates": [
          [
            [77.9420208, 29.0869755, 0.0],
            [77.9422747, 29.0873375, 0.0],
            [77.9418142, 29.087579, 0.0],
            [77.9415528, 29.0872135, 0.0],
            [77.9420208, 29.0869755, 0.0]
          ]
        ]
      }
    },
    {
      "type": "Feature",
      "properties": { "Name": "Untitled polygon" },
      "geometry": {
        "type": "Polygon",
        "coordinates": [
          [
            [77.9356397, 29.1019607, 0.0],
            [77.9356586, 29.1022745, 0.0],
            [77.9349599, 29.1024706, 0.0],
            [77.9348873, 29.1022803, 0.0],
            [77.9356397, 29.1019607, 0.0]
          ]
        ]
      }
    },
    {
      "type": "Feature",
      "properties": { "Name": "Untitled polygon" },
      "geometry": {
        "type": "Polygon",
        "coordinates": [
          [
            [77.935648, 29.1022953, 0.0],
            [77.9356743, 29.1025569, 0.0],
            [77.9349702, 29.102673, 0.0],
            [77.9349531, 29.1025069, 0.0],
            [77.935648, 29.1022953, 0.0]
          ]
        ]
      }
    },
    {
      "type": "Feature",
      "properties": { "Name": "Untitled polygon" },
      "geometry": {
        "type": "Polygon",
        "coordinates": [
          [
            [77.9365012, 29.1028283, 0.0],
            [77.9365603, 29.1019626, 0.0],
            [77.9374201, 29.1020372, 0.0],
            [77.9374135, 29.1028486, 0.0],
            [77.9365012, 29.1028283, 0.0]
          ]
        ]
      }
    },
    {
      "type": "Feature",
      "properties": { "Name": "Untitled polygon" },
      "geometry": {
        "type": "Polygon",
        "coordinates": [
          [
            [77.9356672, 29.1025876, 0.0],
            [77.9356077, 29.1028876, 0.0],
            [77.9349594, 29.1029601, 0.0],
            [77.9349424, 29.1027214, 0.0],
            [77.9356672, 29.1025876, 0.0]
          ]
        ]
      }
    },
    {
      "type": "Feature",
      "properties": { "Name": "Untitled polygon" },
      "geometry": {
        "type": "Polygon",
        "coordinates": [
          [
            [77.93562, 29.1029176, 0.0],
            [77.9356379, 29.1031555, 0.0],
            [77.9349883, 29.1031953, 0.0],
            [77.9349841, 29.1029924, 0.0],
            [77.93562, 29.1029176, 0.0]
          ]
        ]
      }
    },
    {
      "type": "Feature",
      "properties": { "Name": "Untitled polygon" },
      "geometry": {
        "type": "Polygon",
        "coordinates": [
          [
            [77.9356414, 29.1031829, 0.0],
            [77.9355668, 29.103498, 0.0],
            [77.9352571, 29.103531, 0.0],
            [77.9352239, 29.1032168, 0.0],
            [77.9356414, 29.1031829, 0.0]
          ]
        ]
      }
    },
    {
      "type": "Feature",
      "properties": { "Name": "Untitled measurement" },
      "geometry": {
        "type": "Polygon",
        "coordinates": [
          [
            [77.9337619, 29.1037937, 0.0],
            [77.9337261, 29.1034253, 0.0],
            [77.9352075, 29.1032112, 0.0],
            [77.9352346, 29.1035401, 0.0],
            [77.9337619, 29.1037937, 0.0]
          ]
        ]
      }
    },
    {
      "type": "Feature",
      "properties": { "Name": "Untitled polygon" },
      "geometry": {
        "type": "Polygon",
        "coordinates": [
          [
            [77.9355813, 29.1035237, 0.0],
            [77.9355734, 29.1038275, 0.0],
            [77.9347919, 29.1039619, 0.0],
            [77.9347192, 29.1036348, 0.0],
            [77.9352719, 29.1035487, 0.0],
            [77.9355813, 29.1035237, 0.0]
          ]
        ]
      }
    },
    {
      "type": "Feature",
      "properties": { "Name": "Untitled polygon" },
      "geometry": {
        "type": "Polygon",
        "coordinates": [
          [
            [77.9347087, 29.1036383, 0.0],
            [77.9347714, 29.1039607, 0.0],
            [77.9338104, 29.1041559, 0.0],
            [77.9337588, 29.103806, 0.0],
            [77.9347087, 29.1036383, 0.0]
          ]
        ]
      }
    },
    {
      "type": "Feature",
      "properties": { "Name": "Untitled polygon" },
      "geometry": {
        "type": "Polygon",
        "coordinates": [
          [
            [77.933074, 29.1043708, 0.0],
            [77.9330532, 29.1039066, 0.0],
            [77.9337338, 29.1038148, 0.0],
            [77.9337942, 29.1042903, 0.0],
            [77.933074, 29.1043708, 0.0]
          ]
        ]
      }
    },
    {
      "type": "Feature",
      "properties": { "Name": "Untitled polygon" },
      "geometry": {
        "type": "Polygon",
        "coordinates": [
          [
            [77.9338898, 29.1045493, 0.0],
            [77.9338149, 29.1041793, 0.0],
            [77.9350716, 29.1039243, 0.0],
            [77.9351361, 29.1042529, 0.0],
            [77.9345685, 29.1043492, 0.0],
            [77.9345631, 29.1044651, 0.0],
            [77.9338898, 29.1045493, 0.0]
          ]
        ]
      }
    },
    {
      "type": "Feature",
      "properties": { "Name": "Untitled polygon" },
      "geometry": {
        "type": "Polygon",
        "coordinates": [
          [
            [77.935151, 29.1042548, 0.0],
            [77.9350842, 29.1039196, 0.0],
            [77.9355787, 29.1038471, 0.0],
            [77.935583, 29.1042008, 0.0],
            [77.935151, 29.1042548, 0.0]
          ]
        ]
      }
    },
    {
      "type": "Feature",
      "properties": { "Name": "Untitled polygon" },
      "geometry": {
        "type": "Polygon",
        "coordinates": [
          [
            [77.9349059, 29.104666, 0.0],
            [77.934879, 29.1043214, 0.0],
            [77.935129, 29.1042722, 0.0],
            [77.9355569, 29.1042222, 0.0],
            [77.935494, 29.1045879, 0.0],
            [77.9349059, 29.104666, 0.0]
          ]
        ]
      }
    },
    {
      "type": "Feature",
      "properties": { "Name": "Untitled polygon" },
      "geometry": {
        "type": "Polygon",
        "coordinates": [
          [
            [77.9339387, 29.1048562, 0.0],
            [77.9338808, 29.1045686, 0.0],
            [77.9345699, 29.1044815, 0.0],
            [77.9345774, 29.1043559, 0.0],
            [77.9348682, 29.1043239, 0.0],
            [77.9348988, 29.1046737, 0.0],
            [77.9345719, 29.1046931, 0.0],
            [77.9345681, 29.1047789, 0.0],
            [77.9339387, 29.1048562, 0.0]
          ]
        ]
      }
    },
    {
      "type": "Feature",
      "properties": { "Name": "Untitled polygon" },
      "geometry": {
        "type": "Polygon",
        "coordinates": [
          [
            [77.9330318, 29.1052265, 0.0],
            [77.933022, 29.1045478, 0.0],
            [77.9330832, 29.1045378, 0.0],
            [77.9330708, 29.1043817, 0.0],
            [77.9337893, 29.1042998, 0.0],
            [77.9339399, 29.1051778, 0.0],
            [77.9330318, 29.1052265, 0.0]
          ]
        ]
      }
    },
    {
      "type": "Feature",
      "properties": { "Name": "Untitled polygon" },
      "geometry": {
        "type": "Polygon",
        "coordinates": [
          [
            [77.9340148, 29.1051758, 0.0],
            [77.9339334, 29.1048657, 0.0],
            [77.934585, 29.1047858, 0.0],
            [77.934585, 29.1047017, 0.0],
            [77.934894, 29.1046787, 0.0],
            [77.934911, 29.105082, 0.0],
            [77.9340148, 29.1051758, 0.0]
          ]
        ]
      }
    },
    {
      "type": "Feature",
      "properties": { "Name": "Untitled polygon" },
      "geometry": {
        "type": "Polygon",
        "coordinates": [
          [
            [77.9349386, 29.1050696, 0.0],
            [77.9349156, 29.1046766, 0.0],
            [77.9354806, 29.1046023, 0.0],
            [77.935447, 29.1050179, 0.0],
            [77.9349386, 29.1050696, 0.0]
          ]
        ]
      }
    },
    {
      "type": "Feature",
      "properties": { "Name": "Untitled polygon" },
      "geometry": {
        "type": "Polygon",
        "coordinates": [
          [
            [77.9318991, 29.1052588, 0.0],
            [77.9318411, 29.1046098, 0.0],
            [77.9325016, 29.1045544, 0.0],
            [77.9325171, 29.1052488, 0.0],
            [77.9318991, 29.1052588, 0.0]
          ]
        ]
      }
    },
    {
      "type": "Feature",
      "properties": { "Name": "Untitled polygon" },
      "geometry": {
        "type": "Polygon",
        "coordinates": [
          [
            [77.9309735, 29.1052949, 0.0],
            [77.9309427, 29.1047692, 0.0],
            [77.9314006, 29.1047067, 0.0],
            [77.9314673, 29.1052803, 0.0],
            [77.9309735, 29.1052949, 0.0]
          ]
        ]
      }
    },
    {
      "type": "Feature",
      "properties": { "Name": "Untitled polygon" },
      "geometry": {
        "type": "Polygon",
        "coordinates": [
          [
            [77.9314957, 29.1052706, 0.0],
            [77.9314173, 29.1047044, 0.0],
            [77.9314145, 29.1045704, 0.0],
            [77.9318142, 29.1045432, 0.0],
            [77.9318892, 29.1052702, 0.0],
            [77.9314957, 29.1052706, 0.0]
          ]
        ]
      }
    },
    {
      "type": "Feature",
      "properties": { "Name": "Untitled polygon" },
      "geometry": {
        "type": "Polygon",
        "coordinates": [
          [
            [77.9314692, 29.1058185, 0.0],
            [77.9314272, 29.1053258, 0.0],
            [77.9317633, 29.1053106, 0.0],
            [77.9319364, 29.1056768, 0.0],
            [77.9314692, 29.1058185, 0.0]
          ]
        ]
      }
    },
    {
      "type": "Feature",
      "properties": { "Name": "Untitled polygon" },
      "geometry": {
        "type": "Polygon",
        "coordinates": [
          [
            [77.9315097, 29.1061832, 0.0],
            [77.9314957, 29.1058234, 0.0],
            [77.9319384, 29.1056906, 0.0],
            [77.9320705, 29.1059762, 0.0],
            [77.9315097, 29.1061832, 0.0]
          ]
        ]
      }
    },
    {
      "type": "Feature",
      "properties": { "Name": "Untitled polygon" },
      "geometry": {
        "type": "Polygon",
        "coordinates": [
          [
            [77.9316857, 29.1065756, 0.0],
            [77.9315075, 29.1062256, 0.0],
            [77.9320814, 29.1060053, 0.0],
            [77.9322445, 29.106347, 0.0],
            [77.9316857, 29.1065756, 0.0]
          ]
        ]
      }
    },
    {
      "type": "Feature",
      "properties": { "Name": "Untitled polygon" },
      "geometry": {
        "type": "Polygon",
        "coordinates": [
          [
            [77.9322451, 29.106352, 0.0],
            [77.9323403, 29.1065419, 0.0],
            [77.9318204, 29.106762, 0.0],
            [77.9316942, 29.1065779, 0.0],
            [77.9322451, 29.106352, 0.0]
          ]
        ]
      }
    },
    {
      "type": "Feature",
      "properties": { "Name": "Untitled polygon" },
      "geometry": {
        "type": "Polygon",
        "coordinates": [
          [
            [77.9323387, 29.1065535, 0.0],
            [77.9324802, 29.1068664, 0.0],
            [77.9320854, 29.1070443, 0.0],
            [77.9319228, 29.1068761, 0.0],
            [77.9318305, 29.1067708, 0.0],
            [77.9323387, 29.1065535, 0.0]
          ]
        ]
      }
    },
    {
      "type": "Feature",
      "properties": { "Name": "Untitled polygon" },
      "geometry": {
        "type": "Polygon",
        "coordinates": [
          [
            [77.9325086, 29.1068416, 0.0],
            [77.932357, 29.1065011, 0.0],
            [77.9328909, 29.1062904, 0.0],
            [77.9330361, 29.1065883, 0.0],
            [77.9325086, 29.1068416, 0.0]
          ]
        ]
      }
    },
    {
      "type": "Feature",
      "properties": { "Name": "Untitled polygon" },
      "geometry": {
        "type": "Polygon",
        "coordinates": [
          [
            [77.9330514, 29.10659, 0.0],
            [77.9328134, 29.1061378, 0.0],
            [77.9334994, 29.1058566, 0.0],
            [77.9337805, 29.1062591, 0.0],
            [77.9330514, 29.10659, 0.0]
          ]
        ]
      }
    },
    {
      "type": "Feature",
      "properties": { "Name": "Untitled polygon" },
      "geometry": {
        "type": "Polygon",
        "coordinates": [
          [
            [77.9331314, 29.1070178, 0.0],
            [77.9329097, 29.1066727, 0.0],
            [77.933785, 29.1062769, 0.0],
            [77.9340267, 29.1066112, 0.0],
            [77.9331314, 29.1070178, 0.0]
          ]
        ]
      }
    },
    {
      "type": "Feature",
      "properties": { "Name": "Untitled polygon" },
      "geometry": {
        "type": "Polygon",
        "coordinates": [
          [
            [77.9344514, 29.1057545, 0.0],
            [77.9345961, 29.1060414, 0.0],
            [77.9339105, 29.1063719, 0.0],
            [77.9336928, 29.1060285, 0.0],
            [77.9344514, 29.1057545, 0.0]
          ]
        ]
      }
    },
    {
      "type": "Feature",
      "properties": { "Name": "Untitled polygon" },
      "geometry": {
        "type": "Polygon",
        "coordinates": [
          [
            [77.9347934, 29.1063336, 0.0],
            [77.9349787, 29.1066651, 0.0],
            [77.9343328, 29.1069913, 0.0],
            [77.934125, 29.1066683, 0.0],
            [77.9347934, 29.1063336, 0.0]
          ]
        ]
      }
    },
    {
      "type": "Feature",
      "properties": { "Name": "Untitled polygon" },
      "geometry": {
        "type": "Polygon",
        "coordinates": [
          [
            [77.9354248, 29.1050752, 0.0],
            [77.9354197, 29.1054615, 0.0],
            [77.934913, 29.1056919, 0.0],
            [77.9350688, 29.1059946, 0.0],
            [77.9347253, 29.106114, 0.0],
            [77.9342203, 29.1052103, 0.0],
            [77.9354248, 29.1050752, 0.0]
          ]
        ]
      }
    },
    {
      "type": "Feature",
      "properties": { "Name": "Untitled polygon" },
      "geometry": {
        "type": "Polygon",
        "coordinates": [
          [
            [77.9341767, 29.1052205, 0.0],
            [77.9342518, 29.1053593, 0.0],
            [77.9334416, 29.1056635, 0.0],
            [77.9331646, 29.1052668, 0.0],
            [77.9341767, 29.1052205, 0.0]
          ]
        ]
      }
    },
    {
      "type": "Feature",
      "properties": { "Name": "Untitled polygon" },
      "geometry": {
        "type": "Polygon",
        "coordinates": [
          [
            [77.9342591, 29.1053764, 0.0],
            [77.9344319, 29.105715, 0.0],
            [77.9336301, 29.1059753, 0.0],
            [77.9334391, 29.1056849, 0.0],
            [77.9342591, 29.1053764, 0.0]
          ]
        ]
      }
    },
    {
      "type": "Feature",
      "properties": { "Name": "Untitled polygon" },
      "geometry": {
        "type": "Polygon",
        "coordinates": [
          [
            [77.935172, 29.1060053, 0.0],
            [77.935437, 29.1065271, 0.0],
            [77.9351376, 29.106858, 0.0],
            [77.934733, 29.1061585, 0.0],
            [77.935172, 29.1060053, 0.0]
          ]
        ]
      }
    },
    {
      "type": "Feature",
      "properties": { "Name": "Untitled polygon" },
      "geometry": {
        "type": "Polygon",
        "coordinates": [
          [
            [77.935122, 29.1056104, 0.0],
            [77.9352681, 29.1059565, 0.0],
            [77.9350987, 29.1060107, 0.0],
            [77.9349337, 29.1056982, 0.0],
            [77.935122, 29.1056104, 0.0]
          ]
        ]
      }
    },
    {
      "type": "Feature",
      "properties": { "Name": "Untitled polygon" },
      "geometry": {
        "type": "Polygon",
        "coordinates": [
          [
            [77.9352847, 29.1059657, 0.0],
            [77.9351307, 29.1056081, 0.0],
            [77.9354842, 29.1054698, 0.0],
            [77.9354326, 29.1062239, 0.0],
            [77.9353213, 29.1062773, 0.0],
            [77.9351827, 29.1059953, 0.0],
            [77.9352847, 29.1059657, 0.0]
          ]
        ]
      }
    },
    {
      "type": "Feature",
      "properties": { "Name": "Untitled polygon" },
      "geometry": {
        "type": "Polygon",
        "coordinates": [
          [
            [77.9324985, 29.1068797, 0.0],
            [77.9327237, 29.1072303, 0.0],
            [77.9323628, 29.1074235, 0.0],
            [77.9320587, 29.1070819, 0.0],
            [77.9324985, 29.1068797, 0.0]
          ]
        ]
      }
    },
    {
      "type": "Feature",
      "properties": { "Name": "Untitled polygon" },
      "geometry": {
        "type": "Polygon",
        "coordinates": [
          [
            [77.9331374, 29.1070477, 0.0],
            [77.9332571, 29.1072901, 0.0],
            [77.9326359, 29.107608, 0.0],
            [77.932469, 29.1074091, 0.0],
            [77.9331374, 29.1070477, 0.0]
          ]
        ]
      }
    },
    {
      "type": "Feature",
      "properties": { "Name": "Untitled polygon" },
      "geometry": {
        "type": "Polygon",
        "coordinates": [
          [
            [77.9340629, 29.1066399, 0.0],
            [77.934725, 29.1075654, 0.0],
            [77.9344011, 29.1077402, 0.0],
            [77.9342005, 29.1074642, 0.0],
            [77.9340712, 29.1075234, 0.0],
            [77.9336145, 29.1068268, 0.0],
            [77.9340629, 29.1066399, 0.0]
          ]
        ]
      }
    },
    {
      "type": "Feature",
      "properties": { "Name": "Untitled polygon" },
      "geometry": {
        "type": "Polygon",
        "coordinates": [
          [
            [77.9336065, 29.1068285, 0.0],
            [77.9340931, 29.1075895, 0.0],
            [77.9336173, 29.1078022, 0.0],
            [77.9332316, 29.1073181, 0.0],
            [77.9332773, 29.1073023, 0.0],
            [77.933146, 29.1070398, 0.0],
            [77.9336065, 29.1068285, 0.0]
          ]
        ]
      }
    },
    {
      "type": "Feature",
      "properties": { "Name": "Untitled polygon" },
      "geometry": {
        "type": "Polygon",
        "coordinates": [
          [
            [77.9347885, 29.1067794, 0.0],
            [77.9348798, 29.1069451, 0.0],
            [77.9344526, 29.1071554, 0.0],
            [77.9343333, 29.1070015, 0.0],
            [77.9347885, 29.1067794, 0.0]
          ]
        ]
      }
    },
    {
      "type": "Feature",
      "properties": { "Name": "Untitled polygon" },
      "geometry": {
        "type": "Polygon",
        "coordinates": [
          [
            [77.934895, 29.1069536, 0.0],
            [77.9347982, 29.1067856, 0.0],
            [77.9349856, 29.1066957, 0.0],
            [77.9351923, 29.1069914, 0.0],
            [77.9346411, 29.1074163, 0.0],
            [77.9344624, 29.1071639, 0.0],
            [77.934895, 29.1069536, 0.0]
          ]
        ]
      }
    },
    {
      "type": "Feature",
      "properties": { "Name": "Untitled polygon" },
      "geometry": {
        "type": "Polygon",
        "coordinates": [
          [
            [77.9353126, 29.1069063, 0.0],
            [77.935358, 29.1069732, 0.0],
            [77.9348512, 29.1076208, 0.0],
            [77.9346577, 29.1074247, 0.0],
            [77.9353126, 29.1069063, 0.0]
          ]
        ]
      }
    },
    {
      "type": "Feature",
      "properties": { "Name": "Untitled polygon" },
      "geometry": {
        "type": "Polygon",
        "coordinates": [
          [
            [77.9353575, 29.1071269, 0.0],
            [77.9353063, 29.1080196, 0.0],
            [77.9349154, 29.1076743, 0.0],
            [77.9353575, 29.1071269, 0.0]
          ]
        ]
      }
    },
    {
      "type": "Feature",
      "properties": { "Name": "Untitled polygon" },
      "geometry": {
        "type": "Polygon",
        "coordinates": [
          [
            [77.9352923, 29.1080263, 0.0],
            [77.9353392, 29.108096, 0.0],
            [77.9352773, 29.108876, 0.0],
            [77.9348112, 29.1084502, 0.0],
            [77.9352923, 29.1080263, 0.0]
          ]
        ]
      }
    },
    {
      "type": "Feature",
      "properties": { "Name": "Untitled polygon" },
      "geometry": {
        "type": "Polygon",
        "coordinates": [
          [
            [77.9345188, 29.1082398, 0.0],
            [77.9352664, 29.1088878, 0.0],
            [77.935297, 29.1089639, 0.0],
            [77.9348891, 29.1093982, 0.0],
            [77.9348251, 29.1092549, 0.0],
            [77.9342071, 29.1086101, 0.0],
            [77.9345188, 29.1082398, 0.0]
          ]
        ]
      }
    },
    {
      "type": "Feature",
      "properties": { "Name": "Untitled polygon" },
      "geometry": {
        "type": "Polygon",
        "coordinates": [
          [
            [77.9342814, 29.1099968, 0.0],
            [77.9344398, 29.1096823, 0.0],
            [77.934801, 29.1092554, 0.0],
            [77.9348846, 29.109419, 0.0],
            [77.9352181, 29.109066, 0.0],
            [77.9352868, 29.1092411, 0.0],
            [77.9352159, 29.1102712, 0.0],
            [77.9349702, 29.1104505, 0.0],
            [77.9342814, 29.1099968, 0.0]
          ]
        ]
      }
    },
    {
      "type": "Feature",
      "properties": { "Name": "Untitled polygon" },
      "geometry": {
        "type": "Polygon",
        "coordinates": [
          [
            [77.9341043, 29.110644, 0.0],
            [77.9344979, 29.1102066, 0.0],
            [77.9348988, 29.110497, 0.0],
            [77.9344447, 29.1109333, 0.0],
            [77.9341043, 29.110644, 0.0]
          ]
        ]
      }
    },
    {
      "type": "Feature",
      "properties": { "Name": "Untitled polygon" },
      "geometry": {
        "type": "Polygon",
        "coordinates": [
          [
            [77.9338771, 29.110413, 0.0],
            [77.9342682, 29.1100388, 0.0],
            [77.9344791, 29.1102014, 0.0],
            [77.9341157, 29.1106079, 0.0],
            [77.9338771, 29.110413, 0.0]
          ]
        ]
      }
    },
    {
      "type": "Feature",
      "properties": { "Name": "Untitled polygon" },
      "geometry": {
        "type": "Polygon",
        "coordinates": [
          [
            [77.9332949, 29.1098636, 0.0],
            [77.9336345, 29.1094004, 0.0],
            [77.9340103, 29.1095854, 0.0],
            [77.9344185, 29.1096715, 0.0],
            [77.9342541, 29.1100181, 0.0],
            [77.9339911, 29.1102766, 0.0],
            [77.9332949, 29.1098636, 0.0]
          ]
        ]
      }
    },
    {
      "type": "Feature",
      "properties": { "Name": "Untitled polygon" },
      "geometry": {
        "type": "Polygon",
        "coordinates": [
          [
            [77.9339839, 29.1089175, 0.0],
            [77.9344173, 29.1093401, 0.0],
            [77.9342466, 29.1096092, 0.0],
            [77.9340047, 29.10956, 0.0],
            [77.9336513, 29.109376, 0.0],
            [77.9339839, 29.1089175, 0.0]
          ]
        ]
      }
    },
    {
      "type": "Feature",
      "properties": { "Name": "Untitled polygon" },
      "geometry": {
        "type": "Polygon",
        "coordinates": [
          [
            [77.9347723, 29.1075574, 0.0],
            [77.9348207, 29.1076793, 0.0],
            [77.9341143, 29.108598, 0.0],
            [77.9337383, 29.1081596, 0.0],
            [77.9347723, 29.1075574, 0.0]
          ]
        ]
      }
    },
    {
      "type": "Feature",
      "properties": { "Name": "Untitled polygon" },
      "geometry": {
        "type": "Polygon",
        "coordinates": [
          [
            [77.9337395, 29.1081455, 0.0],
            [77.9336441, 29.1080471, 0.0],
            [77.9332855, 29.1083016, 0.0],
            [77.9329442, 29.107925, 0.0],
            [77.9334307, 29.1076079, 0.0],
            [77.9336275, 29.1078292, 0.0],
            [77.9341069, 29.1075976, 0.0],
            [77.9342804, 29.1078343, 0.0],
            [77.9337395, 29.1081455, 0.0]
          ]
        ]
      }
    },
    {
      "type": "Feature",
      "properties": { "Name": "Untitled polygon" },
      "geometry": {
        "type": "Polygon",
        "coordinates": [
          [
            [77.9332186, 29.1073231, 0.0],
            [77.9334205, 29.1075912, 0.0],
            [77.9329391, 29.1079175, 0.0],
            [77.9326543, 29.1076104, 0.0],
            [77.9332186, 29.1073231, 0.0]
          ]
        ]
      }
    },
    {
      "type": "Feature",
      "properties": { "Name": "Untitled polygon" },
      "geometry": {
        "type": "Polygon",
        "coordinates": [
          [
            [77.9336497, 29.1080708, 0.0],
            [77.9340921, 29.1086091, 0.0],
            [77.9338087, 29.109018, 0.0],
            [77.933135, 29.108449, 0.0],
            [77.9336497, 29.1080708, 0.0]
          ]
        ]
      }
    },
    {
      "type": "Feature",
      "properties": { "Name": "Untitled polygon" },
      "geometry": {
        "type": "Polygon",
        "coordinates": [
          [
            [77.9342071, 29.1086248, 0.0],
            [77.9347632, 29.1092259, 0.0],
            [77.9345694, 29.1094464, 0.0],
            [77.9339945, 29.1089064, 0.0],
            [77.9342071, 29.1086248, 0.0]
          ]
        ]
      }
    },
    {
      "type": "Feature",
      "properties": { "Name": "Untitled polygon" },
      "geometry": {
        "type": "Polygon",
        "coordinates": [
          [
            [77.9330974, 29.1084479, 0.0],
            [77.9337624, 29.1090479, 0.0],
            [77.9336697, 29.1092135, 0.0],
            [77.9334591, 29.1090834, 0.0],
            [77.9332812, 29.1092556, 0.0],
            [77.9325856, 29.1088092, 0.0],
            [77.9330974, 29.1084479, 0.0]
          ]
        ]
      }
    },
    {
      "type": "Feature",
      "properties": { "Name": "Untitled polygon" },
      "geometry": {
        "type": "Polygon",
        "coordinates": [
          [
            [77.9338765, 29.1104181, 0.0],
            [77.934109, 29.1106188, 0.0],
            [77.9337559, 29.1109688, 0.0],
            [77.9334955, 29.1107391, 0.0],
            [77.9338765, 29.1104181, 0.0]
          ]
        ]
      }
    },
    {
      "type": "Feature",
      "properties": { "Name": "Untitled polygon" },
      "geometry": {
        "type": "Polygon",
        "coordinates": [
          [
            [77.934125, 29.1106725, 0.0],
            [77.9344262, 29.1109329, 0.0],
            [77.9340982, 29.1112648, 0.0],
            [77.9337873, 29.1110023, 0.0],
            [77.934125, 29.1106725, 0.0]
          ]
        ]
      }
    },
    {
      "type": "Feature",
      "properties": { "Name": "Untitled polygon" },
      "geometry": {
        "type": "Polygon",
        "coordinates": [
          [
            [77.9337539, 29.1109794, 0.0],
            [77.9340924, 29.1112916, 0.0],
            [77.9338159, 29.111547, 0.0],
            [77.9334432, 29.1112224, 0.0],
            [77.9337539, 29.1109794, 0.0]
          ]
        ]
      }
    },
    {
      "type": "Feature",
      "properties": { "Name": "Untitled polygon" },
      "geometry": {
        "type": "Polygon",
        "coordinates": [
          [
            [77.9334344, 29.1112229, 0.0],
            [77.9337863, 29.1115405, 0.0],
            [77.9333691, 29.1119736, 0.0],
            [77.9329882, 29.1116377, 0.0],
            [77.9334344, 29.1112229, 0.0]
          ]
        ]
      }
    },
    {
      "type": "Feature",
      "properties": { "Name": "Untitled polygon" },
      "geometry": {
        "type": "Polygon",
        "coordinates": [
          [
            [77.933486, 29.1107439, 0.0],
            [77.9337488, 29.1109733, 0.0],
            [77.933433, 29.1112134, 0.0],
            [77.9331676, 29.1109217, 0.0],
            [77.933486, 29.1107439, 0.0]
          ]
        ]
      }
    },
    {
      "type": "Feature",
      "properties": { "Name": "Untitled polygon" },
      "geometry": {
        "type": "Polygon",
        "coordinates": [
          [
            [77.9323621, 29.1111706, 0.0],
            [77.9325717, 29.1109183, 0.0],
            [77.9326275, 29.1109184, 0.0],
            [77.9328495, 29.1111074, 0.0],
            [77.9331601, 29.1109261, 0.0],
            [77.9334233, 29.1112189, 0.0],
            [77.9329059, 29.1116897, 0.0],
            [77.9323621, 29.1111706, 0.0]
          ]
        ]
      }
    },
    {
      "type": "Feature",
      "properties": { "Name": "Untitled polygon" },
      "geometry": {
        "type": "Polygon",
        "coordinates": [
          [
            [77.9327318, 29.1119165, 0.0],
            [77.9329744, 29.111644, 0.0],
            [77.9333301, 29.1119619, 0.0],
            [77.9331056, 29.1121773, 0.0],
            [77.9327318, 29.1119165, 0.0]
          ]
        ]
      }
    },
    {
      "type": "Feature",
      "properties": { "Name": "Untitled polygon" },
      "geometry": {
        "type": "Polygon",
        "coordinates": [
          [
            [77.9324851, 29.1121893, 0.0],
            [77.9327207, 29.1119304, 0.0],
            [77.9330897, 29.1121865, 0.0],
            [77.9328632, 29.1124276, 0.0],
            [77.9324851, 29.1121893, 0.0]
          ]
        ]
      }
    },
    {
      "type": "Feature",
      "properties": { "Name": "Untitled polygon" },
      "geometry": {
        "type": "Polygon",
        "coordinates": [
          [
            [77.9319159, 29.1118183, 0.0],
            [77.9323563, 29.1111798, 0.0],
            [77.9329043, 29.1117025, 0.0],
            [77.9324798, 29.1121764, 0.0],
            [77.9319159, 29.1118183, 0.0]
          ]
        ]
      }
    },
    {
      "type": "Feature",
      "properties": { "Name": "Untitled polygon" },
      "geometry": {
        "type": "Polygon",
        "coordinates": [
          [
            [77.9314089, 29.112519, 0.0],
            [77.9319132, 29.1118281, 0.0],
            [77.9324697, 29.1121876, 0.0],
            [77.9318987, 29.1128755, 0.0],
            [77.9314089, 29.112519, 0.0]
          ]
        ]
      }
    },
    {
      "type": "Feature",
      "properties": { "Name": "Untitled polygon" },
      "geometry": {
        "type": "Polygon",
        "coordinates": [
          [
            [77.9322563, 29.112472, 0.0],
            [77.9324768, 29.1121979, 0.0],
            [77.9328523, 29.1124375, 0.0],
            [77.9326126, 29.1126995, 0.0],
            [77.9322563, 29.112472, 0.0]
          ]
        ]
      }
    },
    {
      "type": "Feature",
      "properties": { "Name": "Untitled polygon" },
      "geometry": {
        "type": "Polygon",
        "coordinates": [
          [
            [77.9319064, 29.1128832, 0.0],
            [77.9322502, 29.112486, 0.0],
            [77.9326205, 29.1127154, 0.0],
            [77.9322686, 29.1131324, 0.0],
            [77.9319064, 29.1128832, 0.0]
          ]
        ]
      }
    },
    {
      "type": "Feature",
      "properties": { "Name": "Untitled polygon" },
      "geometry": {
        "type": "Polygon",
        "coordinates": [
          [
            [77.9326706, 29.1126804, 0.0],
            [77.9331308, 29.1121809, 0.0],
            [77.9335291, 29.1124742, 0.0],
            [77.9331486, 29.1129416, 0.0],
            [77.9326706, 29.1126804, 0.0]
          ]
        ]
      }
    },
    {
      "type": "Feature",
      "properties": { "Name": "Untitled polygon" },
      "geometry": {
        "type": "Polygon",
        "coordinates": [
          [
            [77.9322968, 29.113138, 0.0],
            [77.9326504, 29.1127015, 0.0],
            [77.9331286, 29.1129537, 0.0],
            [77.9327599, 29.1134195, 0.0],
            [77.9322968, 29.113138, 0.0]
          ]
        ]
      }
    },
    {
      "type": "Feature",
      "properties": { "Name": "Untitled polygon" },
      "geometry": {
        "type": "Polygon",
        "coordinates": [
          [
            [77.9328867, 29.1133619, 0.0],
            [77.9331568, 29.1129624, 0.0],
            [77.9337471, 29.1132984, 0.0],
            [77.9335922, 29.113549, 0.0],
            [77.9328867, 29.1133619, 0.0]
          ]
        ]
      }
    },
    {
      "type": "Feature",
      "properties": { "Name": "Untitled polygon" },
      "geometry": {
        "type": "Polygon",
        "coordinates": [
          [
            [77.93325, 29.1129996, 0.0],
            [77.9336413, 29.1125323, 0.0],
            [77.9340685, 29.1129072, 0.0],
            [77.9337674, 29.1132983, 0.0],
            [77.93325, 29.1129996, 0.0]
          ]
        ]
      }
    },
    {
      "type": "Feature",
      "properties": { "Name": "Untitled polygon" },
      "geometry": {
        "type": "Polygon",
        "coordinates": [
          [
            [77.9338441, 29.1132294, 0.0],
            [77.9341236, 29.112865, 0.0],
            [77.9350654, 29.1132388, 0.0],
            [77.9349374, 29.114054, 0.0],
            [77.9336223, 29.113549, 0.0],
            [77.9337477, 29.1133162, 0.0],
            [77.9337723, 29.1133162, 0.0],
            [77.9338441, 29.1132294, 0.0]
          ]
        ]
      }
    },
    {
      "type": "Feature",
      "properties": { "Name": "Untitled polygon" },
      "geometry": {
        "type": "Polygon",
        "coordinates": [
          [
            [77.9342451, 29.1142078, 0.0],
            [77.9344383, 29.1138822, 0.0],
            [77.9349419, 29.1140858, 0.0],
            [77.9349054, 29.1145291, 0.0],
            [77.9342451, 29.1142078, 0.0]
          ]
        ]
      }
    },
    {
      "type": "Feature",
      "properties": { "Name": "Untitled polygon" },
      "geometry": {
        "type": "Polygon",
        "coordinates": [
          [
            [77.9314, 29.1143634, 0.0],
            [77.9319358, 29.1140119, 0.0],
            [77.9323087, 29.114384, 0.0],
            [77.9318553, 29.1147735, 0.0],
            [77.9314, 29.1143634, 0.0]
          ]
        ]
      }
    },
    {
      "type": "Feature",
      "properties": { "Name": "Untitled polygon" },
      "geometry": {
        "type": "Polygon",
        "coordinates": [
          [
            [77.9323241, 29.1138201, 0.0],
            [77.9337514, 29.1147476, 0.0],
            [77.9332834, 29.1151802, 0.0],
            [77.9323537, 29.114379, 0.0],
            [77.9320346, 29.1140291, 0.0],
            [77.9323241, 29.1138201, 0.0]
          ]
        ]
      }
    },
    {
      "type": "Feature",
      "properties": { "Name": "Untitled polygon" },
      "geometry": {
        "type": "Polygon",
        "coordinates": [
          [
            [77.9318671, 29.114786, 0.0],
            [77.9323284, 29.1143963, 0.0],
            [77.9332481, 29.1151746, 0.0],
            [77.9328145, 29.11563, 0.0],
            [77.9318671, 29.114786, 0.0]
          ]
        ]
      }
    },
    {
      "type": "Feature",
      "properties": { "Name": "Untitled polygon" },
      "geometry": {
        "type": "Polygon",
        "coordinates": [
          [
            [77.9338637, 29.11472, 0.0],
            [77.9342139, 29.1142269, 0.0],
            [77.9349933, 29.1146508, 0.0],
            [77.9346577, 29.1152463, 0.0],
            [77.9338637, 29.11472, 0.0]
          ]
        ]
      }
    },
    {
      "type": "Feature",
      "properties": { "Name": "Untitled polygon" },
      "geometry": {
        "type": "Polygon",
        "coordinates": [
          [
            [77.9337754, 29.1156121, 0.0],
            [77.9342524, 29.1150316, 0.0],
            [77.9349707, 29.1154531, 0.0],
            [77.9348187, 29.1161106, 0.0],
            [77.9345984, 29.1159872, 0.0],
            [77.9344169, 29.1161493, 0.0],
            [77.9337754, 29.1156121, 0.0]
          ]
        ]
      }
    },
    {
      "type": "Feature",
      "properties": { "Name": "Untitled polygon" },
      "geometry": {
        "type": "Polygon",
        "coordinates": [
          [
            [77.9152161, 29.0954853, 0.0],
            [77.9147484, 29.0949223, 0.0],
            [77.9151244, 29.0946317, 0.0],
            [77.9156954, 29.0952067, 0.0],
            [77.9152161, 29.0954853, 0.0]
          ]
        ]
      }
    },
    {
      "type": "Feature",
      "properties": { "Name": "Untitled polygon" },
      "geometry": {
        "type": "Polygon",
        "coordinates": [
          [
            [77.9170407, 29.0946128, 0.0],
            [77.9174381, 29.0950169, 0.0],
            [77.9169536, 29.0953645, 0.0],
            [77.9165562, 29.0949033, 0.0],
            [77.9170407, 29.0946128, 0.0]
          ]
        ]
      }
    },
    {
      "type": "Feature",
      "properties": { "Name": "Untitled polygon" },
      "geometry": {
        "type": "Polygon",
        "coordinates": [
          [
            [77.9160378, 29.0942532, 0.0],
            [77.9162893, 29.0945054, 0.0],
            [77.9167144, 29.0942588, 0.0],
            [77.9170042, 29.0945496, 0.0],
            [77.9161943, 29.0950487, 0.0],
            [77.9156909, 29.0944803, 0.0],
            [77.9160378, 29.0942532, 0.0]
          ]
        ]
      }
    },
    {
      "type": "Feature",
      "properties": { "Name": "Untitled polygon" },
      "geometry": {
        "type": "Polygon",
        "coordinates": [
          [
            [77.9159208, 29.0933996, 0.0],
            [77.9164115, 29.0939528, 0.0],
            [77.915547, 29.0944763, 0.0],
            [77.9150672, 29.0939995, 0.0],
            [77.9159208, 29.0933996, 0.0]
          ]
        ]
      }
    },
    {
      "type": "Feature",
      "properties": { "Name": "Untitled polygon" },
      "geometry": {
        "type": "Polygon",
        "coordinates": [
          [
            [77.9165693, 29.09296, 0.0],
            [77.9171829, 29.0936695, 0.0],
            [77.9166183, 29.0940648, 0.0],
            [77.9159502, 29.0933696, 0.0],
            [77.9165693, 29.09296, 0.0]
          ]
        ]
      }
    },
    {
      "type": "Feature",
      "properties": { "Name": "Untitled polygon" },
      "geometry": {
        "type": "Polygon",
        "coordinates": [
          [
            [77.9174395, 29.0924306, 0.0],
            [77.9177047, 29.0932121, 0.0],
            [77.91713, 29.093547, 0.0],
            [77.9166227, 29.0929587, 0.0],
            [77.9174395, 29.0924306, 0.0]
          ]
        ]
      }
    },
    {
      "type": "Feature",
      "properties": { "Name": "Untitled polygon" },
      "geometry": {
        "type": "Polygon",
        "coordinates": [
          [
            [77.9164348, 29.0917885, 0.0],
            [77.9169468, 29.0926659, 0.0],
            [77.9167203, 29.0928079, 0.0],
            [77.9160303, 29.0919682, 0.0],
            [77.9164348, 29.0917885, 0.0]
          ]
        ]
      }
    },
    {
      "type": "Feature",
      "properties": { "Name": "Untitled polygon" },
      "geometry": {
        "type": "Polygon",
        "coordinates": [
          [
            [77.9153683, 29.092318, 0.0],
            [77.9157048, 29.0927819, 0.0],
            [77.9154466, 29.0929487, 0.0],
            [77.9150371, 29.0924518, 0.0],
            [77.9153683, 29.092318, 0.0]
          ]
        ]
      }
    },
    {
      "type": "Feature",
      "properties": { "Name": "Untitled polygon" },
      "geometry": {
        "type": "Polygon",
        "coordinates": [
          [
            [77.9160059, 29.0919856, 0.0],
            [77.9167203, 29.0928466, 0.0],
            [77.9163859, 29.0930054, 0.0],
            [77.9156675, 29.0921416, 0.0],
            [77.9160059, 29.0919856, 0.0]
          ]
        ]
      }
    },
    {
      "type": "Feature",
      "properties": { "Name": "Untitled polygon" },
      "geometry": {
        "type": "Polygon",
        "coordinates": [
          [
            [77.9160438, 29.0905812, 0.0],
            [77.9166759, 29.0916455, 0.0],
            [77.9163314, 29.0917413, 0.0],
            [77.9157092, 29.0906955, 0.0],
            [77.9160438, 29.0905812, 0.0]
          ]
        ]
      }
    },
    {
      "type": "Feature",
      "properties": { "Name": "Untitled polygon" },
      "geometry": {
        "type": "Polygon",
        "coordinates": [
          [
            [77.9165436, 29.0902921, 0.0],
            [77.9167257, 29.090289, 0.0],
            [77.9170936, 29.0907822, 0.0],
            [77.9173843, 29.0913919, 0.0],
            [77.9167048, 29.0916775, 0.0],
            [77.9160681, 29.0905471, 0.0],
            [77.9165436, 29.0902921, 0.0]
          ]
        ]
      }
    },
    {
      "type": "Feature",
      "properties": { "Name": "Untitled polygon" },
      "geometry": {
        "type": "Polygon",
        "coordinates": [
          [
            [77.9190187, 29.0897297, 0.0],
            [77.9191612, 29.0902039, 0.0],
            [77.918678, 29.0903146, 0.0],
            [77.918841, 29.090852, 0.0],
            [77.918148, 29.0910709, 0.0],
            [77.9178016, 29.0901446, 0.0],
            [77.9190187, 29.0897297, 0.0]
          ]
        ]
      }
    },
    {
      "type": "Feature",
      "properties": { "Name": "Untitled polygon" },
      "geometry": {
        "type": "Polygon",
        "coordinates": [
          [
            [77.9172505, 29.088981, 0.0],
            [77.9178106, 29.0900015, 0.0],
            [77.9169444, 29.0904338, 0.0],
            [77.9162576, 29.0894408, 0.0],
            [77.9172505, 29.088981, 0.0]
          ]
        ]
      }
    },
    {
      "type": "Feature",
      "properties": { "Name": "Untitled polygon" },
      "geometry": {
        "type": "Polygon",
        "coordinates": [
          [
            [77.9157969, 29.0901441, 0.0],
            [77.9160663, 29.0904973, 0.0],
            [77.9154654, 29.0907043, 0.0],
            [77.9152684, 29.0903382, 0.0],
            [77.9157969, 29.0901441, 0.0]
          ]
        ]
      }
    },
    {
      "type": "Feature",
      "properties": { "Name": "Untitled polygon" },
      "geometry": {
        "type": "Polygon",
        "coordinates": [
          [
            [77.9163877, 29.0898504, 0.0],
            [77.9166494, 29.0902141, 0.0],
            [77.9161136, 29.0904846, 0.0],
            [77.9158369, 29.0901345, 0.0],
            [77.9163877, 29.0898504, 0.0]
          ]
        ]
      }
    },
    {
      "type": "Feature",
      "properties": { "Name": "Untitled polygon" },
      "geometry": {
        "type": "Polygon",
        "coordinates": [
          [
            [77.9155528, 29.0897461, 0.0],
            [77.9158078, 29.0901122, 0.0],
            [77.9152318, 29.0903227, 0.0],
            [77.9150235, 29.0899948, 0.0],
            [77.9155528, 29.0897461, 0.0]
          ]
        ]
      }
    },
    {
      "type": "Feature",
      "properties": { "Name": "Untitled polygon" },
      "geometry": {
        "type": "Polygon",
        "coordinates": [
          [
            [77.9158954, 29.0890171, 0.0],
            [77.9160956, 29.0894627, 0.0],
            [77.9153083, 29.0898324, 0.0],
            [77.9150451, 29.0893516, 0.0],
            [77.9158954, 29.0890171, 0.0]
          ]
        ]
      }
    },
    {
      "type": "Feature",
      "properties": { "Name": "Untitled polygon" },
      "geometry": {
        "type": "Polygon",
        "coordinates": [
          [
            [77.9170123, 29.088292, 0.0],
            [77.9173176, 29.0889372, 0.0],
            [77.916229, 29.0894254, 0.0],
            [77.915862, 29.0887149, 0.0],
            [77.9170123, 29.088292, 0.0]
          ]
        ]
      }
    },
    {
      "type": "Feature",
      "properties": { "Name": "Untitled polygon" },
      "geometry": {
        "type": "Polygon",
        "coordinates": [
          [
            [77.9164518, 29.0882091, 0.0],
            [77.9165176, 29.0884287, 0.0],
            [77.9158438, 29.088699, 0.0],
            [77.9157303, 29.0885176, 0.0],
            [77.9164518, 29.0882091, 0.0]
          ]
        ]
      }
    },
    {
      "type": "Feature",
      "properties": { "Name": "Untitled polygon" },
      "geometry": {
        "type": "Polygon",
        "coordinates": [
          [
            [77.9173867, 29.0878693, 0.0],
            [77.9178702, 29.088854, 0.0],
            [77.9174014, 29.0890356, 0.0],
            [77.916943, 29.0880442, 0.0],
            [77.9173867, 29.0878693, 0.0]
          ]
        ]
      }
    },
    {
      "type": "Feature",
      "properties": { "Name": "Untitled polygon" },
      "geometry": {
        "type": "Polygon",
        "coordinates": [
          [
            [77.9167023, 29.0876147, 0.0],
            [77.9170085, 29.0882604, 0.0],
            [77.9165647, 29.0884289, 0.0],
            [77.916264, 29.0877384, 0.0],
            [77.9167023, 29.0876147, 0.0]
          ]
        ]
      }
    },
    {
      "type": "Feature",
      "properties": { "Name": "Untitled polygon" },
      "geometry": {
        "type": "Polygon",
        "coordinates": [
          [
            [77.9158274, 29.0870255, 0.0],
            [77.9171607, 29.0865331, 0.0],
            [77.9174486, 29.0871196, 0.0],
            [77.9161429, 29.0876076, 0.0],
            [77.9158274, 29.0870255, 0.0]
          ]
        ]
      }
    },
    {
      "type": "Feature",
      "properties": { "Name": "Untitled polygon" },
      "geometry": {
        "type": "Polygon",
        "coordinates": [
          [
            [77.9157239, 29.0867587, 0.0],
            [77.9155342, 29.0862877, 0.0],
            [77.9162478, 29.0860072, 0.0],
            [77.9165694, 29.0867141, 0.0],
            [77.915793, 29.0870168, 0.0],
            [77.9160456, 29.0874974, 0.0],
            [77.9153018, 29.0877973, 0.0],
            [77.9149364, 29.0871393, 0.0],
            [77.9157239, 29.0867587, 0.0]
          ]
        ]
      }
    },
    {
      "type": "Feature",
      "properties": { "Name": "Untitled polygon" },
      "geometry": {
        "type": "Polygon",
        "coordinates": [
          [
            [77.9148352, 29.0870198, 0.0],
            [77.9145445, 29.0865694, 0.0],
            [77.9154922, 29.0862764, 0.0],
            [77.9156927, 29.0867478, 0.0],
            [77.9148352, 29.0870198, 0.0]
          ]
        ]
      }
    },
    {
      "type": "Feature",
      "properties": { "Name": "Untitled polygon" },
      "geometry": {
        "type": "Polygon",
        "coordinates": [
          [
            [77.9145453, 29.0865511, 0.0],
            [77.9144751, 29.0864303, 0.0],
            [77.9153588, 29.0861564, 0.0],
            [77.9154263, 29.086266, 0.0],
            [77.9145453, 29.0865511, 0.0]
          ]
        ]
      }
    },
    {
      "type": "Feature",
      "properties": { "Name": "Untitled polygon" },
      "geometry": {
        "type": "Polygon",
        "coordinates": [
          [
            [77.9144575, 29.086415, 0.0],
            [77.9142508, 29.0860907, 0.0],
            [77.9148137, 29.0858796, 0.0],
            [77.9149924, 29.0862425, 0.0],
            [77.9144575, 29.086415, 0.0]
          ]
        ]
      }
    },
    {
      "type": "Feature",
      "properties": { "Name": "Untitled polygon" },
      "geometry": {
        "type": "Polygon",
        "coordinates": [
          [
            [77.9150125, 29.0862381, 0.0],
            [77.9148263, 29.085873, 0.0],
            [77.9154622, 29.0855914, 0.0],
            [77.9157797, 29.0861452, 0.0],
            [77.9154513, 29.0862637, 0.0],
            [77.9153613, 29.0861257, 0.0],
            [77.9150125, 29.0862381, 0.0]
          ]
        ]
      }
    },
    {
      "type": "Feature",
      "properties": { "Name": "Untitled polygon" },
      "geometry": {
        "type": "Polygon",
        "coordinates": [
          [
            [77.9149157, 29.085562, 0.0],
            [77.9150036, 29.0857881, 0.0],
            [77.9143098, 29.0860718, 0.0],
            [77.914226, 29.0858835, 0.0],
            [77.9149157, 29.085562, 0.0]
          ]
        ]
      }
    },
    {
      "type": "Feature",
      "properties": { "Name": "Untitled polygon" },
      "geometry": {
        "type": "Polygon",
        "coordinates": [
          [
            [77.9156298, 29.0855199, 0.0],
            [77.9153621, 29.0850639, 0.0],
            [77.9164663, 29.0846271, 0.0],
            [77.9165444, 29.0851345, 0.0],
            [77.9156298, 29.0855199, 0.0]
          ]
        ]
      }
    },
    {
      "type": "Feature",
      "properties": { "Name": "Untitled polygon" },
      "geometry": {
        "type": "Polygon",
        "coordinates": [
          [
            [77.9163533, 29.0859455, 0.0],
            [77.9160453, 29.0853735, 0.0],
            [77.9165537, 29.0851544, 0.0],
            [77.9168153, 29.0857394, 0.0],
            [77.9163533, 29.0859455, 0.0]
          ]
        ]
      }
    },
    {
      "type": "Feature",
      "properties": { "Name": "Untitled polygon" },
      "geometry": {
        "type": "Polygon",
        "coordinates": [
          [
            [77.9172253, 29.0843327, 0.0],
            [77.9173514, 29.0848195, 0.0],
            [77.9165574, 29.0851291, 0.0],
            [77.9164957, 29.0846444, 0.0],
            [77.9172253, 29.0843327, 0.0]
          ]
        ]
      }
    },
    {
      "type": "Feature",
      "properties": { "Name": "Untitled polygon" },
      "geometry": {
        "type": "Polygon",
        "coordinates": [
          [
            [77.9179316, 29.0840887, 0.0],
            [77.9179451, 29.084588, 0.0],
            [77.9173676, 29.0848163, 0.0],
            [77.9172467, 29.0843181, 0.0],
            [77.9179316, 29.0840887, 0.0]
          ]
        ]
      }
    },
    {
      "type": "Feature",
      "properties": { "Name": "Untitled polygon" },
      "geometry": {
        "type": "Polygon",
        "coordinates": [
          [
            [77.915982, 29.0843137, 0.0],
            [77.9165917, 29.0839319, 0.0],
            [77.9168634, 29.0844298, 0.0],
            [77.9163027, 29.0846529, 0.0],
            [77.915982, 29.0843137, 0.0]
          ]
        ]
      }
    },
    {
      "type": "Feature",
      "properties": { "Name": "Untitled polygon" },
      "geometry": {
        "type": "Polygon",
        "coordinates": [
          [
            [77.9180241, 29.0851993, 0.0],
            [77.9180757, 29.0855827, 0.0],
            [77.9169253, 29.0859792, 0.0],
            [77.9167917, 29.0856272, 0.0],
            [77.9180241, 29.0851993, 0.0]
          ]
        ]
      }
    },
    {
      "type": "Feature",
      "properties": { "Name": "Untitled polygon" },
      "geometry": {
        "type": "Polygon",
        "coordinates": [
          [
            [77.9168233, 29.0857583, 0.0],
            [77.9171783, 29.0864937, 0.0],
            [77.9165769, 29.0867031, 0.0],
            [77.9162571, 29.0859861, 0.0],
            [77.9168233, 29.0857583, 0.0]
          ]
        ]
      }
    },
    {
      "type": "Feature",
      "properties": { "Name": "Untitled polygon" },
      "geometry": {
        "type": "Polygon",
        "coordinates": [
          [
            [77.9171721, 29.0874626, 0.0],
            [77.9173678, 29.0878553, 0.0],
            [77.9169229, 29.0880359, 0.0],
            [77.9167146, 29.0876058, 0.0],
            [77.9171721, 29.0874626, 0.0]
          ]
        ]
      }
    },
    {
      "type": "Feature",
      "properties": { "Name": "Untitled polygon" },
      "geometry": {
        "type": "Polygon",
        "coordinates": [
          [
            [77.9178143, 29.0877368, 0.0],
            [77.9180394, 29.0882934, 0.0],
            [77.9176726, 29.0884149, 0.0],
            [77.9174143, 29.0878615, 0.0],
            [77.9178143, 29.0877368, 0.0]
          ]
        ]
      }
    },
    {
      "type": "Feature",
      "properties": { "Name": "Untitled polygon" },
      "geometry": {
        "type": "Polygon",
        "coordinates": [
          [
            [77.9176789, 29.0877586, 0.0],
            [77.9175825, 29.0875405, 0.0],
            [77.9183776, 29.0872715, 0.0],
            [77.9185557, 29.0879954, 0.0],
            [77.918025, 29.0881754, 0.0],
            [77.9178285, 29.0877119, 0.0],
            [77.9176789, 29.0877586, 0.0]
          ]
        ]
      }
    },
    {
      "type": "Feature",
      "properties": { "Name": "Untitled polygon" },
      "geometry": {
        "type": "Polygon",
        "coordinates": [
          [
            [77.9180692, 29.0856332, 0.0],
            [77.9181758, 29.0862132, 0.0],
            [77.9177549, 29.0863679, 0.0],
            [77.917958, 29.0868485, 0.0],
            [77.9174398, 29.0870134, 0.0],
            [77.9169569, 29.0859879, 0.0],
            [77.9180692, 29.0856332, 0.0]
          ]
        ]
      }
    },
    {
      "type": "Feature",
      "properties": { "Name": "Untitled polygon" },
      "geometry": {
        "type": "Polygon",
        "coordinates": [
          [
            [77.9179775, 29.0868106, 0.0],
            [77.9177907, 29.0863714, 0.0],
            [77.9181758, 29.0862304, 0.0],
            [77.9183061, 29.0867172, 0.0],
            [77.9179775, 29.0868106, 0.0]
          ]
        ]
      }
    },
    {
      "type": "Feature",
      "properties": { "Name": "Untitled polygon" },
      "geometry": {
        "type": "Polygon",
        "coordinates": [
          [
            [77.9185681, 29.0876894, 0.0],
            [77.9184757, 29.0872793, 0.0],
            [77.9192932, 29.0870689, 0.0],
            [77.9194077, 29.0874069, 0.0],
            [77.9185681, 29.0876894, 0.0]
          ]
        ]
      }
    },
    {
      "type": "Feature",
      "properties": { "Name": "Untitled polygon" },
      "geometry": {
        "type": "Polygon",
        "coordinates": [
          [
            [77.9182751, 29.0860571, 0.0],
            [77.9181149, 29.0851555, 0.0],
            [77.918837, 29.0850552, 0.0],
            [77.9190656, 29.08562, 0.0],
            [77.918632, 29.0856923, 0.0],
            [77.9187068, 29.0859851, 0.0],
            [77.9182751, 29.0860571, 0.0]
          ]
        ]
      }
    },
    {
      "type": "Feature",
      "properties": { "Name": "Untitled polygon" },
      "geometry": {
        "type": "Polygon",
        "coordinates": [
          [
            [77.9193493, 29.0851068, 0.0],
            [77.9193099, 29.0849897, 0.0],
            [77.9196803, 29.0849513, 0.0],
            [77.9197789, 29.0852618, 0.0],
            [77.9190892, 29.0854168, 0.0],
            [77.9190143, 29.0851619, 0.0],
            [77.9193493, 29.0851068, 0.0]
          ]
        ]
      }
    },
    {
      "type": "Feature",
      "properties": { "Name": "Untitled polygon" },
      "geometry": {
        "type": "Polygon",
        "coordinates": [
          [
            [77.9199484, 29.0856168, 0.0],
            [77.9198735, 29.0853893, 0.0],
            [77.9205598, 29.0852094, 0.0],
            [77.9208957, 29.0864055, 0.0],
            [77.9204422, 29.0865333, 0.0],
            [77.9201454, 29.0855718, 0.0],
            [77.9199484, 29.0856168, 0.0]
          ]
        ]
      }
    },
    {
      "type": "Feature",
      "properties": { "Name": "Untitled polygon" },
      "geometry": {
        "type": "Polygon",
        "coordinates": [
          [
            [77.9203316, 29.0839979, 0.0],
            [77.9207419, 29.0844978, 0.0],
            [77.9203907, 29.0846432, 0.0],
            [77.9204301, 29.0847744, 0.0],
            [77.9200753, 29.0848154, 0.0],
            [77.9199527, 29.0845665, 0.0],
            [77.919676, 29.0846731, 0.0],
            [77.9195453, 29.0843965, 0.0],
            [77.9203316, 29.0839979, 0.0]
          ]
        ]
      }
    },
    {
      "type": "Feature",
      "properties": { "Name": "Untitled polygon" },
      "geometry": {
        "type": "Polygon",
        "coordinates": [
          [
            [77.9206192, 29.0849981, 0.0],
            [77.9213589, 29.0847313, 0.0],
            [77.9215694, 29.085232, 0.0],
            [77.9207148, 29.0855152, 0.0],
            [77.9206119, 29.0852908, 0.0],
            [77.9207105, 29.0852356, 0.0],
            [77.9206192, 29.0849981, 0.0]
          ]
        ]
      }
    },
    {
      "type": "Feature",
      "properties": { "Name": "Untitled polygon" },
      "geometry": {
        "type": "Polygon",
        "coordinates": [
          [
            [77.9216815, 29.0837686, 0.0],
            [77.9218686, 29.0841687, 0.0],
            [77.9209114, 29.0845317, 0.0],
            [77.9205939, 29.0841987, 0.0],
            [77.9216815, 29.0837686, 0.0]
          ]
        ]
      }
    },
    {
      "type": "Feature",
      "properties": { "Name": "Untitled polygon" },
      "geometry": {
        "type": "Polygon",
        "coordinates": [
          [
            [77.9219454, 29.0842121, 0.0],
            [77.9221184, 29.0845161, 0.0],
            [77.9214192, 29.0847718, 0.0],
            [77.9213084, 29.0844747, 0.0],
            [77.9219454, 29.0842121, 0.0]
          ]
        ]
      }
    },
    {
      "type": "Feature",
      "properties": { "Name": "Untitled polygon" },
      "geometry": {
        "type": "Polygon",
        "coordinates": [
          [
            [77.9205613, 29.0814692, 0.0],
            [77.9207077, 29.0816976, 0.0],
            [77.9208066, 29.0816836, 0.0],
            [77.9211346, 29.0821791, 0.0],
            [77.9207044, 29.0823688, 0.0],
            [77.9202616, 29.081571, 0.0],
            [77.9205613, 29.0814692, 0.0]
          ]
        ]
      }
    },
    {
      "type": "Feature",
      "properties": { "Name": "Untitled polygon" },
      "geometry": {
        "type": "Polygon",
        "coordinates": [
          [
            [77.9214307, 29.0821651, 0.0],
            [77.9220359, 29.0833425, 0.0],
            [77.9211856, 29.0836262, 0.0],
            [77.9206216, 29.0824964, 0.0],
            [77.9214307, 29.0821651, 0.0]
          ]
        ]
      }
    },
    {
      "type": "Feature",
      "properties": { "Name": "Untitled polygon" },
      "geometry": {
        "type": "Polygon",
        "coordinates": [
          [
            [77.9221918, 29.0823553, 0.0],
            [77.9223143, 29.0827425, 0.0],
            [77.9218282, 29.0829014, 0.0],
            [77.9216588, 29.0825142, 0.0],
            [77.9221918, 29.0823553, 0.0]
          ]
        ]
      }
    },
    {
      "type": "Feature",
      "properties": { "Name": "Untitled polygon" },
      "geometry": {
        "type": "Polygon",
        "coordinates": [
          [
            [77.9222195, 29.0806838, 0.0],
            [77.9224757, 29.0812041, 0.0],
            [77.9230447, 29.0810134, 0.0],
            [77.9232026, 29.0815724, 0.0],
            [77.9216306, 29.0819798, 0.0],
            [77.9211193, 29.0811986, 0.0],
            [77.9222195, 29.0806838, 0.0]
          ]
        ]
      }
    },
    {
      "type": "Feature",
      "properties": { "Name": "Untitled polygon" },
      "geometry": {
        "type": "Polygon",
        "coordinates": [
          [
            [77.9232314, 29.0815641, 0.0],
            [77.9230617, 29.080974, 0.0],
            [77.9237368, 29.0806877, 0.0],
            [77.9239112, 29.0814629, 0.0],
            [77.9232314, 29.0815641, 0.0]
          ]
        ]
      }
    },
    {
      "type": "Feature",
      "properties": { "Name": "Untitled polygon" },
      "geometry": {
        "type": "Polygon",
        "coordinates": [
          [
            [77.9230499, 29.0809568, 0.0],
            [77.9224818, 29.0811776, 0.0],
            [77.9222374, 29.0806745, 0.0],
            [77.9227851, 29.0804, 0.0],
            [77.9230499, 29.0809568, 0.0]
          ]
        ]
      }
    },
    {
      "type": "Feature",
      "properties": { "Name": "Untitled polygon" },
      "geometry": {
        "type": "Polygon",
        "coordinates": [
          [
            [77.920827, 29.0812831, 0.0],
            [77.9207219, 29.0810957, 0.0],
            [77.921276, 29.0808329, 0.0],
            [77.9213985, 29.0810125, 0.0],
            [77.920827, 29.0812831, 0.0]
          ]
        ]
      }
    },
    {
      "type": "Feature",
      "properties": { "Name": "Untitled polygon" },
      "geometry": {
        "type": "Polygon",
        "coordinates": [
          [
            [77.9215357, 29.0785946, 0.0],
            [77.9216939, 29.0787467, 0.0],
            [77.921128, 29.0790405, 0.0],
            [77.9210068, 29.0788534, 0.0],
            [77.9215357, 29.0785946, 0.0]
          ]
        ]
      }
    },
    {
      "type": "Feature",
      "properties": { "Name": "Untitled polygon" },
      "geometry": {
        "type": "Polygon",
        "coordinates": [
          [
            [77.9229133, 29.0825886, 0.0],
            [77.9226456, 29.0817607, 0.0],
            [77.9230948, 29.0816773, 0.0],
            [77.9232494, 29.0823298, 0.0],
            [77.923285, 29.0825644, 0.0],
            [77.9229133, 29.0825886, 0.0]
          ]
        ]
      }
    },
    {
      "type": "Feature",
      "properties": { "Name": "Untitled polygon" },
      "geometry": {
        "type": "Polygon",
        "coordinates": [
          [
            [77.9243172, 29.0811121, 0.0],
            [77.9243795, 29.0803503, 0.0],
            [77.924627, 29.0804066, 0.0],
            [77.9252096, 29.0807497, 0.0],
            [77.9253557, 29.0809237, 0.0],
            [77.9243172, 29.0811121, 0.0]
          ]
        ]
      }
    },
    {
      "type": "Feature",
      "properties": { "Name": "Untitled polygon" },
      "geometry": {
        "type": "Polygon",
        "coordinates": [
          [
            [77.9244088, 29.0801565, 0.0],
            [77.9245172, 29.0794429, 0.0],
            [77.9250216, 29.0793556, 0.0],
            [77.9256803, 29.080142, 0.0],
            [77.9252067, 29.0803798, 0.0],
            [77.9249083, 29.0802459, 0.0],
            [77.9244088, 29.0801565, 0.0]
          ]
        ]
      }
    },
    {
      "type": "Feature",
      "properties": { "Name": "Untitled polygon" },
      "geometry": {
        "type": "Polygon",
        "coordinates": [
          [
            [77.9245171, 29.0794182, 0.0],
            [77.9245918, 29.0788045, 0.0],
            [77.9250176, 29.0793315, 0.0],
            [77.9245171, 29.0794182, 0.0]
          ]
        ]
      }
    },
    {
      "type": "Feature",
      "properties": { "Name": "Untitled polygon" },
      "geometry": {
        "type": "Polygon",
        "coordinates": [
          [
            [77.9254275, 29.0784618, 0.0],
            [77.9260193, 29.079039, 0.0],
            [77.9251202, 29.0794212, 0.0],
            [77.9245996, 29.0787734, 0.0],
            [77.9254275, 29.0784618, 0.0]
          ]
        ]
      }
    },
    {
      "type": "Feature",
      "properties": { "Name": "Untitled polygon" },
      "geometry": {
        "type": "Polygon",
        "coordinates": [
          [
            [77.9260469, 29.0790562, 0.0],
            [77.9265896, 29.0797418, 0.0],
            [77.9257041, 29.0801212, 0.0],
            [77.92514, 29.0794454, 0.0],
            [77.9260469, 29.0790562, 0.0]
          ]
        ]
      }
    },
    {
      "type": "Feature",
      "properties": { "Name": "Untitled polygon" },
      "geometry": {
        "type": "Polygon",
        "coordinates": [
          [
            [77.9242608, 29.0791219, 0.0],
            [77.9240932, 29.0802514, 0.0],
            [77.9235759, 29.0793517, 0.0],
            [77.9242608, 29.0791219, 0.0]
          ]
        ]
      }
    },
    {
      "type": "Feature",
      "properties": { "Name": "Untitled polygon" },
      "geometry": {
        "type": "Polygon",
        "coordinates": [
          [
            [77.9266014, 29.0797452, 0.0],
            [77.9268452, 29.0800213, 0.0],
            [77.9255365, 29.0806415, 0.0],
            [77.92525, 29.0803809, 0.0],
            [77.9266014, 29.0797452, 0.0]
          ]
        ]
      }
    },
    {
      "type": "Feature",
      "properties": { "Name": "Untitled polygon" },
      "geometry": {
        "type": "Polygon",
        "coordinates": [
          [
            [77.9268552, 29.0800309, 0.0],
            [77.9270029, 29.0802145, 0.0],
            [77.9258412, 29.0808869, 0.0],
            [77.9255527, 29.0806509, 0.0],
            [77.9268552, 29.0800309, 0.0]
          ]
        ]
      }
    },
    {
      "type": "Feature",
      "properties": { "Name": "Untitled polygon" },
      "geometry": {
        "type": "Polygon",
        "coordinates": [
          [
            [77.9258635, 29.0809002, 0.0],
            [77.9270211, 29.0802241, 0.0],
            [77.9273376, 29.0805818, 0.0],
            [77.9262645, 29.0812633, 0.0],
            [77.9258635, 29.0809002, 0.0]
          ]
        ]
      }
    },
    {
      "type": "Feature",
      "properties": { "Name": "Untitled polygon" },
      "geometry": {
        "type": "Polygon",
        "coordinates": [
          [
            [77.9262746, 29.0812692, 0.0],
            [77.9273443, 29.0806024, 0.0],
            [77.9276231, 29.0809061, 0.0],
            [77.9269588, 29.0812207, 0.0],
            [77.9265617, 29.0814813, 0.0],
            [77.9262746, 29.0812692, 0.0]
          ]
        ]
      }
    },
    {
      "type": "Feature",
      "properties": { "Name": "Untitled polygon" },
      "geometry": {
        "type": "Polygon",
        "coordinates": [
          [
            [77.9269844, 29.081228, 0.0],
            [77.9276352, 29.0809168, 0.0],
            [77.9279231, 29.081237, 0.0],
            [77.9273258, 29.0816146, 0.0],
            [77.9269844, 29.081228, 0.0]
          ]
        ]
      }
    },
    {
      "type": "Feature",
      "properties": { "Name": "Untitled polygon" },
      "geometry": {
        "type": "Polygon",
        "coordinates": [
          [
            [77.9267582, 29.0815882, 0.0],
            [77.9270621, 29.0813724, 0.0],
            [77.9282393, 29.0827766, 0.0],
            [77.9278369, 29.0829983, 0.0],
            [77.9272651, 29.0822092, 0.0],
            [77.9271771, 29.0820553, 0.0],
            [77.9267582, 29.0815882, 0.0]
          ]
        ]
      }
    },
    {
      "type": "Feature",
      "properties": { "Name": "Untitled polygon" },
      "geometry": {
        "type": "Polygon",
        "coordinates": [
          [
            [77.9273397, 29.0816241, 0.0],
            [77.9279341, 29.0812527, 0.0],
            [77.9284813, 29.0818687, 0.0],
            [77.9278304, 29.0822417, 0.0],
            [77.9273397, 29.0816241, 0.0]
          ]
        ]
      }
    },
    {
      "type": "Feature",
      "properties": { "Name": "Untitled polygon" },
      "geometry": {
        "type": "Polygon",
        "coordinates": [
          [
            [77.9278453, 29.0822606, 0.0],
            [77.9284921, 29.0818873, 0.0],
            [77.9290371, 29.082515, 0.0],
            [77.9283493, 29.0829287, 0.0],
            [77.9282598, 29.0827679, 0.0],
            [77.9278453, 29.0822606, 0.0]
          ]
        ]
      }
    },
    {
      "type": "Feature",
      "properties": { "Name": "Untitled polygon" },
      "geometry": {
        "type": "Polygon",
        "coordinates": [
          [
            [77.9283605, 29.0829482, 0.0],
            [77.9290437, 29.0825336, 0.0],
            [77.929145, 29.0826644, 0.0],
            [77.9290672, 29.082753, 0.0],
            [77.9297714, 29.0836561, 0.0],
            [77.9290095, 29.0837363, 0.0],
            [77.9285547, 29.0831535, 0.0],
            [77.9283605, 29.0829482, 0.0]
          ]
        ]
      }
    },
    {
      "type": "Feature",
      "properties": { "Name": "Untitled polygon" },
      "geometry": {
        "type": "Polygon",
        "coordinates": [
          [
            [77.9307966, 29.0832908, 0.0],
            [77.9309074, 29.0835487, 0.0],
            [77.9300874, 29.083592, 0.0],
            [77.9293708, 29.0828478, 0.0],
            [77.9307966, 29.0832908, 0.0]
          ]
        ]
      }
    },
    {
      "type": "Feature",
      "properties": { "Name": "Untitled polygon" },
      "geometry": {
        "type": "Polygon",
        "coordinates": [
          [
            [77.9293507, 29.0826694, 0.0],
            [77.9299896, 29.0822687, 0.0],
            [77.9305055, 29.0830912, 0.0],
            [77.9294908, 29.0827802, 0.0],
            [77.9293507, 29.0826694, 0.0]
          ]
        ]
      }
    },
    {
      "type": "Feature",
      "properties": { "Name": "Untitled polygon" },
      "geometry": {
        "type": "Polygon",
        "coordinates": [
          [
            [77.9293165, 29.0813716, 0.0],
            [77.9299618, 29.0822177, 0.0],
            [77.9292829, 29.0826427, 0.0],
            [77.9285434, 29.0818081, 0.0],
            [77.9293165, 29.0813716, 0.0]
          ]
        ]
      }
    },
    {
      "type": "Feature",
      "properties": { "Name": "Untitled polygon" },
      "geometry": {
        "type": "Polygon",
        "coordinates": [
          [
            [77.9299786, 29.0821976, 0.0],
            [77.9296139, 29.0817017, 0.0],
            [77.9302807, 29.0813615, 0.0],
            [77.9303964, 29.0819999, 0.0],
            [77.9299786, 29.0821976, 0.0]
          ]
        ]
      }
    },
    {
      "type": "Feature",
      "properties": { "Name": "Untitled polygon" },
      "geometry": {
        "type": "Polygon",
        "coordinates": [
          [
            [77.9294726, 29.0807402, 0.0],
            [77.929739, 29.0810733, 0.0],
            [77.9285359, 29.0817676, 0.0],
            [77.9283012, 29.0814683, 0.0],
            [77.9294726, 29.0807402, 0.0]
          ]
        ]
      }
    },
    {
      "type": "Feature",
      "properties": { "Name": "Untitled polygon" },
      "geometry": {
        "type": "Polygon",
        "coordinates": [
          [
            [77.9297793, 29.0810618, 0.0],
            [77.9289639, 29.0800303, 0.0],
            [77.9298837, 29.0793834, 0.0],
            [77.9302133, 29.0808707, 0.0],
            [77.9297793, 29.0810618, 0.0]
          ]
        ]
      }
    },
    {
      "type": "Feature",
      "properties": { "Name": "Untitled polygon" },
      "geometry": {
        "type": "Polygon",
        "coordinates": [
          [
            [77.9302119, 29.0809006, 0.0],
            [77.9303028, 29.081324, 0.0],
            [77.9296005, 29.0816881, 0.0],
            [77.9293504, 29.0813629, 0.0],
            [77.9302119, 29.0809006, 0.0]
          ]
        ]
      }
    },
    {
      "type": "Feature",
      "properties": { "Name": "Untitled polygon" },
      "geometry": {
        "type": "Polygon",
        "coordinates": [
          [
            [77.9306066, 29.0821751, 0.0],
            [77.9305021, 29.0817423, 0.0],
            [77.9310308, 29.0815039, 0.0],
            [77.9312506, 29.0818485, 0.0],
            [77.9306066, 29.0821751, 0.0]
          ]
        ]
      }
    },
    {
      "type": "Feature",
      "properties": { "Name": "Untitled polygon" },
      "geometry": {
        "type": "Polygon",
        "coordinates": [
          [
            [77.9312809, 29.0818456, 0.0],
            [77.9310712, 29.081501, 0.0],
            [77.931672, 29.0812444, 0.0],
            [77.9318716, 29.0815538, 0.0],
            [77.9312809, 29.0818456, 0.0]
          ]
        ]
      }
    },
    {
      "type": "Feature",
      "properties": { "Name": "Untitled polygon" },
      "geometry": {
        "type": "Polygon",
        "coordinates": [
          [
            [77.9308795, 29.0810857, 0.0],
            [77.9311014, 29.081448, 0.0],
            [77.9304954, 29.0817217, 0.0],
            [77.9304182, 29.0813127, 0.0],
            [77.9308795, 29.0810857, 0.0]
          ]
        ]
      }
    },
    {
      "type": "Feature",
      "properties": { "Name": "Untitled polygon" },
      "geometry": {
        "type": "Polygon",
        "coordinates": [
          [
            [77.9313988, 29.0808437, 0.0],
            [77.9316411, 29.0812201, 0.0],
            [77.9311281, 29.0814532, 0.0],
            [77.9308959, 29.0810797, 0.0],
            [77.9313988, 29.0808437, 0.0]
          ]
        ]
      }
    },
    {
      "type": "Feature",
      "properties": { "Name": "Untitled polygon" },
      "geometry": {
        "type": "Polygon",
        "coordinates": [
          [
            [77.9304042, 29.0812728, 0.0],
            [77.9303107, 29.0807553, 0.0],
            [77.9310412, 29.0803624, 0.0],
            [77.9313916, 29.0808243, 0.0],
            [77.9304042, 29.0812728, 0.0]
          ]
        ]
      }
    },
    {
      "type": "Feature",
      "properties": { "Name": "Untitled polygon" },
      "geometry": {
        "type": "Polygon",
        "coordinates": [
          [
            [77.9314588, 29.0808181, 0.0],
            [77.9311146, 29.0803783, 0.0],
            [77.9316366, 29.0800569, 0.0],
            [77.9320562, 29.0804608, 0.0],
            [77.9314588, 29.0808181, 0.0]
          ]
        ]
      }
    },
    {
      "type": "Feature",
      "properties": { "Name": "Untitled polygon" },
      "geometry": {
        "type": "Polygon",
        "coordinates": [
          [
            [77.9303178, 29.0807184, 0.0],
            [77.9301251, 29.0798803, 0.0],
            [77.9304771, 29.0797013, 0.0],
            [77.9309642, 29.0803839, 0.0],
            [77.9303178, 29.0807184, 0.0]
          ]
        ]
      }
    },
    {
      "type": "Feature",
      "properties": { "Name": "Untitled polygon" },
      "geometry": {
        "type": "Polygon",
        "coordinates": [
          [
            [77.9307552, 29.0795652, 0.0],
            [77.9312486, 29.0802164, 0.0],
            [77.9309794, 29.0803621, 0.0],
            [77.9304973, 29.0796833, 0.0],
            [77.9307552, 29.0795652, 0.0]
          ]
        ]
      }
    },
    {
      "type": "Feature",
      "properties": { "Name": "Untitled polygon" },
      "geometry": {
        "type": "Polygon",
        "coordinates": [
          [
            [77.9301236, 29.0798477, 0.0],
            [77.9299955, 29.0792533, 0.0],
            [77.9303865, 29.0790724, 0.0],
            [77.9307455, 29.07954, 0.0],
            [77.9301236, 29.0798477, 0.0]
          ]
        ]
      }
    },
    {
      "type": "Feature",
      "properties": { "Name": "Untitled polygon" },
      "geometry": {
        "type": "Polygon",
        "coordinates": [
          [
            [77.9312594, 29.080196, 0.0],
            [77.9304935, 29.0791913, 0.0],
            [77.9307294, 29.0790756, 0.0],
            [77.9309169, 29.0793107, 0.0],
            [77.9313331, 29.0790983, 0.0],
            [77.9319871, 29.0798288, 0.0],
            [77.9315255, 29.0800505, 0.0],
            [77.9312594, 29.080196, 0.0]
          ]
        ]
      }
    },
    {
      "type": "Feature",
      "properties": { "Name": "Untitled polygon" },
      "geometry": {
        "type": "Polygon",
        "coordinates": [
          [
            [77.9295634, 29.0795479, 0.0],
            [77.9290435, 29.0787136, 0.0],
            [77.9296811, 29.0784402, 0.0],
            [77.9299086, 29.0793706, 0.0],
            [77.9298266, 29.0793812, 0.0],
            [77.9295634, 29.0795479, 0.0]
          ]
        ]
      }
    },
    {
      "type": "Feature",
      "properties": { "Name": "Untitled polygon" },
      "geometry": {
        "type": "Polygon",
        "coordinates": [
          [
            [77.9300135, 29.0792269, 0.0],
            [77.9298304, 29.0784134, 0.0],
            [77.9302532, 29.0782338, 0.0],
            [77.9304189, 29.0788946, 0.0],
            [77.9307725, 29.0788471, 0.0],
            [77.9308014, 29.0790323, 0.0],
            [77.9310438, 29.0789185, 0.0],
            [77.93122, 29.0791429, 0.0],
            [77.9309225, 29.0792959, 0.0],
            [77.9307346, 29.0790552, 0.0],
            [77.9304838, 29.0791777, 0.0],
            [77.9303903, 29.079055, 0.0],
            [77.9300135, 29.0792269, 0.0]
          ]
        ]
      }
    },
    {
      "type": "Feature",
      "properties": { "Name": "Untitled polygon" },
      "geometry": {
        "type": "Polygon",
        "coordinates": [
          [
            [77.9291305, 29.0798553, 0.0],
            [77.9286594, 29.0791237, 0.0],
            [77.9290909, 29.0788316, 0.0],
            [77.9295471, 29.0795631, 0.0],
            [77.9291305, 29.0798553, 0.0]
          ]
        ]
      }
    },
    {
      "type": "Feature",
      "properties": { "Name": "Untitled polygon" },
      "geometry": {
        "type": "Polygon",
        "coordinates": [
          [
            [77.9284739, 29.0802948, 0.0],
            [77.9279106, 29.0795181, 0.0],
            [77.9284514, 29.0792376, 0.0],
            [77.928954, 29.0799904, 0.0],
            [77.9284739, 29.0802948, 0.0]
          ]
        ]
      }
    },
    {
      "type": "Feature",
      "properties": { "Name": "Untitled polygon" },
      "geometry": {
        "type": "Polygon",
        "coordinates": [
          [
            [77.9221441, 29.0845393, 0.0],
            [77.9223104, 29.0848755, 0.0],
            [77.9216042, 29.0851581, 0.0],
            [77.9214386, 29.0848039, 0.0],
            [77.9221441, 29.0845393, 0.0]
          ]
        ]
      }
    },
    {
      "type": "Feature",
      "properties": { "Name": "Untitled polygon" },
      "geometry": {
        "type": "Polygon",
        "coordinates": [
          [
            [77.9216218, 29.0851818, 0.0],
            [77.9225314, 29.0848041, 0.0],
            [77.922835, 29.0855338, 0.0],
            [77.9225019, 29.0856426, 0.0],
            [77.9223776, 29.0852994, 0.0],
            [77.9217609, 29.0854861, 0.0],
            [77.9216218, 29.0851818, 0.0]
          ]
        ]
      }
    },
    {
      "type": "Feature",
      "properties": { "Name": "Untitled polygon" },
      "geometry": {
        "type": "Polygon",
        "coordinates": [
          [
            [77.9237784, 29.0854513, 0.0],
            [77.92371, 29.0851135, 0.0],
            [77.924011, 29.0850835, 0.0],
            [77.9240455, 29.0852031, 0.0],
            [77.9243708, 29.0851672, 0.0],
            [77.924416, 29.0853889, 0.0],
            [77.9237784, 29.0854513, 0.0]
          ]
        ]
      }
    },
    {
      "type": "Feature",
      "properties": { "Name": "Untitled polygon" },
      "geometry": {
        "type": "Polygon",
        "coordinates": [
          [
            [77.9258239, 29.084892, 0.0],
            [77.9257968, 29.0847098, 0.0],
            [77.9260851, 29.0846263, 0.0],
            [77.9261941, 29.0851447, 0.0],
            [77.9244478, 29.085374, 0.0],
            [77.9244151, 29.0851582, 0.0],
            [77.9258239, 29.084892, 0.0]
          ]
        ]
      }
    },
    {
      "type": "Feature",
      "properties": { "Name": "Untitled polygon" },
      "geometry": {
        "type": "Polygon",
        "coordinates": [
          [
            [77.9229128, 29.0874701, 0.0],
            [77.922734, 29.0869493, 0.0],
            [77.9231162, 29.0868966, 0.0],
            [77.9230197, 29.0865531, 0.0],
            [77.923314, 29.0864723, 0.0],
            [77.9232426, 29.0869206, 0.0],
            [77.9229128, 29.0874701, 0.0]
          ]
        ]
      }
    },
    {
      "type": "Feature",
      "properties": { "Name": "Untitled polygon" },
      "geometry": {
        "type": "Polygon",
        "coordinates": [
          [
            [77.9234728, 29.0853644, 0.0],
            [77.9228599, 29.0855367, 0.0],
            [77.9225636, 29.0848201, 0.0],
            [77.9235459, 29.0844638, 0.0],
            [77.9234728, 29.0853644, 0.0]
          ]
        ]
      }
    },
    {
      "type": "Feature",
      "properties": { "Name": "Untitled polygon" },
      "geometry": {
        "type": "Polygon",
        "coordinates": [
          [
            [77.9243401, 29.0828721, 0.0],
            [77.9244396, 29.0825267, 0.0],
            [77.9253932, 29.0823568, 0.0],
            [77.9254929, 29.0825795, 0.0],
            [77.925557, 29.0828121, 0.0],
            [77.9251392, 29.082982, 0.0],
            [77.9251549, 29.0832082, 0.0],
            [77.9250577, 29.0832384, 0.0],
            [77.924419, 29.0832658, 0.0],
            [77.9245192, 29.0828951, 0.0],
            [77.9243401, 29.0828721, 0.0]
          ]
        ]
      }
    },
    {
      "type": "Feature",
      "properties": { "Name": "Untitled polygon" },
      "geometry": {
        "type": "Polygon",
        "coordinates": [
          [
            [77.9246961, 29.082467, 0.0],
            [77.9246825, 29.0819026, 0.0],
            [77.9252192, 29.0817618, 0.0],
            [77.9254022, 29.0823376, 0.0],
            [77.9246961, 29.082467, 0.0]
          ]
        ]
      }
    },
    {
      "type": "Feature",
      "properties": { "Name": "Untitled polygon" },
      "geometry": {
        "type": "Polygon",
        "coordinates": [
          [
            [77.925431, 29.0823069, 0.0],
            [77.925239, 29.0817494, 0.0],
            [77.9258288, 29.0814882, 0.0],
            [77.9262176, 29.0819529, 0.0],
            [77.925431, 29.0823069, 0.0]
          ]
        ]
      }
    },
    {
      "type": "Feature",
      "properties": { "Name": "Untitled polygon" },
      "geometry": {
        "type": "Polygon",
        "coordinates": [
          [
            [77.9267045, 29.0831563, 0.0],
            [77.9264166, 29.0826634, 0.0],
            [77.9266953, 29.0825073, 0.0],
            [77.9270904, 29.0829949, 0.0],
            [77.9267045, 29.0831563, 0.0]
          ]
        ]
      }
    },
    {
      "type": "Feature",
      "properties": { "Name": "Untitled polygon" },
      "geometry": {
        "type": "Polygon",
        "coordinates": [
          [
            [77.9280417, 29.0840433, 0.0],
            [77.9272124, 29.0830561, 0.0],
            [77.9275213, 29.0828741, 0.0],
            [77.9282668, 29.0838926, 0.0],
            [77.9280417, 29.0840433, 0.0]
          ]
        ]
      }
    },
    {
      "type": "Feature",
      "properties": { "Name": "Untitled polygon" },
      "geometry": {
        "type": "Polygon",
        "coordinates": [
          [
            [77.9201552, 29.07932, 0.0],
            [77.9205125, 29.0798356, 0.0],
            [77.9200638, 29.0800485, 0.0],
            [77.9197581, 29.0795686, 0.0],
            [77.9201552, 29.07932, 0.0]
          ]
        ]
      }
    },
    {
      "type": "Feature",
      "properties": { "Name": "Untitled polygon" },
      "geometry": {
        "type": "Polygon",
        "coordinates": [
          [
            [77.920928, 29.0789077, 0.0],
            [77.9217397, 29.0799223, 0.0],
            [77.9208267, 29.0803267, 0.0],
            [77.9202085, 29.0793199, 0.0],
            [77.920928, 29.0789077, 0.0]
          ]
        ]
      }
    },
    {
      "type": "Feature",
      "properties": { "Name": "Untitled polygon" },
      "geometry": {
        "type": "Polygon",
        "coordinates": [
          [
            [77.9231681, 29.0787996, 0.0],
            [77.9238307, 29.0799018, 0.0],
            [77.9227496, 29.0803977, 0.0],
            [77.9221837, 29.079256, 0.0],
            [77.9231681, 29.0787996, 0.0]
          ]
        ]
      }
    },
    {
      "type": "Feature",
      "properties": { "Name": "Untitled polygon" },
      "geometry": {
        "type": "Polygon",
        "coordinates": [
          [
            [77.9235621, 29.0793251, 0.0],
            [77.9231977, 29.078786, 0.0],
            [77.9237417, 29.0785711, 0.0],
            [77.9243009, 29.0784634, 0.0],
            [77.92427, 29.0790889, 0.0],
            [77.9235621, 29.0793251, 0.0]
          ]
        ]
      }
    },
    {
      "type": "Feature",
      "properties": { "Name": "Untitled polygon" },
      "geometry": {
        "type": "Polygon",
        "coordinates": [
          [
            [77.9215573, 29.078339, 0.0],
            [77.9225261, 29.0777532, 0.0],
            [77.9231423, 29.0787325, 0.0],
            [77.9223116, 29.0790604, 0.0],
            [77.9221622, 29.0790623, 0.0],
            [77.9215573, 29.078339, 0.0]
          ]
        ]
      }
    },
    {
      "type": "Feature",
      "properties": { "Name": "Untitled polygon" },
      "geometry": {
        "type": "Polygon",
        "coordinates": [
          [
            [77.9235388, 29.0767313, 0.0],
            [77.9236793, 29.0768964, 0.0],
            [77.9233015, 29.0771356, 0.0],
            [77.9235005, 29.0774192, 0.0],
            [77.9226213, 29.0778209, 0.0],
            [77.9223454, 29.077397, 0.0],
            [77.92296, 29.0770689, 0.0],
            [77.9235388, 29.0767313, 0.0]
          ]
        ]
      }
    },
    {
      "type": "Feature",
      "properties": { "Name": "Untitled polygon" },
      "geometry": {
        "type": "Polygon",
        "coordinates": [
          [
            [77.9226477, 29.0778516, 0.0],
            [77.9235562, 29.0774266, 0.0],
            [77.9240178, 29.0780662, 0.0],
            [77.9240969, 29.0781973, 0.0],
            [77.9241116, 29.0783544, 0.0],
            [77.9232014, 29.07871, 0.0],
            [77.9226477, 29.0778516, 0.0]
          ]
        ]
      }
    },
    {
      "type": "Feature",
      "properties": { "Name": "Untitled polygon" },
      "geometry": {
        "type": "Polygon",
        "coordinates": [
          [
            [77.923696, 29.0768944, 0.0],
            [77.9239658, 29.0771668, 0.0],
            [77.9235284, 29.0774323, 0.0],
            [77.9233219, 29.0771314, 0.0],
            [77.923696, 29.0768944, 0.0]
          ]
        ]
      }
    },
    {
      "type": "Feature",
      "properties": { "Name": "Untitled polygon" },
      "geometry": {
        "type": "Polygon",
        "coordinates": [
          [
            [77.924848, 29.0769723, 0.0],
            [77.9249797, 29.075765, 0.0],
            [77.9258626, 29.0755855, 0.0],
            [77.9259643, 29.0758893, 0.0],
            [77.9261264, 29.0761677, 0.0],
            [77.9263519, 29.0767073, 0.0],
            [77.924848, 29.0769723, 0.0]
          ]
        ]
      }
    },
    {
      "type": "Feature",
      "properties": { "Name": "Untitled polygon" },
      "geometry": {
        "type": "Polygon",
        "coordinates": [
          [
            [77.9249826, 29.0757414, 0.0],
            [77.9250877, 29.075201, 0.0],
            [77.9257325, 29.0750423, 0.0],
            [77.9257278, 29.0752425, 0.0],
            [77.9258437, 29.0755784, 0.0],
            [77.9249826, 29.0757414, 0.0]
          ]
        ]
      }
    },
    {
      "type": "Feature",
      "properties": { "Name": "Untitled polygon" },
      "geometry": {
        "type": "Polygon",
        "coordinates": [
          [
            [77.925082, 29.0751821, 0.0],
            [77.9251653, 29.0744889, 0.0],
            [77.9257479, 29.0744093, 0.0],
            [77.9257206, 29.0750381, 0.0],
            [77.925082, 29.0751821, 0.0]
          ]
        ]
      }
    },
    {
      "type": "Feature",
      "properties": { "Name": "Untitled polygon" },
      "geometry": {
        "type": "Polygon",
        "coordinates": [
          [
            [77.9257707, 29.0748603, 0.0],
            [77.925779, 29.0741342, 0.0],
            [77.9260584, 29.0740689, 0.0],
            [77.9262518, 29.0739768, 0.0],
            [77.9266131, 29.0745656, 0.0],
            [77.9257707, 29.0748603, 0.0]
          ]
        ]
      }
    },
    {
      "type": "Feature",
      "properties": { "Name": "Untitled polygon" },
      "geometry": {
        "type": "Polygon",
        "coordinates": [
          [
            [77.9266283, 29.0745697, 0.0],
            [77.9267396, 29.0747513, 0.0],
            [77.9257402, 29.0751099, 0.0],
            [77.9257626, 29.0748756, 0.0],
            [77.9266283, 29.0745697, 0.0]
          ]
        ]
      }
    },
    {
      "type": "Feature",
      "properties": { "Name": "Untitled polygon" },
      "geometry": {
        "type": "Polygon",
        "coordinates": [
          [
            [77.927216, 29.0735186, 0.0],
            [77.9274897, 29.0740645, 0.0],
            [77.9279532, 29.0739287, 0.0],
            [77.928065, 29.0742309, 0.0],
            [77.9267554, 29.0747562, 0.0],
            [77.9262636, 29.0739692, 0.0],
            [77.927216, 29.0735186, 0.0]
          ]
        ]
      }
    },
    {
      "type": "Feature",
      "properties": { "Name": "Untitled polygon" },
      "geometry": {
        "type": "Polygon",
        "coordinates": [
          [
            [77.927565, 29.0733605, 0.0],
            [77.9278371, 29.073895, 0.0],
            [77.9274941, 29.0739921, 0.0],
            [77.9272715, 29.073498, 0.0],
            [77.927565, 29.0733605, 0.0]
          ]
        ]
      }
    },
    {
      "type": "Feature",
      "properties": { "Name": "Untitled polygon" },
      "geometry": {
        "type": "Polygon",
        "coordinates": [
          [
            [77.9257784, 29.0738804, 0.0],
            [77.9257647, 29.0733889, 0.0],
            [77.9258756, 29.0730374, 0.0],
            [77.9262463, 29.0728474, 0.0],
            [77.9264238, 29.0735772, 0.0],
            [77.9257784, 29.0738804, 0.0]
          ]
        ]
      }
    },
    {
      "type": "Feature",
      "properties": { "Name": "Untitled polygon" },
      "geometry": {
        "type": "Polygon",
        "coordinates": [
          [
            [77.9258896, 29.0730137, 0.0],
            [77.9260301, 29.0722403, 0.0],
            [77.9260729, 29.0716959, 0.0],
            [77.9261115, 29.0715626, 0.0],
            [77.9266834, 29.0713742, 0.0],
            [77.9268953, 29.0718785, 0.0],
            [77.9264615, 29.0720747, 0.0],
            [77.9267349, 29.0725803, 0.0],
            [77.9258896, 29.0730137, 0.0]
          ]
        ]
      }
    },
    {
      "type": "Feature",
      "properties": { "Name": "Untitled polygon" },
      "geometry": {
        "type": "Polygon",
        "coordinates": [
          [
            [77.9264773, 29.0737235, 0.0],
            [77.9262691, 29.0728467, 0.0],
            [77.9269023, 29.0725074, 0.0],
            [77.9271734, 29.073419, 0.0],
            [77.9264773, 29.0737235, 0.0]
          ]
        ]
      }
    },
    {
      "type": "Feature",
      "properties": { "Name": "Untitled polygon" },
      "geometry": {
        "type": "Polygon",
        "coordinates": [
          [
            [77.9272336, 29.0734573, 0.0],
            [77.9269303, 29.0724849, 0.0],
            [77.9278741, 29.0719582, 0.0],
            [77.9282823, 29.0723947, 0.0],
            [77.928369, 29.0725189, 0.0],
            [77.9284311, 29.0727518, 0.0],
            [77.9282846, 29.0728247, 0.0],
            [77.9280277, 29.0730091, 0.0],
            [77.9276279, 29.0732728, 0.0],
            [77.9272336, 29.0734573, 0.0]
          ]
        ]
      }
    },
    {
      "type": "Feature",
      "properties": { "Name": "Untitled polygon" },
      "geometry": {
        "type": "Polygon",
        "coordinates": [
          [
            [77.9283563, 29.0717215, 0.0],
            [77.9285642, 29.0727035, 0.0],
            [77.9284635, 29.0727366, 0.0],
            [77.9283712, 29.0724522, 0.0],
            [77.9279079, 29.0719453, 0.0],
            [77.9283563, 29.0717215, 0.0]
          ]
        ]
      }
    },
    {
      "type": "Feature",
      "properties": { "Name": "Untitled polygon" },
      "geometry": {
        "type": "Polygon",
        "coordinates": [
          [
            [77.9285933, 29.0722324, 0.0],
            [77.9285115, 29.07179, 0.0],
            [77.9288375, 29.0716389, 0.0],
            [77.9290596, 29.0719528, 0.0],
            [77.9285933, 29.0722324, 0.0]
          ]
        ]
      }
    },
    {
      "type": "Feature",
      "properties": { "Name": "Untitled polygon" },
      "geometry": {
        "type": "Polygon",
        "coordinates": [
          [
            [77.9292558, 29.0721551, 0.0],
            [77.9288356, 29.0715793, 0.0],
            [77.929176, 29.0713325, 0.0],
            [77.9295975, 29.071911, 0.0],
            [77.9292558, 29.0721551, 0.0]
          ]
        ]
      }
    },
    {
      "type": "Feature",
      "properties": { "Name": "Untitled polygon" },
      "geometry": {
        "type": "Polygon",
        "coordinates": [
          [
            [77.9288195, 29.0715583, 0.0],
            [77.9284348, 29.0710263, 0.0],
            [77.9287681, 29.0707757, 0.0],
            [77.9291592, 29.0712973, 0.0],
            [77.9288195, 29.0715583, 0.0]
          ]
        ]
      }
    },
    {
      "type": "Feature",
      "properties": { "Name": "Untitled polygon" },
      "geometry": {
        "type": "Polygon",
        "coordinates": [
          [
            [77.9296089, 29.0719101, 0.0],
            [77.9291186, 29.0712189, 0.0],
            [77.9293921, 29.0709959, 0.0],
            [77.9298657, 29.0716663, 0.0],
            [77.9298379, 29.0717344, 0.0],
            [77.9296089, 29.0719101, 0.0]
          ]
        ]
      }
    },
    {
      "type": "Feature",
      "properties": { "Name": "Untitled polygon" },
      "geometry": {
        "type": "Polygon",
        "coordinates": [
          [
            [77.9374713, 29.1020477, 0.0],
            [77.9388373, 29.1021396, 0.0],
            [77.9386863, 29.103947, 0.0],
            [77.9374225, 29.1038487, 0.0],
            [77.9374713, 29.1020477, 0.0]
          ]
        ]
      }
    },
    {
      "type": "Feature",
      "properties": { "Name": "Untitled polygon" },
      "geometry": {
        "type": "Polygon",
        "coordinates": [
          [
            [77.9365606, 29.1038207, 0.0],
            [77.93707, 29.1038615, 0.0],
            [77.9374441, 29.1047162, 0.0],
            [77.9365637, 29.1050526, 0.0],
            [77.9365606, 29.1038207, 0.0]
          ]
        ]
      }
    },
    {
      "type": "Feature",
      "properties": { "Name": "Untitled polygon" },
      "geometry": {
        "type": "Polygon",
        "coordinates": [
          [
            [77.9370874, 29.103858, 0.0],
            [77.9374042, 29.1038738, 0.0],
            [77.9377347, 29.1044612, 0.0],
            [77.937419, 29.1046153, 0.0],
            [77.9370874, 29.103858, 0.0]
          ]
        ]
      }
    },
    {
      "type": "Feature",
      "properties": { "Name": "Untitled polygon" },
      "geometry": {
        "type": "Polygon",
        "coordinates": [
          [
            [77.9378244, 29.1038932, 0.0],
            [77.9382884, 29.1039349, 0.0],
            [77.938632, 29.1043731, 0.0],
            [77.9382695, 29.1045632, 0.0],
            [77.9378244, 29.1038932, 0.0]
          ]
        ]
      }
    },
    {
      "type": "Feature",
      "properties": { "Name": "Untitled polygon" },
      "geometry": {
        "type": "Polygon",
        "coordinates": [
          [
            [77.9392628, 29.103988, 0.0],
            [77.9387095, 29.1039628, 0.0],
            [77.9388174, 29.1025379, 0.0],
            [77.9393382, 29.1025522, 0.0],
            [77.9393579, 29.1024488, 0.0],
            [77.9398736, 29.1024928, 0.0],
            [77.9398127, 29.103128, 0.0],
            [77.9393069, 29.103089, 0.0],
            [77.9392628, 29.103988, 0.0]
          ]
        ]
      }
    },
    {
      "type": "Feature",
      "properties": { "Name": "Untitled polygon" },
      "geometry": {
        "type": "Polygon",
        "coordinates": [
          [
            [77.9401461, 29.1053929, 0.0],
            [77.9404139, 29.1056228, 0.0],
            [77.9409853, 29.1051626, 0.0],
            [77.9415976, 29.1052091, 0.0],
            [77.9400219, 29.1064761, 0.0],
            [77.9394814, 29.1059082, 0.0],
            [77.9401461, 29.1053929, 0.0]
          ]
        ]
      }
    },
    {
      "type": "Feature",
      "properties": { "Name": "Untitled polygon" },
      "geometry": {
        "type": "Polygon",
        "coordinates": [
          [
            [77.9409112, 29.1058012, 0.0],
            [77.9416186, 29.1052086, 0.0],
            [77.9424962, 29.1052727, 0.0],
            [77.9427653, 29.1056088, 0.0],
            [77.9425436, 29.1057949, 0.0],
            [77.9428697, 29.1061144, 0.0],
            [77.9426307, 29.1062856, 0.0],
            [77.9425134, 29.1061448, 0.0],
            [77.9421998, 29.1063618, 0.0],
            [77.9423521, 29.1065404, 0.0],
            [77.9425134, 29.1064416, 0.0],
            [77.9428307, 29.1066771, 0.0],
            [77.9424122, 29.1070264, 0.0],
            [77.9420996, 29.1067337, 0.0],
            [77.9419777, 29.1067982, 0.0],
            [77.9415338, 29.10638, 0.0],
            [77.9413552, 29.1061821, 0.0],
            [77.942017, 29.1056415, 0.0],
            [77.9418029, 29.105427, 0.0],
            [77.9411222, 29.1059845, 0.0],
            [77.9409112, 29.1058012, 0.0]
          ]
        ]
      }
    },
    {
      "type": "Feature",
      "properties": { "Name": "Untitled polygon" },
      "geometry": {
        "type": "Polygon",
        "coordinates": [
          [
            [77.9393145, 29.1031045, 0.0],
            [77.9398268, 29.1031369, 0.0],
            [77.939792, 29.1035606, 0.0],
            [77.939297, 29.1035297, 0.0],
            [77.9393145, 29.1031045, 0.0]
          ]
        ]
      }
    },
    {
      "type": "Feature",
      "properties": { "Name": "Untitled polygon" },
      "geometry": {
        "type": "Polygon",
        "coordinates": [
          [
            [77.9392693, 29.1039947, 0.0],
            [77.9392943, 29.1035492, 0.0],
            [77.9397833, 29.1035759, 0.0],
            [77.9397601, 29.1040023, 0.0],
            [77.9392693, 29.1039947, 0.0]
          ]
        ]
      }
    },
    {
      "type": "Feature",
      "properties": { "Name": "Untitled polygon" },
      "geometry": {
        "type": "Polygon",
        "coordinates": [
          [
            [77.9389193, 29.1039892, 0.0],
            [77.9401074, 29.104042, 0.0],
            [77.9400244, 29.1042594, 0.0],
            [77.9390436, 29.1042042, 0.0],
            [77.9389193, 29.1039892, 0.0]
          ]
        ]
      }
    },
    {
      "type": "Feature",
      "properties": { "Name": "Untitled polygon" },
      "geometry": {
        "type": "Polygon",
        "coordinates": [
          [
            [77.9400031, 29.1042725, 0.0],
            [77.9398776, 29.1050691, 0.0],
            [77.9398095, 29.1051022, 0.0],
            [77.9393633, 29.1045514, 0.0],
            [77.9390592, 29.1042154, 0.0],
            [77.9400031, 29.1042725, 0.0]
          ]
        ]
      }
    },
    {
      "type": "Feature",
      "properties": { "Name": "Untitled polygon" },
      "geometry": {
        "type": "Polygon",
        "coordinates": [
          [
            [77.9391749, 29.1055996, 0.0],
            [77.9397381, 29.1051574, 0.0],
            [77.9398789, 29.1050868, 0.0],
            [77.9409832, 29.1051404, 0.0],
            [77.9404171, 29.1055969, 0.0],
            [77.9401514, 29.105364, 0.0],
            [77.9394622, 29.1058967, 0.0],
            [77.9391749, 29.1055996, 0.0]
          ]
        ]
      }
    },
    {
      "type": "Feature",
      "properties": { "Name": "Untitled polygon" },
      "geometry": {
        "type": "Polygon",
        "coordinates": [
          [
            [77.9388941, 29.1046638, 0.0],
            [77.9392432, 29.1044464, 0.0],
            [77.9397825, 29.1051047, 0.0],
            [77.939672, 29.1051807, 0.0],
            [77.9394624, 29.1053565, 0.0],
            [77.9388941, 29.1046638, 0.0]
          ]
        ]
      }
    },
    {
      "type": "Feature",
      "properties": { "Name": "Untitled polygon" },
      "geometry": {
        "type": "Polygon",
        "coordinates": [
          [
            [77.9390312, 29.1048491, 0.0],
            [77.9394494, 29.1053666, 0.0],
            [77.9391462, 29.1056129, 0.0],
            [77.9386802, 29.1050582, 0.0],
            [77.9390312, 29.1048491, 0.0]
          ]
        ]
      }
    },
    {
      "type": "Feature",
      "properties": { "Name": "Untitled polygon" },
      "geometry": {
        "type": "Polygon",
        "coordinates": [
          [
            [77.9382953, 29.1039311, 0.0],
            [77.9389028, 29.1039904, 0.0],
            [77.9390463, 29.1042324, 0.0],
            [77.9392291, 29.1044288, 0.0],
            [77.938882, 29.1046533, 0.0],
            [77.9384394, 29.1041218, 0.0],
            [77.9382953, 29.1039311, 0.0]
          ]
        ]
      }
    },
    {
      "type": "Feature",
      "properties": { "Name": "Untitled polygon" },
      "geometry": {
        "type": "Polygon",
        "coordinates": [
          [
            [77.9377439, 29.1044567, 0.0],
            [77.938041, 29.104299, 0.0],
            [77.9383978, 29.1047891, 0.0],
            [77.9380213, 29.1049651, 0.0],
            [77.9377439, 29.1044567, 0.0]
          ]
        ]
      }
    },
    {
      "type": "Feature",
      "properties": { "Name": "Untitled polygon" },
      "geometry": {
        "type": "Polygon",
        "coordinates": [
          [
            [77.9386402, 29.104382, 0.0],
            [77.9390187, 29.1048363, 0.0],
            [77.9386645, 29.1050495, 0.0],
            [77.9384871, 29.1048774, 0.0],
            [77.9382646, 29.1045874, 0.0],
            [77.9386402, 29.104382, 0.0]
          ]
        ]
      }
    },
    {
      "type": "Feature",
      "properties": { "Name": "Untitled polygon" },
      "geometry": {
        "type": "Polygon",
        "coordinates": [
          [
            [77.9428678, 29.1034319, 0.0],
            [77.9428985, 29.1024327, 0.0],
            [77.9434838, 29.1024609, 0.0],
            [77.9435733, 29.1034016, 0.0],
            [77.9428678, 29.1034319, 0.0]
          ]
        ]
      }
    },
    {
      "type": "Feature",
      "properties": { "Name": "Untitled polygon" },
      "geometry": {
        "type": "Polygon",
        "coordinates": [
          [
            [77.9434988, 29.1024566, 0.0],
            [77.9442556, 29.1025115, 0.0],
            [77.9444307, 29.1030751, 0.0],
            [77.9442263, 29.103084, 0.0],
            [77.9442908, 29.1036884, 0.0],
            [77.9436346, 29.103753, 0.0],
            [77.9434988, 29.1024566, 0.0]
          ]
        ]
      }
    },
    {
      "type": "Feature",
      "properties": { "Name": "Untitled polygon" },
      "geometry": {
        "type": "Polygon",
        "coordinates": [
          [
            [77.9442638, 29.1025105, 0.0],
            [77.9450509, 29.1025961, 0.0],
            [77.9450595, 29.1030395, 0.0],
            [77.9444467, 29.1030451, 0.0],
            [77.9442638, 29.1025105, 0.0]
          ]
        ]
      }
    },
    {
      "type": "Feature",
      "properties": { "Name": "Untitled polygon" },
      "geometry": {
        "type": "Polygon",
        "coordinates": [
          [
            [77.9438446, 29.1053179, 0.0],
            [77.9445194, 29.10477, 0.0],
            [77.9444919, 29.1046076, 0.0],
            [77.945023, 29.1045843, 0.0],
            [77.9450398, 29.105144, 0.0],
            [77.9443723, 29.1051756, 0.0],
            [77.9445904, 29.1056722, 0.0],
            [77.9450405, 29.1054849, 0.0],
            [77.9450368, 29.1058722, 0.0],
            [77.9444548, 29.1061311, 0.0],
            [77.9441785, 29.1057907, 0.0],
            [77.9444555, 29.1056481, 0.0],
            [77.944313, 29.1054958, 0.0],
            [77.9440674, 29.1056243, 0.0],
            [77.9438446, 29.1053179, 0.0]
          ]
        ]
      }
    },
    {
      "type": "Feature",
      "properties": { "Name": "Untitled polygon" },
      "geometry": {
        "type": "Polygon",
        "coordinates": [
          [
            [77.94439, 29.1051807, 0.0],
            [77.945066, 29.1051512, 0.0],
            [77.9450564, 29.1054654, 0.0],
            [77.9445972, 29.1056528, 0.0],
            [77.94439, 29.1051807, 0.0]
          ]
        ]
      }
    },
    {
      "type": "Feature",
      "properties": { "Name": "Untitled polygon" },
      "geometry": {
        "type": "Polygon",
        "coordinates": [
          [
            [77.9443146, 29.1035762, 0.0],
            [77.9450425, 29.1035825, 0.0],
            [77.9450276, 29.1040301, 0.0],
            [77.9444185, 29.1040708, 0.0],
            [77.9443146, 29.1035762, 0.0]
          ]
        ]
      }
    },
    {
      "type": "Feature",
      "properties": { "Name": "Untitled polygon" },
      "geometry": {
        "type": "Polygon",
        "coordinates": [
          [
            [77.9432906, 29.101375, 0.0],
            [77.9433511, 29.1007256, 0.0],
            [77.9441847, 29.1007436, 0.0],
            [77.944206, 29.1006164, 0.0],
            [77.9450115, 29.1006757, 0.0],
            [77.9449802, 29.10102, 0.0],
            [77.9437495, 29.1009861, 0.0],
            [77.9438509, 29.1012742, 0.0],
            [77.9432906, 29.101375, 0.0]
          ]
        ]
      }
    },
    {
      "type": "Feature",
      "properties": { "Name": "Untitled polygon" },
      "geometry": {
        "type": "Polygon",
        "coordinates": [
          [
            [77.9433973, 29.0998167, 0.0],
            [77.9442039, 29.0998839, 0.0],
            [77.9441948, 29.1006004, 0.0],
            [77.9433786, 29.1006038, 0.0],
            [77.9433973, 29.0998167, 0.0]
          ]
        ]
      }
    },
    {
      "type": "Feature",
      "properties": { "Name": "Untitled polygon" },
      "geometry": {
        "type": "Polygon",
        "coordinates": [
          [
            [77.9442107, 29.1002465, 0.0],
            [77.9450063, 29.100282, 0.0],
            [77.9450141, 29.1006625, 0.0],
            [77.9442074, 29.1006043, 0.0],
            [77.9442107, 29.1002465, 0.0]
          ]
        ]
      }
    },
    {
      "type": "Feature",
      "properties": { "Name": "Untitled polygon" },
      "geometry": {
        "type": "Polygon",
        "coordinates": [
          [
            [77.9455656, 29.0995535, 0.0],
            [77.9460643, 29.0992565, 0.0],
            [77.9467749, 29.0999705, 0.0],
            [77.9463056, 29.0999615, 0.0],
            [77.9461088, 29.0999227, 0.0],
            [77.9457557, 29.0998756, 0.0],
            [77.9455656, 29.0995535, 0.0]
          ]
        ]
      }
    },
    {
      "type": "Feature",
      "properties": { "Name": "Untitled polygon" },
      "geometry": {
        "type": "Polygon",
        "coordinates": [
          [
            [77.9458084, 29.0998961, 0.0],
            [77.9462874, 29.0999778, 0.0],
            [77.9463973, 29.0999716, 0.0],
            [77.9466985, 29.1006661, 0.0],
            [77.9462845, 29.100756, 0.0],
            [77.9462382, 29.100529, 0.0],
            [77.9458039, 29.1006036, 0.0],
            [77.9458084, 29.0998961, 0.0]
          ]
        ]
      }
    },
    {
      "type": "Feature",
      "properties": { "Name": "Untitled polygon" },
      "geometry": {
        "type": "Polygon",
        "coordinates": [
          [
            [77.9444256, 29.0890252, 0.0],
            [77.944729, 29.0888646, 0.0],
            [77.9451384, 29.0894374, 0.0],
            [77.9443766, 29.0898597, 0.0],
            [77.9444256, 29.0890252, 0.0]
          ]
        ]
      }
    },
    {
      "type": "Feature",
      "properties": { "Name": "Untitled polygon" },
      "geometry": {
        "type": "Polygon",
        "coordinates": [
          [
            [77.9451708, 29.0894638, 0.0],
            [77.9453289, 29.0896443, 0.0],
            [77.9449337, 29.0899263, 0.0],
            [77.9450977, 29.0900961, 0.0],
            [77.9455053, 29.0898461, 0.0],
            [77.9457789, 29.0902773, 0.0],
            [77.9453652, 29.0905212, 0.0],
            [77.945615, 29.0908565, 0.0],
            [77.945243, 29.0911125, 0.0],
            [77.9452918, 29.091219, 0.0],
            [77.9444155, 29.091745, 0.0],
            [77.9444138, 29.0912296, 0.0],
            [77.9447981, 29.0910217, 0.0],
            [77.9445911, 29.0908246, 0.0],
            [77.9449325, 29.0906276, 0.0],
            [77.9443763, 29.0900873, 0.0],
            [77.9443577, 29.0898954, 0.0],
            [77.9451708, 29.0894638, 0.0]
          ]
        ]
      }
    },
    {
      "type": "Feature",
      "properties": { "Name": "Untitled polygon" },
      "geometry": {
        "type": "Polygon",
        "coordinates": [
          [
            [77.9443876, 29.0867518, 0.0],
            [77.9443637, 29.0872518, 0.0],
            [77.94433, 29.0887426, 0.0],
            [77.9440792, 29.088383, 0.0],
            [77.9433872, 29.0875073, 0.0],
            [77.9443876, 29.0867518, 0.0]
          ]
        ]
      }
    },
    {
      "type": "Feature",
      "properties": { "Name": "Untitled polygon" },
      "geometry": {
        "type": "Polygon",
        "coordinates": [
          [
            [77.943273, 29.0873764, 0.0],
            [77.9435603, 29.0877487, 0.0],
            [77.9429771, 29.088262, 0.0],
            [77.9425971, 29.0878552, 0.0],
            [77.943273, 29.0873764, 0.0]
          ]
        ]
      }
    },
    {
      "type": "Feature",
      "properties": { "Name": "Untitled polygon" },
      "geometry": {
        "type": "Polygon",
        "coordinates": [
          [
            [77.9438842, 29.0881763, 0.0],
            [77.9443245, 29.0887619, 0.0],
            [77.9443199, 29.089106, 0.0],
            [77.9434994, 29.0895772, 0.0],
            [77.9428575, 29.0889258, 0.0],
            [77.9438842, 29.0881763, 0.0]
          ]
        ]
      }
    },
    {
      "type": "Feature",
      "properties": { "Name": "Untitled polygon" },
      "geometry": {
        "type": "Polygon",
        "coordinates": [
          [
            [77.9443479, 29.0891099, 0.0],
            [77.9442771, 29.0895928, 0.0],
            [77.9437969, 29.0899241, 0.0],
            [77.9435083, 29.0895875, 0.0],
            [77.9443479, 29.0891099, 0.0]
          ]
        ]
      }
    },
    {
      "type": "Feature",
      "properties": { "Name": "Untitled polygon" },
      "geometry": {
        "type": "Polygon",
        "coordinates": [
          [
            [77.9458472, 29.0918928, 0.0],
            [77.9466266, 29.0914163, 0.0],
            [77.9472141, 29.0922819, 0.0],
            [77.9464482, 29.0927874, 0.0],
            [77.9458472, 29.0918928, 0.0]
          ]
        ]
      }
    },
    {
      "type": "Feature",
      "properties": { "Name": "Untitled polygon" },
      "geometry": {
        "type": "Polygon",
        "coordinates": [
          [
            [77.9418732, 29.0897949, 0.0],
            [77.9431222, 29.0892352, 0.0],
            [77.9436117, 29.0897515, 0.0],
            [77.9433597, 29.0899145, 0.0],
            [77.9422171, 29.090471, 0.0],
            [77.9418732, 29.0897949, 0.0]
          ]
        ]
      }
    },
    {
      "type": "Feature",
      "properties": { "Name": "Untitled polygon" },
      "geometry": {
        "type": "Polygon",
        "coordinates": [
          [
            [77.9432707, 29.089987, 0.0],
            [77.9436326, 29.0897678, 0.0],
            [77.9437467, 29.0899344, 0.0],
            [77.9438653, 29.0899641, 0.0],
            [77.944079, 29.089935, 0.0],
            [77.9442977, 29.0899345, 0.0],
            [77.9442948, 29.0907358, 0.0],
            [77.943188, 29.0912827, 0.0],
            [77.9425935, 29.0903194, 0.0],
            [77.9432707, 29.089987, 0.0]
          ]
        ]
      }
    },
    {
      "type": "Feature",
      "properties": { "Name": "Untitled polygon" },
      "geometry": {
        "type": "Polygon",
        "coordinates": [
          [
            [77.941568, 29.0903802, 0.0],
            [77.9417671, 29.0906883, 0.0],
            [77.942554, 29.0903255, 0.0],
            [77.943149, 29.0912809, 0.0],
            [77.9427919, 29.0914627, 0.0],
            [77.9427028, 29.0914757, 0.0],
            [77.9421027, 29.0918705, 0.0],
            [77.9419094, 29.0916623, 0.0],
            [77.941701, 29.0913936, 0.0],
            [77.9414495, 29.0910472, 0.0],
            [77.9412514, 29.0907268, 0.0],
            [77.9411075, 29.0905622, 0.0],
            [77.941568, 29.0903802, 0.0]
          ]
        ]
      }
    },
    {
      "type": "Feature",
      "properties": { "Name": "Untitled polygon" },
      "geometry": {
        "type": "Polygon",
        "coordinates": [
          [
            [77.9444793, 29.0849298, 0.0],
            [77.9449252, 29.0846765, 0.0],
            [77.9456549, 29.0856493, 0.0],
            [77.9444667, 29.0864569, 0.0],
            [77.9444793, 29.0849298, 0.0]
          ]
        ]
      }
    },
    {
      "type": "Feature",
      "properties": { "Name": "Untitled polygon" },
      "geometry": {
        "type": "Polygon",
        "coordinates": [
          [
            [77.9450118, 29.0861248, 0.0],
            [77.9455177, 29.08672, 0.0],
            [77.9461756, 29.0863216, 0.0],
            [77.9467321, 29.0869812, 0.0],
            [77.9472906, 29.0877379, 0.0],
            [77.9449003, 29.0890463, 0.0],
            [77.944751, 29.0888084, 0.0],
            [77.9444146, 29.0889996, 0.0],
            [77.9444453, 29.0878749, 0.0],
            [77.9444617, 29.0864973, 0.0],
            [77.9450118, 29.0861248, 0.0]
          ]
        ]
      }
    },
    {
      "type": "Feature",
      "properties": { "Name": "Untitled polygon" },
      "geometry": {
        "type": "Polygon",
        "coordinates": [
          [
            [77.9404624, 29.0908471, 0.0],
            [77.9410483, 29.0905735, 0.0],
            [77.9412035, 29.0907671, 0.0],
            [77.9405722, 29.0910519, 0.0],
            [77.9404624, 29.0908471, 0.0]
          ]
        ]
      }
    },
    {
      "type": "Feature",
      "properties": { "Name": "Untitled polygon" },
      "geometry": {
        "type": "Polygon",
        "coordinates": [
          [
            [77.9405722, 29.0910674, 0.0],
            [77.9412188, 29.0907738, 0.0],
            [77.9413868, 29.0909985, 0.0],
            [77.9407046, 29.0913233, 0.0],
            [77.9405722, 29.0910674, 0.0]
          ]
        ]
      }
    },
    {
      "type": "Feature",
      "properties": { "Name": "Untitled polygon" },
      "geometry": {
        "type": "Polygon",
        "coordinates": [
          [
            [77.9413955, 29.0910146, 0.0],
            [77.9418353, 29.0916623, 0.0],
            [77.94128, 29.0919599, 0.0],
            [77.9404525, 29.0923561, 0.0],
            [77.9401531, 29.0915809, 0.0],
            [77.9413955, 29.0910146, 0.0]
          ]
        ]
      }
    },
    {
      "type": "Feature",
      "properties": { "Name": "Untitled polygon" },
      "geometry": {
        "type": "Polygon",
        "coordinates": [
          [
            [77.9399496, 29.0907824, 0.0],
            [77.940324, 29.0906056, 0.0],
            [77.9406852, 29.09132, 0.0],
            [77.9401339, 29.0915588, 0.0],
            [77.9397328, 29.090809, 0.0],
            [77.9399496, 29.0907824, 0.0]
          ]
        ]
      }
    },
    {
      "type": "Feature",
      "properties": { "Name": "Untitled polygon" },
      "geometry": {
        "type": "Polygon",
        "coordinates": [
          [
            [77.9403276, 29.0905814, 0.0],
            [77.9408654, 29.0903264, 0.0],
            [77.9410444, 29.0905669, 0.0],
            [77.9404543, 29.0908453, 0.0],
            [77.9403276, 29.0905814, 0.0]
          ]
        ]
      }
    },
    {
      "type": "Feature",
      "properties": { "Name": "Untitled polygon" },
      "geometry": {
        "type": "Polygon",
        "coordinates": [
          [
            [77.9389577, 29.0919137, 0.0],
            [77.9395143, 29.0915827, 0.0],
            [77.9394344, 29.0913995, 0.0],
            [77.939918, 29.0912062, 0.0],
            [77.940113, 29.0915908, 0.0],
            [77.9404423, 29.0923587, 0.0],
            [77.9403475, 29.0924982, 0.0],
            [77.9394859, 29.0929022, 0.0],
            [77.9389577, 29.0919137, 0.0]
          ]
        ]
      }
    },
    {
      "type": "Feature",
      "properties": { "Name": "Untitled polygon" },
      "geometry": {
        "type": "Polygon",
        "coordinates": [
          [
            [77.9386152, 29.0921756, 0.0],
            [77.9389761, 29.091984, 0.0],
            [77.9393133, 29.0926171, 0.0],
            [77.9384658, 29.0931035, 0.0],
            [77.9382808, 29.0928553, 0.0],
            [77.9388206, 29.0925451, 0.0],
            [77.9386152, 29.0921756, 0.0]
          ]
        ]
      }
    },
    {
      "type": "Feature",
      "properties": { "Name": "Untitled polygon" },
      "geometry": {
        "type": "Polygon",
        "coordinates": [
          [
            [77.9144209, 29.0940451, 0.0],
            [77.914612, 29.0941587, 0.0],
            [77.9151167, 29.0946106, 0.0],
            [77.9141965, 29.0952244, 0.0],
            [77.9136593, 29.0947112, 0.0],
            [77.9144209, 29.0940451, 0.0]
          ]
        ]
      }
    },
    {
      "type": "Feature",
      "properties": { "Name": "Untitled polygon" },
      "geometry": {
        "type": "Polygon",
        "coordinates": [
          [
            [77.9145345, 29.0935668, 0.0],
            [77.9149828, 29.0940625, 0.0],
            [77.9147382, 29.0942167, 0.0],
            [77.9142209, 29.0938445, 0.0],
            [77.9145345, 29.0935668, 0.0]
          ]
        ]
      }
    },
    {
      "type": "Feature",
      "properties": { "Name": "Untitled polygon" },
      "geometry": {
        "type": "Polygon",
        "coordinates": [
          [
            [77.9141219, 29.0937932, 0.0],
            [77.9133121, 29.0932247, 0.0],
            [77.9139481, 29.0928583, 0.0],
            [77.9145211, 29.0925573, 0.0],
            [77.9150254, 29.0931765, 0.0],
            [77.9141219, 29.0937932, 0.0]
          ]
        ]
      }
    },
    {
      "type": "Feature",
      "properties": { "Name": "Untitled polygon" },
      "geometry": {
        "type": "Polygon",
        "coordinates": [
          [
            [77.9132742, 29.0932125, 0.0],
            [77.913174, 29.0931387, 0.0],
            [77.912941, 29.0929141, 0.0],
            [77.9126966, 29.0926244, 0.0],
            [77.9130514, 29.0923942, 0.0],
            [77.9135928, 29.0930159, 0.0],
            [77.9132742, 29.0932125, 0.0]
          ]
        ]
      }
    },
    {
      "type": "Feature",
      "properties": { "Name": "Untitled polygon" },
      "geometry": {
        "type": "Polygon",
        "coordinates": [
          [
            [77.9142783, 29.0917226, 0.0],
            [77.9144332, 29.091943, 0.0],
            [77.9139139, 29.0921852, 0.0],
            [77.9140654, 29.0924457, 0.0],
            [77.9137691, 29.0925546, 0.0],
            [77.9136316, 29.0922972, 0.0],
            [77.9131568, 29.0924978, 0.0],
            [77.9129766, 29.0923029, 0.0],
            [77.9142783, 29.0917226, 0.0]
          ]
        ]
      }
    },
    {
      "type": "Feature",
      "properties": { "Name": "Untitled polygon" },
      "geometry": {
        "type": "Polygon",
        "coordinates": [
          [
            [77.914078, 29.0924406, 0.0],
            [77.9139271, 29.0921895, 0.0],
            [77.9144414, 29.0919515, 0.0],
            [77.9146345, 29.0922302, 0.0],
            [77.914078, 29.0924406, 0.0]
          ]
        ]
      }
    },
    {
      "type": "Feature",
      "properties": { "Name": "Untitled polygon" },
      "geometry": {
        "type": "Polygon",
        "coordinates": [
          [
            [77.9135609, 29.0914967, 0.0],
            [77.9138543, 29.0919043, 0.0],
            [77.9129819, 29.0922902, 0.0],
            [77.9127009, 29.0919376, 0.0],
            [77.9135609, 29.0914967, 0.0]
          ]
        ]
      }
    },
    {
      "type": "Feature",
      "properties": { "Name": "Untitled polygon" },
      "geometry": {
        "type": "Polygon",
        "coordinates": [
          [
            [77.9138207, 29.0913749, 0.0],
            [77.9139971, 29.0913132, 0.0],
            [77.9142733, 29.0917173, 0.0],
            [77.9138612, 29.0919028, 0.0],
            [77.913568, 29.0914898, 0.0],
            [77.9138207, 29.0913749, 0.0]
          ]
        ]
      }
    },
    {
      "type": "Feature",
      "properties": { "Name": "Untitled polygon" },
      "geometry": {
        "type": "Polygon",
        "coordinates": [
          [
            [77.9135485, 29.0909495, 0.0],
            [77.9137055, 29.0914135, 0.0],
            [77.9133138, 29.0916025, 0.0],
            [77.9130637, 29.091237, 0.0],
            [77.9135485, 29.0909495, 0.0]
          ]
        ]
      }
    },
    {
      "type": "Feature",
      "properties": { "Name": "Untitled polygon" },
      "geometry": {
        "type": "Polygon",
        "coordinates": [
          [
            [77.9142679, 29.0905208, 0.0],
            [77.9145307, 29.0910907, 0.0],
            [77.9137129, 29.0914093, 0.0],
            [77.9135601, 29.0909441, 0.0],
            [77.9142679, 29.0905208, 0.0]
          ]
        ]
      }
    },
    {
      "type": "Feature",
      "properties": { "Name": "Untitled polygon" },
      "geometry": {
        "type": "Polygon",
        "coordinates": [
          [
            [77.9139692, 29.0899116, 0.0],
            [77.9139927, 29.0899139, 0.0],
            [77.9142639, 29.0905065, 0.0],
            [77.9135706, 29.0909276, 0.0],
            [77.91322, 29.0903344, 0.0],
            [77.9135519, 29.0901372, 0.0],
            [77.9139692, 29.0899116, 0.0]
          ]
        ]
      }
    },
    {
      "type": "Feature",
      "properties": { "Name": "Untitled polygon" },
      "geometry": {
        "type": "Polygon",
        "coordinates": [
          [
            [77.9132073, 29.090341, 0.0],
            [77.9134579, 29.0907647, 0.0],
            [77.9130778, 29.0909803, 0.0],
            [77.9127641, 29.0905479, 0.0],
            [77.9132073, 29.090341, 0.0]
          ]
        ]
      }
    },
    {
      "type": "Feature",
      "properties": { "Name": "Untitled polygon" },
      "geometry": {
        "type": "Polygon",
        "coordinates": [
          [
            [77.9120435, 29.0909586, 0.0],
            [77.9122173, 29.0908839, 0.0],
            [77.9124101, 29.090805, 0.0],
            [77.9125022, 29.0907475, 0.0],
            [77.9125676, 29.0906784, 0.0],
            [77.9126452, 29.0906186, 0.0],
            [77.9127584, 29.090553, 0.0],
            [77.9130718, 29.0909832, 0.0],
            [77.9124008, 29.0914169, 0.0],
            [77.9120435, 29.0909586, 0.0]
          ]
        ]
      }
    },
    {
      "type": "Feature",
      "properties": { "Name": "Untitled polygon" },
      "geometry": {
        "type": "Polygon",
        "coordinates": [
          [
            [77.9116658, 29.0915164, 0.0],
            [77.9122123, 29.0911907, 0.0],
            [77.912391, 29.0914177, 0.0],
            [77.9118838, 29.0917534, 0.0],
            [77.9116658, 29.0915164, 0.0]
          ]
        ]
      }
    },
    {
      "type": "Feature",
      "properties": { "Name": "Untitled polygon" },
      "geometry": {
        "type": "Polygon",
        "coordinates": [
          [
            [77.912708, 29.0912398, 0.0],
            [77.9128208, 29.0913984, 0.0],
            [77.9130558, 29.0912449, 0.0],
            [77.9133037, 29.091607, 0.0],
            [77.912763, 29.0918949, 0.0],
            [77.9124035, 29.091428, 0.0],
            [77.912708, 29.0912398, 0.0]
          ]
        ]
      }
    },
    {
      "type": "Feature",
      "properties": { "Name": "Untitled polygon" },
      "geometry": {
        "type": "Polygon",
        "coordinates": [
          [
            [77.915068, 29.0908952, 0.0],
            [77.9151886, 29.0911558, 0.0],
            [77.9142456, 29.0915953, 0.0],
            [77.9140548, 29.0912984, 0.0],
            [77.915068, 29.0908952, 0.0]
          ]
        ]
      }
    },
    {
      "type": "Feature",
      "properties": { "Name": "Untitled polygon" },
      "geometry": {
        "type": "Polygon",
        "coordinates": [
          [
            [77.9152021, 29.0911679, 0.0],
            [77.9153652, 29.0914455, 0.0],
            [77.9144345, 29.0918627, 0.0],
            [77.9142456, 29.0916056, 0.0],
            [77.9152021, 29.0911679, 0.0]
          ]
        ]
      }
    },
    {
      "type": "Feature",
      "properties": { "Name": "Untitled polygon" },
      "geometry": {
        "type": "Polygon",
        "coordinates": [
          [
            [77.9149109, 29.0916898, 0.0],
            [77.9153085, 29.0922838, 0.0],
            [77.9150619, 29.0923456, 0.0],
            [77.9146972, 29.0917806, 0.0],
            [77.9149109, 29.0916898, 0.0]
          ]
        ]
      }
    },
    {
      "type": "Feature",
      "properties": { "Name": "Untitled polygon" },
      "geometry": {
        "type": "Polygon",
        "coordinates": [
          [
            [77.9153223, 29.0914918, 0.0],
            [77.9156957, 29.0920926, 0.0],
            [77.9153164, 29.0922668, 0.0],
            [77.9149167, 29.0916777, 0.0],
            [77.9153223, 29.0914918, 0.0]
          ]
        ]
      }
    },
    {
      "type": "Feature",
      "properties": { "Name": "Untitled polygon" },
      "geometry": {
        "type": "Polygon",
        "coordinates": [
          [
            [77.9156226, 29.0914042, 0.0],
            [77.9159828, 29.0919458, 0.0],
            [77.9157423, 29.0920689, 0.0],
            [77.9154053, 29.0915121, 0.0],
            [77.9156226, 29.0914042, 0.0]
          ]
        ]
      }
    },
    {
      "type": "Feature",
      "properties": { "Name": "Untitled polygon" },
      "geometry": {
        "type": "Polygon",
        "coordinates": [
          [
            [77.9152145, 29.0903326, 0.0],
            [77.915302, 29.0905515, 0.0],
            [77.914494, 29.0908505, 0.0],
            [77.9143893, 29.0906309, 0.0],
            [77.9152145, 29.0903326, 0.0]
          ]
        ]
      }
    },
    {
      "type": "Feature",
      "properties": { "Name": "Untitled polygon" },
      "geometry": {
        "type": "Polygon",
        "coordinates": [
          [
            [77.914144, 29.0897328, 0.0],
            [77.9144362, 29.0895952, 0.0],
            [77.9147344, 29.0894893, 0.0],
            [77.915026, 29.0893611, 0.0],
            [77.9152958, 29.0898468, 0.0],
            [77.9149822, 29.0899701, 0.0],
            [77.9149149, 29.0898583, 0.0],
            [77.9141705, 29.090193, 0.0],
            [77.9140169, 29.0898602, 0.0],
            [77.9140784, 29.0897807, 0.0],
            [77.914144, 29.0897328, 0.0]
          ]
        ]
      }
    },
    {
      "type": "Feature",
      "properties": { "Name": "Untitled polygon" },
      "geometry": {
        "type": "Polygon",
        "coordinates": [
          [
            [77.913967, 29.0897627, 0.0],
            [77.9137579, 29.0894064, 0.0],
            [77.9144476, 29.0891007, 0.0],
            [77.9146669, 29.0894337, 0.0],
            [77.913967, 29.0897627, 0.0]
          ]
        ]
      }
    },
    {
      "type": "Feature",
      "properties": { "Name": "Untitled polygon" },
      "geometry": {
        "type": "Polygon",
        "coordinates": [
          [
            [77.9147215, 29.0894282, 0.0],
            [77.914487, 29.0891011, 0.0],
            [77.9156478, 29.0885934, 0.0],
            [77.9158372, 29.0889564, 0.0],
            [77.9147215, 29.0894282, 0.0]
          ]
        ]
      }
    },
    {
      "type": "Feature",
      "properties": { "Name": "Untitled polygon" },
      "geometry": {
        "type": "Polygon",
        "coordinates": [
          [
            [77.9140163, 29.0884524, 0.0],
            [77.914446, 29.0890937, 0.0],
            [77.9136277, 29.0894365, 0.0],
            [77.9135722, 29.0893993, 0.0],
            [77.9134822, 29.0894047, 0.0],
            [77.9131094, 29.0889383, 0.0],
            [77.9140163, 29.0884524, 0.0]
          ]
        ]
      }
    },
    {
      "type": "Feature",
      "properties": { "Name": "Untitled polygon" },
      "geometry": {
        "type": "Polygon",
        "coordinates": [
          [
            [77.9130245, 29.0880012, 0.0],
            [77.9133548, 29.0884608, 0.0],
            [77.9138244, 29.088178, 0.0],
            [77.9139893, 29.0884197, 0.0],
            [77.9135254, 29.0886854, 0.0],
            [77.9133393, 29.0887827, 0.0],
            [77.9128322, 29.0881221, 0.0],
            [77.9130245, 29.0880012, 0.0]
          ]
        ]
      }
    },
    {
      "type": "Feature",
      "properties": { "Name": "Untitled polygon" },
      "geometry": {
        "type": "Polygon",
        "coordinates": [
          [
            [77.9134625, 29.0877021, 0.0],
            [77.9138123, 29.0881689, 0.0],
            [77.9133566, 29.088444, 0.0],
            [77.9130401, 29.0879949, 0.0],
            [77.9134625, 29.0877021, 0.0]
          ]
        ]
      }
    },
    {
      "type": "Feature",
      "properties": { "Name": "Untitled polygon" },
      "geometry": {
        "type": "Polygon",
        "coordinates": [
          [
            [77.9128321, 29.0881337, 0.0],
            [77.913336, 29.0887881, 0.0],
            [77.9130736, 29.0889248, 0.0],
            [77.9125964, 29.0882934, 0.0],
            [77.9128321, 29.0881337, 0.0]
          ]
        ]
      }
    },
    {
      "type": "Feature",
      "properties": { "Name": "Untitled polygon" },
      "geometry": {
        "type": "Polygon",
        "coordinates": [
          [
            [77.9122767, 29.0887397, 0.0],
            [77.9127312, 29.0884819, 0.0],
            [77.9130714, 29.0889267, 0.0],
            [77.9125189, 29.0892472, 0.0],
            [77.9121263, 29.0894463, 0.0],
            [77.9118004, 29.0889982, 0.0],
            [77.9122767, 29.0887397, 0.0]
          ]
        ]
      }
    },
    {
      "type": "Feature",
      "properties": { "Name": "Untitled polygon" },
      "geometry": {
        "type": "Polygon",
        "coordinates": [
          [
            [77.9120721, 29.0898418, 0.0],
            [77.9127215, 29.0895277, 0.0],
            [77.9128993, 29.0897855, 0.0],
            [77.912203, 29.0900842, 0.0],
            [77.9120721, 29.0898418, 0.0]
          ]
        ]
      }
    },
    {
      "type": "Feature",
      "properties": { "Name": "Untitled polygon" },
      "geometry": {
        "type": "Polygon",
        "coordinates": [
          [
            [77.9130871, 29.088954, 0.0],
            [77.913482, 29.0894249, 0.0],
            [77.9135474, 29.0894125, 0.0],
            [77.913586, 29.0894175, 0.0],
            [77.9136136, 29.0894571, 0.0],
            [77.9133658, 29.0895629, 0.0],
            [77.9129573, 29.0890262, 0.0],
            [77.9130871, 29.088954, 0.0]
          ]
        ]
      }
    },
    {
      "type": "Feature",
      "properties": { "Name": "Untitled polygon" },
      "geometry": {
        "type": "Polygon",
        "coordinates": [
          [
            [77.9129418, 29.0890213, 0.0],
            [77.9133573, 29.0895715, 0.0],
            [77.9129101, 29.0897852, 0.0],
            [77.9125293, 29.0892588, 0.0],
            [77.9129418, 29.0890213, 0.0]
          ]
        ]
      }
    },
    {
      "type": "Feature",
      "properties": { "Name": "Untitled polygon" },
      "geometry": {
        "type": "Polygon",
        "coordinates": [
          [
            [77.9125196, 29.0892628, 0.0],
            [77.912707, 29.0895198, 0.0],
            [77.9120581, 29.0898354, 0.0],
            [77.9119099, 29.089574, 0.0],
            [77.9125196, 29.0892628, 0.0]
          ]
        ]
      }
    },
    {
      "type": "Feature",
      "properties": { "Name": "Untitled polygon" },
      "geometry": {
        "type": "Polygon",
        "coordinates": [
          [
            [77.9110517, 29.0959255, 0.0],
            [77.9113152, 29.0956436, 0.0],
            [77.911828, 29.096025, 0.0],
            [77.9120514, 29.096082, 0.0],
            [77.91133, 29.0961565, 0.0],
            [77.9110517, 29.0959255, 0.0]
          ]
        ]
      }
    },
    {
      "type": "Feature",
      "properties": { "Name": "Untitled polygon" },
      "geometry": {
        "type": "Polygon",
        "coordinates": [
          [
            [77.9115114, 29.09544, 0.0],
            [77.9122666, 29.0960498, 0.0],
            [77.9120815, 29.0960797, 0.0],
            [77.9118333, 29.0960119, 0.0],
            [77.9113247, 29.0956322, 0.0],
            [77.9115114, 29.09544, 0.0]
          ]
        ]
      }
    },
    {
      "type": "Feature",
      "properties": { "Name": "Untitled polygon" },
      "geometry": {
        "type": "Polygon",
        "coordinates": [
          [
            [77.9105278, 29.0955973, 0.0],
            [77.9109816, 29.0951321, 0.0],
            [77.9114535, 29.0954652, 0.0],
            [77.9110316, 29.0959281, 0.0],
            [77.9107937, 29.0957511, 0.0],
            [77.9105278, 29.0955973, 0.0]
          ]
        ]
      }
    },
    {
      "type": "Feature",
      "properties": { "Name": "Untitled polygon" },
      "geometry": {
        "type": "Polygon",
        "coordinates": [
          [
            [77.9109912, 29.0951222, 0.0],
            [77.911326, 29.094797, 0.0],
            [77.9117928, 29.0950904, 0.0],
            [77.9121967, 29.0954279, 0.0],
            [77.9118867, 29.0957326, 0.0],
            [77.9115089, 29.0954224, 0.0],
            [77.911474, 29.0954591, 0.0],
            [77.9109912, 29.0951222, 0.0]
          ]
        ]
      }
    },
    {
      "type": "Feature",
      "properties": { "Name": "Untitled polygon" },
      "geometry": {
        "type": "Polygon",
        "coordinates": [
          [
            [77.9119572, 29.0946884, 0.0],
            [77.9124533, 29.0952849, 0.0],
            [77.9122327, 29.0954473, 0.0],
            [77.9119436, 29.0951959, 0.0],
            [77.911642, 29.0949632, 0.0],
            [77.9119572, 29.0946884, 0.0]
          ]
        ]
      }
    },
    {
      "type": "Feature",
      "properties": { "Name": "Untitled polygon" },
      "geometry": {
        "type": "Polygon",
        "coordinates": [
          [
            [77.9133208, 29.0948126, 0.0],
            [77.9137066, 29.0951878, 0.0],
            [77.913325, 29.0955018, 0.0],
            [77.9130022, 29.0950562, 0.0],
            [77.9133208, 29.0948126, 0.0]
          ]
        ]
      }
    },
    {
      "type": "Feature",
      "properties": { "Name": "Untitled polygon" },
      "geometry": {
        "type": "Polygon",
        "coordinates": [
          [
            [77.913569, 29.0946341, 0.0],
            [77.9139361, 29.0949933, 0.0],
            [77.9137147, 29.0951847, 0.0],
            [77.9133333, 29.0948083, 0.0],
            [77.913569, 29.0946341, 0.0]
          ]
        ]
      }
    },
    {
      "type": "Feature",
      "properties": { "Name": "Untitled polygon" },
      "geometry": {
        "type": "Polygon",
        "coordinates": [
          [
            [77.9132481, 29.094333, 0.0],
            [77.9135557, 29.0946236, 0.0],
            [77.9129776, 29.0950434, 0.0],
            [77.9126929, 29.0947502, 0.0],
            [77.9132481, 29.094333, 0.0]
          ]
        ]
      }
    },
    {
      "type": "Feature",
      "properties": { "Name": "Untitled polygon" },
      "geometry": {
        "type": "Polygon",
        "coordinates": [
          [
            [77.9139863, 29.0937641, 0.0],
            [77.9144082, 29.0940355, 0.0],
            [77.9136532, 29.0947013, 0.0],
            [77.9132569, 29.0943267, 0.0],
            [77.9139863, 29.0937641, 0.0]
          ]
        ]
      }
    },
    {
      "type": "Feature",
      "properties": { "Name": "Untitled polygon" },
      "geometry": {
        "type": "Polygon",
        "coordinates": [
          [
            [77.9130582, 29.0937452, 0.0],
            [77.9131383, 29.0937353, 0.0],
            [77.9132263, 29.0937011, 0.0],
            [77.9135279, 29.0934641, 0.0],
            [77.9135609, 29.093464, 0.0],
            [77.9139638, 29.0937543, 0.0],
            [77.9132428, 29.0943237, 0.0],
            [77.9128106, 29.0939237, 0.0],
            [77.9130582, 29.0937452, 0.0]
          ]
        ]
      }
    },
    {
      "type": "Feature",
      "properties": { "Name": "Untitled polygon" },
      "geometry": {
        "type": "Polygon",
        "coordinates": [
          [
            [77.9122678, 29.0922006, 0.0],
            [77.9127734, 29.092775, 0.0],
            [77.9123819, 29.0930356, 0.0],
            [77.9118996, 29.0924734, 0.0],
            [77.9122678, 29.0922006, 0.0]
          ]
        ]
      }
    },
    {
      "type": "Feature",
      "properties": { "Name": "Untitled polygon" },
      "geometry": {
        "type": "Polygon",
        "coordinates": [
          [
            [77.911294, 29.0924254, 0.0],
            [77.9119339, 29.0919136, 0.0],
            [77.9120942, 29.0920194, 0.0],
            [77.9122416, 29.0921716, 0.0],
            [77.9115187, 29.0926965, 0.0],
            [77.911294, 29.0924254, 0.0]
          ]
        ]
      }
    },
    {
      "type": "Feature",
      "properties": { "Name": "Untitled polygon" },
      "geometry": {
        "type": "Polygon",
        "coordinates": [
          [
            [77.9117176, 29.0916258, 0.0],
            [77.9119448, 29.0918912, 0.0],
            [77.9115278, 29.0922187, 0.0],
            [77.911274, 29.0919353, 0.0],
            [77.9117176, 29.0916258, 0.0]
          ]
        ]
      }
    },
    {
      "type": "Feature",
      "properties": { "Name": "Untitled polygon" },
      "geometry": {
        "type": "Polygon",
        "coordinates": [
          [
            [77.9112769, 29.0911586, 0.0],
            [77.9113063, 29.0911528, 0.0],
            [77.9113441, 29.0911738, 0.0],
            [77.911712, 29.0916207, 0.0],
            [77.9114724, 29.0917884, 0.0],
            [77.910992, 29.0913473, 0.0],
            [77.9112769, 29.0911586, 0.0]
          ]
        ]
      }
    },
    {
      "type": "Feature",
      "properties": { "Name": "Untitled polygon" },
      "geometry": {
        "type": "Polygon",
        "coordinates": [
          [
            [77.9116589, 29.0915096, 0.0],
            [77.9114818, 29.0912973, 0.0],
            [77.9114761, 29.0912669, 0.0],
            [77.9115041, 29.0912511, 0.0],
            [77.9115516, 29.0912318, 0.0],
            [77.9116747, 29.091168, 0.0],
            [77.9119527, 29.0909938, 0.0],
            [77.9120314, 29.0909618, 0.0],
            [77.9122054, 29.0911861, 0.0],
            [77.9116589, 29.0915096, 0.0]
          ]
        ]
      }
    },
    {
      "type": "Feature",
      "properties": { "Name": "Untitled polygon" },
      "geometry": {
        "type": "Polygon",
        "coordinates": [
          [
            [77.9116476, 29.0905184, 0.0],
            [77.9119829, 29.0909488, 0.0],
            [77.9116628, 29.0911477, 0.0],
            [77.9115947, 29.0911842, 0.0],
            [77.9114596, 29.0912396, 0.0],
            [77.9114261, 29.0912325, 0.0],
            [77.9110901, 29.0908259, 0.0],
            [77.9113696, 29.0906649, 0.0],
            [77.9116476, 29.0905184, 0.0]
          ]
        ]
      }
    },
    {
      "type": "Feature",
      "properties": { "Name": "Untitled polygon" },
      "geometry": {
        "type": "Polygon",
        "coordinates": [
          [
            [77.9122711, 29.0902575, 0.0],
            [77.912526, 29.0906503, 0.0],
            [77.9125302, 29.0906858, 0.0],
            [77.9124699, 29.0907383, 0.0],
            [77.912359, 29.0908005, 0.0],
            [77.9119966, 29.0909459, 0.0],
            [77.9116608, 29.0905006, 0.0],
            [77.9122711, 29.0902575, 0.0]
          ]
        ]
      }
    },
    {
      "type": "Feature",
      "properties": { "Name": "Untitled polygon" },
      "geometry": {
        "type": "Polygon",
        "coordinates": [
          [
            [77.9120989, 29.0899698, 0.0],
            [77.9122683, 29.0902501, 0.0],
            [77.9116601, 29.0904929, 0.0],
            [77.911453, 29.0902231, 0.0],
            [77.9120989, 29.0899698, 0.0]
          ]
        ]
      }
    },
    {
      "type": "Feature",
      "properties": { "Name": "Untitled polygon" },
      "geometry": {
        "type": "Polygon",
        "coordinates": [
          [
            [77.9129631, 29.089774, 0.0],
            [77.9132558, 29.0902807, 0.0],
            [77.9126115, 29.09061, 0.0],
            [77.9125205, 29.0905928, 0.0],
            [77.9122208, 29.0900873, 0.0],
            [77.9129631, 29.089774, 0.0]
          ]
        ]
      }
    },
    {
      "type": "Feature",
      "properties": { "Name": "Untitled polygon" },
      "geometry": {
        "type": "Polygon",
        "coordinates": [
          [
            [77.9132608, 29.0902783, 0.0],
            [77.9129695, 29.0897679, 0.0],
            [77.9133701, 29.0895734, 0.0],
            [77.9137371, 29.0894065, 0.0],
            [77.9139821, 29.0897944, 0.0],
            [77.9139749, 29.0898736, 0.0],
            [77.9139166, 29.0899182, 0.0],
            [77.9135886, 29.0900859, 0.0],
            [77.9132608, 29.0902783, 0.0]
          ]
        ]
      }
    },
    {
      "type": "Feature",
      "properties": { "Name": "Untitled polygon" },
      "geometry": {
        "type": "Polygon",
        "coordinates": [
          [
            [77.9105005, 29.0955838, 0.0],
            [77.9095698, 29.0950793, 0.0],
            [77.9101656, 29.0944569, 0.0],
            [77.9105693, 29.0947533, 0.0],
            [77.9105972, 29.0948141, 0.0],
            [77.9109687, 29.0950982, 0.0],
            [77.9105005, 29.0955838, 0.0]
          ]
        ]
      }
    },
    {
      "type": "Feature",
      "properties": { "Name": "Untitled polygon" },
      "geometry": {
        "type": "Polygon",
        "coordinates": [
          [
            [77.9109496, 29.0944523, 0.0],
            [77.9113071, 29.0947676, 0.0],
            [77.9109773, 29.0950901, 0.0],
            [77.9106013, 29.0948065, 0.0],
            [77.9105815, 29.09475, 0.0],
            [77.9109496, 29.0944523, 0.0]
          ]
        ]
      }
    },
    {
      "type": "Feature",
      "properties": { "Name": "Untitled polygon" },
      "geometry": {
        "type": "Polygon",
        "coordinates": [
          [
            [77.9105259, 29.0940926, 0.0],
            [77.9109403, 29.0944491, 0.0],
            [77.9105751, 29.0947488, 0.0],
            [77.9103163, 29.0945496, 0.0],
            [77.9103185, 29.0945074, 0.0],
            [77.9102039, 29.094406, 0.0],
            [77.9105259, 29.0940926, 0.0]
          ]
        ]
      }
    },
    {
      "type": "Feature",
      "properties": { "Name": "Untitled polygon" },
      "geometry": {
        "type": "Polygon",
        "coordinates": [
          [
            [77.9117003, 29.0939361, 0.0],
            [77.9120649, 29.0942473, 0.0],
            [77.9114569, 29.0948311, 0.0],
            [77.9112803, 29.0947318, 0.0],
            [77.9110534, 29.094514, 0.0],
            [77.9117003, 29.0939361, 0.0]
          ]
        ]
      }
    },
    {
      "type": "Feature",
      "properties": { "Name": "Untitled polygon" },
      "geometry": {
        "type": "Polygon",
        "coordinates": [
          [
            [77.9126753, 29.0947581, 0.0],
            [77.9125117, 29.0945944, 0.0],
            [77.913077, 29.0941778, 0.0],
            [77.9132412, 29.0943296, 0.0],
            [77.9126753, 29.0947581, 0.0]
          ]
        ]
      }
    },
    {
      "type": "Feature",
      "properties": { "Name": "Untitled polygon" },
      "geometry": {
        "type": "Polygon",
        "coordinates": [
          [
            [77.9092404, 29.0949382, 0.0],
            [77.9093055, 29.0943539, 0.0],
            [77.9098569, 29.09473, 0.0],
            [77.9095448, 29.0950743, 0.0],
            [77.9092404, 29.0949382, 0.0]
          ]
        ]
      }
    },
    {
      "type": "Feature",
      "properties": { "Name": "Untitled polygon" },
      "geometry": {
        "type": "Polygon",
        "coordinates": [
          [
            [77.909308, 29.0943349, 0.0],
            [77.9093284, 29.094092, 0.0],
            [77.9095019, 29.093925, 0.0],
            [77.9101812, 29.0943931, 0.0],
            [77.9098615, 29.0947258, 0.0],
            [77.909308, 29.0943349, 0.0]
          ]
        ]
      }
    },
    {
      "type": "Feature",
      "properties": { "Name": "Untitled polygon" },
      "geometry": {
        "type": "Polygon",
        "coordinates": [
          [
            [77.9106635, 29.0933704, 0.0],
            [77.9111866, 29.0937241, 0.0],
            [77.9113671, 29.0938255, 0.0],
            [77.9115779, 29.0940235, 0.0],
            [77.9110356, 29.0945143, 0.0],
            [77.9105321, 29.0940795, 0.0],
            [77.9101776, 29.093833, 0.0],
            [77.9106635, 29.0933704, 0.0]
          ]
        ]
      }
    },
    {
      "type": "Feature",
      "properties": { "Name": "Untitled polygon" },
      "geometry": {
        "type": "Polygon",
        "coordinates": [
          [
            [77.9102109, 29.0933951, 0.0],
            [77.910661, 29.0929962, 0.0],
            [77.9108595, 29.0931918, 0.0],
            [77.9101668, 29.0938256, 0.0],
            [77.9098657, 29.0936399, 0.0],
            [77.9102109, 29.0933951, 0.0]
          ]
        ]
      }
    },
    {
      "type": "Feature",
      "properties": { "Name": "Untitled polygon" },
      "geometry": {
        "type": "Polygon",
        "coordinates": [
          [
            [77.9109363, 29.092652, 0.0],
            [77.9110785, 29.0927996, 0.0],
            [77.9111968, 29.0929445, 0.0],
            [77.9108532, 29.0931671, 0.0],
            [77.9106649, 29.0929855, 0.0],
            [77.9106623, 29.092948, 0.0],
            [77.9106227, 29.0928817, 0.0],
            [77.9109363, 29.092652, 0.0]
          ]
        ]
      }
    },
    {
      "type": "Feature",
      "properties": { "Name": "Untitled polygon" },
      "geometry": {
        "type": "Polygon",
        "coordinates": [
          [
            [77.9097661, 29.0928061, 0.0],
            [77.909717, 29.0927594, 0.0],
            [77.9101187, 29.0924765, 0.0],
            [77.9101518, 29.0924752, 0.0],
            [77.910571, 29.0928516, 0.0],
            [77.9106082, 29.0929008, 0.0],
            [77.910637, 29.0929448, 0.0],
            [77.9106372, 29.0929888, 0.0],
            [77.9102095, 29.0933807, 0.0],
            [77.9097023, 29.0928523, 0.0],
            [77.9097661, 29.0928061, 0.0]
          ]
        ]
      }
    },
    {
      "type": "Feature",
      "properties": { "Name": "Untitled polygon" },
      "geometry": {
        "type": "Polygon",
        "coordinates": [
          [
            [77.9091631, 29.0923214, 0.0],
            [77.9094575, 29.0920712, 0.0],
            [77.9098059, 29.0923984, 0.0],
            [77.9099616, 29.0922914, 0.0],
            [77.9101215, 29.0924526, 0.0],
            [77.9096657, 29.0927835, 0.0],
            [77.9091631, 29.0923214, 0.0]
          ]
        ]
      }
    },
    {
      "type": "Feature",
      "properties": { "Name": "Untitled polygon" },
      "geometry": {
        "type": "Polygon",
        "coordinates": [
          [
            [77.9100692, 29.091465, 0.0],
            [77.9101466, 29.0914646, 0.0],
            [77.910378, 29.0916879, 0.0],
            [77.9104113, 29.091728, 0.0],
            [77.910475, 29.0918594, 0.0],
            [77.909965, 29.0922764, 0.0],
            [77.9095645, 29.0919118, 0.0],
            [77.9098183, 29.0916662, 0.0],
            [77.9100692, 29.091465, 0.0]
          ]
        ]
      }
    },
    {
      "type": "Feature",
      "properties": { "Name": "Untitled polygon" },
      "geometry": {
        "type": "Polygon",
        "coordinates": [
          [
            [77.9101428, 29.091411, 0.0],
            [77.9106504, 29.09102, 0.0],
            [77.9109674, 29.0913381, 0.0],
            [77.9104505, 29.0916805, 0.0],
            [77.9104123, 29.0916747, 0.0],
            [77.9101428, 29.091411, 0.0]
          ]
        ]
      }
    },
    {
      "type": "Feature",
      "properties": { "Name": "Untitled polygon" },
      "geometry": {
        "type": "Polygon",
        "coordinates": [
          [
            [77.9095889, 29.0909641, 0.0],
            [77.9098882, 29.0906863, 0.0],
            [77.9101711, 29.0905076, 0.0],
            [77.9106438, 29.091013, 0.0],
            [77.9101354, 29.091406, 0.0],
            [77.9095889, 29.0909641, 0.0]
          ]
        ]
      }
    },
    {
      "type": "Feature",
      "properties": { "Name": "Untitled polygon" },
      "geometry": {
        "type": "Polygon",
        "coordinates": [
          [
            [77.9094684, 29.0902714, 0.0],
            [77.9099798, 29.089896, 0.0],
            [77.9100208, 29.0898948, 0.0],
            [77.9104729, 29.0902629, 0.0],
            [77.9098869, 29.0906748, 0.0],
            [77.9094684, 29.0902714, 0.0]
          ]
        ]
      }
    },
    {
      "type": "Feature",
      "properties": { "Name": "Untitled polygon" },
      "geometry": {
        "type": "Polygon",
        "coordinates": [
          [
            [77.9095749, 29.090979, 0.0],
            [77.9101111, 29.0914081, 0.0],
            [77.9095655, 29.0918785, 0.0],
            [77.9090294, 29.0913679, 0.0],
            [77.9095749, 29.090979, 0.0]
          ]
        ]
      }
    },
    {
      "type": "Feature",
      "properties": { "Name": "Untitled polygon" },
      "geometry": {
        "type": "Polygon",
        "coordinates": [
          [
            [77.9082955, 29.0912661, 0.0],
            [77.9083511, 29.0911711, 0.0],
            [77.9089738, 29.090621, 0.0],
            [77.909452, 29.091051, 0.0],
            [77.9090315, 29.0913508, 0.0],
            [77.908677, 29.0916192, 0.0],
            [77.9082955, 29.0912661, 0.0]
          ]
        ]
      }
    },
    {
      "type": "Feature",
      "properties": { "Name": "Untitled polygon" },
      "geometry": {
        "type": "Polygon",
        "coordinates": [
          [
            [77.9101352, 29.0962062, 0.0],
            [77.9099075, 29.0957292, 0.0],
            [77.9101145, 29.0954543, 0.0],
            [77.910665, 29.0957551, 0.0],
            [77.911151, 29.0960931, 0.0],
            [77.9111252, 29.0961355, 0.0],
            [77.9101352, 29.0962062, 0.0]
          ]
        ]
      }
    },
    {
      "type": "Feature",
      "properties": { "Name": "Untitled polygon" },
      "geometry": {
        "type": "Polygon",
        "coordinates": [
          [
            [77.9090732, 29.0962854, 0.0],
            [77.9091819, 29.0953611, 0.0],
            [77.9098893, 29.0957232, 0.0],
            [77.9101086, 29.096211, 0.0],
            [77.9090732, 29.0962854, 0.0]
          ]
        ]
      }
    },
    {
      "type": "Feature",
      "properties": { "Name": "Untitled polygon" },
      "geometry": {
        "type": "Polygon",
        "coordinates": [
          [
            [77.9091869, 29.095341, 0.0],
            [77.9092565, 29.0950283, 0.0],
            [77.9101031, 29.0954336, 0.0],
            [77.9098924, 29.0957086, 0.0],
            [77.9091869, 29.095341, 0.0]
          ]
        ]
      }
    },
    {
      "type": "Feature",
      "properties": { "Name": "Untitled polygon" },
      "geometry": {
        "type": "Polygon",
        "coordinates": [
          [
            [77.9078696, 29.0943393, 0.0],
            [77.9081, 29.0940651, 0.0],
            [77.9091716, 29.094742, 0.0],
            [77.9091614, 29.0949502, 0.0],
            [77.9086152, 29.0948101, 0.0],
            [77.9078696, 29.0943393, 0.0]
          ]
        ]
      }
    },
    {
      "type": "Feature",
      "properties": { "Name": "Untitled polygon" },
      "geometry": {
        "type": "Polygon",
        "coordinates": [
          [
            [77.9081054, 29.0940458, 0.0],
            [77.9081112, 29.0940106, 0.0],
            [77.9083493, 29.0938047, 0.0],
            [77.9092124, 29.0944029, 0.0],
            [77.909156, 29.0947208, 0.0],
            [77.9081054, 29.0940458, 0.0]
          ]
        ]
      }
    },
    {
      "type": "Feature",
      "properties": { "Name": "Untitled polygon" },
      "geometry": {
        "type": "Polygon",
        "coordinates": [
          [
            [77.9088229, 29.0941146, 0.0],
            [77.9092084, 29.0937173, 0.0],
            [77.9092481, 29.0940468, 0.0],
            [77.9092162, 29.0943928, 0.0],
            [77.9088229, 29.0941146, 0.0]
          ]
        ]
      }
    },
    {
      "type": "Feature",
      "properties": { "Name": "Untitled polygon" },
      "geometry": {
        "type": "Polygon",
        "coordinates": [
          [
            [77.9083612, 29.0937933, 0.0],
            [77.9090204, 29.0931972, 0.0],
            [77.9091315, 29.0934417, 0.0],
            [77.9092029, 29.0937078, 0.0],
            [77.9088099, 29.0941053, 0.0],
            [77.9083612, 29.0937933, 0.0]
          ]
        ]
      }
    },
    {
      "type": "Feature",
      "properties": { "Name": "Untitled polygon" },
      "geometry": {
        "type": "Polygon",
        "coordinates": [
          [
            [77.9080629, 29.0931478, 0.0],
            [77.908251, 29.0929885, 0.0],
            [77.9087581, 29.0934174, 0.0],
            [77.9085216, 29.0936231, 0.0],
            [77.9083123, 29.0934683, 0.0],
            [77.9083481, 29.0934121, 0.0],
            [77.9080629, 29.0931478, 0.0]
          ]
        ]
      }
    },
    {
      "type": "Feature",
      "properties": { "Name": "Untitled polygon" },
      "geometry": {
        "type": "Polygon",
        "coordinates": [
          [
            [77.907627, 29.0928, 0.0],
            [77.9080952, 29.0923174, 0.0],
            [77.9086042, 29.0926516, 0.0],
            [77.9080389, 29.0931557, 0.0],
            [77.907627, 29.0928, 0.0]
          ]
        ]
      }
    },
    {
      "type": "Feature",
      "properties": { "Name": "Untitled polygon" },
      "geometry": {
        "type": "Polygon",
        "coordinates": [
          [
            [77.9091145, 29.0923196, 0.0],
            [77.9095046, 29.0926919, 0.0],
            [77.9090035, 29.0930419, 0.0],
            [77.9087266, 29.0926361, 0.0],
            [77.9091145, 29.0923196, 0.0]
          ]
        ]
      }
    },
    {
      "type": "Feature",
      "properties": { "Name": "Untitled polygon" },
      "geometry": {
        "type": "Polygon",
        "coordinates": [
          [
            [77.908697, 29.0916556, 0.0],
            [77.9090222, 29.0913749, 0.0],
            [77.9094552, 29.0917864, 0.0],
            [77.9091609, 29.0920295, 0.0],
            [77.908697, 29.0916556, 0.0]
          ]
        ]
      }
    },
    {
      "type": "Feature",
      "properties": { "Name": "Untitled polygon" },
      "geometry": {
        "type": "Polygon",
        "coordinates": [
          [
            [77.9075555, 29.0918612, 0.0],
            [77.9077709, 29.0916669, 0.0],
            [77.907714, 29.0916104, 0.0],
            [77.9082399, 29.0912186, 0.0],
            [77.9082899, 29.0912768, 0.0],
            [77.9085025, 29.0914938, 0.0],
            [77.907857, 29.0920569, 0.0],
            [77.9075555, 29.0918612, 0.0]
          ]
        ]
      }
    },
    {
      "type": "Feature",
      "properties": { "Name": "Untitled polygon" },
      "geometry": {
        "type": "Polygon",
        "coordinates": [
          [
            [77.9074467, 29.0913182, 0.0],
            [77.9079905, 29.0908761, 0.0],
            [77.9081879, 29.0910597, 0.0],
            [77.9076244, 29.0914894, 0.0],
            [77.9074467, 29.0913182, 0.0]
          ]
        ]
      }
    },
    {
      "type": "Feature",
      "properties": { "Name": "Untitled polygon" },
      "geometry": {
        "type": "Polygon",
        "coordinates": [
          [
            [77.9069473, 29.0908539, 0.0],
            [77.907516, 29.0904287, 0.0],
            [77.9079855, 29.0908661, 0.0],
            [77.9074357, 29.091317, 0.0],
            [77.9069473, 29.0908539, 0.0]
          ]
        ]
      }
    },
    {
      "type": "Feature",
      "properties": { "Name": "Untitled polygon" },
      "geometry": {
        "type": "Polygon",
        "coordinates": [
          [
            [77.9087885, 29.089663, 0.0],
            [77.9093539, 29.090288, 0.0],
            [77.9089339, 29.0906247, 0.0],
            [77.9083238, 29.0900093, 0.0],
            [77.9087885, 29.089663, 0.0]
          ]
        ]
      }
    },
    {
      "type": "Feature",
      "properties": { "Name": "Untitled polygon" },
      "geometry": {
        "type": "Polygon",
        "coordinates": [
          [
            [77.909446, 29.0893286, 0.0],
            [77.9099888, 29.0898724, 0.0],
            [77.909467, 29.090247, 0.0],
            [77.9093743, 29.0902866, 0.0],
            [77.9088078, 29.0896525, 0.0],
            [77.909446, 29.0893286, 0.0]
          ]
        ]
      }
    },
    {
      "type": "Feature",
      "properties": { "Name": "Untitled polygon" },
      "geometry": {
        "type": "Polygon",
        "coordinates": [
          [
            [77.9085061, 29.0884468, 0.0],
            [77.9093234, 29.0893808, 0.0],
            [77.908813, 29.0896276, 0.0],
            [77.9080438, 29.0887897, 0.0],
            [77.9085061, 29.0884468, 0.0]
          ]
        ]
      }
    },
    {
      "type": "Feature",
      "properties": { "Name": "Untitled polygon" },
      "geometry": {
        "type": "Polygon",
        "coordinates": [
          [
            [77.9091579, 29.0889379, 0.0],
            [77.9095655, 29.0886358, 0.0],
            [77.9099926, 29.0890916, 0.0],
            [77.9095533, 29.0893908, 0.0],
            [77.9091579, 29.0889379, 0.0]
          ]
        ]
      }
    },
    {
      "type": "Feature",
      "properties": { "Name": "Untitled polygon" },
      "geometry": {
        "type": "Polygon",
        "coordinates": [
          [
            [77.9088117, 29.0884974, 0.0],
            [77.9091949, 29.0882428, 0.0],
            [77.9095466, 29.0886215, 0.0],
            [77.9091419, 29.0889284, 0.0],
            [77.9088117, 29.0884974, 0.0]
          ]
        ]
      }
    },
    {
      "type": "Feature",
      "properties": { "Name": "Untitled polygon" },
      "geometry": {
        "type": "Polygon",
        "coordinates": [
          [
            [77.9094822, 29.0880645, 0.0],
            [77.9102668, 29.0889266, 0.0],
            [77.9100031, 29.0890803, 0.0],
            [77.9092097, 29.0882239, 0.0],
            [77.9094822, 29.0880645, 0.0]
          ]
        ]
      }
    },
    {
      "type": "Feature",
      "properties": { "Name": "Untitled polygon" },
      "geometry": {
        "type": "Polygon",
        "coordinates": [
          [
            [77.9088623, 29.08778, 0.0],
            [77.9090831, 29.0876474, 0.0],
            [77.909457, 29.088057, 0.0],
            [77.9092452, 29.088184, 0.0],
            [77.9088623, 29.08778, 0.0]
          ]
        ]
      }
    },
    {
      "type": "Feature",
      "properties": { "Name": "Untitled polygon" },
      "geometry": {
        "type": "Polygon",
        "coordinates": [
          [
            [77.9113941, 29.0991125, 0.0],
            [77.9119832, 29.098595, 0.0],
            [77.9124562, 29.0989542, 0.0],
            [77.9121645, 29.0993501, 0.0],
            [77.9113941, 29.0991125, 0.0]
          ]
        ]
      }
    },
    {
      "type": "Feature",
      "properties": { "Name": "Untitled polygon" },
      "geometry": {
        "type": "Polygon",
        "coordinates": [
          [
            [77.9118017, 29.09762, 0.0],
            [77.9124042, 29.0981449, 0.0],
            [77.9119541, 29.0985705, 0.0],
            [77.9113154, 29.0980235, 0.0],
            [77.9118017, 29.09762, 0.0]
          ]
        ]
      }
    },
    {
      "type": "Feature",
      "properties": { "Name": "Untitled polygon" },
      "geometry": {
        "type": "Polygon",
        "coordinates": [
          [
            [77.9121862, 29.097312, 0.0],
            [77.9124024, 29.0974753, 0.0],
            [77.9124398, 29.0975873, 0.0],
            [77.9126183, 29.0976039, 0.0],
            [77.9132708, 29.0980819, 0.0],
            [77.9128407, 29.0985217, 0.0],
            [77.9118204, 29.097606, 0.0],
            [77.9121862, 29.097312, 0.0]
          ]
        ]
      }
    },
    {
      "type": "Feature",
      "properties": { "Name": "Untitled polygon" },
      "geometry": {
        "type": "Polygon",
        "coordinates": [
          [
            [77.9110387, 29.0990071, 0.0],
            [77.9110642, 29.0988677, 0.0],
            [77.9114144, 29.0981483, 0.0],
            [77.9119598, 29.0985899, 0.0],
            [77.9113788, 29.0991063, 0.0],
            [77.9110387, 29.0990071, 0.0]
          ]
        ]
      }
    },
    {
      "type": "Feature",
      "properties": { "Name": "Untitled polygon" },
      "geometry": {
        "type": "Polygon",
        "coordinates": [
          [
            [77.910919, 29.0977159, 0.0],
            [77.9113106, 29.0973824, 0.0],
            [77.911659, 29.0976713, 0.0],
            [77.9116687, 29.0977155, 0.0],
            [77.9112663, 29.0980307, 0.0],
            [77.910919, 29.0977159, 0.0]
          ]
        ]
      }
    },
    {
      "type": "Feature",
      "properties": { "Name": "Untitled polygon" },
      "geometry": {
        "type": "Polygon",
        "coordinates": [
          [
            [77.9113458, 29.0973755, 0.0],
            [77.9118601, 29.0969834, 0.0],
            [77.9121812, 29.0972148, 0.0],
            [77.9122112, 29.0972741, 0.0],
            [77.9116916, 29.0976873, 0.0],
            [77.9113458, 29.0973755, 0.0]
          ]
        ]
      }
    },
    {
      "type": "Feature",
      "properties": { "Name": "Untitled polygon" },
      "geometry": {
        "type": "Polygon",
        "coordinates": [
          [
            [77.9103024, 29.0964782, 0.0],
            [77.9105493, 29.0962859, 0.0],
            [77.9106107, 29.0962658, 0.0],
            [77.9107999, 29.0962818, 0.0],
            [77.9111463, 29.0964984, 0.0],
            [77.9111536, 29.0965593, 0.0],
            [77.9116004, 29.0968706, 0.0],
            [77.9116472, 29.0968306, 0.0],
            [77.9118314, 29.0969835, 0.0],
            [77.9113138, 29.0973755, 0.0],
            [77.9109856, 29.0970536, 0.0],
            [77.9103024, 29.0964782, 0.0]
          ]
        ]
      }
    },
    {
      "type": "Feature",
      "properties": { "Name": "Untitled polygon" },
      "geometry": {
        "type": "Polygon",
        "coordinates": [
          [
            [77.9096649, 29.0993365, 0.0],
            [77.9099575, 29.0987252, 0.0],
            [77.9107025, 29.0989534, 0.0],
            [77.9104704, 29.0995647, 0.0],
            [77.9096649, 29.0993365, 0.0]
          ]
        ]
      }
    },
    {
      "type": "Feature",
      "properties": { "Name": "Untitled polygon" },
      "geometry": {
        "type": "Polygon",
        "coordinates": [
          [
            [77.9086057, 29.0992755, 0.0],
            [77.908723, 29.0985409, 0.0],
            [77.9098174, 29.0989071, 0.0],
            [77.9095665, 29.0994915, 0.0],
            [77.9091677, 29.0993758, 0.0],
            [77.9086057, 29.0992755, 0.0]
          ]
        ]
      }
    },
    {
      "type": "Feature",
      "properties": { "Name": "Untitled polygon" },
      "geometry": {
        "type": "Polygon",
        "coordinates": [
          [
            [77.9090552, 29.0986054, 0.0],
            [77.9091039, 29.0983592, 0.0],
            [77.9093118, 29.0983859, 0.0],
            [77.9094179, 29.0982492, 0.0],
            [77.9094744, 29.0982694, 0.0],
            [77.9096217, 29.0982075, 0.0],
            [77.9098579, 29.0982998, 0.0],
            [77.9097383, 29.0985349, 0.0],
            [77.9096342, 29.0985214, 0.0],
            [77.9095134, 29.0987581, 0.0],
            [77.9090552, 29.0986054, 0.0]
          ]
        ]
      }
    },
    {
      "type": "Feature",
      "properties": { "Name": "Untitled polygon" },
      "geometry": {
        "type": "Polygon",
        "coordinates": [
          [
            [77.9087028, 29.0985024, 0.0],
            [77.908891, 29.0975128, 0.0],
            [77.909492, 29.0980802, 0.0],
            [77.9093913, 29.0982343, 0.0],
            [77.9090843, 29.0983423, 0.0],
            [77.909028, 29.0986135, 0.0],
            [77.9087028, 29.0985024, 0.0]
          ]
        ]
      }
    }
  ]
}
