{"type":"FeatureCollection","features":[{"type":"Feature","properties":{"id":"1","metrics:area":700,"metrics:perimeter":111.8760072786364},"geometry":{"type":"Polygon","coordinates":[[[75.96043672342425,19.06548573975074],[75.96024561120163,19.0653060024059],[75.96033960617251,19.065124780731505],[75.96052967734562,19.065123791080094],[75.96043672342425,19.06548573975074]]]},"id":"1"},{"type":"Feature","properties":{"id":"2","metrics:area":3450,"metrics:perimeter":238.45768193101222},"geometry":{"type":"Polygon","coordinates":[[[75.96300164513093,19.065291634570965],[75.96281105220358,19.065202263385242],[75.96290191384999,19.064478860157145],[75.96318754116957,19.064567735084573],[75.96338022152575,19.065018559435597],[75.96300164513093,19.065291634570965]]]},"id":"2"},{"type":"Feature","properties":{"id":"3","metrics:area":5750,"metrics:perimeter":334.84184320727286},"geometry":{"type":"Polygon","coordinates":[[[75.9610074588582,19.065573133292684],[75.96081478408323,19.06512230623588],[75.96081061924968,19.064399398632542],[75.96128631587919,19.06448728645512],[75.96129256632386,19.06557164767643],[75.9610074588582,19.065573133292684]]]},"id":"3"},{"type":"Feature","properties":{"id":"4","metrics:area":3750,"metrics:perimeter":250.99019513592785},"geometry":{"type":"Polygon","coordinates":[[[75.95986338799183,19.0649465270576],[75.95986078755193,19.06449470967721],[75.96062106940877,19.06449075199588],[75.96052863642844,19.064943064169515],[75.95986338799183,19.0649465270576]]]},"id":"4"},{"type":"Feature","properties":{"id":"5","metrics:area":6200,"metrics:perimeter":347.1845113259936},"geometry":{"type":"Polygon","coordinates":[[[75.96224240295011,19.065476329035707],[75.96204555486001,19.064302596058035],[75.96252073018962,19.064300117270918],[75.96271653828752,19.065293122807645],[75.96224240295011,19.065476329035707]]]},"id":"5"},{"type":"Feature","properties":{"id":"6","metrics:area":6900,"metrics:perimeter":393.88167468004906},"geometry":{"type":"Polygon","coordinates":[[[75.96157819480696,19.06566052504133],[75.96147534436736,19.064305568987425],[75.96185496355334,19.064213223802682],[75.96205285276947,19.065567683879376],[75.96157819480696,19.06566052504133]]]},"id":"6"},{"type":"Feature","properties":{"id":"7","metrics:area":600,"metrics:perimeter":100},"geometry":{"type":"Polygon","coordinates":[[[75.97105440803513,19.060911851554522],[75.97105335596387,19.060731125124185],[75.97133845430588,19.060729624348077],[75.97133950668591,19.060910350763116],[75.97105440803513,19.060911851554522]]]},"id":"7"},{"type":"Feature","properties":{"id":"8","metrics:area":3050,"metrics:perimeter":229.19218618980517},"geometry":{"type":"Polygon","coordinates":[[[75.96620301628042,19.060124027493888],[75.96601085800792,19.059763569304252],[75.96667451368295,19.059488995125207],[75.96677164060819,19.059849950567127],[75.96620301628042,19.060124027493888]]]},"id":"8"},{"type":"Feature","properties":{"id":"9","metrics:area":2800,"metrics:perimeter":283.1286914211665},"geometry":{"type":"Polygon","coordinates":[[[75.96638732321144,19.059129035181293],[75.96638470595917,19.05867721838588],[75.96619097915095,19.058045670159608],[75.96647607331535,19.058044177098697],[75.9666692775904,19.05858536162396],[75.96638732321144,19.059129035181293]]]},"id":"9"},{"type":"Feature","properties":{"id":"10","metrics:area":3100,"metrics:perimeter":232.9319295107592},"geometry":{"type":"Polygon","coordinates":[[[75.96723160944119,19.057226923310875],[75.96675593131926,19.05713904997793],[75.96675226620152,19.056506506390846],[75.96713291196373,19.05659487790561],[75.96723160944119,19.057226923310875]]]},"id":"10"},{"type":"Feature","properties":{"id":"11","metrics:area":3050,"metrics:perimeter":237.33389249052877},"geometry":{"type":"Polygon","coordinates":[[[75.95269971022681,19.042030589547387],[75.95184399115597,19.04194463608433],[75.95203197569529,19.04158220070122],[75.95260262561858,19.041669624225353],[75.95269971022681,19.042030589547387]]]},"id":"11"},{"type":"Feature","properties":{"id":"12","metrics:area":900,"metrics:perimeter":120},"geometry":{"type":"Polygon","coordinates":[[[75.9766811683401,19.031784297578202],[75.97667958370631,19.031513207532125],[75.97696463168333,19.03151170028602],[75.9769662167794,19.031782790309027],[75.9766811683401,19.031784297578202]]]},"id":"12"},{"type":"Feature","properties":{"id":"13","metrics:area":1800,"metrics:perimeter":171.2310562561766},"geometry":{"type":"Polygon","coordinates":[[[75.98213487326542,18.98964472331975],[75.98222774555343,18.989282764775652],[75.98260771296061,18.989280747913288],[75.98260983355654,18.989642202312087],[75.98213487326542,18.98964472331975]]]},"id":"13"},{"type":"Feature","properties":{"id":"14","metrics:area":750,"metrics:perimeter":111.6227766016838},"geometry":{"type":"Polygon","coordinates":[[[75.97519991833475,18.989591027478234],[75.97519833988042,18.989319936076697],[75.97548331610416,18.989318434322477],[75.97538990279426,18.989590026342132],[75.97519991833475,18.989591027478234]]]},"id":"14"},{"type":"Feature","properties":{"id":"15","metrics:area":3400,"metrics:perimeter":375.52136942326206},"geometry":{"type":"Polygon","coordinates":[[[75.9790956538886,18.98975119260916],[75.97842965252407,18.98957398165155],[75.97776470753189,18.989577495692117],[75.97776365245952,18.98939676823036],[75.97937904527879,18.989478593764183],[75.9790956538886,18.98975119260916]]]},"id":"15"},{"type":"Feature","properties":{"id":"16","metrics:area":1400,"metrics:perimeter":161.60449760761787},"geometry":{"type":"Polygon","coordinates":[[[75.98298980173539,18.989640184628687],[75.98279822689312,18.989370102785582],[75.98336764763089,18.989276711849243],[75.98336870874253,18.989457439009158],[75.98298980173539,18.989640184628687]]]},"id":"16"},{"type":"Feature","properties":{"id":"17","metrics:area":1200,"metrics:perimeter":140},"geometry":{"type":"Polygon","coordinates":[[[75.98023291587849,18.989293340509818],[75.98023080045361,18.988931885839154],[75.9805157755876,18.988930376366735],[75.98051789162724,18.989291831006526],[75.98023291587849,18.989293340509818]]]},"id":"17"},{"type":"Feature","properties":{"id":"18","metrics:area":1150,"metrics:perimeter":143.10122064520763},"geometry":{"type":"Polygon","coordinates":[[[75.97529070100421,18.988867616533028],[75.97500467347778,18.988688390331752],[75.97500362143643,18.988507662703487],[75.97547910579418,18.988595523940422],[75.97529070100421,18.988867616533028]]]},"id":"18"},{"type":"Feature","properties":{"id":"19","metrics:area":2650,"metrics:perimeter":262.1215328128927},"geometry":{"type":"Polygon","coordinates":[[[75.98146410397104,18.988654250712187],[75.98155750683087,18.988382656065273],[75.98250795040916,18.98846797972909],[75.98250901054463,18.988648706951555],[75.98146410397104,18.988654250712187]]]},"id":"19"},{"type":"Feature","properties":{"id":"20","metrics:area":2500,"metrics:perimeter":213.29436717133663},"geometry":{"type":"Polygon","coordinates":[[[75.95572129205493,18.988788966606005],[75.95590869810336,18.988336163879087],[75.95648019849996,18.988604312406178],[75.95638623825869,18.988785531891274],[75.95572129205493,18.988788966606005]]]},"id":"20"},{"type":"Feature","properties":{"id":"21","metrics:area":4700,"metrics:perimeter":377.42961926878587},"geometry":{"type":"Polygon","coordinates":[[[75.95296959828447,18.989345357082794],[75.95277704261449,18.98889451318463],[75.95239707272464,18.988896468773277],[75.95239296214703,18.988173553430904],[75.95277395843429,18.988352326743204],[75.95296754168463,18.988983899496656],[75.95325354780917,18.98916316077336],[75.9532545764223,18.98934388954963],[75.95296959828447,18.989345357082794]]]},"id":"21"},{"type":"Feature","properties":{"id":"22","metrics:area":500,"metrics:perimeter":107.96691275336339},"geometry":{"type":"Polygon","coordinates":[[[75.97595195795024,18.988231564983103],[75.97557093953827,18.988052840469898],[75.97585538711226,18.987960974441464],[75.97595195795024,18.988231564983103]]]},"id":"22"},{"type":"Feature","properties":{"id":"23","metrics:area":5600,"metrics:perimeter":296.94791650642526},"geometry":{"type":"Polygon","coordinates":[[[75.95752511251452,18.98859890969159],[75.95714204555583,18.98805868923149],[75.95780492169659,18.987693792415378],[75.95799542180261,18.987783173505452],[75.95790456436436,18.988506579334064],[75.95752511251452,18.98859890969159]]]},"id":"23"},{"type":"Feature","properties":{"id":"24","metrics:area":6650,"metrics:perimeter":386.19797642509724},"geometry":{"type":"Polygon","coordinates":[[[75.95676362655254,18.98833174661433],[75.95657261033807,18.988151999949324],[75.95562320634433,18.988247271088525],[75.95552666782334,18.9879766684857],[75.95638004667762,18.987701160107754],[75.95695102927984,18.987878942956],[75.95704757000229,18.98814954472009],[75.95676362655254,18.98833174661433]]]},"id":"24"},{"type":"Feature","properties":{"id":"25","metrics:area":7900,"metrics:perimeter":419.0787233221252},"geometry":{"type":"Polygon","coordinates":[[[75.98478721155698,18.988365500356235],[75.9841212107734,18.988188309879174],[75.98383305262757,18.98764764335713],[75.98402303439084,18.98764663345934],[75.98402462697635,18.987917724192027],[75.98468743925324,18.987552733720804],[75.98516345619147,18.987730933526684],[75.98516611360428,18.988182751250513],[75.98478721155698,18.988365500356235]]]},"id":"25"},{"type":"Feature","properties":{"id":"26","metrics:area":4950,"metrics:perimeter":391.72788558110574},"geometry":{"type":"Polygon","coordinates":[[[75.98222085661227,18.98810803774654],[75.98259923105721,18.987834930174806],[75.98259764078588,18.987563839323325],[75.98316811636143,18.98765117646432],[75.983452027971,18.98746893537733],[75.98364307085225,18.98764865305998],[75.98336075069807,18.988101985222457],[75.98307471650298,18.9879227718091],[75.98222085661227,18.98810803774654]]]},"id":"26"},{"type":"Feature","properties":{"id":"27","metrics:area":19000,"metrics:perimeter":697.7534957020868},"geometry":{"type":"Polygon","coordinates":[[[75.95334802606006,18.989072307116196],[75.9530620200013,18.988893045981406],[75.95305996325477,18.98853158838738],[75.95286997874298,18.988532566551598],[75.95305584990145,18.98780867315639],[75.95267485460613,18.98762990037315],[75.95314981333149,18.98762745520949],[75.95353183791397,18.98798695578115],[75.9539102617548,18.987713904799797],[75.9543857354202,18.987801820828835],[75.95438779494235,18.988163278311337],[75.954673801037,18.988342537403522],[75.95410539260722,18.988616569371953],[75.95420192928651,18.98888717278224],[75.95334802606006,18.989072307116196]]]},"id":"27"},{"type":"Feature","properties":{"id":"28","metrics:area":34050,"metrics:perimeter":814.7407916613854},"geometry":{"type":"Polygon","coordinates":[[[75.97662585534528,18.989764241725343],[75.97605326847113,18.98931542949816],[75.97671452407005,18.988679375304198],[75.97652296020206,18.98840928643284],[75.97661426359944,18.98777623881146],[75.97784756589346,18.987498627865104],[75.97823650153734,18.9890328035878],[75.97738262958612,18.989218047674942],[75.97738526623495,18.98966986638288],[75.97662585534528,18.989764241725343]]]},"id":"28"},{"type":"Feature","properties":{"id":"29","metrics:area":600,"metrics:perimeter":115.95241580617241},"geometry":{"type":"Polygon","coordinates":[[[75.95229540131682,18.98772222005568],[75.95191440695876,18.987543445661206],[75.95229386009554,18.987451126766615],[75.95229540131682,18.98772222005568]]]},"id":"29"},{"type":"Feature","properties":{"id":"30","metrics:area":900,"metrics:perimeter":123.24555320336759},"geometry":{"type":"Polygon","coordinates":[[[75.97917743919399,18.98749159754036],[75.9791758544909,18.987220506400146],[75.9794602984217,18.98712863497498],[75.97946188357683,18.987399726094754],[75.97917743919399,18.98749159754036]]]},"id":"30"},{"type":"Feature","properties":{"id":"31","metrics:area":1800,"metrics:perimeter":173.84402799378825},"geometry":{"type":"Polygon","coordinates":[[[75.98202610617479,18.987295773124643],[75.9820234573643,18.986843954930162],[75.9824989397424,18.9869317981935],[75.98240553912497,18.987203393252184],[75.98202610617479,18.987295773124643]]]},"id":"31"},{"type":"Feature","properties":{"id":"32","metrics:area":2000,"metrics:perimeter":189.29971408438084},"geometry":{"type":"Polygon","coordinates":[[[75.97784651085604,18.987317900367298],[75.97784334581547,18.986775717852368],[75.97803332693181,18.9867747141461],[75.97832093739088,18.98722502692173],[75.97784651085604,18.987317900367298]]]},"id":"32"},{"type":"Feature","properties":{"id":"33","metrics:area":1150,"metrics:perimeter":143.9834563766817},"geometry":{"type":"Polygon","coordinates":[[[75.95257780729337,18.987268931565556],[75.95248127425657,18.98699832710587],[75.95267074312495,18.986906984990572],[75.9529577734715,18.987266975767028],[75.95257780729337,18.987268931565556]]]},"id":"33"},{"type":"Feature","properties":{"id":"34","metrics:area":12050,"metrics:perimeter":646.1272231637306},"geometry":{"type":"Polygon","coordinates":[[[75.98354648817002,18.987378067058845],[75.98344990581917,18.987107480985426],[75.98278550179523,18.987201376237163],[75.98287678093558,18.98656832653918],[75.98335279332949,18.986746531234257],[75.98392167405392,18.986562775390276],[75.98420823762588,18.98683235116671],[75.98506368260378,18.986918167104715],[75.98506527680752,18.987189257773633],[75.9843053519958,18.987193300380206],[75.98411430898177,18.987013583381156],[75.98392645110593,18.98737604768411],[75.98354648817002,18.987378067058845]]]},"id":"34"},{"type":"Feature","properties":{"id":"35","metrics:area":7600,"metrics:perimeter":394.8936950738296},"geometry":{"type":"Polygon","coordinates":[[[75.96654466213876,18.987738728089568],[75.96597158683142,18.98719951899173],[75.96615739952111,18.98647561489642],[75.96691836839501,18.986652375035625],[75.96654153360132,18.98719654377462],[75.96673255887323,18.987376279744147],[75.96654466213876,18.987738728089568]]]},"id":"35"},{"type":"Feature","properties":{"id":"36","metrics:area":700,"metrics:perimeter":112.36067977499789},"geometry":{"type":"Polygon","coordinates":[[[75.95504398017898,18.98662365439413],[75.95504294979409,18.98644292565932],[75.95542291382505,18.986440964882902],[75.95532895351393,18.986622183869876],[75.95504398017898,18.98662365439413]]]},"id":"36"},{"type":"Feature","properties":{"id":"37","metrics:area":2000,"metrics:perimeter":214.33092334363468},"geometry":{"type":"Polygon","coordinates":[[[75.9865808681468,18.986458255067067],[75.98667426153298,18.986186658204513],[75.98648321730148,18.986006943694584],[75.98714921136927,18.98618412599206],[75.98705581876646,18.986455723059407],[75.9865808681468,18.986458255067067]]]},"id":"37"},{"type":"Feature","properties":{"id":"38","metrics:area":1300,"metrics:perimeter":147.96691275336337},"geometry":{"type":"Polygon","coordinates":[[[75.96083584125425,18.986141846453826],[75.96045484231013,18.985963089853062],[75.96054827847519,18.985691504282055],[75.96083376805642,18.98578038957609],[75.96083584125425,18.986141846453826]]]},"id":"38"},{"type":"Feature","properties":{"id":"39","metrics:area":900,"metrics:perimeter":123.24555320336759},"geometry":{"type":"Polygon","coordinates":[[[75.96653371272275,18.985841082846278],[75.96662713882273,18.985569494642018],[75.96681711920584,18.985568502506997],[75.96691367410362,18.985839098545785],[75.96653371272275,18.985841082846278]]]},"id":"39"},{"type":"Feature","properties":{"id":"40","metrics:area":750,"metrics:perimeter":148.5059146593059},"geometry":{"type":"Polygon","coordinates":[[[75.96282752868328,18.9855892964121],[75.96254203852467,18.98550041422395],[75.96225602960122,18.98532116739379],[75.9628264899625,18.985408568070298],[75.96282752868328,18.9855892964121]]]},"id":"40"},{"type":"Feature","properties":{"id":"41","metrics:area":29700,"metrics:perimeter":956.49722189447},"geometry":{"type":"Polygon","coordinates":[[[75.98392061251985,18.98638204820402],[75.98249416974055,18.986118525511078],[75.98249257979396,18.98584743460081],[75.98305933749737,18.985302226973747],[75.98448418081318,18.985294654843646],[75.98467309760149,18.98511291722797],[75.9852440969717,18.985290611891564],[75.98477021177904,18.98547386626331],[75.98458235691653,18.98583633114919],[75.98553278674584,18.98592163988453],[75.98563043499396,18.98637295188072],[75.98439556330486,18.986379523031207],[75.98429951122208,18.98619930099404],[75.98392061251985,18.98638204820402]]]},"id":"41"},{"type":"Feature","properties":{"id":"42","metrics:area":8050,"metrics:perimeter":397.08051592872425},"geometry":{"type":"Polygon","coordinates":[[[75.96719864510825,18.985837609808772],[75.96709948145418,18.9851151936475],[75.96728737429567,18.984752744821577],[75.9676673331235,18.98475075908367],[75.96766889898362,18.985021851226307],[75.96804885837876,18.985019864678332],[75.9678599228135,18.985201586130223],[75.96795752338706,18.985652909636574],[75.96719864510825,18.985837609808772]]]},"id":"42"},{"type":"Feature","properties":{"id":"43","metrics:area":1900,"metrics:perimeter":186.83728923454208},"geometry":{"type":"Polygon","coordinates":[[[75.95304248278997,18.98545919826023],[75.95303939835141,18.984917011659856],[75.9532288645883,18.984825669069274],[75.95342193052677,18.985366877266024],[75.95304248278997,18.98545919826023]]]},"id":"43"},{"type":"Feature","properties":{"id":"44","metrics:area":3650,"metrics:perimeter":394.9448808926004},"geometry":{"type":"Polygon","coordinates":[[[75.95940632298877,18.98533595856036],[75.9594052879734,18.985155230031594],[75.95997471108191,18.985061911086184],[75.96016261963955,18.984699468811886],[75.96101856519012,18.984875761169103],[75.95940632298877,18.98533595856036]]]},"id":"44"},{"type":"Feature","properties":{"id":"45","metrics:area":7950,"metrics:perimeter":352.4335329047303},"geometry":{"type":"Polygon","coordinates":[[[75.98315379675607,18.985211358880285],[75.98296222707985,18.98494127686316],[75.98305403497754,18.984398590649025],[75.98390787504893,18.984213321689555],[75.98381766199992,18.985027099042576],[75.98315379675607,18.985211358880285]]]},"id":"45"},{"type":"Feature","properties":{"id":"46","metrics:area":5550,"metrics:perimeter":298.05956692198174},"geometry":{"type":"Polygon","coordinates":[[[75.98419708870173,18.984934715751464],[75.98409891450815,18.984393039109467],[75.98438281968781,18.984210796826638],[75.98504986730588,18.98456871430313],[75.98505146127489,18.984839805041894],[75.98419708870173,18.984934715751464]]]},"id":"46"},{"type":"Feature","properties":{"id":"47","metrics:area":1700,"metrics:perimeter":265.53752633838525},"geometry":{"type":"Polygon","coordinates":[[[75.9630123147915,18.984684666480906],[75.96320073577111,18.98441258558908],[75.96377067352685,18.984409619321458],[75.9639590929494,18.98413753771785],[75.96386618303247,18.984499488926378],[75.9630123147915,18.984684666480906]]]},"id":"47"},{"type":"Feature","properties":{"id":"48","metrics:area":3900,"metrics:perimeter":246.8111626675999},"geometry":{"type":"Polygon","coordinates":[[[75.95104460342549,18.984927270562753],[75.95066259122952,18.984567764201966],[75.95075553002913,18.98420581836934],[75.9514219985307,18.984473495738715],[75.95132906106672,18.98483544183929],[75.95104460342549,18.984927270562753]]]},"id":"48"},{"type":"Feature","properties":{"id":"49","metrics:area":4050,"metrics:perimeter":288.2584452143936},"geometry":{"type":"Polygon","coordinates":[[[75.98172736495053,18.984947829740502],[75.98172259923041,18.98413455669523],[75.98200597709597,18.983861954285175],[75.98220125240128,18.984764583066177],[75.98172736495053,18.984947829740502]]]},"id":"49"},{"type":"Feature","properties":{"id":"50","metrics:area":600,"metrics:perimeter":100},"geometry":{"type":"Polygon","coordinates":[[[75.9805816737903,18.98395987050338],[75.98058061601547,18.98377914308477],[75.9808655823547,18.983777633467597],[75.98086664043679,18.983958360870773],[75.9805816737903,18.98395987050338]]]},"id":"50"},{"type":"Feature","properties":{"id":"51","metrics:area":6750,"metrics:perimeter":430.0801630217338},"geometry":{"type":"Polygon","coordinates":[[[75.95920858166096,18.98398147895038],[75.9589205099309,18.983440769496408],[75.95930046672157,18.983438801060572],[75.95948889261162,18.983166723707015],[75.96034379378365,18.983162291067227],[75.96015588718936,18.98352473349143],[75.95958595183677,18.983527688498917],[75.9596830115156,18.98388865320763],[75.95920858166096,18.98398147895038]]]},"id":"51"},{"type":"Feature","properties":{"id":"52","metrics:area":15350,"metrics:perimeter":734.0320445707242},"geometry":{"type":"Polygon","coordinates":[[[75.96310418771185,18.984141987270267],[75.96291161193712,18.983691154603555],[75.9631950211195,18.983418579648056],[75.96395389378802,18.98323389613319],[75.96414231167476,18.982961814380744],[75.96518770870158,18.983046734101737],[75.96490742606228,18.983861496751967],[75.9647174475074,18.98386248684172],[75.96471484588552,18.983410666148377],[75.96442883847847,18.983231422580833],[75.9641449116866,18.98341363517238],[75.964148031798,18.983955820092817],[75.96310418771185,18.984141987270267]]]},"id":"52"},{"type":"Feature","properties":{"id":"53","metrics:area":5900,"metrics:perimeter":316.7045669532042},"geometry":{"type":"Polygon","coordinates":[[[75.98057955825263,18.983598415662577],[75.98057585617705,18.982965869656702],[75.98133417487988,18.98269075212481],[75.98124394971647,18.983504528882037],[75.98057955825263,18.983598415662577]]]},"id":"53"},{"type":"Feature","properties":{"id":"54","metrics:area":20350,"metrics:perimeter":730.3057672556463},"geometry":{"type":"Polygon","coordinates":[[[75.98305244428015,18.984127499734143],[75.98333581986869,18.983854895386077],[75.98276482719923,18.983677194495947],[75.98257167017783,18.983136020941632],[75.98456377010025,18.98267360525465],[75.98466459987958,18.983667099739],[75.98409519897947,18.983760493827614],[75.98390416027932,18.98358077635903],[75.98352526688609,18.98376352256251],[75.98362237769278,18.984124472398943],[75.98305244428015,18.984127499734143]]]},"id":"54"},{"type":"Feature","properties":{"id":"55","metrics:area":14150,"metrics:perimeter":517.0908047340184},"geometry":{"type":"Polygon","coordinates":[[[75.9858033995203,18.983480306390327],[75.98551471341507,18.982849278511466],[75.98570149997643,18.982306085638324],[75.98684188560979,18.982390377018316],[75.98694006710302,18.98293205197253],[75.98656011459087,18.98293407707727],[75.98684667570504,18.983203648961442],[75.9858033995203,18.983480306390327]]]},"id":"55"},{"type":"Feature","properties":{"id":"56","metrics:area":155700,"metrics:perimeter":2900.127773013873},"geometry":{"type":"Polygon","coordinates":[[[75.9575178805197,18.987333809661774],[75.95685190792081,18.987156519563847],[75.95704034179808,18.986884444451803],[75.95732531541002,18.986882970834944],[75.95713068614384,18.986070674481013],[75.95617974697416,18.985894854945716],[75.95608372483639,18.98571461689374],[75.95561083385887,18.98607852678214],[75.95447094415468,18.986084407821572],[75.95399444615715,18.985815762981385],[75.95361654101197,18.986179178405276],[75.95304608143407,18.986091749253298],[75.95304813786618,18.986453206943946],[75.95257318245592,18.986455651701423],[75.95257164089583,18.986184558397273],[75.95219219077546,18.986276877741737],[75.95228564069089,18.986005295755607],[75.95285558569017,18.986002362852577],[75.95304351095945,18.985639927119866],[75.95333053977622,18.98599991742668],[75.95380446477714,18.98581674197012],[75.95380189229735,18.985364919923338],[75.95427530022383,18.9850913789474],[75.95389276650683,18.984641515164512],[75.95446167695737,18.984457848712285],[75.9542711824289,18.984368463704698],[75.95436359850311,18.983916151987888],[75.95483597147528,18.983461880948813],[75.9545504886388,18.98337298606827],[75.95455151831321,18.983553714888966],[75.95426706482051,18.983645548404752],[75.9543599953291,18.98328360108979],[75.95492838562922,18.98300956899514],[75.95539972403066,18.982374567854905],[75.95559227828325,18.982825409356362],[75.95644717869138,18.982820994784742],[75.95645027379008,18.983363180967412],[75.95673472545131,18.983271344167395],[75.95673266143763,18.9829098867424],[75.95749308946115,18.982996322513948],[75.95816266336564,18.983806161282242],[75.958069740931,18.984168110138206],[75.95892516478666,18.984254048113936],[75.95864536658381,18.98515916689601],[75.95750703360241,18.98543615928824],[75.95760460671359,18.985887489468634],[75.95808111026037,18.986156124749208],[75.95779717128629,18.98633832806988],[75.95780027137141,18.986880513832237],[75.95742030660814,18.98688247953186],[75.9575178805197,18.987333809661774]]]},"id":"56"},{"type":"Feature","properties":{"id":"57","metrics:area":1100,"metrics:perimeter":146.31376058369824},"geometry":{"type":"Polygon","coordinates":[[[75.95625668510621,18.982731611769765],[75.95615963351453,18.982370644865956],[75.95663560871054,18.982548920144563],[75.95663612464669,18.982639284508235],[75.95625668510621,18.982731611769765]]]},"id":"57"},{"type":"Feature","properties":{"id":"58","metrics:area":7850,"metrics:perimeter":381.50824056054614},"geometry":{"type":"Polygon","coordinates":[[[75.9794354678401,18.98288153971319],[75.97924496308202,18.98279218090473],[75.97943282667781,18.982429720951945],[75.97905181841159,18.982251003068633],[75.97905023438254,18.981979911764938],[75.97933414148117,18.98179767711568],[75.97990459606807,18.981885025329856],[75.98000328346961,18.982517068757012],[75.9794354678401,18.98288153971319]]]},"id":"58"},{"type":"Feature","properties":{"id":"59","metrics:area":1950,"metrics:perimeter":191.6227766016838},"geometry":{"type":"Polygon","coordinates":[[[75.98246820399501,18.981690706301105],[75.98246661448955,18.981419615259227],[75.98313152616588,18.981416085785522],[75.9830381292197,18.98168768113765],[75.98246820399501,18.981690706301105]]]},"id":"59"},{"type":"Feature","properties":{"id":"60","metrics:area":21550,"metrics:perimeter":860.9385635700825},"geometry":{"type":"Polygon","coordinates":[[[75.98228299665276,18.982504987422864],[75.98237480582588,18.981962301366057],[75.98275369661563,18.98177955760969],[75.98332415239854,18.98186689520862],[75.98332097061352,18.981324713266833],[75.98398535109678,18.981230817100165],[75.98465185474036,18.98149837307578],[75.98483970505315,18.981135908178935],[75.98493681685167,18.98149685736744],[75.98531782903694,18.98167556294644],[75.98522443556656,18.981947159240512],[75.98398959634434,18.981953726211334],[75.9837062249313,18.982226331422112],[75.98228299665276,18.982504987422864]]]},"id":"60"},{"type":"Feature","properties":{"id":"61","metrics:area":1050,"metrics:perimeter":137.6782893563237},"geometry":{"type":"Polygon","coordinates":[[[75.9795214756294,18.981344853330675],[75.97932991635422,18.98107476698045],[75.97980485275123,18.981072254260656],[75.97980590952707,18.981252981774134],[75.9795214756294,18.981344853330675]]]},"id":"61"},{"type":"Feature","properties":{"id":"62","metrics:area":1050,"metrics:perimeter":131.6227766016838},"geometry":{"type":"Polygon","coordinates":[[[75.984364769195,18.981138433820686],[75.98445816369536,18.980866837894354],[75.98474312474943,18.98086532253256],[75.98474471788754,18.981136413404712],[75.984364769195,18.981138433820686]]]},"id":"62"},{"type":"Feature","properties":{"id":"63","metrics:area":1450,"metrics:perimeter":157.04570789056774},"geometry":{"type":"Polygon","coordinates":[[[75.97999535577794,18.98116161258379],[75.97989772630108,18.980710296543144],[75.98027767453361,18.980708285336764],[75.980279260434,18.9809793765778],[75.97999535577794,18.98116161258379]]]},"id":"63"},{"type":"Feature","properties":{"id":"64","metrics:area":900,"metrics:perimeter":197.08203932499367},"geometry":{"type":"Polygon","coordinates":[[[75.98350882369715,18.980962249592533],[75.98350776294538,18.9807815222746],[75.98379272393602,18.980780008381927],[75.98407556220324,18.9804170394662],[75.984077154221,18.98068813040603],[75.98350882369715,18.980962249592533]]]},"id":"64"},{"type":"Feature","properties":{"id":"65","metrics:area":800,"metrics:perimeter":124.72135954999578},"geometry":{"type":"Polygon","coordinates":[[[75.98094364180602,18.98088549130906],[75.98094152585644,18.980524036387685],[75.98113097062568,18.98043266609311],[75.9811330869729,18.980794120997476],[75.98094364180602,18.98088549130906]]]},"id":"65"},{"type":"Feature","properties":{"id":"66","metrics:area":3000,"metrics:perimeter":220},"geometry":{"type":"Polygon","coordinates":[[[75.98132411951609,18.980973841656542],[75.98132094436284,18.980431659336272],[75.98179587865329,18.980429141591706],[75.98179905534262,18.980971323834716],[75.98132411951609,18.980973841656542]]]},"id":"66"},{"type":"Feature","properties":{"id":"67","metrics:area":2300,"metrics:perimeter":206.1851027916836},"geometry":{"type":"Polygon","coordinates":[[[75.98198850009412,18.980879952665216],[75.9820797800119,18.9802469029544],[75.98255577336204,18.980425110667415],[75.9822729316737,18.98078807741008],[75.98198850009412,18.980879952665216]]]},"id":"67"},{"type":"Feature","properties":{"id":"68","metrics:area":900,"metrics:perimeter":146.0555127546399},"geometry":{"type":"Polygon","coordinates":[[[75.98436105334852,18.98050588836745],[75.98407503153666,18.980326675817803],[75.98435786845451,18.979963706515484],[75.98436105334852,18.98050588836745]]]},"id":"68"},{"type":"Feature","properties":{"id":"69","metrics:area":11500,"metrics:perimeter":630.5878446228323},"geometry":{"type":"Polygon","coordinates":[[[75.98607241088678,18.98076788145773],[75.98606975214761,18.980316063496094],[75.9856903370039,18.98040845015135],[75.98578691851249,18.980679035259392],[75.9855958817638,18.98049931940101],[75.98464707575978,18.980685100444127],[75.98454731056798,18.97987233283213],[75.98502171165136,18.979779443256195],[75.98511776046641,18.97995966517286],[75.98549717498062,18.97986727971839],[75.98578372897421,18.980136853650805],[75.98616367523329,18.980134830425868],[75.98635630782182,18.980585636452908],[75.98607241088678,18.98076788145773]]]},"id":"69"},{"type":"Feature","properties":{"id":"70","metrics:area":500,"metrics:perimeter":92.36067977499789},"geometry":{"type":"Polygon","coordinates":[[[75.95006805577033,18.980233192291628],[75.95006651880632,18.979962098607626],[75.95025649375562,18.97996112374382],[75.9502575186002,18.98014185285741],[75.95006805577033,18.980233192291628]]]},"id":"70"},{"type":"Feature","properties":{"id":"71","metrics:area":1350,"metrics:perimeter":159.30329071709815},"geometry":{"type":"Polygon","coordinates":[[[75.97115628524396,18.98030451919275],[75.97105920359438,18.979943561366422],[75.9714381034174,18.97976084038206],[75.97134573560292,18.980213158681657],[75.97115628524396,18.98030451919275]]]},"id":"71"},{"type":"Feature","properties":{"id":"72","metrics:area":8150,"metrics:perimeter":413.9967845466399},"geometry":{"type":"Polygon","coordinates":[[[75.9828433838781,18.98087541666337],[75.98293148031127,18.979700184576178],[75.98397951419545,18.980236816978753],[75.983411184991,18.980510935816714],[75.98331831920859,18.980872894957393],[75.9828433838781,18.98087541666337]]]},"id":"72"},{"type":"Feature","properties":{"id":"73","metrics:area":900,"metrics:perimeter":123.5917360311745},"geometry":{"type":"Polygon","coordinates":[[[75.98644703909227,18.979862221733658],[75.98644544331567,18.979591130963563],[75.98663488377277,18.979499755210984],[75.98673199826702,18.9798607033884],[75.98644703909227,18.979862221733658]]]},"id":"73"},{"type":"Feature","properties":{"id":"74","metrics:area":4900,"metrics:perimeter":309.03099832217026},"geometry":{"type":"Polygon","coordinates":[[[75.95833506940221,18.98073279098731],[75.95795150255945,18.98010220672274],[75.95804339020583,18.97955952914741],[75.95842437192229,18.979738291588045],[75.95852452786714,18.980641443270173],[75.95833506940221,18.98073279098731]]]},"id":"74"},{"type":"Feature","properties":{"id":"75","metrics:area":5450,"metrics:perimeter":410.072456504189},"geometry":{"type":"Polygon","coordinates":[[[75.98207925042657,18.980156539250036],[75.9818850412891,18.979434637062468],[75.98216947051924,18.979342762060245],[75.9821678817086,18.979071670925357],[75.98197685057413,18.97889195104365],[75.98245178040764,18.97888943181326],[75.98226445674192,18.97934225820128],[75.98255153466732,18.979702201124887],[75.98236421047704,18.98015502760356],[75.98207925042657,18.980156539250036]]]},"id":"75"},{"type":"Feature","properties":{"id":"76","metrics:area":1800,"metrics:perimeter":175.9524158061724},"geometry":{"type":"Polygon","coordinates":[[[75.95053838077209,18.979417473765434],[75.95044134362054,18.979056503113437],[75.95082026602371,18.97887382340625],[75.9508233422265,18.979416010710878],[75.95053838077209,18.979417473765434]]]},"id":"76"},{"type":"Feature","properties":{"id":"77","metrics:area":4700,"metrics:perimeter":307.4538164653228},"geometry":{"type":"Polygon","coordinates":[[[75.98321537915224,18.97951794429472],[75.98311721215504,18.978976266533543],[75.9838749779277,18.97861077580696],[75.98397208593789,18.978971725758484],[75.98359320279845,18.97915447171638],[75.98359479392198,18.979425562732526],[75.98321537915224,18.97951794429472]]]},"id":"77"},{"type":"Feature","properties":{"id":"78","metrics:area":700,"metrics:perimeter":110.77687230463567},"geometry":{"type":"Polygon","coordinates":[[[75.98681261811029,18.977420380234538],[75.9867165691085,18.97724015916515],[75.98700045950847,18.97705791340677],[75.98700205595343,18.977329004205462],[75.98681261811029,18.977420380234538]]]},"id":"78"},{"type":"Feature","properties":{"id":"79","metrics:area":11700,"metrics:perimeter":506.94709523011755},"geometry":{"type":"Polygon","coordinates":[[[75.95233646058516,18.97823346166791],[75.95214494755783,18.977963345001783],[75.9516700160852,18.977965786392392],[75.95166693739665,18.977423599136714],[75.95213827387059,18.976788606069466],[75.95232824510823,18.976787629237236],[75.95233183928778,18.977420180953825],[75.95290175508103,18.977417249183283],[75.95262141987715,18.97823199593433],[75.95233646058516,18.97823346166791]]]},"id":"79"},{"type":"Feature","properties":{"id":"80","metrics:area":700,"metrics:perimeter":166.46461980895668},"geometry":{"type":"Polygon","coordinates":[[[75.98158314623439,18.976544508262936],[75.98158155862414,18.976273416998428],[75.98129607606201,18.976184563379288],[75.98177046902474,18.976091682487606],[75.98158314623439,18.976544508262936]]]},"id":"80"},{"type":"Feature","properties":{"id":"81","metrics:area":2050,"metrics:perimeter":182.22125139210445},"geometry":{"type":"Polygon","coordinates":[[[75.98291240118971,18.976447091297203],[75.9829097516194,18.975995272694487],[75.98338520327606,18.97608311515092],[75.9832923394136,18.976445074340607],[75.98291240118971,18.976447091297203]]]},"id":"81"},{"type":"Feature","properties":{"id":"82","metrics:area":2800,"metrics:perimeter":257.2134935173836},"geometry":{"type":"Polygon","coordinates":[[[75.9506190160749,18.976886778292567],[75.95042853220862,18.97679738879291],[75.95042392054444,18.975984107500715],[75.95061389096524,18.9759831324667],[75.95061594097427,18.976344590807777],[75.95090243519596,18.97661422158552],[75.9506190160749,18.976886778292567]]]},"id":"82"},{"type":"Feature","properties":{"id":"83","metrics:area":2800,"metrics:perimeter":224.72135954999578},"geometry":{"type":"Polygon","coordinates":[[[75.95185229062197,18.976609341857614],[75.95147234848643,18.976611294333214],[75.95146824475944,18.975888377837894],[75.95184921158072,18.97606715455142],[75.95185229062197,18.976609341857614]]]},"id":"83"},{"type":"Feature","properties":{"id":"84","metrics:area":800,"metrics:perimeter":120},"geometry":{"type":"Polygon","coordinates":[[[75.97881803610495,18.974751811456464],[75.97881698078369,18.97457108376272],[75.97919691522326,18.974569075398435],[75.97919797095399,18.97474980307163],[75.97881803610495,18.974751811456464]]]},"id":"84"},{"type":"Feature","properties":{"id":"85","metrics:area":950,"metrics:perimeter":183.4987838803202},"geometry":{"type":"Polygon","coordinates":[[[75.98546582655446,18.974535824901178],[75.98555921609744,18.974264228476077],[75.9861291155394,18.974261194939803],[75.9860351953897,18.97444242795821],[75.98565473068062,18.97435408667287],[75.98546582655446,18.974535824901178]]]},"id":"85"},{"type":"Feature","properties":{"id":"86","metrics:area":45100,"metrics:perimeter":1807.6171199743058},"geometry":{"type":"Polygon","coordinates":[[[75.98605645958114,18.978056973352178],[75.98595722138123,18.977334570138346],[75.98567226643465,18.977336087097278],[75.98567067213973,18.977064996189885],[75.98614559626776,18.977062467720284],[75.98623845417136,18.97670050738662],[75.98566642081907,18.97634208706412],[75.98538359255666,18.976705058100467],[75.98548176512296,18.977246734519646],[75.98529232646374,18.977338109027357],[75.98491238644468,18.97734013017818],[75.98462583879319,18.977070554537217],[75.98462371536118,18.97670909986776],[75.98509863863092,18.97670657412846],[75.98528276478626,18.97571156327597],[75.985665358019,18.976161359773727],[75.98556612302592,18.97543895607761],[75.98603838471126,18.974984609858602],[75.98641831926226,18.97498258663917],[75.98622463041161,18.97435105282891],[75.9869834324502,18.974166277719416],[75.9867011424843,18.974619614189063],[75.98717818821963,18.974978537862874],[75.98679878573866,18.97507092626682],[75.98699194559352,18.97561209567766],[75.98661254157396,18.97570448376345],[75.98661360536767,18.975885211011043],[75.98689855776678,18.975883692715307],[75.98709118683448,18.976334498313236],[75.98652234424316,18.976518262368728],[75.98662211615117,18.977331028862892],[75.98643374178259,18.977603131736636],[75.98662637183219,18.978053937702885],[75.98605645958114,18.978056973352178]]]},"id":"86"},{"type":"Feature","properties":{"id":"87","metrics:area":650,"metrics:perimeter":103.98345637668169},"geometry":{"type":"Polygon","coordinates":[[[75.97843599139647,18.974392363630002],[75.97843493650859,18.974211635908553],[75.97862437580696,18.97412026837698],[75.9787209419594,18.97439085802958],[75.97843599139647,18.974392363630002]]]},"id":"87"},{"type":"Feature","properties":{"id":"88","metrics:area":3750,"metrics:perimeter":267.8227349079781},"geometry":{"type":"Polygon","coordinates":[[[75.95449850524628,18.97424617597112],[75.95477934012638,18.97352179122637],[75.95534975723733,18.97360921699017],[75.95506738019982,18.974062509030574],[75.95449850524628,18.97424617597112]]]},"id":"88"},{"type":"Feature","properties":{"id":"89","metrics:area":600,"metrics:perimeter":100},"geometry":{"type":"Polygon","coordinates":[[[75.98631429688922,18.973446910514234],[75.98631323356528,18.97326618320278],[75.98659818153858,18.97326466557052],[75.98659924516959,18.973445392866445],[75.98631429688922,18.973446910514234]]]},"id":"89"},{"type":"Feature","properties":{"id":"90","metrics:area":2800,"metrics:perimeter":218.95249261724456},"geometry":{"type":"Polygon","coordinates":[[[75.95345162391355,18.973890099564894],[75.95316410304977,18.97343974354126],[75.95363747934664,18.973166205279103],[75.95373606161216,18.973798267912564],[75.95345162391355,18.973890099564894]]]},"id":"90"},{"type":"Feature","properties":{"id":"91","metrics:area":11500,"metrics:perimeter":584.1906620841455},"geometry":{"type":"Polygon","coordinates":[[[75.95222247888233,18.97489046221259],[75.95202994367814,18.974439616029585],[75.95231181638808,18.97389596368918],[75.95174088638633,18.97371816396466],[75.95183330486799,18.97326585295664],[75.95211722930675,18.97308365921617],[75.95269021162244,18.973622916098133],[75.95259830883539,18.974165591977027],[75.95307528451265,18.974524606828993],[75.95250589205787,18.974617903254952],[75.95222247888233,18.97489046221259]]]},"id":"91"},{"type":"Feature","properties":{"id":"92","metrics:area":1200,"metrics:perimeter":164.72135954999578},"geometry":{"type":"Polygon","coordinates":[[[75.98574174349528,18.97299812613217],[75.98583566323856,18.972816893257065],[75.98640555771307,18.972813859092692],[75.98631163860199,18.972995092228885],[75.98574174349528,18.97299812613217]]]},"id":"92"},{"type":"Feature","properties":{"id":"93","metrics:area":1750,"metrics:perimeter":170.99019513592785},"geometry":{"type":"Polygon","coordinates":[[[75.9547767668125,18.97306996870917],[75.95477470821389,18.97270851067931],[75.95525013926286,18.972796426475146],[75.95525168398387,18.97306751995861],[75.9547767668125,18.97306996870917]]]},"id":"93"},{"type":"Feature","properties":{"id":"94","metrics:area":2500,"metrics:perimeter":209.29971408438087},"geometry":{"type":"Polygon","coordinates":[[[75.98497975947483,18.97264071382062],[75.98526205116282,18.972187379819804],[75.98554699739312,18.97218586388745],[75.98564463582436,18.972637176895457],[75.98497975947483,18.97264071382062]]]},"id":"94"},{"type":"Feature","properties":{"id":"95","metrics:area":1050,"metrics:perimeter":131.6227766016838},"geometry":{"type":"Polygon","coordinates":[[[75.98421618709898,18.972012207039146],[75.9842145956397,18.971741115857036],[75.98449901056767,18.971649237848734],[75.98450113312146,18.972010692729018],[75.98421618709898,18.972012207039146]]]},"id":"95"},{"type":"Feature","properties":{"id":"96","metrics:area":1200,"metrics:perimeter":143.2455532033676},"geometry":{"type":"Polygon","coordinates":[[[75.95068478963906,18.971735508414728],[75.95068274001757,18.97137404990125],[75.95096717523575,18.971282222597473],[75.95096922545973,18.971643681084586],[75.95068478963906,18.971735508414728]]]},"id":"96"},{"type":"Feature","properties":{"id":"97","metrics:area":25950,"metrics:perimeter":1219.899077201843},"geometry":{"type":"Polygon","coordinates":[[[75.9513563354088,18.972906834584624],[75.95163923390804,18.97254391238702],[75.95163615626576,18.972001724809463],[75.95134915639295,18.971641730132124],[75.95220246115451,18.971366243874154],[75.9522009215125,18.971095150099494],[75.95153707038993,18.97127929593655],[75.95153348046044,18.97064674365451],[75.9508686052779,18.970650157799554],[75.95067556670807,18.970108944991445],[75.95096204987904,18.97037857631711],[75.95153194196283,18.970375649805945],[75.95181483606196,18.97001272744581],[75.9521947632061,18.970010774920393],[75.95210388650612,18.97073417994513],[75.95258085106637,18.97109319667518],[75.95249254264924,18.972268424638933],[75.95201814050517,18.972361230802402],[75.95220913323902,18.97254098347139],[75.95211568965252,18.972812565484972],[75.9513563354088,18.972906834584624]]]},"id":"97"},{"type":"Feature","properties":{"id":"98","metrics:area":1450,"metrics:perimeter":154.084889114037},"geometry":{"type":"Polygon","coordinates":[[[75.95029461487067,18.969930165103946],[75.95029256630012,18.969568706479052],[75.95057699874556,18.96947687988131],[75.95067402964436,18.96983785105941],[75.95029461487067,18.969930165103946]]]},"id":"98"},{"type":"Feature","properties":{"id":"99","metrics:area":3000,"metrics:perimeter":224.85978045196399},"geometry":{"type":"Polygon","coordinates":[[[75.95114893822989,18.969835413226956],[75.95105088124146,18.969293713062488],[75.95143029410048,18.969201397543646],[75.9516238467428,18.9698329741774],[75.95114893822989,18.969835413226956]]]},"id":"99"},{"type":"Feature","properties":{"id":"100","metrics:area":750,"metrics:perimeter":138.309518948453},"geometry":{"type":"Polygon","coordinates":[[[75.95095282496872,18.968752012787213],[75.95047791942424,18.968754449983148],[75.95047638279816,18.968483355995925],[75.95095282496872,18.968752012787213]]]},"id":"100"},{"type":"Feature","properties":{"id":"101","metrics:area":900,"metrics:perimeter":191.0853701402671},"geometry":{"type":"Polygon","coordinates":[[[75.95009799493644,18.968756398863636],[75.94990444940383,18.968124820257714],[75.95009338697848,18.967943116788067],[75.95009799493644,18.968756398863636]]]},"id":"101"},{"type":"Feature","properties":{"id":"102","metrics:area":1050,"metrics:perimeter":170.71067811865476},"geometry":{"type":"Polygon","coordinates":[[[75.95151655842486,18.967664710877816],[75.95151296930892,18.967032158345503],[75.95160794941955,18.967031670515627],[75.9517065193595,18.967663735134423],[75.95151655842486,18.967664710877816]]]},"id":"102"},{"type":"Feature","properties":{"id":"103","metrics:area":4200,"metrics:perimeter":384.01926221717366},"geometry":{"type":"Polygon","coordinates":[[[75.94999738245335,18.96776287449911],[75.94998868014227,18.966226674752754],[75.95008365983892,18.966226187724132],[75.950376792573,18.967670561249204],[75.94999738245335,18.96776287449911]]]},"id":"103"},{"type":"Feature","properties":{"id":"104","metrics:area":1250,"metrics:perimeter":162.16116701979803},"geometry":{"type":"Polygon","coordinates":[[[75.9869243937617,18.964135909326142],[75.98644791199833,18.9638673469067],[75.98644684910825,18.9636866194159],[75.98692279863678,18.96386481813548],[75.9869243937617,18.964135909326142]]]},"id":"104"},{"type":"Feature","properties":{"id":"105","metrics:area":1300,"metrics:perimeter":173.1370849898476},"geometry":{"type":"Polygon","coordinates":[[[75.95520020742987,18.96403106617395],[75.95491372909986,18.963761441044362],[75.95557909100543,18.963848378152964],[75.95558012064822,18.964029107299776],[75.95520020742987,18.96403106617395]]]},"id":"105"},{"type":"Feature","properties":{"id":"106","metrics:area":7650,"metrics:perimeter":614.2650280776569},"geometry":{"type":"Polygon","coordinates":[[[75.98740194097262,18.964585197867887],[75.98739981306215,18.964223743014912],[75.98720985803675,18.964224755176776],[75.98692120353898,18.963593726936764],[75.98739768519991,18.963862288147617],[75.98748734254748,18.962958144799096],[75.98729738896024,18.962959156985757],[75.9872957933391,18.962688065791284],[75.987580191234,18.96259618373611],[75.98777972307678,18.96422171810718],[75.98740194097262,18.964585197867887]]]},"id":"106"},{"type":"Feature","properties":{"id":"107","metrics:area":900,"metrics:perimeter":126.05551275463989},"geometry":{"type":"Polygon","coordinates":[[[75.95329242346425,18.96259501462826],[75.953290882827,18.9623239206835],[75.9536707923912,18.962321965892894],[75.95348237855904,18.962594037315277],[75.95329242346425,18.96259501462826]]]},"id":"107"},{"type":"Feature","properties":{"id":"108","metrics:area":5100,"metrics:perimeter":352.42465569268586},"geometry":{"type":"Polygon","coordinates":[[[75.95470834341813,18.96105148154776],[75.95470628637041,18.96069002304238],[75.9548962392298,18.960689044374693],[75.95508361981065,18.96023624241064],[75.9555585006004,18.960233794465974],[75.95575102695263,18.96068463796151],[75.95518116849699,18.960687576008226],[75.95499327331652,18.961050013443177],[75.95470834341813,18.96105148154776]]]},"id":"108"},{"type":"Feature","properties":{"id":"109","metrics:area":900,"metrics:perimeter":123.24555320336759},"geometry":{"type":"Polygon","coordinates":[[[75.98736683661774,18.958621190963402],[75.9873647095031,18.958259735874265],[75.98755465776593,18.95825872385973],[75.98765122768447,18.958529309074358],[75.98736683661774,18.958621190963402]]]},"id":"109"},{"type":"Feature","properties":{"id":"110","metrics:area":900,"metrics:perimeter":126.05551275463989},"geometry":{"type":"Polygon","coordinates":[[[75.95848520779819,18.957146195446704],[75.95848417542885,18.956965466319737],[75.95876806540912,18.95678326360011],[75.95877013074961,18.957144721827436],[75.95848520779819,18.957146195446704]]]},"id":"110"},{"type":"Feature","properties":{"id":"111","metrics:area":2000,"metrics:perimeter":190.92606731878192},"geometry":{"type":"Polygon","coordinates":[[[75.95316664121272,18.957173622638454],[75.9532590488551,18.956721310691226],[75.95363843217336,18.95662899182559],[75.95373494718964,18.95689959724003],[75.95316664121272,18.957173622638454]]]},"id":"111"},{"type":"Feature","properties":{"id":"112","metrics:area":500,"metrics:perimeter":114.3397840021018},"geometry":{"type":"Polygon","coordinates":[[[75.98108531438214,18.956395380150934],[75.98089642432973,18.956577113375992],[75.98061044804948,18.956397893011054],[75.98108531438214,18.956395380150934]]]},"id":"112"},{"type":"Feature","properties":{"id":"113","metrics:area":1250,"metrics:perimeter":155.39155827344672},"geometry":{"type":"Polygon","coordinates":[[[75.98535910800253,18.95637270968389],[75.98488265121827,18.9561041419048],[75.98497656336404,18.955922909526546],[75.98535751610892,18.956101618138266],[75.98535910800253,18.95637270968389]]]},"id":"113"},{"type":"Feature","properties":{"id":"114","metrics:area":2350,"metrics:perimeter":205.22750576399804},"geometry":{"type":"Polygon","coordinates":[[[75.95419902792699,18.9549994947256],[75.95353318836216,18.954822186292294],[75.95381656697458,18.954549626327175],[75.95419645887903,18.95454767122971],[75.95419902792699,18.9549994947256]]]},"id":"114"},{"type":"Feature","properties":{"id":"115","metrics:area":750,"metrics:perimeter":111.6227766016838},"geometry":{"type":"Polygon","coordinates":[[[75.9579897012156,18.953534066784584],[75.95798815378386,18.953262972947858],[75.95827307018435,18.953261500382613],[75.9582741021093,18.953442229592905],[75.9579897012156,18.953534066784584]]]},"id":"115"},{"type":"Feature","properties":{"id":"116","metrics:area":1350,"metrics:perimeter":153.45230764828105},"geometry":{"type":"Polygon","coordinates":[[[75.97280167643078,18.95282436223179],[75.9727046101102,18.952463403661344],[75.97317999039667,18.952551275765725],[75.9731810383305,18.95273200419295],[75.97280167643078,18.95282436223179]]]},"id":"116"},{"type":"Feature","properties":{"id":"117","metrics:area":1400,"metrics:perimeter":157.7269903474535},"geometry":{"type":"Polygon","coordinates":[[[75.95047511101026,18.95149429655447],[75.95066300647042,18.951131863373448],[75.9510439150049,18.951310644709796],[75.95085499636991,18.951492348606088],[75.95047511101026,18.95149429655447]]]},"id":"117"},{"type":"Feature","properties":{"id":"118","metrics:area":500,"metrics:perimeter":92.36067977499789},"geometry":{"type":"Polygon","coordinates":[[[75.96984554987459,18.95076140884245],[75.9698439835406,18.950490315873665],[75.97003392400819,18.950489322205414],[75.97003496843232,18.95067005084199],[75.96984554987459,18.95076140884245]]]},"id":"118"},{"type":"Feature","properties":{"id":"119","metrics:area":3400,"metrics:perimeter":232.68827230335916},"geometry":{"type":"Polygon","coordinates":[[[75.96310420020974,18.951067652081786],[75.96291218514686,18.95070718065727],[75.9629101116426,18.95034572261986],[75.96348097104843,18.950523491351973],[75.96348304580279,18.950884949321587],[75.96310420020974,18.951067652081786]]]},"id":"119"},{"type":"Feature","properties":{"id":"120","metrics:area":500,"metrics:perimeter":92.36067977499789},"geometry":{"type":"Polygon","coordinates":[[[75.95597881222119,18.950652692949273],[75.95597726828994,18.950381598868617],[75.9561672094114,18.95038061941042],[75.95616823890042,18.950561348788394],[75.95597881222119,18.950652692949273]]]},"id":"120"},{"type":"Feature","properties":{"id":"121","metrics:area":10300,"metrics:perimeter":516.1208173851526},"geometry":{"type":"Polygon","coordinates":[[[75.95769550289319,18.951908975658068],[75.9576908625306,18.951095693911206],[75.95711846061467,18.950646813191966],[75.9573063405415,18.950284373916137],[75.95759125194336,18.950282902620973],[75.95778377093727,18.950733744743648],[75.95825810858747,18.95064092643181],[75.95835462702352,18.950911529436638],[75.95816829632152,18.951545063562563],[75.95769550289319,18.951908975658068]]]},"id":"121"},{"type":"Feature","properties":{"id":"122","metrics:area":600,"metrics:perimeter":103.24555320336759},"geometry":{"type":"Polygon","coordinates":[[[75.955690298665,18.950021608874376],[75.95568926972207,18.949840879460613],[75.95597366588582,18.949749045982493],[75.95597469512956,18.949929775382994],[75.955690298665,18.950021608874376]]]},"id":"122"},{"type":"Feature","properties":{"id":"123","metrics:area":13100,"metrics:perimeter":553.603551289881},"geometry":{"type":"Polygon","coordinates":[[[75.95911129529978,18.95036541293413],[75.95863386261189,18.94991604561855],[75.95844495406637,18.9500977568467],[75.95796907095612,18.949919481633877],[75.95778067725728,18.950191556865846],[75.9574937042447,18.949831569812037],[75.95777603693459,18.949378274988845],[75.95882070616359,18.94937287570212],[75.95929762130318,18.949731877995777],[75.95930071980166,18.950274065658956],[75.95911129529978,18.95036541293413]]]},"id":"123"},{"type":"Feature","properties":{"id":"124","metrics:area":1800,"metrics:perimeter":193.2897378153354},"geometry":{"type":"Polygon","coordinates":[[[75.95635406151092,18.949837451632494],[75.95663691233874,18.94947452309596],[75.95701627727313,18.949382198047154],[75.95692336779892,18.949744146921976],[75.95635406151092,18.949837451632494]]]},"id":"124"},{"type":"Feature","properties":{"id":"125","metrics:area":600,"metrics:perimeter":103.24555320336759},"geometry":{"type":"Polygon","coordinates":[[[75.9554028159791,18.949571253650472],[75.95540178737197,18.949390524212735],[75.95568618296329,18.949298691197896],[75.95568721187121,18.94947942062237],[75.9554028159791,18.949571253650472]]]},"id":"125"},{"type":"Feature","properties":{"id":"126","metrics:area":1800,"metrics:perimeter":172.36927333833813},"geometry":{"type":"Polygon","coordinates":[[[75.96841004601023,18.948871203517108],[75.96831299172725,18.94851024197183],[75.96859685644434,18.948328025142683],[75.96878940194155,18.94877885471808],[75.96841004601023,18.948871203517108]]]},"id":"126"},{"type":"Feature","properties":{"id":"127","metrics:area":1100,"metrics:perimeter":142.61297173761164},"geometry":{"type":"Polygon","coordinates":[[[75.96432428441265,18.94853102904922],[75.9643232462627,18.94835030006526],[75.96479757280719,18.9482574654556],[75.96470416152378,18.94852905302303],[75.96432428441265,18.94853102904922]]]},"id":"127"},{"type":"Feature","properties":{"id":"128","metrics:area":5450,"metrics:perimeter":362.44919395639363},"geometry":{"type":"Polygon","coordinates":[[[75.96546755351483,18.949157649839727],[75.9653710249386,18.948887050950955],[75.96584379257443,18.948523120276494],[75.96584171301588,18.948161662467054],[75.96622106903418,18.948069318924986],[75.9663186387203,18.94852064623223],[75.966034771043,18.94870285969388],[75.96613078048975,18.94888309376054],[75.96546755351483,18.949157649839727]]]},"id":"128"},{"type":"Feature","properties":{"id":"129","metrics:area":7200,"metrics:perimeter":420.51263238281706},"geometry":{"type":"Polygon","coordinates":[[[75.96185818859186,18.949086041580426],[75.96204294937506,18.9481814106544],[75.96242178986843,18.94799871024437],[75.96232992880702,18.948541390422747],[75.96289974482664,18.948538432218424],[75.96299575088385,18.94871866806535],[75.9626174276573,18.94899173421115],[75.96185818859186,18.949086041580426]]]},"id":"129"},{"type":"Feature","properties":{"id":"130","metrics:area":750,"metrics:perimeter":111.6227766016838},"geometry":{"type":"Polygon","coordinates":[[[75.98018253069625,18.948176775955787],[75.98018147549683,18.947996047818414],[75.98046585333267,18.947904177487306],[75.98046743658718,18.94817526967156],[75.98018253069625,18.948176775955787]]]},"id":"130"},{"type":"Feature","properties":{"id":"131","metrics:area":1250,"metrics:perimeter":152.33356769717778},"geometry":{"type":"Polygon","coordinates":[[[75.95340228420156,18.94849714230563],[75.95311583635899,18.948227512661227],[75.95311481029215,18.948046783076528],[75.95359068344541,18.948225071245705],[75.95340228420156,18.94849714230563]]]},"id":"131"},{"type":"Feature","properties":{"id":"132","metrics:area":2250,"metrics:perimeter":194.8418432072729},"geometry":{"type":"Polygon","coordinates":[[[75.96508351910256,18.948436711747558],[75.96508040225287,18.947894524901095],[75.96555628617723,18.948072781817523],[75.96555784537298,18.94834387520142],[75.96508351910256,18.948436711747558]]]},"id":"132"},{"type":"Feature","properties":{"id":"133","metrics:area":900,"metrics:perimeter":145.5708402582784},"geometry":{"type":"Polygon","coordinates":[[[75.95197722790697,18.948414096739896],[75.95207014757027,18.948052149856753],[75.95225906113772,18.947870444882884],[75.95226111142017,18.948231904145835],[75.95197722790697,18.948414096739896]]]},"id":"133"},{"type":"Feature","properties":{"id":"134","metrics:area":750,"metrics:perimeter":111.6227766016838},"geometry":{"type":"Polygon","coordinates":[[[75.96261224607625,18.94808808884531],[75.96270566058557,18.94781650217998],[75.96289559842943,18.947815515957785],[75.96289715330633,18.94808660956223],[75.96261224607625,18.94808808884531]]]},"id":"134"},{"type":"Feature","properties":{"id":"135","metrics:area":600,"metrics:perimeter":111.2310562561766},"geometry":{"type":"Polygon","coordinates":[[[75.96194590909263,18.947820445123828],[75.9619448735447,18.94763971599924],[75.96232474890587,18.947637744936493],[75.96232526688276,18.947728109489137],[75.96194590909263,18.947820445123828]]]},"id":"135"},{"type":"Feature","properties":{"id":"136","metrics:area":1750,"metrics:perimeter":182.8538328578604},"geometry":{"type":"Polygon","coordinates":[[[75.96166151985942,18.94791228749403],[75.96137609534962,18.94782340028957],[75.96137299058054,18.947281212814254],[75.96156292789344,18.947280227983764],[75.96165996699298,18.94764119378577],[75.96166151985942,18.94791228749403]]]},"id":"136"},{"type":"Feature","properties":{"id":"137","metrics:area":1600,"metrics:perimeter":162.61297173761164},"geometry":{"type":"Polygon","coordinates":[[[75.9627030696938,18.947364679462787],[75.96260654667644,18.947094078839715],[75.96308087086972,18.94700124872503],[75.9630829443478,18.94736270687444],[75.9627030696938,18.947364679462787]]]},"id":"137"},{"type":"Feature","properties":{"id":"138","metrics:area":1650,"metrics:perimeter":177.6782893563237},"geometry":{"type":"Polygon","coordinates":[[[75.95263534878666,18.94723593996359],[75.95282374799484,18.946963869654134],[75.953298591548,18.946961429143],[75.95320516199637,18.947233011742824],[75.95263534878666,18.94723593996359]]]},"id":"138"},{"type":"Feature","properties":{"id":"139","metrics:area":8450,"metrics:perimeter":497.58350313136094},"geometry":{"type":"Polygon","coordinates":[[[75.9711573604954,18.94768206273433],[75.97115474687999,18.947230241141543],[75.97162958862106,18.947227753660858],[75.97172141888026,18.946685070169764],[75.97210024456986,18.946502350573642],[75.97276606704466,18.94667959306716],[75.97238933525254,18.947223771163483],[75.97153514320031,18.947318615564388],[75.9711573604954,18.94768206273433]]]},"id":"139"},{"type":"Feature","properties":{"id":"140","metrics:area":6050,"metrics:perimeter":360.7716314608062},"geometry":{"type":"Polygon","coordinates":[[[75.96944688139997,18.94751027910334],[75.9694416634998,18.94660663541934],[75.96982101370305,18.946514284740818],[75.9697281334391,18.94687623884742],[75.97020454097236,18.947144848109655],[75.97020662980304,18.947506305491117],[75.96944688139997,18.94751027910334]]]},"id":"140"},{"type":"Feature","properties":{"id":"141","metrics:area":5900,"metrics:perimeter":348.0816135909057},"geometry":{"type":"Polygon","coordinates":[[[75.97049101303993,18.94741445024789],[75.97020245218907,18.946783390713904],[75.97038977701926,18.946330575126016],[75.97096115194107,18.94659868549036],[75.97096324233571,18.946960142811786],[75.97067833769759,18.946961634402104],[75.97077591846228,18.947412958911094],[75.97049101303993,18.94741445024789]]]},"id":"141"},{"type":"Feature","properties":{"id":"142","metrics:area":700,"metrics:perimeter":139.06114355209758},"geometry":{"type":"Polygon","coordinates":[[[75.97931779768811,18.946464374293928],[75.97912680833868,18.946284649039583],[75.97893529252981,18.946014559444446],[75.97931621644352,18.94619328196619],[75.97931779768811,18.946464374293928]]]},"id":"142"},{"type":"Feature","properties":{"id":"143","metrics:area":1100,"metrics:perimeter":135.35657871264738},"geometry":{"type":"Polygon","coordinates":[[[75.97086513885836,18.946418454054406],[75.9705791903721,18.946239216763],[75.97067259091251,18.94596762664975],[75.97095853901445,18.946146863818484],[75.97086513885836,18.946418454054406]]]},"id":"143"},{"type":"Feature","properties":{"id":"144","metrics:area":1700,"metrics:perimeter":190.57988449097502},"geometry":{"type":"Polygon","coordinates":[[[75.95652443682074,18.946402613132957],[75.95671231375466,18.946040174448445],[75.95718663899349,18.945947359389994],[75.95709321631195,18.9462189436769],[75.95652443682074,18.946402613132957]]]},"id":"144"},{"type":"Feature","properties":{"id":"145","metrics:area":1500,"metrics:perimeter":157.8584445398434},"geometry":{"type":"Polygon","coordinates":[[[75.95585965866536,18.94640604097458],[75.95547875686434,18.94622726917636],[75.95576211833824,18.945954706764574],[75.95604856617744,18.946224332369205],[75.95585965866536,18.94640604097458]]]},"id":"145"},{"type":"Feature","properties":{"id":"146","metrics:area":750,"metrics:perimeter":117.67828935632369},"geometry":{"type":"Polygon","coordinates":[[[75.9669698909708,18.946167705302187],[75.96715826512084,18.94589562147637],[75.96734820054182,18.945894630790235],[75.96725479457538,18.946166219468928],[75.9669698909708,18.946167705302187]]]},"id":"146"},{"type":"Feature","properties":{"id":"147","metrics:area":700,"metrics:perimeter":111.5298244508295},"geometry":{"type":"Polygon","coordinates":[[[75.95490894744624,18.946230204233242],[75.95490791956584,18.946049474704363],[75.95509682777269,18.945867767034137],[75.95519333807347,18.946138372167113],[75.95490894744624,18.946230204233242]]]},"id":"147"},{"type":"Feature","properties":{"id":"148","metrics:area":43150,"metrics:perimeter":1941.5637478273925},"geometry":{"type":"Polygon","coordinates":[[[75.9672724961816,18.949238609768564],[75.96727041346254,18.948877152139858],[75.96651221900295,18.94915220728207],[75.96688845399798,18.9485176757745],[75.96641308773995,18.94842978684169],[75.96669695453083,18.948247572834276],[75.96641100696678,18.948068329089505],[75.96640944641788,18.947797235765986],[75.96678828087451,18.947614526675462],[75.96640632539972,18.947255049094824],[75.96735496894912,18.94706936838155],[75.96725843874474,18.946798770497402],[75.96697353406718,18.946800256383945],[75.9669714522801,18.946438798628307],[75.96754021889346,18.946255097625812],[75.96753709449747,18.945712911046186],[75.96829787746954,18.945889674442522],[75.96839440872799,18.94616027176027],[75.96905866189924,18.946066434642514],[75.9687753228291,18.946339016423423],[75.96887185513897,18.94660961343385],[75.96791956954944,18.946162750823024],[75.96782772710911,18.946705432996854],[75.96802026850418,18.94715626362368],[75.96697717730817,18.94743280742192],[75.96716867621801,18.947702910117354],[75.96811680015107,18.947426861037062],[75.96859216422018,18.94751474569755],[75.96802339471654,18.947698450041376],[75.96831090685427,18.948148784426255],[75.96793311506441,18.94851222538895],[75.96821802256596,18.94851073789905],[75.96821958609843,18.94878183105647],[75.96746035225003,18.948876161188988],[75.9672724961816,18.949238609768564]]]},"id":"148"},{"type":"Feature","properties":{"id":"149","metrics:area":600,"metrics:perimeter":103.24555320336759},"geometry":{"type":"Polygon","coordinates":[[[75.98643718062418,18.945884438898773],[75.98643611883034,18.945703711057234],[75.98672048894264,18.94561183144105],[75.986721551037,18.945792559268842],[75.98643718062418,18.945884438898773]]]},"id":"149"},{"type":"Feature","properties":{"id":"150","metrics:area":1550,"metrics:perimeter":161.76706744056355},"geometry":{"type":"Polygon","coordinates":[[[75.9694385329017,18.94606444916606],[75.96924703245384,18.945794348847556],[75.9696258591239,18.94561163425925],[75.9697234361225,18.94606295954823],[75.9694385329017,18.94606444916606]]]},"id":"150"},{"type":"Feature","properties":{"id":"151","metrics:area":2150,"metrics:perimeter":191.52231735011193},"geometry":{"type":"Polygon","coordinates":[[[75.98482167842366,18.945712291769674],[75.98463015444499,18.945442208425163],[75.98519889572175,18.94525845425492],[75.9852959836483,18.94561940553604],[75.98482167842366,18.945712291769674]]]},"id":"151"},{"type":"Feature","properties":{"id":"152","metrics:area":1200,"metrics:perimeter":168.2842712474619},"geometry":{"type":"Polygon","coordinates":[[[75.97143180923268,18.945873284001248],[75.97124082862744,18.94569355020338],[75.97123821508262,18.94524172852504],[75.97142814953392,18.945240733693517],[75.97143180923268,18.945873284001248]]]},"id":"152"},{"type":"Feature","properties":{"id":"153","metrics:area":2800,"metrics:perimeter":234.57313802163299},"geometry":{"type":"Polygon","coordinates":[[[75.9667773536074,18.945716873361192],[75.96715410101255,18.945172705919923],[75.9675339702078,18.945170724434394],[75.96753605305577,18.945532182179164],[75.9667773536074,18.945716873361192]]]},"id":"153"},{"type":"Feature","properties":{"id":"154","metrics:area":4050,"metrics:perimeter":261.76068158830776},"geometry":{"type":"Polygon","coordinates":[[[75.97190717017865,18.94596116029581],[75.97171618898402,18.945781427016474],[75.97180697239068,18.945058014800075],[75.97218736400951,18.94514638810994],[75.97219154978033,18.94586930258776],[75.97190717017865,18.94596116029581]]]},"id":"154"},{"type":"Feature","properties":{"id":"155","metrics:area":1500,"metrics:perimeter":167.70329614269008},"geometry":{"type":"Polygon","coordinates":[[[75.97000468494099,18.945428918930215],[75.97019200898326,18.944976103520695],[75.97028697608971,18.944975606671644],[75.97047952175049,18.94542643462131],[75.97000468494099,18.945428918930215]]]},"id":"155"},{"type":"Feature","properties":{"id":"156","metrics:area":171550,"metrics:perimeter":5389.57485741495},"geometry":{"type":"Polygon","coordinates":[[[75.96044656918639,18.951352540464832],[75.96025507630264,18.95108243063529],[75.96053998881219,18.951080954749532],[75.96063289099799,18.950719004425],[75.96015855473885,18.95081182876448],[75.95987209241906,18.95054221027782],[75.96005996615723,18.95017976847463],[75.95967956816578,18.950091370552556],[75.95967181913883,18.948735901458555],[75.9594808471241,18.94855615518695],[75.95824366524182,18.948110716387156],[75.95805527388912,18.948382791841315],[75.95881554490595,18.94846922936382],[75.95881760937388,18.94883068790986],[75.95815333781839,18.948924489046643],[75.95777088129823,18.948474628373994],[75.95729654938184,18.9485674452026],[75.95738894217989,18.94811513148053],[75.95701009545039,18.948297821857484],[75.95662815830595,18.94793832330045],[75.9567215825729,18.947666739222196],[75.95643667553813,18.947668208986016],[75.9562493110625,18.948121012145098],[75.95682118680243,18.948479531459455],[75.95682273192959,18.948750625528632],[75.95596954902763,18.949026128344748],[75.95596800525394,18.94875503421586],[75.95549264266877,18.94866711706069],[75.95549109969663,18.948396022883472],[75.95567949534617,18.948123949851688],[75.95605937250207,18.948121991575118],[75.95605782866262,18.94785089742696],[75.95662506884878,18.947396135075696],[75.95652907029698,18.947215895569027],[75.95567486574619,18.94731066729281],[75.95558092558718,18.94749188618662],[75.95596028677943,18.947399563450848],[75.95615073917486,18.9474889488771],[75.95596285953133,18.94785138706151],[75.95529961814361,18.948125907350263],[75.95548389950699,18.947130916616842],[75.9558632599561,18.94703859410959],[75.9561455928388,18.94658530164788],[75.95700082350494,18.946671257331815],[75.95775644707159,18.945944417377234],[75.95804186669311,18.94603331039749],[75.95794483637934,18.945672342255552],[75.95822973990155,18.94567087032374],[75.95832728659778,18.946122202964204],[75.95880315908163,18.94630047778748],[75.95908548266348,18.94584718121809],[75.95842070720636,18.945850618143094],[75.95832367621239,18.945489650223674],[75.95870406307891,18.94557805146278],[75.95879593479582,18.9450353724637],[75.95917528841424,18.944943043448333],[75.96059979906025,18.94493567023564],[75.96041244870983,18.945388477103158],[75.96107515302033,18.945023574679574],[75.96117167225447,18.945294176321344],[75.96174251263969,18.94547195134398],[75.96155878754813,18.94655731134035],[75.96079904149623,18.946561249333982],[75.96004136213574,18.946926642706153],[75.95956548668443,18.946748371209143],[75.95937658259162,18.94693008324587],[75.95918561302697,18.94675033653102],[75.95880625537967,18.946842665729797],[75.95861477055216,18.946572553732857],[75.95842844486387,18.94720608815648],[75.95814250733426,18.947026831169612],[75.95814457018417,18.947388289843225],[75.95776521043588,18.947480616994493],[75.95786172602432,18.94775122046192],[75.95938019723907,18.947562635692673],[75.95938381203,18.948195188095706],[75.96042847340398,18.948189780075808],[75.96033712271431,18.94882282414009],[75.96071803522783,18.94900158541956],[75.9611918486386,18.948818395299206],[75.96138282271168,18.9489981397091],[75.96138541029067,18.949449962522564],[75.96167083761279,18.94953884957473],[75.96167290835379,18.949900307775575],[75.96138851548231,18.949992149869246],[75.96100811735425,18.949903754683728],[75.96091107809409,18.949542788623116],[75.96109998325171,18.949361075016732],[75.96081610814105,18.949543280785345],[75.96053119826433,18.94954475698025],[75.9603397074533,18.94927464710114],[75.96015028467012,18.949365995372883],[75.96015183525085,18.949637089151224],[75.96053274947592,18.949815850723002],[75.96034539413704,18.95026865753684],[75.96110515706728,18.95026472066126],[75.96129665027902,18.950534829616874],[75.96092038943908,18.951169350777544],[75.96101639506388,18.951349587626666],[75.96082541856612,18.951169842985145],[75.96044656918639,18.951352540464832]]]},"id":"156"},{"type":"Feature","properties":{"id":"157","metrics:area":1750,"metrics:perimeter":194.60603385966718},"geometry":{"type":"Polygon","coordinates":[[[75.96810377391206,18.945167750747643],[75.96800724376409,18.94489715320377],[75.96876750203134,18.94498355042274],[75.96867357750997,18.945164775310747],[75.96810377391206,18.945167750747643]]]},"id":"157"},{"type":"Feature","properties":{"id":"158","metrics:area":7900,"metrics:perimeter":354.374389852042},"geometry":{"type":"Polygon","coordinates":[[[75.95614147598006,18.945862383800197],[75.95585451421229,18.945502393562947],[75.95604187719279,18.945049590758654],[75.95651568534413,18.944866412778566],[75.95651671488582,18.945047142245418],[75.95689709996728,18.945135547281794],[75.95689967490904,18.945587370878638],[75.95614147598006,18.945862383800197]]]},"id":"158"},{"type":"Feature","properties":{"id":"159","metrics:area":7050,"metrics:perimeter":449.0297571717023},"geometry":{"type":"Polygon","coordinates":[[[75.97845782223669,18.94556524478849],[75.97845676905004,18.94538451650679],[75.97902604472894,18.945291145102814],[75.97835969581075,18.945023560965108],[75.97854804973639,18.944751466419326],[75.97930778359333,18.94474745608239],[75.97949877129646,18.944927181249724],[75.9792170327924,18.945470870535704],[75.97845782223669,18.94556524478849]]]},"id":"159"},{"type":"Feature","properties":{"id":"160","metrics:area":4100,"metrics:perimeter":345.40553627169334},"geometry":{"type":"Polygon","coordinates":[[[75.95718663899349,18.945947359389994],[75.95708909545917,18.945496026001422],[75.95774974624538,18.944769676319297],[75.95803464825244,18.94476820475458],[75.95718663899349,18.945947359389994]]]},"id":"160"},{"type":"Feature","properties":{"id":"161","metrics:area":12830850,"metrics:perimeter":51071.33787891872},"geometry":{"type":"Polygon","coordinates":[[[75.9689314700544,18.989804683536],[75.96873991696529,18.989534586137484],[75.96902332564699,18.989262002408655],[75.96836099234234,18.98971730252362],[75.96769343426523,18.989268960409316],[75.96712348063848,18.9892719394854],[75.96693506114654,18.989544024190167],[75.96550965329473,18.989461098796074],[75.9656954700343,18.988737195138985],[75.96626437946732,18.98855349244355],[75.96721534192672,18.98872925897746],[75.96768925758595,18.988546048347583],[75.96740376009747,18.988457174024635],[75.96768455904788,18.987732772209654],[75.96758226001113,18.986468172406806],[75.96805669115156,18.986375325118303],[75.96976913735553,18.986818195191475],[75.96948207296317,18.986458232032156],[75.96957444846902,18.98600591458533],[75.96919605545244,18.986278996346698],[75.96843508635015,18.98610224559689],[75.96842620592587,18.98456605721016],[75.96823466003237,18.98429595883565],[75.9678547022998,18.984297945692138],[75.96775710296936,18.98384662201915],[75.96728163528967,18.98375874011797],[75.96690272168736,18.98394145312091],[75.96690532928737,18.984393273495957],[75.96662036071461,18.984394761672657],[75.96651963681532,18.983401252667846],[75.96585836055829,18.984037271590175],[75.9652868624991,18.983769151866117],[75.96547527871392,18.98349706884154],[75.96651859424112,18.983220524480526],[75.96670544370065,18.982677348021866],[75.96794133871097,18.982851624204656],[75.96803528314868,18.982670399438703],[75.9673672331863,18.98213169044526],[75.96613394915995,18.982409230728734],[75.96584690032357,18.9820492610802],[75.96518250323618,18.982143092738752],[75.9650864739868,18.981962859617635],[75.96442207668018,18.982056688551474],[75.96404108377384,18.98187793901335],[75.9640442032776,18.98242012404023],[75.96319190418684,18.982876394543677],[75.96272319122775,18.983963235206826],[75.9622477252223,18.983875340273656],[75.96224461127417,18.983333155044555],[75.96243407028405,18.983241803315725],[75.96214598977585,18.98270109924208],[75.9622383836954,18.982248784489716],[75.9619534183769,18.982250265322275],[75.9617655162716,18.982612709216806],[75.96109955893418,18.982435433684508],[75.9607242679426,18.983250683987617],[75.96148573593473,18.983517831652993],[75.96148832886497,18.98396965277149],[75.96082392100806,18.984063469211332],[75.96043774678672,18.982981069791798],[75.95929632763239,18.982715886753574],[75.95938976414931,18.982444301670633],[75.95900567202135,18.98172335574448],[75.9590980740852,18.981271042162387],[75.9588136272391,18.981362882407247],[75.95900618921138,18.98181372005338],[75.9589158553124,18.982627490806415],[75.95910531552416,18.982536142432913],[75.95920289083165,18.982987471794868],[75.95891999273934,18.98335040520109],[75.95853900214206,18.9831716442339],[75.95843987774734,18.982449221509007],[75.9582504172356,18.982540569213928],[75.9583474733953,18.982901534812687],[75.95730052997027,18.982545483231224],[75.9574868927494,18.98191195040493],[75.95720037895445,18.981642330829672],[75.95701040248463,18.981643312900836],[75.95691799457725,18.982095625679865],[75.95682197403987,18.98191538787726],[75.95596810946313,18.982100532751033],[75.95587157441761,18.981829930020165],[75.95615653953041,18.981828458579077],[75.95615550822573,18.981647729809627],[75.95549213619128,18.981922255660514],[75.95549059030526,18.981651162455012],[75.9558705434202,18.98164920123566],[75.95596346952698,18.98128725323933],[75.956249465093,18.98146651046884],[75.95653288202418,18.98119394533713],[75.95633620168836,18.98002018961964],[75.95662064783362,18.979928353208763],[75.95661910029695,18.979657260034543],[75.95699853272117,18.979564932314595],[75.95652256581567,18.979386657557168],[75.95642861030773,18.979567877012464],[75.95595367488286,18.979570329587805],[75.95586229586117,18.98020337083085],[75.9562427613076,18.980291773389567],[75.95624379262708,18.98047250218083],[75.95586487314307,18.980655192856943],[75.95586796597772,18.981197379258752],[75.95539302585692,18.98119983059846],[75.9553037049141,18.982194329205424],[75.9549252955169,18.982467382550254],[75.9550213144066,18.982647621401764],[75.95464187379704,18.982739945393014],[75.95388762148667,18.983737870957334],[75.95284684816433,18.984466167407426],[75.95265943751204,18.98491896739327],[75.95199347893501,18.98474165912187],[75.95161557156172,18.985105070585636],[75.95151750175842,18.984563372004455],[75.95189540818876,18.984199960764066],[75.95170440188227,18.984020208560615],[75.95132495604352,18.984112525955073],[75.95103793481691,18.98375253213612],[75.95103690892071,18.98357180313399],[75.95170080872587,18.983387657178618],[75.95169926884532,18.983116563715775],[75.95131982502606,18.9832088810193],[75.95130853781048,18.981220861845777],[75.95197191470379,18.98094635078773],[75.9516854110975,18.980676722187948],[75.95196729446442,18.980133070225154],[75.95225174351792,18.98004124041474],[75.95244325924892,18.9803113567993],[75.95244890912038,18.98130536620884],[75.95311793834613,18.98202486027219],[75.95349737834613,18.981932539431824],[75.95273130469111,18.98085207766621],[75.95263117964149,18.979948921505954],[75.95224968955101,18.97967978239008],[75.95224763563063,18.979318324351112],[75.95272154340111,18.979135152312],[75.95272000224082,18.97886405880551],[75.95224455483729,18.978776137265825],[75.95224352792945,18.978595408230248],[75.95337976904632,18.977956991687538],[75.95328015696906,18.977144200183048],[75.9535702556882,18.978046378013477],[75.95423567419058,18.97813331736034],[75.95394557176625,18.977231140744355],[75.95441638425633,18.976505777784006],[75.95403644263988,18.976507735509472],[75.95384852885498,18.97687017205979],[75.95374891541745,18.97605738078481],[75.95450622367179,18.97560164339404],[75.95498166289366,18.975689559498342],[75.95621440460003,18.975321730227865],[75.95602288907111,18.975051617617233],[75.95526455768017,18.975326632007867],[75.95488307450495,18.975057497909823],[75.95564089023117,18.97469212063299],[75.95554281524092,18.974150423887107],[75.95601670466063,18.97396724411187],[75.95591862900322,18.973425547557966],[75.95648853061834,18.97342260534513],[75.95686691760376,18.973149549551238],[75.95629443963004,18.972700670553035],[75.95553560412769,18.972885321150926],[75.95524910946342,18.9726156974817],[75.95524653501587,18.97216387498244],[75.95477110577856,18.972075959092635],[75.95467406463288,18.97171499058989],[75.95420017982761,18.971898166758276],[75.95343723403023,18.97135989229941],[75.95352656343195,18.97036539321452],[75.95295564452883,18.97018759669817],[75.95228461287101,18.969106640611393],[75.95169882703628,18.966308265443608],[75.95178355029482,18.96450048435239],[75.95206643453295,18.964137561838722],[75.95282472208274,18.963862562203353],[75.95386948299698,18.963857186864384],[75.95624857501609,18.964658229259072],[75.95776978090126,18.96492147376508],[75.95852961075241,18.964917544524713],[75.9585270285927,18.96446572208489],[75.95871646898922,18.964374374827628],[75.9575736324871,18.963838081393703],[75.95729024529929,18.964110647256696],[75.95719371992324,18.963840044335868],[75.95690878546966,18.963841516031486],[75.95662591253769,18.96420444546877],[75.95615050552087,18.964116532085512],[75.95614947525844,18.96393580297058],[75.95662436637238,18.963933351835355],[75.956430287775,18.96321141600019],[75.95605037650313,18.963213376536082],[75.95595900376789,18.963846418520173],[75.95567406920043,18.96384788831777],[75.95557754656313,18.963577284426037],[75.9547217153651,18.963400961484258],[75.95490909910039,18.962948159673513],[75.9545307309487,18.96322121089313],[75.95396034974632,18.9631337809415],[75.95395932190092,18.96295305169164],[75.95443318219185,18.96276987706249],[75.9535747876207,18.96214172537757],[75.95385817795093,18.961869165021525],[75.95471348624147,18.961955127748674],[75.95480692035758,18.961683544560717],[75.95537678225858,18.961680607516417],[75.95537935552589,18.962132430509065],[75.95614020342201,18.96230924077533],[75.95613865820788,18.962038147047963],[75.95689744441589,18.961853495953342],[75.9568964134811,18.961672766833882],[75.95547278863233,18.961860847033442],[75.9554707298431,18.961499388640412],[75.95566068357635,18.961498409149062],[75.95603544117047,18.960592803687764],[75.95593583068451,18.959780012223153],[75.95498401420754,18.959423450191633],[75.95479149149014,18.958972605684618],[75.95460308303005,18.959244678098628],[75.95422318053751,18.959246634495198],[75.95422163868925,18.958975540526318],[75.95450605100582,18.95888370867385],[75.95431455820193,18.95861359288001],[75.95374573390217,18.958797255547665],[75.95383814065153,18.958344943418968],[75.95421855507142,18.95843335256444],[75.95440644930704,18.958070915869442],[75.95497527036083,18.95788725129934],[75.9547837780402,18.957617135945],[75.95411895513125,18.957620559493748],[75.95411741359369,18.957349465469115],[75.95459125815927,18.957166291028773],[75.95496807017855,18.956622146135317],[75.95496189904851,18.955537770141067],[75.95534127861609,18.955445447936572],[75.95543419410032,18.955083499785047],[75.95628946808024,18.955169456784184],[75.95590751605263,18.954809957624988],[75.95571345296584,18.954088019739412],[75.95599064989992,18.952731080633892],[75.95532636093958,18.952824872350806],[75.95494595890553,18.95273646489382],[75.95484944468699,18.952465859970914],[75.95503835984466,18.952284152163987],[75.95589361937276,18.9523701116514],[75.95598653227137,18.952008163231973],[75.95665081753702,18.951914369299438],[75.95684282097466,18.95227484769643],[75.95779098993324,18.951998849666786],[75.9576985965998,18.95245116344911],[75.95807899915535,18.952539565224292],[75.95854869700038,18.951633464461967],[75.95883361058807,18.951631991157054],[75.95854818094162,18.95154309984694],[75.95854508465047,18.951000912138042],[75.95911181162715,18.950455777545677],[75.95987209241906,18.95054221027782],[75.95977918865312,18.950904160296027],[75.9600672020801,18.951444872627494],[75.95949737572009,18.95144782256281],[75.9594049872583,18.951900137005907],[75.9598803606441,18.951988043604505],[75.95978693950126,18.95225962903066],[75.96026283107204,18.952437899154223],[75.96035625151818,18.952166313522994],[75.96130441321773,18.951890297800297],[75.96139679650977,18.951437982636495],[75.96120581951851,18.951258238411032],[75.96177409160295,18.950984189652118],[75.96167653226357,18.950532859592666],[75.96186595542581,18.95044150975121],[75.96196455096396,18.95107356875542],[75.96168015631717,18.951165411365984],[75.96168222726953,18.95152686950251],[75.96187268721623,18.95161624866996],[75.96206003968578,18.95116344049303],[75.96206159350896,18.951434534066486],[75.96244199559528,18.951522926897727],[75.96244562273716,18.9521554784609],[75.96216070856369,18.95215695735546],[75.96206729108674,18.95242854376701],[75.96102156901372,18.952253233099867],[75.96064323469146,18.9525262956088],[75.95931363134662,18.952533180576033],[75.95884032161172,18.952806730972966],[75.95969506819694,18.95280230813757],[75.95960164636061,18.9530738934801],[75.96036038800342,18.95288922998552],[75.96074182726458,18.9531583552729],[75.96055343481846,18.953430433191386],[75.96026748425025,18.953251180169097],[75.96027420592682,18.95442591928503],[75.96008529440022,18.954607632243558],[75.9591350493891,18.954522184140476],[75.95904162581077,18.954793769233376],[75.95999342315284,18.955150311377157],[75.96028403080678,18.95614284541362],[75.96075941667146,18.956230749166803],[75.9607620036349,18.956682571711138],[75.96104744316332,18.956771459125612],[75.96170863602916,18.95613545949009],[75.96056843462534,18.956051004587056],[75.96037641865584,18.955690530737694],[75.96198267865383,18.95423632673163],[75.96188615228567,18.953965726054484],[75.96122134522695,18.95396917443809],[75.96169258273582,18.953334159970705],[75.9620740250459,18.95360328236461],[75.96254888609087,18.95360081733837],[75.96264593160518,18.953961782126264],[75.963025302657,18.953869444521477],[75.96264904166449,18.95450396900803],[75.96331125704917,18.954048693100326],[75.96407051732221,18.9539543788705],[75.96492942501888,18.95467284701369],[75.96483185464426,18.954221519263026],[75.96435387663585,18.95368180358963],[75.96321472869504,18.9537780931998],[75.96283276583873,18.95341860877418],[75.96321109832044,18.95314554189067],[75.96349705162558,18.95332479024253],[75.96425578932295,18.953140110946617],[75.96492319021327,18.953588473967653],[75.96511001660645,18.953045298643865],[75.96472909046759,18.952866547079985],[75.9652008310337,18.952321888777018],[75.96406065493099,18.952237454252987],[75.96415822183609,18.95268878264794],[75.96358994836655,18.952962838749563],[75.962925145614,18.95296629306718],[75.96282861858073,18.95269569287929],[75.96330243965613,18.952512497076448],[75.96339481777468,18.952060181170033],[75.96386915533347,18.951967348484644],[75.96357749769608,18.95079409127134],[75.96414628305936,18.950610399945568],[75.96423969625255,18.950338812627813],[75.9648095180517,18.95033584828487],[75.96452304946162,18.950066237266682],[75.9649024105911,18.949973896218236],[75.96508923360238,18.949430720882543],[75.96622887064386,18.949424785498017],[75.9666129123285,18.950145720822725],[75.96670423967225,18.949512674772862],[75.96708411873715,18.9495106937726],[75.96708568052736,18.949781786991927],[75.96756157177792,18.94996003839247],[75.96765237456238,18.94923662763171],[75.96831664036873,18.949142792642185],[75.96822479806538,18.949685474856462],[75.96774994889302,18.949687953928244],[75.96822531927833,18.949775839231553],[75.96803798511405,18.95022865289864],[75.96746920586975,18.950412355925952],[75.96727770318586,18.95014225377777],[75.96690042530437,18.95059605725993],[75.96632852212242,18.950237570391074],[75.96594968133897,18.950420278776715],[75.96557395861561,18.951145173030913],[75.96652626747331,18.951592046473934],[75.96671620937438,18.951591056148914],[75.96671308669292,18.95104886974855],[75.96719002265871,18.9514078507141],[75.9677551586002,18.950591597765857],[75.96804111192918,18.950770839134066],[75.96823470161677,18.951402397830275],[75.96842412183872,18.951311041410708],[75.96842047234294,18.95067849090825],[75.96861093455358,18.95076786304383],[75.96861510625912,18.951490777852403],[75.96890001875805,18.951489289089775],[75.9687069479915,18.950948095561003],[75.96908787351057,18.951126838991893],[75.96899133790134,18.950856242355094],[75.96965560908852,18.95076240233145],[75.97003705731609,18.951031508104407],[75.97098676254276,18.951026536692613],[75.97098885351828,18.951387993838896],[75.97023117711255,18.951753428652335],[75.97032771527648,18.952024024505445],[75.97089754176798,18.952021041198517],[75.97127585727807,18.951747958537883],[75.97194170011174,18.95192520300172],[75.97193960702067,18.95156374597884],[75.97165521776775,18.951655603682543],[75.97193542098093,18.950840831890186],[75.97145795416318,18.950391499211847],[75.97069976069108,18.950666571435647],[75.97022281984722,18.95030759971268],[75.9693675667791,18.95022170617827],[75.96888958678254,18.949682002113608],[75.96888645742055,18.949139815951057],[75.96916927911116,18.94877686951998],[75.96926685715333,18.949228194870273],[75.96974066078879,18.94904498329143],[75.97012158288484,18.949223724777877],[75.97011792742612,18.94859117445196],[75.96983040976211,18.948140843140614],[75.97049414727677,18.94795663625281],[75.97096637801658,18.947502328767108],[75.97106395993431,18.94795365304994],[75.97068565230613,18.948226735021464],[75.97049519204609,18.948137364913972],[75.97021080760652,18.948229220211147],[75.9712612168204,18.949217758527787],[75.97107441429279,18.949760939195063],[75.97183260305727,18.94948586562278],[75.97173606416756,18.94921527052363],[75.97211280229389,18.948671093575097],[75.97163743352196,18.948583218181078],[75.97182946422566,18.948943679923023],[75.97154507927294,18.949035537287497],[75.97106918696535,18.94885729616718],[75.97087715796351,18.948496833557027],[75.97191658615161,18.947587717783453],[75.9729586214165,18.9471304179756],[75.97323514513874,18.945683094505792],[75.9739954086172,18.9457694700024],[75.97399750544496,18.946130927029415],[75.97447234367498,18.946128432408994],[75.97447444157217,18.946489889370604],[75.97504372379098,18.94639652993664],[75.9751413157753,18.946847851664177],[75.97533072687185,18.94675648854164],[75.97513816673006,18.946305666345268],[75.97542306987647,18.94630416795329],[75.97561615587058,18.94684535402436],[75.97609152125366,18.946933219360155],[75.97703804638839,18.946386032971215],[75.9768470594563,18.94620630525313],[75.97703489130133,18.94584384793279],[75.97646403575958,18.945666120777286],[75.97646298471277,18.945485392389674],[75.97684232783928,18.945393027621208],[75.97674315541204,18.944670614305593],[75.97702805564762,18.9446691135725],[75.97712617754786,18.945210798323657],[75.97741107866726,18.94520929696106],[75.97760364339206,18.94566011663153],[75.97788801894181,18.94556825034632],[75.97807953257465,18.945838341134813],[75.97836443467745,18.94583683825988],[75.97789170304331,18.9462007994119],[75.97798877609512,18.946561755168158],[75.97760680028266,18.94620230158838],[75.97713196228855,18.946204804243482],[75.97770492517708,18.946743985820792],[75.9774189693386,18.946564759436814],[75.97713459183542,18.946656625080383],[75.97808953473066,18.94755525977679],[75.97865776445492,18.947281160947256],[75.9783770728377,18.948005577358714],[75.97875800083784,18.948184300812834],[75.97876116190888,18.94872648543477],[75.97904396084832,18.948363524912107],[75.97951827742587,18.948270653002517],[75.9793304486133,18.948633112626286],[75.97933519315411,18.949446389368195],[75.97952513190239,18.9494453860306],[75.97970979689758,18.94854074177247],[75.97989973459991,18.948539738097278],[75.97990131699744,18.94881083030904],[75.98037880063401,18.949260140502346],[75.98056821127057,18.949168772058034],[75.98056451646382,18.948536223702437],[75.98094386372682,18.94844385036301],[75.98065790169252,18.948264629293448],[75.98094122366192,18.947992030129186],[75.98065367889886,18.94754171683255],[75.98036824641646,18.94745285928514],[75.98056029400709,18.947813311242406],[75.98018094790162,18.94790568374839],[75.98008228669354,18.94727363720496],[75.97979632756882,18.947094414652774],[75.97960691875737,18.94718578224197],[75.97961060967312,18.947818330871403],[75.97913471334265,18.94764011066152],[75.97894793819114,18.948183298130655],[75.97866197859244,18.948004073861394],[75.97894372277948,18.947460385292455],[75.97932306869772,18.947368015328305],[75.97941487394985,18.94682532914843],[75.97969925031238,18.946733460052297],[75.97988654900047,18.94628063601972],[75.9806473450675,18.946457348033952],[75.98007490168314,18.94600854000716],[75.9797905267632,18.946100409621884],[75.9797921087652,18.946371501913763],[75.97941118397964,18.9461927804142],[75.97978419902424,18.94501604037396],[75.98035347252264,18.944922664980428],[75.98035241733427,18.944741936789],[75.98101718407185,18.944738421448744],[75.98092538484423,18.94528110825701],[75.98130472460512,18.945188734488372],[75.98140127603429,18.94545932413123],[75.98234936046444,18.94518320382365],[75.98320617884067,18.945540130411356],[75.98367942588372,18.94526652028981],[75.9835823416326,18.94490556798198],[75.98424710837192,18.94490204103565],[75.98424922716312,18.94526349698516],[75.98396432653693,18.94526500885625],[75.98406141184589,18.945625960903694],[75.98425293516338,18.945896044862383],[75.98501320303045,18.945982374880668],[75.98482856900746,18.94688702324724],[75.9851150629782,18.947156601758746],[75.98549440419161,18.94706421934909],[75.98520525851465,18.94634282170762],[75.98558353695437,18.946069711310145],[75.98577453262823,18.946249429615868],[75.986248307901,18.946066176982256],[75.98624990032584,18.946337268748028],[75.98672314420114,18.946063651003833],[75.98738897773461,18.946240840374763],[75.98682182929817,18.94669569299455],[75.98654064338382,18.947329756270463],[75.98625520860436,18.94724090790915],[75.98615599443295,18.94651850165017],[75.98596605937487,18.946519511629855],[75.98616024067108,18.947241412992618],[75.98587480621617,18.94715256402887],[75.98578143008874,18.947424160687667],[75.98616289466774,18.9476932325526],[75.98588011272173,18.94805620321302],[75.98654648455718,18.948323759149215],[75.98635973311427,18.948866952995242],[75.98721710970716,18.949314223536298],[75.98702823419522,18.949495962485095],[75.98722029830034,18.949856406711373],[75.98674757611194,18.95022038993292],[75.98598781919141,18.950224431867266],[75.98608438135064,18.950495018453594],[75.98627325900293,18.95031328038829],[75.98674863851349,18.950401117669532],[75.98656772825895,18.951938314160053],[75.98580849426726,18.952032719587265],[75.98571087016916,18.951581405154627],[75.98533045805931,18.951493060631286],[75.9854280810811,18.95194437531723],[75.98476328669396,18.951947907758154],[75.98429108313825,18.952402249057272],[75.98457652594423,18.952491100043332],[75.98495375824785,18.952037262633393],[75.98514369960657,18.952036253408018],[75.98514582118709,18.952397708982033],[75.98571458500805,18.952213952322474],[75.98571989217652,18.953117591057683],[75.98552994962722,18.953118600928715],[75.98572148438573,18.95338868266081],[75.98600427509419,18.953025712024626],[75.98590664976325,18.95257439779275],[75.98647435099588,18.952209911099875],[75.98666854226244,18.952931811096217],[75.98638415991613,18.953023691125644],[75.98638575318971,18.95329478267713],[75.9866727922549,18.953654721827316],[75.98638947093346,18.953927329599285],[75.98686645496248,18.954286257564483],[75.98676776380161,18.953654216316952],[75.9875285995153,18.95383089811032],[75.98743788139538,18.954554314508794],[75.98772917994717,18.955637162126912],[75.98744373027964,18.955548316344352],[75.9868765518103,18.956003170104164],[75.98621227272254,18.95609707229391],[75.98573581548727,18.95582850672679],[75.98469111444803,18.95583405946296],[75.98383318003759,18.95529641485332],[75.98354985124676,18.955569018571552],[75.98374244541806,18.95601983008851],[75.98346335228776,18.95701534487841],[75.9837493324814,18.95719456064392],[75.98365647783866,18.95755652023396],[75.98412975699783,18.957282907811294],[75.9840331934855,18.957012320435773],[75.98450594030521,18.956648343265172],[75.98498186767621,18.956826548101947],[75.98479298158092,18.95700828512136],[75.98498505040784,18.957368731204248],[75.98526997148952,18.95736721683577],[75.98564508894513,18.956551922494064],[75.98583662807916,18.956822003822634],[75.98602604379514,18.9567306296226],[75.98602816784174,18.957092084917527],[75.98640699942702,18.95690933592784],[75.98640859308904,18.957180427363955],[75.98659854018504,18.957179416384545],[75.98669138823833,18.956817455602977],[75.9876427171093,18.95708348874199],[75.98764484468073,18.957444943846543],[75.98707659742504,18.95771907082404],[75.98707766063339,18.957899798396664],[75.98755146657084,18.95771654123028],[75.98755359402217,18.958077996320156],[75.98688983879326,18.95826226505924],[75.98698268669293,18.95790030417465],[75.98669776485347,18.957901821216716],[75.98650941086022,18.958173923733685],[75.98670201617121,18.958624731554323],[75.98727186227727,18.958621696908057],[75.98708297685592,18.95880343620617],[75.98718007808259,18.959164385442023],[75.9876560152222,18.959342582910697],[75.98794572858819,18.960154337978665],[75.98737800476086,18.960518829946597],[75.98709148343876,18.96024925651532],[75.98671158234097,18.96025127960465],[75.98670998791158,18.95998018828305],[75.9871827366228,18.959616204282394],[75.98680230545936,18.959527863717202],[75.98670573623237,18.959257278052778],[75.98585414962864,18.959804009719047],[75.98604622418237,18.960164454346646],[75.98642612515994,18.960162432630028],[75.98652269453747,18.960433018410992],[75.98766612304836,18.961059494105022],[75.98776482332576,18.96169153402574],[75.98738545092813,18.961783922382903],[75.98738704661228,18.962055013596437],[75.98767197544524,18.962053495175194],[75.9876730395566,18.962234222630872],[75.9870113951132,18.96277994742314],[75.98663148827556,18.962781970607836],[75.98624945617536,18.962422537965093],[75.98567959698376,18.962425570052257],[75.98634762084323,18.962964214999268],[75.98682303656342,18.96305205034345],[75.98673018602067,18.963414011095075],[75.98625583196296,18.96350690306864],[75.9862584886691,18.963958721823765],[75.98692598891373,18.96440700050875],[75.98702415723162,18.964948676918503],[75.98768847052679,18.964854770336018],[75.98769538868152,18.966029498373388],[75.9869339650807,18.965762456301025],[75.98693236979307,18.965491365158677],[75.98664743505685,18.965492882707217],[75.9864596045841,18.96585534906935],[75.98617466918886,18.965856865918894],[75.98617254376958,18.96549541098138],[75.98569818350155,18.96558830178744],[75.9861762632849,18.966127957112626],[75.98655617775309,18.966125934518175],[75.98684270877004,18.96639550819261],[75.98731653853008,18.9662122506914],[75.98712870880982,18.966574717675236],[75.98779356067703,18.96657117412617],[75.98770762974226,18.968107862992156],[75.98751500961126,18.967657057287834],[75.98561276446421,18.967215354424823],[75.98579953581421,18.966672161353742],[75.98627443048683,18.966669633884816],[75.98617785740807,18.966399048298314],[75.98570296348775,18.966401575485065],[75.98532039374247,18.96595177759469],[75.98465607438072,18.966045675931205],[75.98465766603935,18.966316767243683],[75.98503705034888,18.96622438398397],[75.98560851576813,18.966492444518693],[75.98522913123287,18.96658482895938],[75.9852344401168,18.967488466427575],[75.98495109410504,18.967761072764784],[75.98656521495477,18.967662117621266],[75.98675570563972,18.967751469642707],[75.98675889608019,18.968293651816214],[75.98742322273036,18.96819974561032],[75.98780473868874,18.968468811238402],[75.98780740031614,18.968920629540293],[75.9876179722267,18.96901200602389],[75.98780899732878,18.969191720510693],[75.98781272379718,18.969824266076966],[75.98733835252098,18.969917161554918],[75.98733622410366,18.969555706902746],[75.98686132141073,18.969558237463097],[75.98685866223606,18.969106419063],[75.98657372135163,18.969107936776194],[75.98638588705735,18.96947040311524],[75.98676899985728,18.970010561819798],[75.98648458908318,18.97010244314784],[75.9863917346594,18.970464403668934],[75.98591629789803,18.970376568229433],[75.98582450475429,18.970919255905002],[75.9852562096862,18.971193379111693],[75.98506359205888,18.970742570867625],[75.98477864823978,18.970744085945608],[75.9842108823399,18.97110856973413],[75.9835465418686,18.971202464992228],[75.9839275287612,18.971381174752747],[75.98430639435222,18.971198428770546],[75.98411961377973,18.971741620521957],[75.98336028881458,18.971836019840058],[75.98364682515827,18.97210559808589],[75.98365159696193,18.97291887171525],[75.98327272679516,18.973101616532478],[75.98327590694052,18.973643798962975],[75.98384580466589,18.973640772547093],[75.98450590904336,18.972823966157275],[75.98413605857685,18.974542895762063],[75.98385163859112,18.974634773415662],[75.98357039966524,18.97526883293299],[75.98243165220202,18.975455610299854],[75.98148498669134,18.976002829148577],[75.98110452033076,18.975914478580233],[75.98091719588163,18.976367303762537],[75.98120532362633,18.976907976771397],[75.98092195559528,18.977180577686042],[75.98139688073022,18.97717806137914],[75.98111298361012,18.977360298827804],[75.98111457056038,18.97763139009872],[75.98178052617662,18.977808593629568],[75.98187815859578,18.97825990866423],[75.98121378825213,18.97835379682025],[75.98102593273087,18.97871625835825],[75.9805504744693,18.97862841014907],[75.98084230758043,18.979801629691877],[75.98055734800047,18.97980313896936],[75.98036948955709,18.98016559992257],[75.9799895425654,18.98016761126208],[75.9800861148571,18.980438199772852],[75.97961223682621,18.980621440669648],[75.97942067829445,18.98035135436195],[75.97951302416772,18.979899033013545],[75.97894310442226,18.97990204705389],[75.97950879872407,18.979176122769054],[75.98007871590424,18.979173107098546],[75.97979164406323,18.978813160040104],[75.9801710594935,18.97872078547441],[75.9796945450581,18.97845220747974],[75.97959691832511,18.978000891043017],[75.97950827055708,18.979085758984468],[75.97912885387744,18.979178132241895],[75.97913096575616,18.979539587412415],[75.97856051950077,18.97945223641537],[75.9788470621255,18.97972182163174],[75.97885022914754,18.98026400439617],[75.97856579630492,18.98035587444208],[75.97876157605756,18.981348871990313],[75.9782913870206,18.982164656197597],[75.97781750200896,18.982347892774154],[75.97838848558816,18.982525609390663],[75.97810826888686,18.983340389169474],[75.97791934654599,18.983522120349615],[75.97715943673565,18.983526132876598],[75.97687183615407,18.983075817693905],[75.97640005335788,18.98362050611089],[75.97706550196304,18.983707361837286],[75.97697367478361,18.984250045976363],[75.9772586422319,18.98424854187494],[75.97745178382546,18.984789721623937],[75.9780227755244,18.98496743896623],[75.97783596113896,18.985510625192205],[75.97812093065775,18.98550911966749],[75.978121985883,18.98568984718572],[75.97831196575213,18.985688843248678],[75.97831038261143,18.985417751985395],[75.97907135698277,18.985594461818476],[75.97944973140898,18.98532136063722],[75.97944761815005,18.984959905726697],[75.97878057989811,18.98460196760597],[75.97848980652854,18.983609472677113],[75.97886923354005,18.983517100306052],[75.97886712174953,18.983155645262254],[75.97915208717492,18.983154138329965],[75.9793436487168,18.983424224710504],[75.97943599608155,18.982971903462758],[75.98000645473488,18.983059251169905],[75.98010408618529,18.98351056696574],[75.9799162229799,18.983873027547357],[75.98020277559678,18.984142610100378],[75.97972941587389,18.984416215416854],[75.9797310012207,18.98468730659407],[75.98011307314714,18.985046750174117],[75.98049250231442,18.984954374383467],[75.98077905775084,18.985223955888323],[75.98087775102238,18.98585599838786],[75.98116377939579,18.98603521550112],[75.98116642576633,18.9864870338518],[75.98021652258876,18.986492066437435],[75.98012258969685,18.986673296818616],[75.98088304224183,18.986759635161974],[75.98098067868396,18.987210950114488],[75.98060018678903,18.987122599749387],[75.98012840584367,18.987667297403],[75.97965450780598,18.987850539185047],[75.97955476070516,18.987037768601713],[75.97983867551582,18.98685553291581],[75.97964499516578,18.98622399251864],[75.97945924166658,18.986947907557315],[75.97898428856521,18.98695042013792],[75.9789832323343,18.98676969269098],[75.97841276132503,18.98668234240858],[75.97802752350985,18.985780712841482],[75.97774255352114,18.985782218243116],[75.97774677292651,18.986505128355162],[75.97746180168161,18.986506633379825],[75.97746391084131,18.98686808844515],[75.97660952193779,18.986962964767244],[75.97670082448815,18.986329917055805],[75.97641427332188,18.986060329058688],[75.97593984875478,18.986153197527592],[75.97584170013711,18.985611515407385],[75.97517729638474,18.9857053832863],[75.97489127453888,18.985526156602386],[75.97460998479063,18.98616020411875],[75.9751820307557,18.986518657789023],[75.97480259461902,18.986611022967807],[75.9749952055344,18.987061841548414],[75.97471075892592,18.987153706216308],[75.97480785329505,18.98751466131251],[75.97452603450893,18.988058344899695],[75.97471706897257,18.98823807218544],[75.97481837154041,18.98932193773334],[75.97453549843138,18.98968489373598],[75.974342885364,18.989234074882255],[75.97405948578782,18.98950666637058],[75.97395556072144,18.987970980982475],[75.97367006137893,18.987882116425705],[75.97367426371157,18.988605027253783],[75.97310116343392,18.98806584143737],[75.97301037151658,18.988789251773476],[75.97282038783042,18.988790250426753],[75.97281828846076,18.988428794935096],[75.97253226416434,18.988249564752344],[75.97234542856305,18.988792746207075],[75.97263092887977,18.988881612760867],[75.97263460219469,18.98951415986627],[75.97244566700543,18.989695885917055],[75.97102078111772,18.989703367061264],[75.97006876327609,18.989346892646957],[75.9689314700544,18.989804683536]]]},"id":"161"},{"type":"Feature","properties":{"id":"162","metrics:area":2000,"metrics:perimeter":194.4766094595442},"geometry":{"type":"Polygon","coordinates":[[[75.96145347028214,18.94475051185063],[75.96154636763906,18.94438856106711],[75.9621172052385,18.944566335072036],[75.96211824079117,18.94474706424727],[75.96145347028214,18.94475051185063]]]},"id":"162"},{"type":"Feature","properties":{"id":"163","metrics:area":1050,"metrics:perimeter":137.6782893563237},"geometry":{"type":"Polygon","coordinates":[[[75.9608831497606,18.94466310042329],[75.9606916643532,18.944392990546508],[75.96116649954133,18.944390530210754],[75.96116753406051,18.944571259440014],[75.9608831497606,18.94466310042329]]]},"id":"163"},{"type":"Feature","properties":{"id":"164","metrics:area":5200,"metrics:perimeter":341.5294643796591},"geometry":{"type":"Polygon","coordinates":[[[75.96791123484049,18.94471692002074],[75.96667562280044,18.94454263043541],[75.96667406213685,18.944271537030197],[75.96790863039904,18.944265097848124],[75.96791123484049,18.94471692002074]]]},"id":"164"},{"type":"Feature","properties":{"id":"165","metrics:area":2450,"metrics:perimeter":213.4764103408459},"geometry":{"type":"Polygon","coordinates":[[[75.9793062025191,18.944476363703703],[75.97920912809792,18.944115408630566],[75.97996938629403,18.944201759827898],[75.9798760018667,18.944473353955498],[75.9793062025191,18.944476363703703]]]},"id":"165"},{"type":"Feature","properties":{"id":"166","metrics:area":1950,"metrics:perimeter":210.50552263956635},"geometry":{"type":"Polygon","coordinates":[[[75.970949133092,18.94452030561478],[75.97104148707804,18.944067986627662],[75.97151631989297,18.94406549983601],[75.97151841118179,18.944426957196345],[75.9711380214961,18.94433858241873],[75.970949133092,18.94452030561478]]]},"id":"166"},{"type":"Feature","properties":{"id":"167","metrics:area":650,"metrics:perimeter":103.98345637668169},"geometry":{"type":"Polygon","coordinates":[[[75.98604775992999,18.94425990828577],[75.98604616801933,18.943988816442804],[75.9862361002104,18.94398780651076],[75.9863321278787,18.9441680293525],[75.98604775992999,18.94425990828577]]]},"id":"167"},{"type":"Feature","properties":{"id":"168","metrics:area":1900,"metrics:perimeter":180.2703444029738},"geometry":{"type":"Polygon","coordinates":[[[75.9705687434344,18.944431929666244],[75.9703767210127,18.944071466094275],[75.97075554254427,18.943888749393018],[75.97085364378974,18.944430438435713],[75.9705687434344,18.944431929666244]]]},"id":"168"},{"type":"Feature","properties":{"id":"169","metrics:area":3200,"metrics:perimeter":263.3053708622005},"geometry":{"type":"Polygon","coordinates":[[[75.96534608504561,18.944549555857808],[75.96553394061925,18.94418710909805],[75.96534244854504,18.9439170043181],[75.96581676199204,18.943824167638848],[75.96591536719583,18.944456224498573],[75.96534608504561,18.944549555857808]]]},"id":"169"},{"type":"Feature","properties":{"id":"170","metrics:area":2350,"metrics:perimeter":205.18728757819895},"geometry":{"type":"Polygon","coordinates":[[[75.96999842063448,18.944344546435282],[75.96980535573576,18.943803353431214],[75.97018469944392,18.94371100227282],[75.97028332088988,18.944343056087416],[75.96999842063448,18.944344546435282]]]},"id":"170"},{"type":"Feature","properties":{"id":"171","metrics:area":2150,"metrics:perimeter":189.26369610573494},"geometry":{"type":"Polygon","coordinates":[[[75.96050069646523,18.944213245072387],[75.96021424539957,18.943943626452125],[75.96030817864374,18.943762405450727],[75.96087901295702,18.94394018343144],[75.96088004714031,18.944120912684763],[75.96050069646523,18.944213245072387]]]},"id":"171"},{"type":"Feature","properties":{"id":"172","metrics:area":5900,"metrics:perimeter":403.81552315260393},"geometry":{"type":"Polygon","coordinates":[[[75.95964909246172,18.9447598576234],[75.95936057659182,18.944128779026848],[75.95954792859118,18.943675973098326],[75.95973941134204,18.943946084294243],[75.96002431178535,18.94394460973481],[75.95983696082986,18.94439741608823],[75.96040728005454,18.94448483079984],[75.96031334655368,18.94466605185068],[75.95964909246172,18.9447598576234]]]},"id":"172"},{"type":"Feature","properties":{"id":"173","metrics:area":900,"metrics:perimeter":123.59173603117449},"geometry":{"type":"Polygon","coordinates":[[[75.97094547549257,18.943887755124052],[75.97094390799441,18.9436166620432],[75.97132429594319,18.943705037303488],[75.97123037489281,18.943886263356017],[75.97094547549257,18.943887755124052]]]},"id":"173"},{"type":"Feature","properties":{"id":"174","metrics:area":5850,"metrics:perimeter":336.82947196029835},"geometry":{"type":"Polygon","coordinates":[[[75.95480627114713,18.944875221647955],[75.95451982761712,18.944605593896572],[75.954514177244,18.943611581156485],[75.95479907755632,18.943610114648155],[75.9550891175959,18.944512295502015],[75.95480627114713,18.944875221647955]]]},"id":"174"},{"type":"Feature","properties":{"id":"175","metrics:area":7950,"metrics:perimeter":451.33067563464317},"geometry":{"type":"Polygon","coordinates":[[[75.9512919603781,18.944802914430074],[75.95109844239674,18.944171334451735],[75.95138334394272,18.944169873148542],[75.9517596273698,18.943535369975475],[75.95213949458021,18.94353342018275],[75.95233147809675,18.943893904419124],[75.95185715531784,18.94398670694093],[75.95167183050752,18.944800965469792],[75.9512919603781,18.944802914430074]]]},"id":"175"},{"type":"Feature","properties":{"id":"176","metrics:area":5700,"metrics:perimeter":325.58718802183466},"geometry":{"type":"Polygon","coordinates":[[[75.98509915752868,18.944445683049448],[75.98490339455823,18.943452688055515],[75.98537769340606,18.943359801882114],[75.98557345902087,18.944352796262773],[75.98509915752868,18.944445683049448]]]},"id":"176"},{"type":"Feature","properties":{"id":"177","metrics:area":1600,"metrics:perimeter":160},"geometry":{"type":"Polygon","coordinates":[[[75.96695636073602,18.943818229472445],[75.96695427933851,18.94345677159889],[75.96733414467474,18.943454790695114],[75.96733622688961,18.943816248528073],[75.96695636073602,18.943818229472445]]]},"id":"177"},{"type":"Feature","properties":{"id":"178","metrics:area":500,"metrics:perimeter":92.36067977499789},"geometry":{"type":"Polygon","coordinates":[[[75.95641454152162,18.94378252566718],[75.95641299748932,18.943511431420525],[75.95660293081495,18.943510451857474],[75.95660396037124,18.9436911813461],[75.95641454152162,18.94378252566718]]]},"id":"178"},{"type":"Feature","properties":{"id":"179","metrics:area":3850,"metrics:perimeter":276.9006324255234},"geometry":{"type":"Polygon","coordinates":[[[75.96154533272293,18.944207831854442],[75.96144622666667,18.94348540730169],[75.96201602567764,18.94348245257088],[75.96220854764073,18.943933290244082],[75.96182868064693,18.94393526069842],[75.96154533272293,18.944207831854442]]]},"id":"179"},{"type":"Feature","properties":{"id":"180","metrics:area":1100,"metrics:perimeter":142.61297173761164},"geometry":{"type":"Polygon","coordinates":[[[75.98110581495352,18.943653550086154],[75.98119814096451,18.94320122725046],[75.98138807254229,18.943200222323085],[75.98139018497521,18.94356167864992],[75.98110581495352,18.943653550086154]]]},"id":"180"},{"type":"Feature","properties":{"id":"181","metrics:area":800,"metrics:perimeter":129.4427190999916},"geometry":{"type":"Polygon","coordinates":[[[75.95517945861194,18.94369852340463],[75.95479856375024,18.943519749855756],[75.95517740257614,18.943337064273347],[75.95517945861194,18.94369852340463]]]},"id":"181"},{"type":"Feature","properties":{"id":"182","metrics:area":34600,"metrics:perimeter":1236.935082146631},"geometry":{"type":"Polygon","coordinates":[[[75.973325921931,18.944959681833524],[75.97313336936986,18.94450885713532],[75.97247017201249,18.944783437109184],[75.97227762193091,18.944332611401943],[75.97294186506393,18.94423876077469],[75.97312865619385,18.943695578452793],[75.97360505945886,18.943964179228814],[75.97360348766064,18.943693086364902],[75.97398073215463,18.943239270412963],[75.97436059620534,18.943237275141],[75.97435954756709,18.94305654659254],[75.97531025612393,18.943232283558423],[75.97502955571224,18.943956695558505],[75.97559882901767,18.943863334794475],[75.97569589559808,18.94422429212306],[75.97446237931321,18.944411511646134],[75.97455524815167,18.944049555591196],[75.97436531522463,18.944050553564846],[75.97436688828459,18.94432164635672],[75.97379918474137,18.94468609626164],[75.97408565791642,18.9449556928457],[75.973325921931,18.944959681833524]]]},"id":"182"},{"type":"Feature","properties":{"id":"183","metrics:area":2000,"metrics:perimeter":184.72135954999578},"geometry":{"type":"Polygon","coordinates":[[[75.96970934561104,18.943623121216472],[75.96932948016165,18.94362510700164],[75.96932635045589,18.943082920556197],[75.96970725831133,18.943261663630448],[75.96970934561104,18.943623121216472]]]},"id":"183"},{"type":"Feature","properties":{"id":"184","metrics:area":1100,"metrics:perimeter":152.3606797749979},"geometry":{"type":"Polygon","coordinates":[[[75.96543377847526,18.943283958413044],[75.96543273944069,18.94310322938622],[75.96600253648448,18.94310026246631],[75.96590860986328,18.943281486075975],[75.96543377847526,18.943283958413044]]]},"id":"184"},{"type":"Feature","properties":{"id":"185","metrics:area":1200,"metrics:perimeter":140},"geometry":{"type":"Polygon","coordinates":[[[75.96068597751733,18.943398979583044],[75.96068390966498,18.94303752102408],[75.9609688084878,18.943036045081904],[75.96097087695317,18.943397503610612],[75.96068597751733,18.943398979583044]]]},"id":"185"},{"type":"Feature","properties":{"id":"186","metrics:area":1000,"metrics:perimeter":140},"geometry":{"type":"Polygon","coordinates":[[[75.9761638992168,18.943047058526766],[75.97616284864931,18.942866330071954],[75.97663767734133,18.942863830321624],[75.97663872841963,18.943044558750817],[75.9761638992168,18.943047058526766]]]},"id":"186"},{"type":"Feature","properties":{"id":"187","metrics:area":13850,"metrics:perimeter":620.5630453132607},"geometry":{"type":"Polygon","coordinates":[[[75.97208559605171,18.94397214975481],[75.97236840242985,18.943609198942706],[75.97160814929626,18.94352281627983],[75.971794421193,18.94288927075728],[75.97274460331376,18.942974656721205],[75.9728385222305,18.94279342998015],[75.97331335118768,18.942790938749066],[75.97341145980214,18.943332626161062],[75.97265277782385,18.943517340693937],[75.97256042844809,18.94396966030225],[75.97208559605171,18.94397214975481]]]},"id":"187"},{"type":"Feature","properties":{"id":"188","metrics:area":1400,"metrics:perimeter":194.4766094595442},"geometry":{"type":"Polygon","coordinates":[[[75.96828224464593,18.943178741725017],[75.96837512640995,18.94281678815281],[75.96894596478224,18.9429945410817],[75.96866106670142,18.942996029273456],[75.96866210920376,18.94317675812955],[75.96828224464593,18.943178741725017]]]},"id":"188"},{"type":"Feature","properties":{"id":"189","metrics:area":800,"metrics:perimeter":158.1379615571165},"geometry":{"type":"Polygon","coordinates":[[[75.95071294589309,18.94317926828657],[75.95071192270626,18.942998538476992],[75.95042548879294,18.942728903918542],[75.95090083238857,18.942816834974078],[75.95071294589309,18.94317926828657]]]},"id":"189"},{"type":"Feature","properties":{"id":"190","metrics:area":6300,"metrics:perimeter":416.7695847846789},"geometry":{"type":"Polygon","coordinates":[[[75.97863564336909,18.943485867209674],[75.97834811293262,18.94303554949538],[75.97825472639674,18.943307142929058],[75.97806479451947,18.94330814465336],[75.97796772353526,18.942947188734934],[75.97777831820235,18.943038554330446],[75.97796509230105,18.942495367830254],[75.97862985062201,18.942491861446488],[75.97863564336909,18.943485867209674]]]},"id":"190"},{"type":"Feature","properties":{"id":"191","metrics:area":1200,"metrics:perimeter":149.64724878581438},"geometry":{"type":"Polygon","coordinates":[[[75.96894492198523,18.942813812237283],[75.96884787070918,18.942452850635004],[75.96913172488694,18.94227063335239],[75.96913433232376,18.942722455458103],[75.96894492198523,18.942813812237283]]]},"id":"191"},{"type":"Feature","properties":{"id":"192","metrics:area":1000,"metrics:perimeter":135.95241580617238},"geometry":{"type":"Polygon","coordinates":[[[75.97160239813036,18.942528808434282],[75.97160082969283,18.942257715366736],[75.97198016878198,18.94216536072047],[75.97198121480675,18.942346089414457],[75.97160239813036,18.942528808434282]]]},"id":"192"},{"type":"Feature","properties":{"id":"193","metrics:area":2250,"metrics:perimeter":221.9657294083045},"geometry":{"type":"Polygon","coordinates":[[[75.96922877664126,18.942631594790566],[75.96932061293856,18.942088911989384],[75.96969995313529,18.94199656196682],[75.969703083854,18.942538748415533],[75.9694176649698,18.942449873322236],[75.96922877664126,18.942631594790566]]]},"id":"193"},{"type":"Feature","properties":{"id":"194","metrics:area":800,"metrics:perimeter":138.41619252963778},"geometry":{"type":"Polygon","coordinates":[[[75.95080484269545,18.942636592031537],[75.95080330781853,18.942365497307247],[75.95099170500214,18.94209342882785],[75.95108769455246,18.942273671688866],[75.95080484269545,18.942636592031537]]]},"id":"194"},{"type":"Feature","properties":{"id":"195","metrics:area":950,"metrics:perimeter":128.7048159266775},"geometry":{"type":"Polygon","coordinates":[[[75.97293087036,18.94234111023939],[75.9729292997949,18.94207001727361],[75.97321367227427,18.941978158280175],[75.97330968504318,18.942158388585824],[75.97293087036,18.94234111023939]]]},"id":"195"},{"type":"Feature","properties":{"id":"196","metrics:area":3300,"metrics:perimeter":306.0555127546399},"geometry":{"type":"Polygon","coordinates":[[[75.97691836910083,18.942139416197104],[75.97729665273421,18.941866322402504],[75.97824630406701,18.941861316135792],[75.97805795264647,18.94213341033454],[75.97691836910083,18.942139416197104]]]},"id":"196"},{"type":"Feature","properties":{"id":"197","metrics:area":10000,"metrics:perimeter":667.1674173046836},"geometry":{"type":"Polygon","coordinates":[[[75.9740730773647,18.942786950251694],[75.97407150491613,18.942515857391264],[75.97473573959108,18.942422000687106],[75.97473469059773,18.94224127214302],[75.97454423533584,18.94215190593034],[75.97416594632698,18.94242499433198],[75.97388000158085,18.942245761908122],[75.97350066354944,18.942338120401207],[75.97349856824266,18.941976663172994],[75.9737824162423,18.94179443902422],[75.97416332539827,18.94197317288836],[75.97482755787382,18.941879315948523],[75.975117175833,18.94269109673046],[75.9740730773647,18.942786950251694]]]},"id":"197"},{"type":"Feature","properties":{"id":"198","metrics:area":600,"metrics:perimeter":103.24555320336759},"geometry":{"type":"Polygon","coordinates":[[[75.96732633678964,18.94209932369422],[75.96732529578847,18.94191859474558],[75.96760967150509,18.941826744218744],[75.96761071280682,18.942007473153936],[75.96732633678964,18.94209932369422]]]},"id":"198"},{"type":"Feature","properties":{"id":"199","metrics:area":23850,"metrics:perimeter":868.31778742578},"geometry":{"type":"Polygon","coordinates":[[[75.95802794592781,18.943593463643733],[75.95793091730921,18.94323249533749],[75.95830768908553,18.942688344703885],[75.95820859809125,18.941965917649174],[75.95839698249384,18.941693842182392],[75.95868136338976,18.941602005145036],[75.95953811819004,18.941959044292613],[75.95991643144299,18.9416859847054],[75.96010894557942,18.942136824984892],[75.9597295988328,18.9422291556351],[75.95944366874718,18.94204990024714],[75.95925631806205,18.942502706080788],[75.95963928042225,18.943042929069136],[75.95945038038671,18.94322464106488],[75.95878458350552,18.943047349458386],[75.95802794592781,18.943593463643733]]]},"id":"199"},{"type":"Feature","properties":{"id":"200","metrics:area":800,"metrics:perimeter":115.60623297836548},"geometry":{"type":"Polygon","coordinates":[[[75.96020184469681,18.941774874710266],[75.96029526015114,18.94150328906012],[75.96058067326179,18.94159217848854],[75.9604867414182,18.94177339960304],[75.96020184469681,18.941774874710266]]]},"id":"200"},{"type":"Feature","properties":{"id":"201","metrics:area":38200,"metrics:perimeter":1221.2112703108207},"geometry":{"type":"Polygon","coordinates":[[[75.98281784782837,18.94409631957395],[75.98186607163417,18.943739893561634],[75.98176740735683,18.94310784781139],[75.98129205065857,18.943019996637148],[75.98138543206852,18.94274840189443],[75.98090796525679,18.942299093268602],[75.98185603303799,18.94202297616042],[75.98280145341681,18.94129503403126],[75.9833712413724,18.941292014032687],[75.98346885187384,18.94174333074611],[75.98299614303768,18.942107304049415],[75.9825207887126,18.942019455916597],[75.98233297285522,18.942381918213847],[75.98252448951986,18.942652004344108],[75.98233667303128,18.943014466652418],[75.98262262750572,18.943193685555787],[75.98357228482507,18.943188651683222],[75.98366830920295,18.943368876070096],[75.98338341174116,18.943370386903567],[75.98338605768357,18.943822207030333],[75.98281784782837,18.94409631957395]]]},"id":"201"},{"type":"Feature","properties":{"id":"202","metrics:area":30900,"metrics:perimeter":1192.7796393135977},"geometry":{"type":"Polygon","coordinates":[[[75.9638177952631,18.943021261598325],[75.96362630728449,18.942751154831118],[75.96267612877381,18.94266572188027],[75.9624836071989,18.942214884623073],[75.96181988187821,18.942399062329706],[75.96191329497356,18.94212747598294],[75.96257805500964,18.942124027190548],[75.96257701911648,18.94194329798876],[75.96219663892713,18.941854904386382],[75.96248101772875,18.941763061603748],[75.96238346307817,18.94131173132121],[75.96257339358294,18.94131074575437],[75.96267146672875,18.941852440515046],[75.9634285990932,18.941396672882508],[75.96371349490222,18.941395192847793],[75.96390550001482,18.94175566419489],[75.96409543093631,18.941754677047406],[75.96399942807501,18.941574441512333],[75.9640933559397,18.941393218787713],[75.96419091520023,18.941844547960915],[75.96466366645888,18.94148062079052],[75.96466729989976,18.942113172623095],[75.96438447865684,18.94247611237744],[75.96457700557289,18.942926947408957],[75.9638177952631,18.943021261598325]]]},"id":"202"},{"type":"Feature","properties":{"id":"203","metrics:area":3000,"metrics:perimeter":228.8245611270737},"geometry":{"type":"Polygon","coordinates":[[[75.96580532837578,18.94183614848811],[75.96523449685151,18.94165838554639],[75.96532790398632,18.941386797721595],[75.96589665580298,18.94120310234313],[75.96580532837578,18.94183614848811]]]},"id":"203"},{"type":"Feature","properties":{"id":"204","metrics:area":1100,"metrics:perimeter":148.57300762134082},"geometry":{"type":"Polygon","coordinates":[[[75.97425566958455,18.941520852628674],[75.97425462116146,18.941340124041158],[75.97472839688741,18.94115690080343],[75.9745405646887,18.94151935595584],[75.97425566958455,18.941520852628674]]]},"id":"204"},{"type":"Feature","properties":{"id":"205","metrics:area":1100,"metrics:perimeter":152.3606797749979},"geometry":{"type":"Polygon","coordinates":[[[75.95839543544496,18.941422748032362],[75.95839440409367,18.94124201859454],[75.95896419600504,18.941239073574305],[75.95887026255588,18.941420293945193],[75.95839543544496,18.941422748032362]]]},"id":"205"},{"type":"Feature","properties":{"id":"206","metrics:area":13100,"metrics:perimeter":560.6399694875965},"geometry":{"type":"Polygon","coordinates":[[[75.98024215324043,18.942121879533946],[75.98014349628748,18.941489832492202],[75.98090110389015,18.941124359824155],[75.98194571459538,18.941118832572965],[75.98175789837782,18.941481294333006],[75.98128254633066,18.941393442910925],[75.98147564447368,18.941934622566002],[75.98024215324043,18.942121879533946]]]},"id":"206"},{"type":"Feature","properties":{"id":"207","metrics:area":1300,"metrics:perimeter":166.37661015596018},"geometry":{"type":"Polygon","coordinates":[[[75.96741922015525,18.94173737049412],[75.96732113190191,18.941195678915303],[75.96751054142358,18.941104323820927],[75.96760863021515,18.94164601527997],[75.96741922015525,18.94173737049412]]]},"id":"207"},{"type":"Feature","properties":{"id":"208","metrics:area":900,"metrics:perimeter":123.24555320336759},"geometry":{"type":"Polygon","coordinates":[[[75.97596398954589,18.941331137534593],[75.97605737890413,18.941059545080325],[75.97634227307248,18.94105804567544],[75.97624888418285,18.941329638252466],[75.97596398954589,18.941331137534593]]]},"id":"208"},{"type":"Feature","properties":{"id":"209","metrics:area":1200,"metrics:perimeter":160},"geometry":{"type":"Polygon","coordinates":[[[75.9800469494544,18.94121924188591],[75.98004589481782,18.941038513605776],[75.9806156823753,18.941035502110548],[75.9806167376248,18.94121623035982],[75.9800469494544,18.94121924188591]]]},"id":"209"},{"type":"Feature","properties":{"id":"210","metrics:area":1300,"metrics:perimeter":154.97365151260954},"geometry":{"type":"Polygon","coordinates":[[[75.95526208867523,18.94152927933247],[75.95516455340918,18.94107794437913],[75.95544893528744,18.94098611226062],[75.9555449288197,18.94116635265351],[75.95526208867523,18.94152927933247]]]},"id":"210"},{"type":"Feature","properties":{"id":"211","metrics:area":600,"metrics:perimeter":104.7213595499958},"geometry":{"type":"Polygon","coordinates":[[[75.97786065590874,18.940869313059807],[75.97795456811035,18.94068808398815],[75.97823946148687,18.940686581697854],[75.97814554960065,18.94086781089992],[75.97786065590874,18.940869313059807]]]},"id":"211"},{"type":"Feature","properties":{"id":"212","metrics:area":900,"metrics:perimeter":150.8276253029822},"geometry":{"type":"Polygon","coordinates":[[[75.980994485041,18.940852765242738],[75.98099342940684,18.94067203700689],[75.98156374368097,18.940759386760185],[75.981564271806,18.940849750862213],[75.980994485041,18.940852765242738]]]},"id":"212"},{"type":"Feature","properties":{"id":"213","metrics:area":2900,"metrics:perimeter":250.4987562112089},"geometry":{"type":"Polygon","coordinates":[[[75.97653220250314,18.94105704582916],[75.97681499433575,18.940694088775132],[75.97747974575647,18.940690586833266],[75.97748132354283,18.940961679470842],[75.97653220250314,18.94105704582916]]]},"id":"213"},{"type":"Feature","properties":{"id":"214","metrics:area":4350,"metrics:perimeter":415.5208111509269},"geometry":{"type":"Polygon","coordinates":[[[75.97226087996634,18.94144095274317],[75.97216486874464,18.941260721812007],[75.97254368195954,18.941078001774045],[75.97235270592876,18.940898268839035],[75.9730153649482,18.940533325515204],[75.9731119001828,18.940803920328833],[75.97282700617079,18.940805414753193],[75.97263864679532,18.941077503819347],[75.97301902964587,18.941165875844618],[75.97302007672907,18.94134660450213],[75.97226087996634,18.94144095274317]]]},"id":"214"},{"type":"Feature","properties":{"id":"215","metrics:area":1950,"metrics:perimeter":185.0744571542297},"geometry":{"type":"Polygon","coordinates":[[[75.95763416611874,18.94115557782597],[75.95744269004966,18.940885464086346],[75.95782048924048,18.940522043957365],[75.95791854659159,18.941063741974915],[75.95763416611874,18.94115557782597]]]},"id":"215"},{"type":"Feature","properties":{"id":"216","metrics:area":1250,"metrics:perimeter":142.8538328578604},"geometry":{"type":"Polygon","coordinates":[[[75.95525849077538,18.94089672571089],[75.9549730812833,18.940807827908703],[75.95497153983838,18.940536733460828],[75.95535139991037,18.940534777387725],[75.95525849077538,18.94089672571089]]]},"id":"216"},{"type":"Feature","properties":{"id":"217","metrics:area":750,"metrics:perimeter":117.67828935632369},"geometry":{"type":"Polygon","coordinates":[[[75.97197180101102,18.940719531039974],[75.97206519663456,18.940447940304203],[75.9723500901049,18.94044644707692],[75.9721617303066,18.940718535685622],[75.97197180101102,18.940719531039974]]]},"id":"217"},{"type":"Feature","properties":{"id":"218","metrics:area":5100,"metrics:perimeter":433.8362190264992},"geometry":{"type":"Polygon","coordinates":[[[75.96399683462141,18.94112261866391],[75.96390083225806,18.940942383044966],[75.96352149064215,18.94103472125154],[75.96351941696553,18.94067326290259],[75.96399527858456,18.940851524944136],[75.96399320390994,18.940490066638603],[75.96418313339538,18.940489079464726],[75.96418468970339,18.940760173180035],[75.96427861695116,18.94057895037502],[75.96475344085394,18.94057648133412],[75.96466055219578,18.940938433470627],[75.96399683462141,18.94112261866391]]]},"id":"218"},{"type":"Feature","properties":{"id":"219","metrics:area":3950,"metrics:perimeter":332.1502420460237},"geometry":{"type":"Polygon","coordinates":[[[75.98223166535325,18.941298052280104],[75.98194518625708,18.941028468483918],[75.98241842316659,18.94075486193192],[75.98222690898331,18.94048477553218],[75.98251074440499,18.94030253853549],[75.98270120135278,18.94039189648762],[75.98251338753889,18.940754358930217],[75.98261099537244,18.9412056762394],[75.98223166535325,18.941298052280104]]]},"id":"219"},{"type":"Feature","properties":{"id":"220","metrics:area":5700,"metrics:perimeter":422.0385617575346},"geometry":{"type":"Polygon","coordinates":[[[75.9855543669667,18.941099693182906],[75.98469756727377,18.940742776476753],[75.9846965076618,18.94056204844024],[75.98526576269748,18.94046865872917],[75.98526417239175,18.94019756671153],[75.98497875050366,18.940108715737292],[75.98507265445889,18.93992748341307],[75.98574217441137,18.940737227953893],[75.9855543669667,18.941099693182906]]]},"id":"220"},{"type":"Feature","properties":{"id":"221","metrics:area":500,"metrics:perimeter":89.44271909999159},"geometry":{"type":"Polygon","coordinates":[[[75.98127515474641,18.94012834536815],[75.98117913490212,18.939948119480167],[75.98136853480939,18.939856750622038],[75.98146455479491,18.940036976406883],[75.98127515474641,18.94012834536815]]]},"id":"221"},{"type":"Feature","properties":{"id":"222","metrics:area":1650,"metrics:perimeter":223.10122064520763},"geometry":{"type":"Polygon","coordinates":[[[75.98165553908655,18.940216699580414],[75.98165289834085,18.939764879042947],[75.98184441075166,18.940034966134935],[75.98231870212354,18.93994208811204],[75.98213035950577,18.940214186107227],[75.98165553908655,18.940216699580414]]]},"id":"222"},{"type":"Feature","properties":{"id":"223","metrics:area":6150,"metrics:perimeter":501.7366123647179},"geometry":{"type":"Polygon","coordinates":[[[75.9628562170363,18.940947808630586],[75.96275866196783,18.940496478530058],[75.96209390840868,18.94049992768481],[75.96228228479465,18.94022784858007],[75.96199739084541,18.94022932632911],[75.96190087361205,18.939958724901626],[75.96256510718963,18.93986491191145],[75.9626616254151,18.940135512950913],[75.96247273191769,18.940317227791866],[75.96304252000809,18.94031427038316],[75.96314059391574,18.940855964911762],[75.9628562170363,18.940947808630586]]]},"id":"223"},{"type":"Feature","properties":{"id":"224","metrics:area":1400,"metrics:perimeter":165.91032963050384},"geometry":{"type":"Polygon","coordinates":[[[75.9576284984226,18.940161565623136],[75.95772140206189,18.93979961632735],[75.95819725573175,18.939977893644],[75.95819777126285,18.940068258380876],[75.9576284984226,18.940161565623136]]]},"id":"224"},{"type":"Feature","properties":{"id":"225","metrics:area":1200,"metrics:perimeter":196.2258114559346},"geometry":{"type":"Polygon","coordinates":[[[75.95914690176677,18.93997298562904],[75.95829273593058,18.94006776779558],[75.95857608271886,18.9397952015649],[75.95914690176677,18.93997298562904]]]},"id":"225"},{"type":"Feature","properties":{"id":"226","metrics:area":1200,"metrics:perimeter":143.2455532033676},"geometry":{"type":"Polygon","coordinates":[[[75.97035374693662,18.940095432842295],[75.97035165866853,18.93973397518818],[75.97063602886034,18.93964212023839],[75.97063811772946,18.94000357786552],[75.97035374693662,18.940095432842295]]]},"id":"226"},{"type":"Feature","properties":{"id":"227","metrics:area":800,"metrics:perimeter":149.64724878581438},"geometry":{"type":"Polygon","coordinates":[[[75.96930913897774,18.940100894531497],[75.96921313168588,18.939920661870765],[75.96921052445211,18.939468839639304],[75.96940201712725,18.939738940501414],[75.96930913897774,18.940100894531497]]]},"id":"227"},{"type":"Feature","properties":{"id":"228","metrics:area":2100,"metrics:perimeter":197.08203932499367},"geometry":{"type":"Polygon","coordinates":[[[75.96569997098128,18.940029352400757],[75.96512862653489,18.939761224268185],[75.96512758803657,18.939580495156505],[75.96569737318116,18.939577529704227],[75.96569997098128,18.940029352400757]]]},"id":"228"},{"type":"Feature","properties":{"id":"229","metrics:area":1850,"metrics:perimeter":210.99019513592785},"geometry":{"type":"Polygon","coordinates":[[[75.98602282310786,18.940012801821773],[75.9859252070484,18.939561486635355],[75.98620797550687,18.93919851623287],[75.98621275080401,18.940011792117385],[75.98602282310786,18.940012801821773]]]},"id":"229"},{"type":"Feature","properties":{"id":"230","metrics:area":3550,"metrics:perimeter":234.58324124593398},"geometry":{"type":"Polygon","coordinates":[[[75.9630399293141,18.939862447345835],[75.96256303570881,18.939503453415],[75.96294082034613,18.939140023429797],[75.96322623058019,18.939228908924996],[75.96322933991121,18.939771096574294],[75.9630399293141,18.939862447345835]]]},"id":"230"},{"type":"Feature","properties":{"id":"231","metrics:area":800,"metrics:perimeter":115.60623297836548},"geometry":{"type":"Polygon","coordinates":[[[75.94993225645548,18.939478198553278],[75.9500256876725,18.939206617335927],[75.95031109215186,18.939295523000986],[75.95021715013739,18.939476739389],[75.94993225645548,18.939478198553278]]]},"id":"231"},{"type":"Feature","properties":{"id":"232","metrics:area":4350,"metrics:perimeter":283.9834563766817},"geometry":{"type":"Polygon","coordinates":[[[75.96778710514766,18.939657005895768],[75.96750013054981,18.9392970340788],[75.96731072301206,18.939388389089526],[75.96759353283858,18.939025445266363],[75.96797338808098,18.93902346349913],[75.96826036316088,18.939383434569887],[75.96816696179644,18.939655023668646],[75.96778710514766,18.939657005895768]]]},"id":"232"},{"type":"Feature","properties":{"id":"233","metrics:area":3450,"metrics:perimeter":252.65194086893322},"geometry":{"type":"Polygon","coordinates":[[[75.98345562336074,18.939484229439515],[75.98326252215196,18.938943051866495],[75.98373680950459,18.938850170381357],[75.98373839722373,18.939121262563177],[75.98402434624857,18.9393004796116],[75.98393044145217,18.939481711452483],[75.98345562336074,18.939484229439515]]]},"id":"233"},{"type":"Feature","properties":{"id":"234","metrics:area":1800,"metrics:perimeter":181.6552506059644},"geometry":{"type":"Polygon","coordinates":[[[75.98259989332638,18.939308030579387],[75.98250175831036,18.938766349026324],[75.98278664803856,18.93876483989973],[75.98288478396482,18.939306521260598],[75.98259989332638,18.939308030579387]]]},"id":"234"},{"type":"Feature","properties":{"id":"235","metrics:area":950,"metrics:perimeter":131.1381041053223},"geometry":{"type":"Polygon","coordinates":[[[75.96939888787824,18.939196753840786],[75.96939732329368,18.93892566049841],[75.96958620746047,18.938743938981137],[75.96968325776805,18.939104900363965],[75.96939888787824,18.939196753840786]]]},"id":"235"},{"type":"Feature","properties":{"id":"236","metrics:area":500,"metrics:perimeter":123.85164807134504},"geometry":{"type":"Polygon","coordinates":[[[75.98430658900634,18.938847147884765],[75.98383071419585,18.938668938632894],[75.9843055299291,18.93866641979006],[75.98430658900634,18.938847147884765]]]},"id":"236"},{"type":"Feature","properties":{"id":"237","metrics:area":4400,"metrics:perimeter":298.8840561167142},"geometry":{"type":"Polygon","coordinates":[[[75.96446231967992,18.939493588064632],[75.96446076303586,18.939222494334576],[75.96417587097483,18.939223975353663],[75.96417483353325,18.93904324618065],[75.9646475772403,18.93867931929168],[75.96502743203125,18.938677343591138],[75.9650289895416,18.93894843729171],[75.96446231967992,18.939493588064632]]]},"id":"237"},{"type":"Feature","properties":{"id":"238","metrics:area":21350,"metrics:perimeter":840.8856203604473},"geometry":{"type":"Polygon","coordinates":[[[75.97595663804626,18.94006603796652],[75.97566859598295,18.939525351074842],[75.97566492164961,18.93889280113386],[75.9759508622775,18.939072031040205],[75.9759487620873,18.938710573949283],[75.97651906779723,18.938797939651927],[75.97689734486316,18.938524846884327],[75.97699441054549,18.938885803750985],[75.97661455663481,18.938887803975184],[75.97661560745085,18.939068532483],[75.97671162196522,18.939248760993838],[75.97737636768665,18.939245259679264],[75.97757050252554,18.939967172642458],[75.97700124371846,18.940060538854652],[75.97690470280378,18.939789946306398],[75.97690627958136,18.940061039016914],[75.97633649469606,18.94006403896989],[75.97624048006506,18.9398838102833],[75.97595663804626,18.94006603796652]]]},"id":"238"},{"type":"Feature","properties":{"id":"239","metrics:area":2000,"metrics:perimeter":189.29971408438084},"geometry":{"type":"Polygon","coordinates":[[[75.9698726635837,18.939013542999398],[75.96987109825082,18.938742449689826],[75.97034435010332,18.93846887328624],[75.97034696023856,18.938920695414176],[75.9698726635837,18.939013542999398]]]},"id":"239"},{"type":"Feature","properties":{"id":"240","metrics:area":2550,"metrics:perimeter":330.67742664243394},"geometry":{"type":"Polygon","coordinates":[[[75.98259619293822,18.938675481938485],[75.982689570141,18.93840388661852],[75.98259513571143,18.93849475374733],[75.98202482880883,18.938407406821213],[75.98278347576341,18.938222655351833],[75.98288002497101,18.938493244498144],[75.98316491420361,18.9384917348116],[75.9831659720432,18.93867246297182],[75.98259619293822,18.938675481938485]]]},"id":"240"},{"type":"Feature","properties":{"id":"241","metrics:area":3000,"metrics:perimeter":224.85978045196399},"geometry":{"type":"Polygon","coordinates":[[[75.97936744263951,18.938692556370633],[75.97870164646253,18.938515336319167],[75.97879450342792,18.938153378472467],[75.97936480827654,18.938240735448545],[75.97936744263951,18.938692556370633]]]},"id":"241"},{"type":"Feature","properties":{"id":"242","metrics:area":600,"metrics:perimeter":100},"geometry":{"type":"Polygon","coordinates":[[[75.95154051060591,18.938385545091535],[75.95153948680736,18.938204815232247],[75.95182437819632,18.93820335369421],[75.95182540230127,18.938384083538516],[75.95154051060591,18.938385545091535]]]},"id":"242"},{"type":"Feature","properties":{"id":"243","metrics:area":600,"metrics:perimeter":108.2842712474619},"geometry":{"type":"Polygon","coordinates":[[[75.97176880113517,18.938461416738857],[75.97157782900831,18.938281682785735],[75.97157678365905,18.93810095399097],[75.97176671001621,18.938099959173286],[75.97176880113517,18.938461416738857]]]},"id":"243"},{"type":"Feature","properties":{"id":"244","metrics:area":1700,"metrics:perimeter":175.54898485297798},"geometry":{"type":"Polygon","coordinates":[[[75.97955526131852,18.938330096832036],[75.97955368042125,18.938059004286163],[75.9801229306902,18.937965630589666],[75.97993511363339,18.938328090643463],[75.97955526131852,18.938330096832036]]]},"id":"244"},{"type":"Feature","properties":{"id":"245","metrics:area":2100,"metrics:perimeter":194.0731785063498},"geometry":{"type":"Polygon","coordinates":[[[75.98050436453651,18.938234715747374],[75.9805017271843,18.937782894957195],[75.98107255916547,18.937960610847522],[75.98107361472213,18.93814133913182],[75.98050436453651,18.938234715747374]]]},"id":"245"},{"type":"Feature","properties":{"id":"246","metrics:area":2000,"metrics:perimeter":191.50140065915036},"geometry":{"type":"Polygon","coordinates":[[[75.95306095812339,18.93855847486377],[75.95296291817166,18.938016773380447],[75.95315233271847,18.93792543273215],[75.95344030100601,18.938466158021555],[75.95306095812339,18.93855847486377]]]},"id":"246"},{"type":"Feature","properties":{"id":"247","metrics:area":850,"metrics:perimeter":146.30204997601103},"geometry":{"type":"Polygon","coordinates":[[[75.96730291711953,18.938032921485753],[75.96673261742193,18.937945527107168],[75.96720639290882,18.93776232307988],[75.96730291711953,18.938032921485753]]]},"id":"247"},{"type":"Feature","properties":{"id":"248","metrics:area":7900,"metrics:perimeter":473.53105955606026},"geometry":{"type":"Polygon","coordinates":[[[75.95619476716705,18.93854234790034],[75.95533855044884,18.93827565692688],[75.9553370086359,18.938004562434084],[75.95581182651024,18.9380021166001],[75.95609465985594,18.937639189260562],[75.95685436659903,18.93763527231318],[75.95676094734233,18.937906856492333],[75.95619168075721,18.93800015905818],[75.95638212235968,18.938089544799887],[75.95619476716705,18.93854234790034]]]},"id":"248"},{"type":"Feature","properties":{"id":"249","metrics:area":500,"metrics:perimeter":105.5708402582784},"geometry":{"type":"Polygon","coordinates":[[[75.98202113077534,18.93777485800954],[75.98183014901862,18.93759513505806],[75.98220947103736,18.937502760170585],[75.98202113077534,18.93777485800954]]]},"id":"249"},{"type":"Feature","properties":{"id":"250","metrics:area":10800,"metrics:perimeter":416.00368993398956},"geometry":{"type":"Polygon","coordinates":[[[75.96929923080006,18.938383970015426],[75.96929453782543,18.937570689868974],[75.97005371946523,18.937476354439568],[75.97052957796998,18.93765459987096],[75.97053271059407,18.938196786439477],[75.96929923080006,18.938383970015426]]]},"id":"250"},{"type":"Feature","properties":{"id":"251","metrics:area":1950,"metrics:perimeter":180.89735596191278},"geometry":{"type":"Polygon","coordinates":[[[75.97290522114284,18.937913257458263],[75.97280764149255,18.937461933623727],[75.9731874926109,18.937459941338492],[75.97337898902909,18.93773003796847],[75.97290522114284,18.937913257458263]]]},"id":"251"},{"type":"Feature","properties":{"id":"252","metrics:area":1000,"metrics:perimeter":173.00563079745768},"geometry":{"type":"Polygon","coordinates":[[[75.95115963158145,18.938206763269264],[75.9511575848363,18.93784530350005],[75.95134546493925,18.937482869835158],[75.95134853561756,18.93802505947511],[75.95115963158145,18.938206763269264]]]},"id":"252"},{"type":"Feature","properties":{"id":"253","metrics:area":750,"metrics:perimeter":177.82748437046993},"geometry":{"type":"Polygon","coordinates":[[[75.95163342671752,18.938023598243632],[75.95153590360393,18.937572260696616],[75.9517253185078,18.937480921489243],[75.95163240284008,18.937842868382198],[75.95191780569796,18.93793177165201],[75.95163342671752,18.938023598243632]]]},"id":"253"},{"type":"Feature","properties":{"id":"254","metrics:area":2950,"metrics:perimeter":294.3994021646046},"geometry":{"type":"Polygon","coordinates":[[[75.98363496710361,18.93767594104633],[75.98249541570644,18.93768197980556],[75.98258932117855,18.937500748632083],[75.9837283421255,18.93740434527583],[75.98363496710361,18.93767594104633]]]},"id":"254"},{"type":"Feature","properties":{"id":"255","metrics:area":1350,"metrics:perimeter":151.6227766016838},"geometry":{"type":"Polygon","coordinates":[[[75.98059510740256,18.93751130053531],[75.98059352490087,18.93724020805016],[75.98106833705852,18.937237697674572],[75.98097495774743,18.937509292301154],[75.98059510740256,18.93751130053531]]]},"id":"255"},{"type":"Feature","properties":{"id":"256","metrics:area":1100,"metrics:perimeter":137.0820393249937},"geometry":{"type":"Polygon","coordinates":[[[75.98391879629477,18.937493702124574],[75.98391667914956,18.93713224583668],[75.9842975872328,18.937310958965856],[75.98420368374315,18.93749219091956],[75.98391879629477,18.937493702124574]]]},"id":"256"},{"type":"Feature","properties":{"id":"257","metrics:area":10050,"metrics:perimeter":511.9915630204573},"geometry":{"type":"Polygon","coordinates":[[[75.95201789090758,18.938834933497027],[75.95220577011554,18.938472499031626],[75.95201533008367,18.93838310892686],[75.95201174505218,18.93775055449112],[75.95229356194153,18.93720690275541],[75.9525805013034,18.93756689977788],[75.95286539152404,18.937565436688644],[75.95286795451526,18.93801726118655],[75.95248861226327,18.93810957683189],[75.95267905220629,18.938198966455875],[75.9524921991635,18.938742131155205],[75.95201789090758,18.938834933497027]]]},"id":"257"},{"type":"Feature","properties":{"id":"258","metrics:area":5300,"metrics:perimeter":347.36053241647153},"geometry":{"type":"Polygon","coordinates":[[[75.96578246542282,18.937860108889804],[75.96568334633366,18.937137686757197],[75.96682393993609,18.937312480493837],[75.96635016522882,18.937495683515046],[75.96625728142928,18.937857636340834],[75.96578246542282,18.937860108889804]]]},"id":"258"},{"type":"Feature","properties":{"id":"259","metrics:area":1900,"metrics:perimeter":193.4166020071207},"geometry":{"type":"Polygon","coordinates":[[[75.98173413017712,18.93741490937042],[75.98201690463115,18.937051945028294],[75.98249224456636,18.937139795146937],[75.98220894266572,18.93741239605352],[75.98173413017712,18.93741490937042]]]},"id":"259"},{"type":"Feature","properties":{"id":"260","metrics:area":4200,"metrics:perimeter":272.96691543848425},"geometry":{"type":"Polygon","coordinates":[[[75.97347342826886,18.937639175319564],[75.97299652022981,18.93728020884397],[75.97299547341385,18.93709948010607],[75.97337480008362,18.937007123112863],[75.97404163347632,18.93736509151537],[75.97347342826886,18.937639175319564]]]},"id":"260"},{"type":"Feature","properties":{"id":"261","metrics:area":5800,"metrics:perimeter":585.5272711883134},"geometry":{"type":"Polygon","coordinates":[[[75.95106773766611,18.938749439799054],[75.95106671435502,18.938568709921945],[75.950496930186,18.938571630287854],[75.95067816405113,18.93703445275779],[75.95105903989202,18.93721323572987],[75.95106210959885,18.9377554254308],[75.95087064791328,18.93748530417417],[75.95068225533625,18.937757372445994],[75.95087576321511,18.938388953680988],[75.95125561888442,18.93838700620717],[75.95106773766611,18.938749439799054]]]},"id":"261"},{"type":"Feature","properties":{"id":"262","metrics:area":1450,"metrics:perimeter":160.19578422302465},"geometry":{"type":"Polygon","coordinates":[[[75.95666289603426,18.937365157435384],[75.95656638913192,18.9370945526974],[75.95704017462258,18.9369113742363],[75.95704171908805,18.937182468625778],[75.95666289603426,18.937365157435384]]]},"id":"262"},{"type":"Feature","properties":{"id":"263","metrics:area":650,"metrics:perimeter":103.98345637668169},"geometry":{"type":"Polygon","coordinates":[[[75.98287103642335,18.936957054860493],[75.98277448823679,18.93668646562478],[75.9830593744145,18.936684956238743],[75.98306043203195,18.936865684439855],[75.98287103642335,18.936957054860493]]]},"id":"263"},{"type":"Feature","properties":{"id":"264","metrics:area":5300,"metrics:perimeter":367.02242175314257},"geometry":{"type":"Polygon","coordinates":[[[75.97517908728257,18.93699764753655],[75.97508307578025,18.936817418057597],[75.97441781504952,18.93673054638968],[75.97432075631325,18.936369587787375],[75.97527090202513,18.936454962463586],[75.9752719512505,18.93663569109133],[75.9756523250428,18.93672405814678],[75.97565337469455,18.93690478674869],[75.97517908728257,18.93699764753655]]]},"id":"264"},{"type":"Feature","properties":{"id":"265","metrics:area":1850,"metrics:perimeter":180.29126109393533},"geometry":{"type":"Polygon","coordinates":[[[75.98267899757155,18.936596604544075],[75.98248748805861,18.93632651809869],[75.9830562016341,18.936142771613962],[75.98296388360508,18.936595095311542],[75.98267899757155,18.936596604544075]]]},"id":"265"},{"type":"Feature","properties":{"id":"266","metrics:area":750,"metrics:perimeter":111.6227766016838},"geometry":{"type":"Polygon","coordinates":[[[75.98030389160556,18.936428436119254],[75.98030283697962,18.93624770775984],[75.9805871951634,18.936155838029155],[75.98058877755737,18.93642693054646],[75.98030389160556,18.936428436119254]]]},"id":"266"},{"type":"Feature","properties":{"id":"267","metrics:area":27600,"metrics:perimeter":755.1350162615323},"geometry":{"type":"Polygon","coordinates":[[[75.97793615364905,18.937525336404548],[75.97669901159094,18.937080018768587],[75.97660247310723,18.93680942587848],[75.97783593087911,18.93662219458759],[75.97792721080114,18.935989144326225],[75.97897179050645,18.93598363525823],[75.97907465217448,18.937338597292197],[75.97793615364905,18.937525336404548]]]},"id":"267"},{"type":"Feature","properties":{"id":"268","metrics:area":1300,"metrics:perimeter":147.96691275336337},"geometry":{"type":"Polygon","coordinates":[[[75.98096757011042,18.936244194112408],[75.981155382781,18.93588173313891],[75.98144079564513,18.935970590453362],[75.9813474175479,18.9362421852449],[75.98096757011042,18.936244194112408]]]},"id":"268"},{"type":"Feature","properties":{"id":"269","metrics:area":750,"metrics:perimeter":137.6782893563237},"geometry":{"type":"Polygon","coordinates":[[[75.95504184285774,18.936198732377],[75.95532570280933,18.936016535908088],[75.95561110419621,18.936105433562858],[75.9556116182229,18.93619579840591],[75.95504184285774,18.936198732377]]]},"id":"269"},{"type":"Feature","properties":{"id":"270","metrics:area":3700,"metrics:perimeter":308.9194238623568},"geometry":{"type":"Polygon","coordinates":[[[75.98191982954175,18.936690991159],[75.9816333591502,18.93642140637143],[75.98153522937756,18.935879723923875],[75.9818216986519,18.936149308927373],[75.98200950934027,18.93578684717353],[75.98220365911405,18.936508754833824],[75.98191982954175,18.936690991159]]]},"id":"270"},{"type":"Feature","properties":{"id":"271","metrics:area":160450,"metrics:perimeter":3150.3205214044974},"geometry":{"type":"Polygon","coordinates":[[[75.95896316405252,18.941058344163096],[75.95791803118156,18.940973377240315],[75.95791700037029,18.94079264776843],[75.95858124014586,18.940698848810843],[75.95886458745929,18.940426282131316],[75.95952985761951,18.94051320925882],[75.95990610193655,18.939878691025285],[75.96085574693377,18.939873774287285],[75.9605672359124,18.939242697070014],[75.9594281822368,18.939338959322537],[75.95933218577458,18.939158721042347],[75.9584769928907,18.939072774407308],[75.95857040988702,18.938801189491237],[75.95923464136085,18.93870738853744],[75.95961191558409,18.938253600345526],[75.96037265762459,18.938430398264053],[75.96056103472716,18.938158320827107],[75.95989319170123,18.937619573422886],[75.959891642596,18.937348479273094],[75.96017808140093,18.937618099100693],[75.96055690083817,18.93743540326041],[75.96017601532037,18.937256640262746],[75.96036335831826,18.936803833616132],[75.96007898646492,18.93689567287969],[75.95969758641995,18.93662654408415],[75.96007330567572,18.935901660934693],[75.96092744903378,18.93580687150727],[75.96111840735803,18.93598661710509],[75.96140225991775,18.935804411640074],[75.96197565501643,18.936434010917683],[75.9627358728648,18.936520434780583],[75.96283187124723,18.93670067125471],[75.96245150295883,18.936612277605484],[75.96245253840326,18.936793006917693],[75.96369016362686,18.93732878598652],[75.96378720044667,18.93768975110896],[75.96435957331988,18.938138613025263],[75.96426668489387,18.938500565035984],[75.96293926618877,18.938868929567676],[75.9622771075954,18.93932420227213],[75.96123353622981,18.939510347593497],[75.96142605105602,18.939961186563806],[75.96161494535654,18.939779472749603],[75.96171249686974,18.940230803640734],[75.9614286374234,18.940413009811238],[75.96104774415713,18.940234249000124],[75.96105032954699,18.940686072284596],[75.96038660836446,18.940870244693528],[75.95943540894706,18.940604065187358],[75.95905606518444,18.94069639433824],[75.95896316405252,18.941058344163096]]]},"id":"271"},{"type":"Feature","properties":{"id":"272","metrics:area":7800,"metrics:perimeter":356.5446676350216},"geometry":{"type":"Polygon","coordinates":[[[75.98638039156405,18.936215494355597],[75.98609444562442,18.93603628075656],[75.98618728536934,18.935674319896894],[75.98675599215674,18.935490562339854],[75.98742178323606,18.93566775369531],[75.98732894618533,18.936029715052015],[75.98638039156405,18.936215494355597]]]},"id":"272"},{"type":"Feature","properties":{"id":"273","metrics:area":2600,"metrics:perimeter":294.37615020797233},"geometry":{"type":"Polygon","coordinates":[[[75.98210605572481,18.936057436912392],[75.98219837586208,18.935605113524787],[75.98305144266597,18.935329494616482],[75.98305302896168,18.93560058695702],[75.98229439405813,18.935785339030964],[75.98210605572481,18.936057436912392]]]},"id":"273"},{"type":"Feature","properties":{"id":"274","metrics:area":750,"metrics:perimeter":111.6227766016838},"geometry":{"type":"Polygon","coordinates":[[[75.98039410741043,18.935614656687893],[75.98039252540359,18.935343564131028],[75.98058244814305,18.935342560428975],[75.98067899197464,18.93561315103878],[75.98039410741043,18.935614656687893]]]},"id":"274"},{"type":"Feature","properties":{"id":"275","metrics:area":750,"metrics:perimeter":111.6227766016838},"geometry":{"type":"Polygon","coordinates":[[[75.98172198432835,18.935336534135317],[75.98172040020403,18.935065441678503],[75.98200528372345,18.935063934035053],[75.98200634010968,18.935244662325033],[75.98172198432835,18.935336534135317]]]},"id":"275"},{"type":"Feature","properties":{"id":"276","metrics:area":7100,"metrics:perimeter":493.789485856071},"geometry":{"type":"Polygon","coordinates":[[[75.95238186518914,18.936031671255527],[75.95200047873712,18.935762525979786],[75.95095589207996,18.9357678831421],[75.950668447993,18.93531751826936],[75.95085786092811,18.935226180016635],[75.9510493198429,18.93549630146494],[75.95133420667962,18.935494840880445],[75.95218733054604,18.935219361679604],[75.95238186518914,18.936031671255527]]]},"id":"276"},{"type":"Feature","properties":{"id":"277","metrics:area":600,"metrics:perimeter":104.72135954999578},"geometry":{"type":"Polygon","coordinates":[[[75.97602429909828,18.93536659563764],[75.97602272416428,18.935095502718607],[75.97621212179787,18.935004139198963],[75.97621369702927,18.93527523210531],[75.97602429909828,18.93536659563764]]]},"id":"277"},{"type":"Feature","properties":{"id":"278","metrics:area":1750,"metrics:perimeter":199.8050691562682},"geometry":{"type":"Polygon","coordinates":[[[75.96140019141647,18.93544295286177],[75.96092383097444,18.935174318547613],[75.96092279726957,18.93499358912253],[75.96168404275956,18.93526074700928],[75.96140019141647,18.93544295286177]]]},"id":"278"},{"type":"Feature","properties":{"id":"279","metrics:area":1600,"metrics:perimeter":168.1141943137987},"geometry":{"type":"Polygon","coordinates":[[[75.9782073607328,18.93517436424186],[75.97801585991546,18.934904272741353],[75.97858510066989,18.934810904176558],[75.97858667971266,18.935081996895967],[75.9782073607328,18.93517436424186]]]},"id":"279"},{"type":"Feature","properties":{"id":"280","metrics:area":600,"metrics:perimeter":117.7269903474535},"geometry":{"type":"Polygon","coordinates":[[[75.98266895474154,18.934879686242333],[75.98247797577163,18.9346999637851],[75.98285676227614,18.934517223728825],[75.98266895474154,18.934879686242333]]]},"id":"280"},{"type":"Feature","properties":{"id":"281","metrics:area":30950,"metrics:perimeter":922.2746944527069},"geometry":{"type":"Polygon","coordinates":[[[75.9564678245501,18.936462488625455],[75.95646525210424,18.936010664527526],[75.95617985049266,18.935921768198842],[75.95627172666414,18.93537908976713],[75.956081802514,18.93538006858699],[75.95598941150176,18.935832382115915],[75.95579897270636,18.935742995827706],[75.95579640216434,18.935291171606277],[75.95617625028372,18.935289214365316],[75.95617213593427,18.93456629564487],[75.95750262826536,18.934740169075653],[75.95778905876318,18.935009793032727],[75.95769615741801,18.93537174242316],[75.95788711192938,18.935551491530312],[75.9576992482219,18.935913931179655],[75.9579851658106,18.936093189917017],[75.95732094368834,18.936186985996954],[75.95722752588907,18.936458570384094],[75.9564678245501,18.936462488625455]]]},"id":"281"},{"type":"Feature","properties":{"id":"282","metrics:area":46300,"metrics:perimeter":1673.4567531057219},"geometry":{"type":"Polygon","coordinates":[[[75.95419436556982,18.937468238288805],[75.95437864490526,18.93647324775389],[75.95409734927323,18.937107267223745],[75.95390742304866,18.937108243903612],[75.95381040760697,18.936747272638456],[75.95285924064171,18.93648105780263],[75.95285719044064,18.936119598145392],[75.95332943936933,18.93566533436233],[75.95332584994408,18.935032779984073],[75.9537051847861,18.93494046292161],[75.95332379890795,18.934671320319723],[75.95398955734173,18.93484863340252],[75.95398801800552,18.934577538702776],[75.95417794136485,18.93457656206589],[75.95418102067617,18.935118751427307],[75.9547523331364,18.935386914884006],[75.95503721947969,18.935385448622075],[75.9552250885266,18.93502301142138],[75.95569989799014,18.935020566243956],[75.95551459978428,18.935834828134983],[75.95475490088471,18.9358387392388],[75.95466096552674,18.936019957648806],[75.9548508904792,18.936018980251557],[75.95475798227882,18.936380928435103],[75.95494842131195,18.936470315778546],[75.95476003659984,18.936742387881452],[75.95570966530138,18.93673749826518],[75.95590061941022,18.936917249416485],[75.95466610078951,18.93692360629864],[75.95457421878939,18.937466284111512],[75.95419436556982,18.937468238288805]]]},"id":"282"},{"type":"Feature","properties":{"id":"283","metrics:area":900,"metrics:perimeter":123.24555320336759},"geometry":{"type":"Polygon","coordinates":[[[75.95541398455032,18.934841303775944],[75.9553174812762,18.93457069816327],[75.95569732782005,18.934568741974292],[75.95569835587935,18.93474947168483],[75.95541398455032,18.934841303775944]]]},"id":"283"},{"type":"Feature","properties":{"id":"284","metrics:area":2800,"metrics:perimeter":284.64365111736214},"geometry":{"type":"Polygon","coordinates":[[[75.98542441388058,18.935136172258495],[75.98542176376237,18.93468435198689],[75.98494537017393,18.93441578096445],[75.98503927129092,18.934234548690437],[75.98551460437258,18.9343223913801],[75.9856138059661,18.935044799369173],[75.98542441388058,18.935136172258495]]]},"id":"284"},{"type":"Feature","properties":{"id":"285","metrics:area":1200,"metrics:perimeter":178.93012206204872},"geometry":{"type":"Polygon","coordinates":[[[75.97687317288627,18.934368090407634],[75.97630288220174,18.93428072508458],[75.97630078182601,18.933919267845265],[75.97687317288627,18.934368090407634]]]},"id":"285"},{"type":"Feature","properties":{"id":"286","metrics:area":2900,"metrics:perimeter":277.2498581075606},"geometry":{"type":"Polygon","coordinates":[[[75.98143287727619,18.934615128066827],[75.98152519864418,18.934162804898925],[75.98114377283939,18.933893721380322],[75.98171300798035,18.933800343440407],[75.98181166483755,18.934432390100145],[75.98143287727619,18.934615128066827]]]},"id":"286"},{"type":"Feature","properties":{"id":"287","metrics:area":21800,"metrics:perimeter":731.0438719538761},"geometry":{"type":"Polygon","coordinates":[[[75.95171200813232,18.935131432937773],[75.95104522750407,18.934773381678056],[75.95113763150466,18.934321070001776],[75.95009203154095,18.9341456919003],[75.95027888806821,18.933602529237625],[75.95170381810777,18.93368559352929],[75.95199023785257,18.93395522695826],[75.95199228593651,18.93431668679113],[75.95237213227517,18.934314737434267],[75.95237520571362,18.93485692709684],[75.95180543435016,18.93485985093053],[75.95171200813232,18.935131432937773]]]},"id":"287"},{"type":"Feature","properties":{"id":"288","metrics:area":1400,"metrics:perimeter":180},"geometry":{"type":"Polygon","coordinates":[[[75.98522548329191,18.933600991803626],[75.98522442354205,18.93342026365695],[75.98588914450184,18.9334167328839],[75.98589020496644,18.93359746099439],[75.98522548329191,18.933600991803626]]]},"id":"288"},{"type":"Feature","properties":{"id":"289","metrics:area":1500,"metrics:perimeter":174.04918347287665},"geometry":{"type":"Polygon","coordinates":[[[75.96101052267238,18.933727991228714],[75.96129385465505,18.93345542133082],[75.96167369801128,18.933453453019133],[75.96158028866088,18.933725039298785],[75.96101052267238,18.933727991228714]]]},"id":"289"},{"type":"Feature","properties":{"id":"290","metrics:area":8050,"metrics:perimeter":409.0901996816488},"geometry":{"type":"Polygon","coordinates":[[[75.98750665285607,18.933950332295385],[75.98627057629812,18.933685806363847],[75.98626792412315,18.933233986137143],[75.98702654246071,18.933049218484314],[75.98712415678763,18.933500533440373],[75.98759948859524,18.93358837083961],[75.98750665285607,18.933950332295385]]]},"id":"290"},{"type":"Feature","properties":{"id":"291","metrics:area":1900,"metrics:perimeter":215.74742041368626},"geometry":{"type":"Polygon","coordinates":[[[75.98190028845197,18.933347517649484],[75.98199366426601,18.93307592260944],[75.98265679907976,18.932801311024534],[75.98246899283689,18.93316377333427],[75.98190028845197,18.933347517649484]]]},"id":"291"},{"type":"Feature","properties":{"id":"292","metrics:area":1000,"metrics:perimeter":131.2310562561766},"geometry":{"type":"Polygon","coordinates":[[[75.97762497323457,18.933008624871334],[75.97752791023763,18.932647668017708],[75.97781279001639,18.932646166995447],[75.97781489349248,18.93300762412073],[75.97762497323457,18.933008624871334]]]},"id":"292"},{"type":"Feature","properties":{"id":"293","metrics:area":3600,"metrics:perimeter":274.67927337432724},"geometry":{"type":"Polygon","coordinates":[[[75.98531620420444,18.932877574960578],[75.98484034568185,18.932699367467613],[75.98483928640049,18.932518639282392],[75.9858838423594,18.932513092277887],[75.98588543297055,18.93278418446907],[75.98531620420444,18.932877574960578]]]},"id":"293"},{"type":"Feature","properties":{"id":"294","metrics:area":1250,"metrics:perimeter":150.99019513592785},"geometry":{"type":"Polygon","coordinates":[[[75.94979999531877,18.932882040171947],[75.94979897371229,18.932701310113995],[75.95027326631312,18.93260851409032],[75.95027479948426,18.9328796091412],[75.94979999531877,18.932882040171947]]]},"id":"294"},{"type":"Feature","properties":{"id":"295","metrics:area":500,"metrics:perimeter":117.0820393249937},"geometry":{"type":"Polygon","coordinates":[[[75.98578835259515,18.932423232725824],[75.985407454423,18.932244522134255],[75.98588225177532,18.932242000078666],[75.98578835259515,18.932423232725824]]]},"id":"295"},{"type":"Feature","properties":{"id":"296","metrics:area":1350,"metrics:perimeter":154.5623261899998},"geometry":{"type":"Polygon","coordinates":[[[75.98142126488722,18.932627116203005],[75.98123028986917,18.932447392242178],[75.98122870679813,18.932176299660995],[75.98170456044359,18.932354516668195],[75.98142126488722,18.932627116203005]]]},"id":"296"},{"type":"Feature","properties":{"id":"297","metrics:area":1400,"metrics:perimeter":155.95241580617238},"geometry":{"type":"Polygon","coordinates":[[[75.98199049557476,18.932533737600142],[75.98189342363737,18.93217278342339],[75.98236822128982,18.932170270367745],[75.98236927789267,18.93235099869428],[75.98199049557476,18.932533737600142]]]},"id":"297"},{"type":"Feature","properties":{"id":"298","metrics:area":3700,"metrics:perimeter":277.22896786076905},"geometry":{"type":"Polygon","coordinates":[[[75.95169921154564,18.932872308761628],[75.9519810220499,18.93232865753367],[75.95226487921249,18.932146465814828],[75.95255078480147,18.932325733536615],[75.95245838547719,18.93277804579763],[75.95198306992472,18.932690117430784],[75.95169921154564,18.932872308761628]]]},"id":"298"},{"type":"Feature","properties":{"id":"299","metrics:area":7050,"metrics:perimeter":344.4104241900012},"geometry":{"type":"Polygon","coordinates":[[[75.9864551915318,18.93278115630614],[75.98635651860853,18.93214911275335],[75.98683025416592,18.931965860194456],[75.98749603115404,18.93214305198129],[75.9874976243325,18.932414144051187],[75.9864551915318,18.93278115630614]]]},"id":"299"},{"type":"Feature","properties":{"id":"300","metrics:area":700,"metrics:perimeter":111.5298244508295},"geometry":{"type":"Polygon","coordinates":[[[75.98151252978948,18.93199406461701],[75.98141598700771,18.93172347430381],[75.98170033696279,18.931631603196347],[75.98170139281501,18.93181233156967],[75.98151252978948,18.93199406461701]]]},"id":"300"},{"type":"Feature","properties":{"id":"301","metrics:area":7350,"metrics:perimeter":423.9834563766817},"geometry":{"type":"Polygon","coordinates":[[[75.98464724897788,18.93215819079532],[75.98455070112138,18.93188760235099],[75.98426582320533,18.93188911365879],[75.98435972379689,18.931707881710977],[75.98587907068838,18.931699815656103],[75.98588172158664,18.93215163601047],[75.98464724897788,18.93215819079532]]]},"id":"301"},{"type":"Feature","properties":{"id":"302","metrics:area":5450,"metrics:perimeter":438.4083445942329},"geometry":{"type":"Polygon","coordinates":[[[75.95103295160187,18.9326046219747],[75.9497969305341,18.932339849987383],[75.94969890562459,18.931798145801196],[75.94988831525912,18.93170680865486],[75.95017626165557,18.93224754029584],[75.95122082666548,18.932242188479407],[75.95103295160187,18.9326046219747]]]},"id":"302"},{"type":"Feature","properties":{"id":"303","metrics:area":1300,"metrics:perimeter":145.7076657157208},"geometry":{"type":"Polygon","coordinates":[[[75.97780910904805,18.932013616991814],[75.97771204634147,18.93165266018835],[75.97799639848691,18.931560794671018],[75.97809346173412,18.9319217513041],[75.97780910904805,18.932013616991814]]]},"id":"303"},{"type":"Feature","properties":{"id":"304","metrics:area":1500,"metrics:perimeter":162.0079285608123},"geometry":{"type":"Polygon","coordinates":[[[75.95055099172049,18.93134194467239],[75.95017012998372,18.931163159939253],[75.95026304583905,18.930801213545855],[75.95054894708271,18.930980484572004],[75.95055099172049,18.93134194467239]]]},"id":"304"},{"type":"Feature","properties":{"id":"305","metrics:area":6700,"metrics:perimeter":397.4879563621875},"geometry":{"type":"Polygon","coordinates":[[[75.98122290243484,18.931182293461198],[75.98112266756678,18.930279153438892],[75.98131205686828,18.93018778503604],[75.98150461263124,18.93063860167955],[75.98188339135756,18.930455863898324],[75.98188497532985,18.93072695647635],[75.98217090778289,18.93090617727778],[75.98179265636558,18.931179279858924],[75.98122290243484,18.931182293461198]]]},"id":"305"},{"type":"Feature","properties":{"id":"306","metrics:area":600,"metrics:perimeter":109.6472487858144},"geometry":{"type":"Polygon","coordinates":[[[75.95007210475033,18.930621455905193],[75.94997612352768,18.93044121195643],[75.95035545029681,18.930348902071877],[75.95035596132952,18.93043926710955],[75.95007210475033,18.930621455905193]]]},"id":"306"},{"type":"Feature","properties":{"id":"307","metrics:area":4200,"metrics:perimeter":264.16298576693583},"geometry":{"type":"Polygon","coordinates":[[[75.98501755214517,18.9305296210138],[75.98501437415736,18.929987436349805],[75.98567855156969,18.929893542848784],[75.98577616005228,18.930344858912946],[75.98501755214517,18.9305296210138]]]},"id":"307"},{"type":"Feature","properties":{"id":"308","metrics:area":1500,"metrics:perimeter":162.0079285608123},"geometry":{"type":"Polygon","coordinates":[[[75.98662919388417,18.930069224877162],[75.9868169878163,18.929706758801466],[75.98719735062879,18.92979510268551],[75.98700902671536,18.93006720505228],[75.98662919388417,18.930069224877162]]]},"id":"308"},{"type":"Feature","properties":{"id":"309","metrics:area":500,"metrics:perimeter":92.36067977499789},"geometry":{"type":"Polygon","coordinates":[[[75.98634272812313,18.929799647003033],[75.98643662536696,18.929618414118675],[75.98662654129024,18.92961740452354],[75.98662760231878,18.92979813266767],[75.98634272812313,18.929799647003033]]]},"id":"309"},{"type":"Feature","properties":{"id":"310","metrics:area":2550,"metrics:perimeter":242.10712266898858},"geometry":{"type":"Polygon","coordinates":[[[75.95083024722867,18.930346469932786],[75.9508287133823,18.930075374851835],[75.9513953992341,18.929530264630678],[75.95149240462881,18.929891237845847],[75.95083024722867,18.930346469932786]]]},"id":"310"},{"type":"Feature","properties":{"id":"311","metrics:area":500,"metrics:perimeter":92.36067977499789},"geometry":{"type":"Polygon","coordinates":[[[75.98310516575837,18.928280587954728],[75.9831990658094,18.928099356559617],[75.98338898020175,18.928098350355047],[75.98339003765761,18.92827907870525],[75.98310516575837,18.928280587954728]]]},"id":"311"},{"type":"Feature","properties":{"id":"312","metrics:area":1050,"metrics:perimeter":150.12970301388293},"geometry":{"type":"Polygon","coordinates":[[[75.98310463718205,18.92819022377234],[75.98281818015725,18.927920640001233],[75.98329190833549,18.927737396760186],[75.98310463718205,18.92819022377234]]]},"id":"312"},{"type":"Feature","properties":{"id":"313","metrics:area":700,"metrics:perimeter":117.28656901081649},"geometry":{"type":"Polygon","coordinates":[[[75.98319642273259,18.927647535642695],[75.98338475049832,18.927375436918528],[75.98357466406213,18.927374430560963],[75.98357572167413,18.927555158915133],[75.98319642273259,18.927647535642695]]]},"id":"313"},{"type":"Feature","properties":{"id":"314","metrics:area":7700,"metrics:perimeter":348.7867354196628},"geometry":{"type":"Polygon","coordinates":[[[75.98566742202502,18.927995896632776],[75.98481227878683,18.92791006935212],[75.9849968971582,18.927005420123052],[75.9853772530152,18.92709376808462],[75.98575972914227,18.92754357172186],[75.98566742202502,18.927995896632776]]]},"id":"314"},{"type":"Feature","properties":{"id":"315","metrics:area":3200,"metrics:perimeter":230.6511930458878},"geometry":{"type":"Polygon","coordinates":[[[75.95205089731972,18.927900285546237],[75.95185739907164,18.927268704497852],[75.95223671754405,18.927176391095585],[75.95252415073271,18.927626754354208],[75.95205089731972,18.927900285546237]]]},"id":"315"},{"type":"Feature","properties":{"id":"316","metrics:area":1600,"metrics:perimeter":188.08042584720513},"geometry":{"type":"Polygon","coordinates":[[[75.95271355409957,18.927535414556854],[75.95318629289109,18.92717151676272],[75.95347167805383,18.927260418502307],[75.95318834275744,18.92753297673335],[75.95271355409957,18.927535414556854]]]},"id":"316"},{"type":"Feature","properties":{"id":"317","metrics:area":2100,"metrics:perimeter":197.08203932499367},"geometry":{"type":"Polygon","coordinates":[[[75.98575495941941,18.92673029463465],[75.98575230967863,18.92627847399938],[75.98632363696319,18.926546539582645],[75.98632469748088,18.92672726780304],[75.98575495941941,18.92673029463465]]]},"id":"317"},{"type":"Feature","properties":{"id":"318","metrics:area":1200,"metrics:perimeter":163.2455532033676},"geometry":{"type":"Polygon","coordinates":[[[75.98603611777604,18.926096232596063],[75.98603452752646,18.925825140222102],[75.98660532324777,18.926002840890746],[75.98660585364016,18.926093204998985],[75.98603611777604,18.926096232596063]]]},"id":"318"},{"type":"Feature","properties":{"id":"319","metrics:area":11450,"metrics:perimeter":529.0158254994321},"geometry":{"type":"Polygon","coordinates":[[[75.95100073531067,18.926911625307966],[75.95071279629695,18.926370894355916],[75.95118553651402,18.926007001567303],[75.95166032106656,18.926004567841332],[75.95184921145595,18.925822863927177],[75.95175220807545,18.92546189067329],[75.9520370778449,18.925460429754207],[75.95213356997465,18.925731037796684],[75.95194468000511,18.92591274198402],[75.95213612927563,18.926182862966552],[75.95194826237304,18.92654529723807],[75.95100073531067,18.926911625307966]]]},"id":"319"},{"type":"Feature","properties":{"id":"320","metrics:area":1100,"metrics:perimeter":139.06114355209758},"geometry":{"type":"Polygon","coordinates":[[[75.98603187717065,18.925373319580974],[75.98584090609111,18.92519360007708],[75.98583931623793,18.924922507660813],[75.98622019783741,18.925101218237703],[75.98603187717065,18.925373319580974]]]},"id":"320"},{"type":"Feature","properties":{"id":"321","metrics:area":600,"metrics:perimeter":108.2842712474619},"geometry":{"type":"Polygon","coordinates":[[[75.95270126172306,18.925366654219015],[75.952510324604,18.925186898827153],[75.95250930053061,18.925006168762238],[75.95269921315641,18.92500519411274],[75.95270126172306,18.925366654219015]]]},"id":"321"},{"type":"Feature","properties":{"id":"322","metrics:area":900,"metrics:perimeter":123.24555320336759},"geometry":{"type":"Polygon","coordinates":[[[75.98593374156941,18.924831639175483],[75.98593215159923,18.92456054675626],[75.98621648681446,18.924468669320085],[75.98621807723482,18.924739761718712],[75.98593374156941,18.924831639175483]]]},"id":"322"},{"type":"Feature","properties":{"id":"323","metrics:area":500,"metrics:perimeter":92.36067977499789},"geometry":{"type":"Polygon","coordinates":[[[75.97168571569293,18.92409346750342],[75.97177962623051,18.923912241356966],[75.971969536542,18.9239112470483],[75.97197058147073,18.924091976097944],[75.97168571569293,18.92409346750342]]]},"id":"323"},{"type":"Feature","properties":{"id":"324","metrics:area":6350,"metrics:perimeter":433.18124569483325},"geometry":{"type":"Polygon","coordinates":[[[75.95156127181099,18.92528213426703],[75.95136931311178,18.924921647516356],[75.95108444419985,18.92492310737073],[75.95117428748651,18.924018970064587],[75.95136368768296,18.923927631756115],[75.95174351061317,18.923925684713605],[75.95146222355474,18.924559700547128],[75.95184614129171,18.92528067365429],[75.95156127181099,18.92528213426703]]]},"id":"324"},{"type":"Feature","properties":{"id":"325","metrics:area":600,"metrics:perimeter":103.24555320336759},"geometry":{"type":"Polygon","coordinates":[[[75.97215944684162,18.923910252545394],[75.97215840172066,18.92372952350238],[75.97244274413265,18.923637666883966],[75.9724437895538,18.923818395913468],[75.97215944684162,18.923910252545394]]]},"id":"325"},{"type":"Feature","properties":{"id":"326","metrics:area":600,"metrics:perimeter":103.24555320336759},"geometry":{"type":"Polygon","coordinates":[[[75.97082955264759,18.923826845430224],[75.97082850896115,18.92364611631407],[75.97111285206181,18.92355426170606],[75.97111389604844,18.92373499080872],[75.97082955264759,18.923826845430224]]]},"id":"326"},{"type":"Feature","properties":{"id":"327","metrics:area":800,"metrics:perimeter":115.60623297836548},"geometry":{"type":"Polygon","coordinates":[[[75.98592685189415,18.923656905300785],[75.98602021649846,18.923385308494773],[75.98630561000398,18.923474159289473],[75.98621171571584,18.923655392075975],[75.98592685189415,18.923656905300785]]]},"id":"327"},{"type":"Feature","properties":{"id":"328","metrics:area":1200,"metrics:perimeter":143.2455532033676},"geometry":{"type":"Polygon","coordinates":[[[75.98544943033355,18.92320760554517],[75.98535288707092,18.92293701708664],[75.98582765814153,18.922934496362583],[75.98573429343507,18.92320609308747],[75.98544943033355,18.92320760554517]]]},"id":"328"},{"type":"Feature","properties":{"id":"329","metrics:area":2050,"metrics:perimeter":186.94261094210026},"geometry":{"type":"Polygon","coordinates":[[[75.95021604659469,18.922487626444767],[75.9501185382877,18.922036286846712],[75.95049733535576,18.921853612306407],[75.95059433361565,18.922214586563815],[75.95021604659469,18.922487626444767]]]},"id":"329"},{"type":"Feature","properties":{"id":"330","metrics:area":2250,"metrics:perimeter":245.67196007456045},"geometry":{"type":"Polygon","coordinates":[[[75.95266849023649,18.919583290806003],[75.95295181363979,18.919310733690324],[75.95294925314718,18.91885890829393],[75.95323411163058,18.918857446028472],[75.95323718514857,18.919399636456472],[75.95266849023649,18.919583290806003]]]},"id":"330"},{"type":"Feature","properties":{"id":"331","metrics:area":6800,"metrics:perimeter":368.3710263764303},"geometry":{"type":"Polygon","coordinates":[[[75.95143051873731,18.918957064785413],[75.95123907935718,18.918686942457203],[75.95076431540879,18.918689374201552],[75.95076227178276,18.91832791363154],[75.95190170268877,18.91832207552607],[75.95209263103447,18.918501832045813],[75.95171537751317,18.918955604842566],[75.95143051873731,18.918957064785413]]]},"id":"331"},{"type":"Feature","properties":{"id":"332","metrics:area":7900,"metrics:perimeter":425.83446312717854},"geometry":{"type":"Polygon","coordinates":[[[75.95066527581282,18.91796693923055],[75.95066323248362,18.917605478622022],[75.95113748230618,18.917512682128162],[75.95142029375668,18.917149762195443],[75.9520864917966,18.91741745069085],[75.95199460901355,18.91796012824725],[75.95170872915452,18.91778085829701],[75.95066527581282,18.91796693923055]]]},"id":"332"},{"type":"Feature","properties":{"id":"333","metrics:area":18750,"metrics:perimeter":720.0997855928556},"geometry":{"type":"Polygon","coordinates":[[[75.96139901040769,18.91863461225919],[75.96120703939296,18.918274136024067],[75.96063629330281,18.918096354724195],[75.96082309991723,18.917553182807495],[75.96034937256466,18.91773636870951],[75.96006245307107,18.917376382183235],[75.9608215510792,18.91728208814649],[75.9611048569639,18.91700951927599],[75.96196407291684,18.917818377761208],[75.96187067149557,18.91808996423152],[75.96225099713838,18.918178361117725],[75.96215811304474,18.918540312551322],[75.96139901040769,18.91863461225919]]]},"id":"333"},{"type":"Feature","properties":{"id":"334","metrics:area":950,"metrics:perimeter":128.7048159266775},"geometry":{"type":"Polygon","coordinates":[[[75.95103793105146,18.916699882153555],[75.95065710277439,18.91652109671084],[75.95075103266909,18.916339880241427],[75.95103639806,18.916428786690975],[75.95103793105146,18.916699882153555]]]},"id":"334"},{"type":"Feature","properties":{"id":"335","metrics:area":3700,"metrics:perimeter":258.76398706785267},"geometry":{"type":"Polygon","coordinates":[[[75.9632861541681,18.916546378413752],[75.96290427972001,18.91618688896657],[75.96290324500244,18.916006159277714],[75.96375883901784,18.916182455645835],[75.96376091032414,18.916543914921885],[75.9632861541681,18.916546378413752]]]},"id":"335"},{"type":"Feature","properties":{"id":"336","metrics:area":750,"metrics:perimeter":111.6227766016838},"geometry":{"type":"Polygon","coordinates":[[[75.96242900734646,18.916098985367185],[75.96242745604827,18.915827890792006],[75.96261735775643,18.91582690645492],[75.96271386036324,18.916097508766033],[75.96242900734646,18.916098985367185]]]},"id":"336"},{"type":"Feature","properties":{"id":"337","metrics:area":19100,"metrics:perimeter":630.7679800980329},"geometry":{"type":"Polygon","coordinates":[[[75.95968109887411,18.91710725083569],[75.95901334546267,18.916568495236852],[75.95957996015446,18.916023362420532],[75.95957789789404,18.915661902679112],[75.96014657117445,18.915478228006055],[75.96042935930546,18.91511529528018],[75.96033905245878,18.915929070601532],[75.96052895439794,18.91592808839494],[75.96062700218982,18.916469786643344],[75.96015534120686,18.917014431582043],[75.95968109887411,18.91710725083569]]]},"id":"337"},{"type":"Feature","properties":{"id":"338","metrics:area":1000,"metrics:perimeter":131.2310562561766},"geometry":{"type":"Polygon","coordinates":[[[75.96365871044647,18.915279300153337],[75.96356168919841,18.914918333518635],[75.96384654012064,18.9149168552688],[75.9638486114663,18.915278314584693],[75.96365871044647,18.915279300153337]]]},"id":"338"},{"type":"Feature","properties":{"id":"339","metrics:area":2400,"metrics:perimeter":242.17662798305798},"geometry":{"type":"Polygon","coordinates":[[[75.96440484359462,18.912925871300093],[75.96430834038041,18.912655269816884],[75.96525783036887,18.912650337368923],[75.96525886741843,18.912831066997352],[75.96440484359462,18.912925871300093]]]},"id":"339"},{"type":"Feature","properties":{"id":"340","metrics:area":7952900,"metrics:perimeter":29195.20941629452},"geometry":{"type":"Polygon","coordinates":[[[75.96758156082286,18.936947061618042],[75.96748555731051,18.936766827839673],[75.96776940376213,18.936584612894688],[75.96710466666713,18.93658807931701],[75.96710362623034,18.936407350249272],[75.96767235924159,18.9362236501655],[75.96767131821568,18.93604292112106],[75.96681665894057,18.93604737693809],[75.96614984503506,18.935689381590592],[75.96634184812892,18.93604985069134],[75.96605748124999,18.936141698925994],[75.96605955985324,18.936503157180198],[75.96548874650227,18.93632539412629],[75.9650170493062,18.93687005204862],[75.9647321612814,18.936871533745045],[75.96416031058693,18.93651303738343],[75.96425319835565,18.936151085388257],[75.96358846228462,18.936154539136826],[75.96254180573997,18.935798503002665],[75.9619684108908,18.935168905430533],[75.96101724209363,18.934902732557607],[75.96120354650269,18.934269195740544],[75.96063429528019,18.934362511322888],[75.96072615634634,18.933819831268313],[75.96101103953333,18.933818355951672],[75.96139346911151,18.934268211733638],[75.96205871559015,18.93435513086889],[75.96224760316665,18.93417341661188],[75.96214901960535,18.93354135623177],[75.9625267924017,18.933177927414537],[75.96271930254396,18.933628765513422],[75.96319410702225,18.93362630133335],[75.96291233166276,18.934169968014068],[75.96329373076473,18.93443909028896],[75.96367305780961,18.93434675313905],[75.9636715028941,18.934075659195607],[75.96329062216786,18.933896902338752],[75.96366787486083,18.933443106629678],[75.96347432613746,18.932811540278117],[75.96271516043376,18.932905848053792],[75.962618646848,18.932635246654183],[75.96176452086392,18.932730043143895],[75.96167059481567,18.932911264752455],[75.96129023569988,18.932822868279285],[75.96138674730231,18.933093470454622],[75.9615761514282,18.93300212160399],[75.96176658982999,18.93309150198896],[75.96053365120784,18.933368990883064],[75.96063067862138,18.933729958210318],[75.96025186743151,18.93391265389993],[75.96034889461784,18.93427362136663],[75.96016052121048,18.93454569852283],[75.95949682283326,18.934729866837912],[75.95959281670483,18.934910105221682],[75.95930844752803,18.935001943199335],[75.95930999548574,18.935273037464068],[75.95883570154776,18.93536585667661],[75.95883467007775,18.935185127144305],[75.95807445953284,18.935098686924924],[75.95854772209896,18.9348251401163],[75.95844966735758,18.934283442001437],[75.95883002860758,18.934371844204748],[75.9590184040546,18.934099768307917],[75.95882641873906,18.933739290757316],[75.95835264419709,18.933922473361708],[75.9583572832381,18.934735756454607],[75.9579769213563,18.934647353310798],[75.95788041414502,18.934376749202873],[75.95712123715273,18.93447103452305],[75.95655043892754,18.934293243201985],[75.9562629829772,18.933842887475713],[75.95597809935148,18.933844355504693],[75.9559796418343,18.934115450068028],[75.95578971909626,18.934116428526128],[75.95588365224405,18.93393520960836],[75.9555977405255,18.93375594733022],[75.95568807581137,18.93294217441872],[75.95511522953679,18.932402918800307],[75.95511368859857,18.93213182411842],[75.95568190833045,18.93185779588769],[75.95482778080658,18.931952560448128],[75.95483137525706,18.932585114758478],[75.95511574318868,18.93249328369248],[75.95521173107528,18.93267352464959],[75.95521275850159,18.93285425442269],[75.95492787646441,18.93285572076569],[75.95502591888263,18.933397421361203],[75.95483702396766,18.93357912858638],[75.95560082427457,18.934298136514386],[75.95493712106887,18.9344822886982],[75.95474565733161,18.9342121714571],[75.95484318659945,18.934663507184567],[75.95446385311382,18.934755826521844],[75.95427085001992,18.934214614092443],[75.95455265405373,18.93367095930211],[75.95417280941221,18.933672913058786],[75.95436221845743,18.933581571377008],[75.95417024354508,18.93322108852177],[75.95454906043064,18.933038405014145],[75.95397929559512,18.933041335252508],[75.95426263840494,18.932768775621177],[75.9538827957706,18.93277072869473],[75.95340542873261,18.932321344261844],[75.95293062657773,18.932323783233638],[75.95302302442866,18.93187147078239],[75.95359227264215,18.93177817871556],[75.95358868302047,18.931145624121193],[75.95282849251015,18.931059161444697],[75.95216479840796,18.931243303345223],[75.95111768258727,18.930796835146083],[75.95120957323273,18.93025415833105],[75.95215865425554,18.930158923499636],[75.95215507035982,18.929526368530375],[75.9517752348202,18.929528316969108],[75.95158020049121,18.928625640715282],[75.95243328956485,18.92835016172982],[75.95224746914391,18.929074056306934],[75.95281978244233,18.929522956892534],[75.95272636043873,18.929794539362295],[75.9529162784625,18.929793564253618],[75.95310260908741,18.929160034131336],[75.95272123768508,18.92889088950704],[75.95319603017066,18.928888451496043],[75.95338748501194,18.929158570865088],[75.95376731953726,18.92915661916342],[75.95386073952834,18.928885036240658],[75.9536677460086,18.928343822464814],[75.95300355115175,18.928437601922557],[75.95309645961225,18.92807565433935],[75.95366569501684,18.927982362576326],[75.95404757866166,18.928341870270362],[75.9544274112681,18.928339917298807],[75.95404296215835,18.927528585591286],[75.95423236451644,18.9274372442839],[75.95422979939848,18.926985419451526],[75.95470561284135,18.927163707728333],[75.95489296092231,18.926710905966733],[75.95441612240754,18.92635188817597],[75.9542262083556,18.926352864648734],[75.95413432904711,18.92689554266093],[75.95365902961508,18.926807617840176],[75.95365749151527,18.926536522879648],[75.95337364514776,18.92671871635501],[75.95299330374503,18.926630302005123],[75.95299176673433,18.926359206986728],[75.95327561295588,18.926177014097004],[75.95317706906826,18.92554494671826],[75.95336544474732,18.92527287633841],[75.95288605239547,18.924462029112842],[75.95335878247019,18.92409813115675],[75.95335673263764,18.92373667107053],[75.95307032901398,18.923467038790132],[75.95259606385972,18.92355984085398],[75.95249957241289,18.923289232967587],[75.95212077455903,18.923471911612793],[75.95173992954906,18.9232931292435],[75.95240103364327,18.92265716478059],[75.95154490426536,18.922390452029607],[75.95173276784764,18.922028018172178],[75.95144739249331,18.92193911327893],[75.9514453470212,18.921577652907203],[75.95191909580096,18.92139448889818],[75.95201200346516,18.921032541655748],[75.95172611820584,18.920853272020832],[75.95134681350349,18.92094558382778],[75.95049631364004,18.921672882070652],[75.9501144530805,18.92131336581679],[75.95020736463746,18.920951419306135],[75.9505882027439,18.921130205168506],[75.9503967620315,18.920860082083056],[75.95068009133708,18.920587528215627],[75.95105888455127,18.920404852671087],[75.95162911847136,18.920492298374853],[75.9520063754811,18.920038525665824],[75.95181288787934,18.919406943639686],[75.95152905104003,18.91958913399108],[75.9514366542829,18.920041446168163],[75.95115128248621,18.919952540646143],[75.95124419117559,18.919590593695077],[75.95143256387274,18.919318525260604],[75.9519073295048,18.919316091729875],[75.95209365428144,18.918682562259157],[75.95247295345445,18.918590249146117],[75.9523749301526,18.918048545609512],[75.95265466833565,18.917143433270383],[75.95331881912853,18.917049656901046],[75.95331369690268,18.916146005963007],[75.9530273068661,18.915876372827757],[75.95302525870403,18.91551491238687],[75.9522671859666,18.915789904666145],[75.95226872088604,18.916061000050096],[75.95264903779817,18.916149417050967],[75.95255562189917,18.916420999505863],[75.95208035297694,18.91633306920746],[75.95179652147472,18.91651525978672],[75.95103435411201,18.91606732606172],[75.951125217255,18.915343918455296],[75.9509353154526,18.91534489101698],[75.95084240799424,18.91570683790276],[75.95046209286494,18.9156184171114],[75.95064893047824,18.91507525396285],[75.9502686168759,18.914986832702173],[75.95007565286274,18.914445613185862],[75.95055040492778,18.914443183726327],[75.95073775188973,18.913990385678495],[75.95111704148252,18.913898075721377],[75.95111499765544,18.913536615002236],[75.95025840668686,18.91317952872891],[75.95006595542363,18.91272867422338],[75.95272453892728,18.91271505495052],[75.95272760972942,18.91325724581735],[75.95339328172892,18.913434565196436],[75.95339584262432,18.913886390797863],[75.95377666743832,18.91406517080726],[75.95396605514195,18.913973830301906],[75.95396349270233,18.913522004779985],[75.95358369351386,18.913523955333112],[75.95348669482992,18.913162982366455],[75.95310638439045,18.91307456677587],[75.95310484838188,18.912803471371113],[75.95490837367282,18.912703839229838],[75.95519630032581,18.91324456489369],[75.95576651131842,18.91333199892927],[75.95548217569545,18.913423829735876],[75.95557815208264,18.9136040713304],[75.95595846478625,18.913692481743503],[75.95586248794599,18.91351224036745],[75.95605238740625,18.913511262858567],[75.95614990543548,18.913962599265155],[75.95643578300786,18.91414186252689],[75.95681506924517,18.914049541054432],[75.95729239070823,18.914498919473015],[75.95748126240986,18.91431721044315],[75.95786157755488,18.914405616836234],[75.95776508373662,18.91413501156588],[75.95719332657883,18.913776488789026],[75.9570044551306,18.913958197523346],[75.95605084661213,18.91324016770005],[75.95557558536716,18.913152246003524],[75.95557301872454,18.912700420654353],[75.95614271436948,18.912697488554265],[75.95642910350607,18.91296711699359],[75.95680890112122,18.912965160677242],[75.9568073591559,18.912694065562885],[75.96259925766024,18.91266413599471],[75.96269575817408,18.91293473848786],[75.96355288910462,18.91338213113796],[75.96393165120377,18.913199430524454],[75.96326597088145,18.913022149370658],[75.96326441850603,18.912751054772684],[75.96392854430266,18.912657241437344],[75.96393061555831,18.913018700832318],[75.96411999609066,18.912927350256563],[75.9643114485052,18.9131974588433],[75.96525990447975,18.913011796622207],[75.96497920404164,18.913736195421006],[75.96555253266058,18.914365787869936],[75.9654596574576,18.91472774069203],[75.96593700294505,18.915177095744923],[75.96584360929629,18.915448683939488],[75.96622185410548,18.915175613832385],[75.96612534654525,18.914905013545752],[75.96678895928281,18.914720824937852],[75.96678792047786,18.914540095427977],[75.96621614402751,18.914181601365648],[75.96640863962027,18.914632437073607],[75.96593440817576,18.914725271871777],[75.96574191371161,18.914274435624694],[75.96583375036573,18.9137317531056],[75.96535796522694,18.913553491938373],[75.96545135877003,18.913281903945457],[75.96583063724017,18.913189564354315],[75.96678584290335,18.91417863639752],[75.96669193177745,18.914359860202282],[75.9671666812842,18.91435738827822],[75.9666888157747,18.913817671625328],[75.9666862191868,18.913365847786658],[75.96630538356527,18.913187094778827],[75.96649216691372,18.912643917931984],[75.97665168718528,18.91259076949475],[75.97665431042293,18.913042592031022],[75.97589471925797,18.913046585064354],[75.97646860916888,18.913766506633134],[75.9769428307892,18.91367364530234],[75.97665588440127,18.913313685542075],[75.97713062954737,18.913311188280705],[75.97741705182813,18.913580782783082],[75.97846044119416,18.913394553947978],[75.97836286427562,18.912943231891585],[75.9779841198731,18.913125961218345],[75.97750885025563,18.913038096156267],[75.97722557856765,18.91331068868285],[75.97703253137058,18.912769500861383],[75.97741127612018,18.91258677345825],[75.98519705167695,18.91254563502796],[75.98491432291185,18.912908602978177],[75.98434410264254,18.91282125906132],[75.98472654172807,18.91327106710793],[75.98463688256247,18.914175213357545],[75.98435309231677,18.914357452006644],[75.98445068616347,18.91480877008229],[75.98464058547398,18.914807763277146],[75.98473288991796,18.914355438448013],[75.98520657828033,18.914172191885893],[75.9852034026377,18.913630006298717],[75.98501350468896,18.91363101361904],[75.98491643928693,18.913270060099432],[75.98567497039289,18.91308530160691],[75.9856728524103,18.91272384456122],[75.98538694839,18.912544627575556],[75.98633643177493,18.91253958740206],[75.98624413243519,18.912991912873995],[75.98662551677576,18.913260988288247],[75.98672258579472,18.913621940748193],[75.98634808899416,18.914527600617642],[75.9868260172065,18.915067263696383],[75.98616189880445,18.915161158759474],[75.98607012769759,18.915703848329667],[75.98569297518691,18.916157685918705],[75.9852176938814,18.916069841187962],[75.98531423243222,18.916340430102785],[75.98588446508022,18.91642777044254],[75.98607595560055,18.916697854733155],[75.98446179363917,18.91670641968713],[75.98399021223365,18.917251121728295],[75.98607807492822,18.91705931158037],[75.98617461548909,18.91732989993066],[75.98674432162719,18.917326873256876],[75.98636610756056,18.917599983828268],[75.98637087776322,18.918413261564222],[75.98675333552929,18.918863064344748],[75.98675704738885,18.919495613541226],[75.9873262301823,18.91940222059455],[75.98723340014874,18.919764182128162],[75.98666368583837,18.919767210677467],[75.98666633704704,18.920219031504857],[75.98600007876634,18.91995147014608],[75.98571786988964,18.920404803709285],[75.9860048478367,18.92076474776625],[75.98476940040321,18.920590571158975],[75.98477098814001,18.920861663789115],[75.98515132983697,18.92095001290787],[75.98553432025557,18.9214901821484],[75.98591413382903,18.921488165443314],[75.98658251922319,18.922117183391748],[75.9867697748842,18.9216643533113],[75.98714852761037,18.921481605787143],[75.98743551046358,18.92184154736815],[75.98734321025914,18.92229387303848],[75.98753524099035,18.92265431936203],[75.98677773044922,18.923019815406416],[75.98639526260509,18.92257001330743],[75.98582553864402,18.922573039716465],[75.98572846539464,18.9222120872773],[75.9851576835392,18.922034383213365],[75.98525634413845,18.922666428556013],[75.98497148191016,18.922667940238906],[75.98478316168702,18.922940040353268],[75.98516721490397,18.923660938430526],[75.9850754372985,18.92420362737684],[75.98526534718235,18.924202619451837],[75.98507808490768,18.924655448205282],[75.98527064349628,18.925106261034706],[75.98555603963119,18.925195112851096],[75.98470144008908,18.925199648550954],[75.98451311678387,18.92547174846688],[75.98432267627662,18.925382391510755],[75.98441657352096,18.925201159576844],[75.98384684030366,18.925204180317515],[75.98328239290731,18.926110841336904],[75.98356778987677,18.926199696171793],[75.98366539010337,18.926651013877578],[75.98319060822755,18.92665352954688],[75.98309935158373,18.927286581899306],[75.9825296110725,18.92728959891678],[75.98252802637006,18.927018506291045],[75.98176942906076,18.927203254658796],[75.98205641119463,18.927563204418806],[75.98205957920341,18.92810538970738],[75.9824404645552,18.928284107836973],[75.98244204923044,18.928555200432925],[75.98196884573795,18.928828805842706],[75.98187599984337,18.929190765094592],[75.98073597805451,18.92910642621586],[75.98064260206155,18.929378020729448],[75.98016886612055,18.929561257514692],[75.98045479482933,18.92974048115535],[75.98064840239756,18.930372027295572],[75.98093169564704,18.930099428990882],[75.98084412132461,18.931365029986452],[75.98065420309563,18.93136603375362],[75.9806515663698,18.93091421264972],[75.98017571786212,18.930735992679725],[75.98017729910504,18.931007085388682],[75.9797985171366,18.931189819816176],[75.97989505700578,18.93146041111791],[75.97942236779822,18.931824374752686],[75.97951943425241,18.932185330484636],[75.97809819578598,18.932735029810935],[75.97809714375357,18.932554301260108],[75.97847645696088,18.9324619343778],[75.97828495903374,18.932191842957533],[75.97875870454324,18.93200861060623],[75.97885103209519,18.93155628838368],[75.97856457555919,18.931286698092745],[75.9778049024061,18.93129070264836],[75.97789670639827,18.93074801646922],[75.97751529405868,18.930478924781255],[75.9775137171571,18.93020783184053],[75.97694344046677,18.930120467827344],[75.97675720002164,18.9307540178718],[75.97609091313888,18.930486422411732],[75.97647547392886,18.931297703139922],[75.977235147416,18.931293704024863],[75.97742611699218,18.93147343237208],[75.97733746476388,18.93255830415993],[75.9767687559994,18.93274203291706],[75.97677243320392,18.93337458306809],[75.97639259172816,18.933376582278388],[75.97620109592864,18.933106488629424],[75.9761947960217,18.932022116698572],[75.97572104735312,18.932205342630184],[75.97581915579417,18.932747029306064],[75.97524834655864,18.932569296103058],[75.97553637426176,18.93310998464312],[75.9758217798014,18.933198850975035],[75.97563605696368,18.93392276436033],[75.97630445751483,18.93455181800468],[75.97554424438803,18.934465449644645],[75.97573679044558,18.934916272546634],[75.9754529559696,18.935098499202415],[75.97545452998456,18.935369592167522],[75.97498024673025,18.93546245227231],[75.9743123711558,18.934923758213394],[75.97460249723325,18.935825905388437],[75.97403482204422,18.936190355031986],[75.97298866939948,18.935924743222646],[75.97251438291735,18.936017597148624],[75.97194251979221,18.93565912535749],[75.97175311889951,18.93575048464872],[75.97194408819314,18.935930218590055],[75.97156424039274,18.935932208175064],[75.97127674231167,18.935481877705676],[75.97136700178763,18.934668100641172],[75.97108002884161,18.934308134134216],[75.9712652495134,18.933493859989447],[75.97069600800413,18.933587206088315],[75.97088331851532,18.933134390085037],[75.9706923536289,18.93295465480542],[75.97022016107944,18.93340896049986],[75.97012259178837,18.932957634597358],[75.97040695083335,18.93286578043981],[75.9704053851853,18.932594686993863],[75.97002606642693,18.932687037585506],[75.96964935463154,18.933231209917622],[75.9688896706682,18.933235178370747],[75.96870131260123,18.933507263562742],[75.9683209491291,18.933418881734386],[75.96861156145975,18.934411404493726],[75.96946099783712,18.933503295825922],[75.97003180505303,18.933681046950177],[75.96946308345011,18.93386475381812],[75.9695653450284,18.935129360446798],[75.96928306711827,18.93558267142864],[75.9686204183328,18.93594760109905],[75.96805064599286,18.935950574981202],[75.96843101514833,18.93603895709069],[75.9684330988459,18.93640041509473],[75.96871954902342,18.936670021221893],[75.96758156082286,18.936947061618042]]]},"id":"340"}]}