{"type":"FeatureCollection","features":[{"type":"Feature","properties":{"id":"1","metrics:area":3050,"metrics:perimeter":223.62121931389953},"geometry":{"type":"Polygon","coordinates":[[[80.28506094680029,19.803995728534016],[80.28477695232115,19.803452411414945],[80.28535018837486,19.8033643417391],[80.28544364335028,19.803816532643776],[80.28506094680029,19.803995728534016]]]},"id":"1"},{"type":"Feature","properties":{"id":"2","metrics:area":600,"metrics:perimeter":103.24555320336759},"geometry":{"type":"Polygon","coordinates":[[[80.28563660453769,19.803365487113172],[80.28563741113723,19.80318476347426],[80.2859242301315,19.803095546551496],[80.28592342385971,19.803276270203543],[80.28563660453769,19.803365487113172]]]},"id":"2"},{"type":"Feature","properties":{"id":"3","metrics:area":600,"metrics:perimeter":100},"geometry":{"type":"Polygon","coordinates":[[[80.28402287630709,19.801280669257988],[80.28402368463641,19.801099945640825],[80.28431009666446,19.801101093015557],[80.2843092886584,19.80128181664404],[80.28402287630709,19.801280669257988]]]},"id":"3"},{"type":"Feature","properties":{"id":"4","metrics:area":600,"metrics:perimeter":111.2310562561766},"geometry":{"type":"Polygon","coordinates":[[[80.28556371692682,19.798304842196643],[80.28556452338529,19.798124118458382],[80.28594599611178,19.798216006553982],[80.28594559309693,19.798306368430186],[80.28556371692682,19.798304842196643]]]},"id":"4"},{"type":"Feature","properties":{"id":"5","metrics:area":2000,"metrics:perimeter":181.9803902718557},"geometry":{"type":"Polygon","coordinates":[[[80.14038133872928,19.79332813825014],[80.1402883014132,19.792875885338976],[80.14067015126902,19.792877721500698],[80.14076318967274,19.793329974253297],[80.14038133872928,19.79332813825014]]]},"id":"5"},{"type":"Feature","properties":{"id":"6","metrics:area":900,"metrics:perimeter":123.24555320336759},"geometry":{"type":"Polygon","coordinates":[[[80.14470901092271,19.787385059607537],[80.14471094064851,19.787023623923204],[80.14499683563997,19.787115352576798],[80.1448999295223,19.7873859728261],[80.14470901092271,19.787385059607537]]]},"id":"6"},{"type":"Feature","properties":{"id":"7","metrics:area":900,"metrics:perimeter":123.59173603117449},"geometry":{"type":"Polygon","coordinates":[[[80.18194202755,19.78683640371049],[80.18175156932224,19.786745170284796],[80.18175295389403,19.78647409093034],[80.18203933288706,19.786475401292105],[80.18194202755,19.78683640371049]]]},"id":"7"},{"type":"Feature","properties":{"id":"8","metrics:area":900,"metrics:perimeter":135.9524158061724},"geometry":{"type":"Polygon","coordinates":[[[80.18461628494669,19.78657753376209],[80.18471358413413,19.786216529658347],[80.18490496302964,19.786127040251316],[80.18499950319519,19.78630819512379],[80.18461628494669,19.78657753376209]]]},"id":"8"},{"type":"Feature","properties":{"id":"9","metrics:area":700,"metrics:perimeter":112.36067977499789},"geometry":{"type":"Polygon","coordinates":[[[80.1509277589286,19.78479422160102],[80.15092967435281,19.784432785225473],[80.15112058974435,19.784433691672255],[80.15111915350309,19.784704768968734],[80.1509277589286,19.78479422160102]]]},"id":"9"},{"type":"Feature","properties":{"id":"10","metrics:area":850,"metrics:perimeter":122.8538328578604},"geometry":{"type":"Polygon","coordinates":[[[80.18433864644535,19.784859390329444],[80.18434002649728,19.784588310742414],[80.1846268621558,19.784499256970857],[80.1845295639709,19.784860261126006],[80.18433864644535,19.784859390329444]]]},"id":"10"},{"type":"Feature","properties":{"id":"11","metrics:area":600,"metrics:perimeter":103.24555320336759},"geometry":{"type":"Polygon","coordinates":[[[80.14854371304493,19.784331078406186],[80.14864061102696,19.78406045579371],[80.1487360684427,19.784060910256304],[80.14883008577655,19.78433244181417],[80.14854371304493,19.784331078406186]]]},"id":"11"},{"type":"Feature","properties":{"id":"12","metrics:area":1400,"metrics:perimeter":167.7995987511004},"geometry":{"type":"Polygon","coordinates":[[[80.14739870319484,19.78423526117498],[80.14739966486312,19.784054543143952],[80.14778341684799,19.783694927228712],[80.14778101378678,19.784146722362774],[80.14739870319484,19.78423526117498]]]},"id":"12"},{"type":"Feature","properties":{"id":"13","metrics:area":950,"metrics:perimeter":134.58193116710237},"geometry":{"type":"Polygon","coordinates":[[[80.14396271813268,19.784128483653745],[80.14386919207617,19.783766590905525],[80.14406058902786,19.78367714591988],[80.14415363281442,19.78412939752511],[80.14396271813268,19.784128483653745]]]},"id":"13"},{"type":"Feature","properties":{"id":"14","metrics:area":700,"metrics:perimeter":114.47660945954419},"geometry":{"type":"Polygon","coordinates":[[[80.14845401825158,19.783246315307952],[80.14855091565131,19.782975692692972],[80.14883680596739,19.783067415060717],[80.14883632597098,19.783157774120532],[80.14845401825158,19.783246315307952]]]},"id":"14"},{"type":"Feature","properties":{"id":"15","metrics:area":600,"metrics:perimeter":100},"geometry":{"type":"Polygon","coordinates":[[[80.13977181500115,19.782391508897447],[80.13977278517338,19.7822107911907],[80.14005915345759,19.782212168503225],[80.14005818360823,19.782392886223583],[80.13977181500115,19.782391508897447]]]},"id":"15"},{"type":"Feature","properties":{"id":"16","metrics:area":550,"metrics:perimeter":108.90934561250029},"geometry":{"type":"Polygon","coordinates":[[[80.1398760013972,19.78076550852253],[80.13949369528538,19.780854030603383],[80.13959060600307,19.78058341328229],[80.1398760013972,19.78076550852253]]]},"id":"16"},{"type":"Feature","properties":{"id":"17","metrics:area":500,"metrics:perimeter":92.36067977499789},"geometry":{"type":"Polygon","coordinates":[[[80.13930472596766,19.780491676468127],[80.13930618186062,19.780220599882455],[80.13949709165308,19.780221518551322],[80.13949612127568,19.780402236285102],[80.13930472596766,19.780491676468127]]]},"id":"17"},{"type":"Feature","properties":{"id":"18","metrics:area":1300,"metrics:perimeter":153.84402799378825},"geometry":{"type":"Polygon","coordinates":[[[80.13930812301375,19.77985916442196],[80.13940503336879,19.77958854716092],[80.13978733647319,19.779500025146127],[80.13978588145152,19.779771101787983],[80.13930812301375,19.77985916442196]]]},"id":"18"},{"type":"Feature","properties":{"id":"19","metrics:area":3500,"metrics:perimeter":245.60219778561037},"geometry":{"type":"Polygon","coordinates":[[[80.13931054939498,19.779407370075567],[80.13931394621633,19.778774857951838],[80.13998115475714,19.77895878993352],[80.13997970010638,19.779229866605604],[80.13931054939498,19.779407370075567]]]},"id":"19"},{"type":"Feature","properties":{"id":"20","metrics:area":1500,"metrics:perimeter":163.85164807134504},"geometry":{"type":"Polygon","coordinates":[[[80.14695075831506,19.778721083841535],[80.14695268207036,19.778359647595458],[80.1474289906531,19.77854264142324],[80.14742802930816,19.778723359566925],[80.14695075831506,19.778721083841535]]]},"id":"20"},{"type":"Feature","properties":{"id":"21","metrics:area":1000,"metrics:perimeter":143.85164807134504},"geometry":{"type":"Polygon","coordinates":[[[80.13931637243705,19.778323063550044],[80.13931879859089,19.77787126912516],[80.13941425208698,19.777871728426074],[80.13960273374028,19.77832444133403],[80.13931637243705,19.778323063550044]]]},"id":"21"},{"type":"Feature","properties":{"id":"22","metrics:area":2550,"metrics:perimeter":256.58513808677105},"geometry":{"type":"Polygon","coordinates":[[[80.14017691066667,19.778056118813524],[80.14008291142672,19.777784583200607],[80.14027478771825,19.77760478310852],[80.14065514777921,19.777877694703548],[80.14094247700142,19.777698352461066],[80.14094102407685,19.777969429239906],[80.14017691066667,19.778056118813524]]]},"id":"22"},{"type":"Feature","properties":{"id":"23","metrics:area":1350,"metrics:perimeter":159.32607274437387},"geometry":{"type":"Polygon","coordinates":[[[80.1410374461836,19.777789169821155],[80.14123077386097,19.77733829185492],[80.1414216803171,19.77733920834156],[80.14151568162498,19.777610743339157],[80.1410374461836,19.777789169821155]]]},"id":"23"},{"type":"Feature","properties":{"id":"24","metrics:area":950,"metrics:perimeter":136.34413615167958},"geometry":{"type":"Polygon","coordinates":[[[80.1393202542511,19.777600192459147],[80.13932268029794,19.77714839799733],[80.13941813336362,19.777148857280093],[80.13960709931649,19.777511211291365],[80.1393202542511,19.777600192459147]]]},"id":"24"},{"type":"Feature","properties":{"id":"25","metrics:area":1350,"metrics:perimeter":154.5623261899998},"geometry":{"type":"Polygon","coordinates":[[[80.14018030381791,19.777423606449975],[80.13999036698657,19.77724197081733],[80.13999182146088,19.7769708940843],[80.14046811726284,19.77715390602942],[80.14018030381791,19.777423606449975]]]},"id":"25"},{"type":"Feature","properties":{"id":"26","metrics:area":500,"metrics:perimeter":92.36067977499789},"geometry":{"type":"Polygon","coordinates":[[[80.17845819497495,19.777422793824357],[80.17845958440958,19.77715171441179],[80.17865049247195,19.777152591157886],[80.17864956639994,19.777333310775855],[80.17845819497495,19.777422793824357]]]},"id":"26"},{"type":"Feature","properties":{"id":"27","metrics:area":1300,"metrics:perimeter":161.34039744690182},"geometry":{"type":"Polygon","coordinates":[[[80.13960952454302,19.7770594167909],[80.13951504170524,19.77687823981015],[80.13999376072258,19.776609458427338],[80.14008824396632,19.776790635174883],[80.13960952454302,19.7770594167909]]]},"id":"27"},{"type":"Feature","properties":{"id":"28","metrics:area":800,"metrics:perimeter":131.2310562561766},"geometry":{"type":"Polygon","coordinates":[[[80.17874687246118,19.776972309828572],[80.17884417805374,19.776611308798273],[80.17913053921342,19.776612623190942],[80.17913007646298,19.776702983016747],[80.17874687246118,19.776972309828572]]]},"id":"28"},{"type":"Feature","properties":{"id":"29","metrics:area":850,"metrics:perimeter":122.8538328578604},"geometry":{"type":"Polygon","coordinates":[[[80.19478362220507,19.776954859803073],[80.19488089200715,19.776593848770755],[80.19507180018589,19.776594707967966],[80.19507043888645,19.776865788518936],[80.19478362220507,19.776954859803073]]]},"id":"29"},{"type":"Feature","properties":{"id":"30","metrics:area":800,"metrics:perimeter":120},"geometry":{"type":"Polygon","coordinates":[[[80.15994391912282,19.776613904901716],[80.15994581336001,19.77625246735305],[80.16013671945227,19.776253363818885],[80.16013482564544,19.77661480138526],[80.15994391912282,19.776613904901716]]]},"id":"30"},{"type":"Feature","properties":{"id":"31","metrics:area":1200,"metrics:perimeter":190.6225774829855},"geometry":{"type":"Polygon","coordinates":[[[80.13932462108724,19.776786962411254],[80.13932850253747,19.77606409119478],[80.13942395495765,19.776064550450318],[80.13951552679096,19.776787880907705],[80.13932462108724,19.776786962411254]]]},"id":"31"},{"type":"Feature","properties":{"id":"32","metrics:area":550,"metrics:perimeter":103.98345637668169},"geometry":{"type":"Polygon","coordinates":[[[80.19220772317921,19.77667215874144],[80.19220954467559,19.776310718252674],[80.19230499853214,19.776311149296294],[80.19239908659544,19.776582660669728],[80.19220772317921,19.77667215874144]]]},"id":"32"},{"type":"Feature","properties":{"id":"33","metrics:area":650,"metrics:perimeter":103.98345637668169},"geometry":{"type":"Polygon","coordinates":[[[80.19841856915897,19.775435027497338],[80.19832447137286,19.775163518922884],[80.19861083133222,19.775164802040813],[80.19860992786244,19.775345522595224],[80.19841856915897,19.775435027497338]]]},"id":"33"},{"type":"Feature","properties":{"id":"34","metrics:area":550,"metrics:perimeter":96.34413615167959},"geometry":{"type":"Polygon","coordinates":[[[80.18973733685493,19.77440193159991],[80.1897382502796,19.774221211422162],[80.18992961199106,19.774131715913857],[80.19002415139934,19.77431286832084],[80.18973733685493,19.77440193159991]]]},"id":"34"},{"type":"Feature","properties":{"id":"35","metrics:area":500,"metrics:perimeter":100.6449510224598},"geometry":{"type":"Polygon","coordinates":[[[80.16291523983531,19.77427843139401],[80.16291618348859,19.77409771243649],[80.16310803058826,19.773917886669096],[80.16310661544276,19.77418896512276],[80.16291523983531,19.77427843139401]]]},"id":"35"},{"type":"Feature","properties":{"id":"36","metrics:area":1450,"metrics:perimeter":156.3441361516796},"geometry":{"type":"Polygon","coordinates":[[[80.2304108053358,19.772412827837382],[80.23041297402024,19.77196102284029],[80.23069933047,19.771962254401995],[80.23079348206663,19.772233747846094],[80.2304108053358,19.772412827837382]]]},"id":"36"},{"type":"Feature","properties":{"id":"37","metrics:area":550,"metrics:perimeter":96.34413615167959},"geometry":{"type":"Polygon","coordinates":[[[80.20254149992101,19.771748597535982],[80.20254239878159,19.771567876735034],[80.20273375065345,19.771478367142496],[80.20282830334689,19.77165951328617],[80.20254149992101,19.771748597535982]]]},"id":"37"},{"type":"Feature","properties":{"id":"38","metrics:area":600,"metrics:perimeter":114.04918347287665},"geometry":{"type":"Polygon","coordinates":[[[80.15243273927842,19.770976058099016],[80.15214591232615,19.771065060597888],[80.15214782356465,19.770703623553757],[80.15243273927842,19.770976058099016]]]},"id":"38"},{"type":"Feature","properties":{"id":"39","metrics:area":900,"metrics:perimeter":126.83728923454208},"geometry":{"type":"Polygon","coordinates":[[[80.2825326205324,19.77163544684459],[80.28262928650102,19.771364743362195],[80.2828205965399,19.771275146631005],[80.28291483702645,19.77154661549204],[80.2825326205324,19.77163544684459]]]},"id":"39"},{"type":"Feature","properties":{"id":"40","metrics:area":1050,"metrics:perimeter":153.25403217417505},"geometry":{"type":"Polygon","coordinates":[[[80.15014098894481,19.77114590960821],[80.15023931201802,19.770604207688557],[80.15043021090548,19.770605114265084],[80.15042877458463,19.770876191931528],[80.15014098894481,19.77114590960821]]]},"id":"40"},{"type":"Feature","properties":{"id":"41","metrics:area":950,"metrics:perimeter":184.40364694295053},"geometry":{"type":"Polygon","coordinates":[[[80.15176650341336,19.77061145459909],[80.15167248813128,19.77033992428696],[80.15205619679908,19.769980297090367],[80.15215069034336,19.770161467959863],[80.15195979189866,19.770160563238367],[80.15176650341336,19.77061145459909]]]},"id":"41"},{"type":"Feature","properties":{"id":"42","metrics:area":1400,"metrics:perimeter":162.61297173761164},"geometry":{"type":"Polygon","coordinates":[[[80.16121648782288,19.77056564558885],[80.16112340182406,19.770113400700858],[80.16141022265715,19.77002438355353],[80.1614073872062,19.770566540452094],[80.16121648782288,19.77056564558885]]]},"id":"42"},{"type":"Feature","properties":{"id":"43","metrics:area":900,"metrics:perimeter":127.18347206234901},"geometry":{"type":"Polygon","coordinates":[[[80.2826329250272,19.770551484586587],[80.28253908986606,19.77018965348863],[80.282730398527,19.770100056800032],[80.28282423407796,19.770461887813077],[80.2826329250272,19.770551484586587]]]},"id":"43"},{"type":"Feature","properties":{"id":"44","metrics:area":800,"metrics:perimeter":124.72135954999578},"geometry":{"type":"Polygon","coordinates":[[[80.14652351920812,19.769321460814105],[80.14652544293594,19.768960024229017],[80.14671682049904,19.768870575542277],[80.14671489721195,19.769232012149054],[80.14652351920812,19.769321460814105]]]},"id":"44"},{"type":"Feature","properties":{"id":"45","metrics:area":600,"metrics:perimeter":103.24555320336759},"geometry":{"type":"Polygon","coordinates":[[[80.18680580398711,19.76896690137894],[80.1868067204434,19.76878618122323],[80.18709352626107,19.768697122290245],[80.18709261013247,19.768877842460657],[80.18680580398711,19.76896690137894]]]},"id":"45"},{"type":"Feature","properties":{"id":"46","metrics:area":500,"metrics:perimeter":100.6449510224598},"geometry":{"type":"Polygon","coordinates":[[[80.14843920924643,19.768065527753116],[80.14844112852452,19.767704090936576],[80.14853657619611,19.767704545145712],[80.14863106445164,19.767885717723043],[80.14843920924643,19.768065527753116]]]},"id":"46"},{"type":"Feature","properties":{"id":"47","metrics:area":1200,"metrics:perimeter":140.53212221418408},"geometry":{"type":"Polygon","coordinates":[[[80.14452825828904,19.76759506542328],[80.14424239795366,19.76750333712825],[80.14433929175138,19.767232716235075],[80.14472059902305,19.767324900598233],[80.14452825828904,19.76759506542328]]]},"id":"47"},{"type":"Feature","properties":{"id":"48","metrics:area":1000,"metrics:perimeter":126.49110640673517},"geometry":{"type":"Polygon","coordinates":[[[80.14510190676468,19.767417084164137],[80.14481604637614,19.76732535678343],[80.1449129390986,19.767054735534234],[80.14519879907299,19.76714646274698],[80.14510190676468,19.767417084164137]]]},"id":"48"},{"type":"Feature","properties":{"id":"49","metrics:area":650,"metrics:perimeter":103.98345637668169},"geometry":{"type":"Polygon","coordinates":[[[80.14357619607908,19.767138704214197],[80.14348219663813,19.76686717008431],[80.14376853779527,19.766868540438388],[80.14376757294045,19.767049258644533],[80.14357619607908,19.767138704214197]]]},"id":"49"},{"type":"Feature","properties":{"id":"50","metrics:area":950,"metrics:perimeter":134.58193116710237},"geometry":{"type":"Polygon","coordinates":[[[80.2349203536323,19.767552569812455],[80.23482662855255,19.767190717114996],[80.23501795839134,19.767101172160988],[80.23511125288385,19.767553385920834],[80.2349203536323,19.767552569812455]]]},"id":"50"},{"type":"Feature","properties":{"id":"51","metrics:area":550,"metrics:perimeter":96.34413615167959},"geometry":{"type":"Polygon","coordinates":[[[80.22919468344577,19.767256908815714],[80.22919555205202,19.76707618676745],[80.22938688467157,19.766986647934306],[80.22948146555632,19.76716778101644],[80.22919468344577,19.767256908815714]]]},"id":"51"},{"type":"Feature","properties":{"id":"52","metrics:area":2350,"metrics:perimeter":219.63990038857645},"geometry":{"type":"Polygon","coordinates":[[[80.22843108897116,19.767253617961384],[80.22833650924667,19.767072484363865],[80.22833955268034,19.76643995729402],[80.22881462425248,19.766893819728075],[80.22843108897116,19.767253617961384]]]},"id":"52"},{"type":"Feature","properties":{"id":"53","metrics:area":700,"metrics:perimeter":107.96691275336337},"geometry":{"type":"Polygon","coordinates":[[[80.28026243196132,19.767017780515133],[80.28016819840838,19.766746310344452],[80.28035950413033,19.766656716069697],[80.2804537379633,19.766928186150807],[80.28026243196132,19.767017780515133]]]},"id":"53"},{"type":"Feature","properties":{"id":"54","metrics:area":650,"metrics:perimeter":103.98345637668169},"geometry":{"type":"Polygon","coordinates":[[[80.19245097095401,19.76628160036904],[80.19235688816309,19.76601008892304],[80.19264323135563,19.766011381020366],[80.1926423216149,19.766192101493793],[80.19245097095401,19.76628160036904]]]},"id":"54"},{"type":"Feature","properties":{"id":"55","metrics:area":600,"metrics:perimeter":100},"geometry":{"type":"Polygon","coordinates":[[[80.22776990541705,19.765804959790348],[80.22777121062715,19.765533876763893],[80.2279621071548,19.76553470041818],[80.22796080226728,19.765805783456845],[80.22776990541705,19.765804959790348]]]},"id":"55"},{"type":"Feature","properties":{"id":"56","metrics:area":5300,"metrics:perimeter":328.400763484792},"geometry":{"type":"Polygon","coordinates":[[[80.15541833274759,19.76592992687128],[80.15541928441615,19.7657492080942],[80.1549420510496,19.76574695510839],[80.1547549673011,19.765023178537287],[80.1554221393589,19.76520705174081],[80.15570562446759,19.765750559274945],[80.15541833274759,19.76592992687128]]]},"id":"56"},{"type":"Feature","properties":{"id":"57","metrics:area":750,"metrics:perimeter":111.6227766016838},"geometry":{"type":"Polygon","coordinates":[[[80.1678315943498,19.764994101995992],[80.16783253198409,19.764813382624055],[80.16811933992936,19.764724354189504],[80.1681179339656,19.764995433268528],[80.1678315943498,19.764994101995992]]]},"id":"57"},{"type":"Feature","properties":{"id":"58","metrics:area":700,"metrics:perimeter":111.5298244508295},"geometry":{"type":"Polygon","coordinates":[[[80.14072488390161,19.76486600079248],[80.14053496071257,19.764684366019573],[80.1405359290843,19.764503647919195],[80.14082178177715,19.764595381887453],[80.14072488390161,19.76486600079248]]]},"id":"58"},{"type":"Feature","properties":{"id":"59","metrics:area":650,"metrics:perimeter":123.35087491092574},"geometry":{"type":"Polygon","coordinates":[[[80.1463561900539,19.7648929511619],[80.1464540402728,19.764441610472577],[80.14654948595341,19.764442065669616],[80.14654756275601,19.764803502439257],[80.1463561900539,19.7648929511619]]]},"id":"59"},{"type":"Feature","properties":{"id":"60","metrics:area":1200,"metrics:perimeter":146.0555127546399},"geometry":{"type":"Polygon","coordinates":[[[80.14473360936547,19.764885203969477],[80.14473601847556,19.764433408223663],[80.14502235538201,19.764434776410184],[80.14502091040772,19.764705853880727],[80.14473360936547,19.764885203969477]]]},"id":"60"},{"type":"Feature","properties":{"id":"61","metrics:area":1250,"metrics:perimeter":158.309518948453},"geometry":{"type":"Polygon","coordinates":[[[80.13939058246021,19.764498143695825],[80.13939300656796,19.764046348564744],[80.1394884518365,19.76404680751858],[80.13977236462547,19.76449997925119],[80.13939058246021,19.764498143695825]]]},"id":"61"},{"type":"Feature","properties":{"id":"62","metrics:area":700,"metrics:perimeter":112.36067977499789},"geometry":{"type":"Polygon","coordinates":[[[80.14111102181056,19.764054601947773],[80.14111198949988,19.763873883807296],[80.14149377035238,19.76387571563519],[80.14139735776845,19.764055975908608],[80.14111102181056,19.764054601947773]]]},"id":"62"},{"type":"Feature","properties":{"id":"63","metrics:area":500,"metrics:perimeter":89.44271909999159},"geometry":{"type":"Polygon","coordinates":[[[80.16611778512525,19.764172867894942],[80.1660232787526,19.763991703834257],[80.16621464025005,19.763902233627434],[80.16630914679433,19.76408339759477],[80.16611778512525,19.764172867894942]]]},"id":"63"},{"type":"Feature","properties":{"id":"64","metrics:area":1200,"metrics:perimeter":143.13755207963356},"geometry":{"type":"Polygon","coordinates":[[[80.17833767205691,19.763687216840122],[80.1783395235091,19.763325777078204],[80.17853087785542,19.76323629341819],[80.17872038142265,19.763508249348977],[80.17833767205691,19.763687216840122]]]},"id":"64"},{"type":"Feature","properties":{"id":"65","metrics:area":600,"metrics:perimeter":100},"geometry":{"type":"Polygon","coordinates":[[[80.1671719137794,19.76336451970843],[80.16717285207312,19.76318380033402],[80.16745918840938,19.76318513254362],[80.16745825043817,19.7633658519312],[80.1671719137794,19.76336451970843]]]},"id":"65"},{"type":"Feature","properties":{"id":"66","metrics:area":2400,"metrics:perimeter":363.0011382328154},"geometry":{"type":"Polygon","coordinates":[[[80.14025249841083,19.76396011826787],[80.1397762414457,19.763777106957818],[80.1404453257535,19.7635995989792],[80.14092642237254,19.762879017799246],[80.14063621581452,19.763600515693774],[80.14025249841083,19.76396011826787]]]},"id":"66"},{"type":"Feature","properties":{"id":"67","metrics:area":2250,"metrics:perimeter":193.04887669508665},"geometry":{"type":"Polygon","coordinates":[[[80.14197437992027,19.76324549061179],[80.14140219449574,19.76315238510142],[80.14149957368409,19.762791406606194],[80.14197631325719,19.762884054212464],[80.14197437992027,19.76324549061179]]]},"id":"67"},{"type":"Feature","properties":{"id":"68","metrics:area":500,"metrics:perimeter":92.36067977499789},"geometry":{"type":"Polygon","coordinates":[[[80.2057334658045,19.763268721919207],[80.20573480807131,19.7629976402489],[80.20592570057181,19.7629984873044],[80.20592480594475,19.763179208427232],[80.2057334658045,19.763268721919207]]]},"id":"68"},{"type":"Feature","properties":{"id":"69","metrics:area":750,"metrics:perimeter":111.6227766016838},"geometry":{"type":"Polygon","coordinates":[[[80.14426698539737,19.762895021378355],[80.14436387604674,19.76262440022897],[80.14455476514377,19.762625312721116],[80.14455331952266,19.76289639021321],[80.14426698539737,19.762895021378355]]]},"id":"69"},{"type":"Feature","properties":{"id":"70","metrics:area":1600,"metrics:perimeter":169.4427190999916},"geometry":{"type":"Polygon","coordinates":[[[80.20602025230622,19.763179631882828],[80.20621293363575,19.762819036366903],[80.20659471826593,19.762820729239824],[80.2064020377767,19.763181325196335],[80.20602025230622,19.763179631882828]]]},"id":"70"},{"type":"Feature","properties":{"id":"71","metrics:area":600,"metrics:perimeter":100},"geometry":{"type":"Polygon","coordinates":[[[80.14760851198949,19.762730244150966],[80.14760947228906,19.76254952567609],[80.14789580604797,19.76255088914095],[80.14789484607088,19.762731607629302],[80.14760851198949,19.762730244150966]]]},"id":"71"},{"type":"Feature","properties":{"id":"72","metrics:area":8600,"metrics:perimeter":497.42182521592963},"geometry":{"type":"Polygon","coordinates":[[[80.13949039085955,19.763685371388032],[80.13939688500128,19.763323476307026],[80.13997100747349,19.763055152005172],[80.13959116741732,19.76269188082181],[80.14026121588968,19.762333655221045],[80.14035278626284,19.76305698619413],[80.14054415981265,19.762967543916947],[80.14044677837218,19.763328521800826],[80.13949039085955,19.763685371388032]]]},"id":"72"},{"type":"Feature","properties":{"id":"73","metrics:area":800,"metrics:perimeter":119.5153275036385},"geometry":{"type":"Polygon","coordinates":[[[80.15428964674913,19.76276193931826],[80.15429059952396,19.76258122053007],[80.15448244161256,19.76240140363278],[80.15457598138444,19.762763292110552],[80.15428964674913,19.76276193931826]]]},"id":"73"},{"type":"Feature","properties":{"id":"74","metrics:area":1400,"metrics:perimeter":151.2310562561766},"geometry":{"type":"Polygon","coordinates":[[[80.1581074438279,19.76277993889314],[80.15810886653642,19.762508860442573],[80.15849111984578,19.76242029640121],[80.1584892237663,19.76278173437263],[80.1581074438279,19.76277993889314]]]},"id":"74"},{"type":"Feature","properties":{"id":"75","metrics:area":900,"metrics:perimeter":121.66174573300538},"geometry":{"type":"Polygon","coordinates":[[[80.14369576429088,19.762621204903542],[80.14350535770134,19.7625299323544],[80.14360224937245,19.762259311646147],[80.14388810007657,19.76235104065507],[80.14369576429088,19.762621204903542]]]},"id":"75"},{"type":"Feature","properties":{"id":"76","metrics:area":900,"metrics:perimeter":132.3606797749979},"geometry":{"type":"Polygon","coordinates":[[[80.19189649386412,19.76266460561641],[80.19199284988848,19.762484316026587],[80.19237463239084,19.762486039203406],[80.1923737225233,19.762666759735943],[80.19189649386412,19.76266460561641]]]},"id":"76"},{"type":"Feature","properties":{"id":"77","metrics:area":1450,"metrics:perimeter":158.63873471753578},"geometry":{"type":"Polygon","coordinates":[[[80.16679482511901,19.762459145877852],[80.16650989861488,19.76218673360778],[80.16698806124955,19.762008235973344],[80.16698618435635,19.762369674748864],[80.16679482511901,19.762459145877852]]]},"id":"77"},{"type":"Feature","properties":{"id":"78","metrics:area":2800,"metrics:perimeter":217.8168254539608},"geometry":{"type":"Polygon","coordinates":[[[80.14064154078307,19.762606565949284],[80.14035811282879,19.762063036463488],[80.14083630131383,19.76188460976266],[80.14092884193983,19.762427222403804],[80.14064154078307,19.762606565949284]]]},"id":"78"},{"type":"Feature","properties":{"id":"79","metrics:area":1750,"metrics:perimeter":170.99019513592785},"geometry":{"type":"Polygon","coordinates":[[[80.15496014097116,19.762313298065834],[80.1545783624956,19.76231149509973],[80.15458074354112,19.761859698065848],[80.15486707658764,19.761861050333334],[80.15496014097116,19.762313298065834]]]},"id":"79"},{"type":"Feature","properties":{"id":"80","metrics:area":600,"metrics:perimeter":112.11102550927978},"geometry":{"type":"Polygon","coordinates":[[[80.14026363725799,19.7618818598772],[80.14045597773237,19.761611699478248],[80.14064686542852,19.761612616093146],[80.14045452526591,19.76188277670922],[80.14026363725799,19.7618818598772]]]},"id":"80"},{"type":"Feature","properties":{"id":"81","metrics:area":500,"metrics:perimeter":92.36067977499789},"geometry":{"type":"Polygon","coordinates":[[[80.14236388901567,19.76180157471382],[80.14246029907429,19.76162131378364],[80.14265118688245,19.76162222826148],[80.1426502210464,19.76180294652047],[80.14236388901567,19.76180157471382]]]},"id":"81"},{"type":"Feature","properties":{"id":"82","metrics:area":750,"metrics:perimeter":111.6227766016838},"geometry":{"type":"Polygon","coordinates":[[[80.15706229739558,19.761871402503164],[80.15706372179925,19.761600324098207],[80.15734957992925,19.761692031852675],[80.15734863064668,19.761872750801714],[80.15706229739558,19.761871402503164]]]},"id":"82"},{"type":"Feature","properties":{"id":"83","metrics:area":1300,"metrics:perimeter":148.5176252669931},"geometry":{"type":"Polygon","coordinates":[[[80.15629874217463,19.761867804801458],[80.1561092794116,19.76159582652893],[80.15649153145365,19.761507266710403],[80.15658507536283,19.76186915432123],[80.15629874217463,19.761867804801458]]]},"id":"83"},{"type":"Feature","properties":{"id":"84","metrics:area":1300,"metrics:perimeter":148.3130955811703},"geometry":{"type":"Polygon","coordinates":[[[80.14112360093901,19.761705265833704],[80.14093464862904,19.761342913360615],[80.14131690709893,19.76125438624008],[80.14131497244912,19.761615822642487],[80.14112360093901,19.761705265833704]]]},"id":"84"},{"type":"Feature","properties":{"id":"85","metrics:area":600,"metrics:perimeter":100},"geometry":{"type":"Polygon","coordinates":[[[80.14646990680625,19.761459756633972],[80.14647134907517,19.76118867896245],[80.14666223656917,19.76118958914367],[80.1466607946227,19.761460666828683],[80.14646990680625,19.761459756633972]]]},"id":"85"},{"type":"Feature","properties":{"id":"86","metrics:area":2250,"metrics:perimeter":194.8418432072729},"geometry":{"type":"Polygon","coordinates":[[[80.1419840461783,19.761438308467564],[80.1415063437523,19.761526379237754],[80.14150924505005,19.760984224595923],[80.14198549602503,19.761167231114097],[80.1419840461783,19.761438308467564]]]},"id":"86"},{"type":"Feature","properties":{"id":"87","metrics:area":500,"metrics:perimeter":92.36067977499789},"geometry":{"type":"Polygon","coordinates":[[[80.1689956778728,19.761385035146287],[80.16899708207528,19.76111395589744],[80.16918797058936,19.761114842053573],[80.16918703467195,19.761295561562484],[80.1689956778728,19.761385035146287]]]},"id":"87"},{"type":"Feature","properties":{"id":"88","metrics:area":1250,"metrics:perimeter":150.99019513592785},"geometry":{"type":"Polygon","coordinates":[[[80.14074472919847,19.761161278886874],[80.14074569714694,19.76098056070546],[80.14122339826788,19.760892491915186],[80.14122194715533,19.76116356922266],[80.14074472919847,19.761161278886874]]]},"id":"88"},{"type":"Feature","properties":{"id":"89","metrics:area":9800,"metrics:perimeter":459.4118880338455},"geometry":{"type":"Polygon","coordinates":[[[80.13940609559457,19.761606654458244],[80.13960134484026,19.7607943406334],[80.1400804989103,19.760435197658854],[80.1400790459031,19.760706274898617],[80.14055723055968,19.760527848777002],[80.14065073769501,19.760889743400362],[80.14045985085876,19.760888826821713],[80.1404583984564,19.761159904074834],[80.13988331470803,19.76160894841239],[80.13940609559457,19.761606654458244]]]},"id":"89"},{"type":"Feature","properties":{"id":"90","metrics:area":1050,"metrics:perimeter":135.2145126328583},"geometry":{"type":"Polygon","coordinates":[[[80.1407466650847,19.76079984252035],[80.14074860092823,19.760438406139066],[80.14093997108984,19.760348963287633],[80.14103347900958,19.760710857746563],[80.1407466650847,19.76079984252035]]]},"id":"90"},{"type":"Feature","properties":{"id":"91","metrics:area":4150,"metrics:perimeter":265.4644206902584},"geometry":{"type":"Polygon","coordinates":[[[80.13941045817026,19.760793422939926],[80.1394143358335,19.760070550416444],[80.13989203480611,19.75998248509691],[80.1400804989103,19.760435197658854],[80.13941045817026,19.760793422939926]]]},"id":"91"},{"type":"Feature","properties":{"id":"92","metrics:area":600,"metrics:perimeter":100},"geometry":{"type":"Polygon","coordinates":[[[80.29174361472617,19.760918844397036],[80.29174481149411,19.760647757291316],[80.29193570497546,19.76064851252804],[80.29193450853,19.760919599644957],[80.29174361472617,19.760918844397036]]]},"id":"92"},{"type":"Feature","properties":{"id":"93","metrics:area":900,"metrics:perimeter":126.05551275463989},"geometry":{"type":"Polygon","coordinates":[[[80.29212540234263,19.760920354689333],[80.2921265984656,19.760649267561217],[80.29250838547226,19.760650777016938],[80.29231629616407,19.760921109530155],[80.29212540234263,19.760920354689333]]]},"id":"93"},{"type":"Feature","properties":{"id":"94","metrics:area":650,"metrics:perimeter":103.98345637668169},"geometry":{"type":"Polygon","coordinates":[[[80.16842863196511,19.760298058529873],[80.16843003704197,19.760026979287275],[80.16862092423526,19.760027866001394],[80.16871543144289,19.760209028791273],[80.16842863196511,19.760298058529873]]]},"id":"94"},{"type":"Feature","properties":{"id":"95","metrics:area":750,"metrics:perimeter":111.6227766016838},"geometry":{"type":"Polygon","coordinates":[[[80.17033844215788,19.760126197062455],[80.17033984399484,19.759855117682967],[80.17053073107637,19.75985600235317],[80.17062477326773,19.76012752401112],[80.17033844215788,19.760126197062455]]]},"id":"95"},{"type":"Feature","properties":{"id":"96","metrics:area":800,"metrics:perimeter":134.6285203759807},"geometry":{"type":"Polygon","coordinates":[[[80.14094190645005,19.759987526869782],[80.14075247248715,19.759715533332212],[80.14113521084104,19.75953664732863],[80.14094190645005,19.759987526869782]]]},"id":"96"},{"type":"Feature","properties":{"id":"97","metrics:area":1500,"metrics:perimeter":164.87680877585885},"geometry":{"type":"Polygon","coordinates":[[[80.1588861643318,19.759892024569517],[80.15860030838856,19.759800319336524],[80.15860173003203,19.75952924076138],[80.159173914869,19.759622291209116],[80.1588861643318,19.759892024569517]]]},"id":"97"},{"type":"Feature","properties":{"id":"98","metrics:area":600,"metrics:perimeter":111.2310562561766},"geometry":{"type":"Polygon","coordinates":[[[80.17072255228337,19.759676167211435],[80.17072442048276,19.759314727983522],[80.17081986371011,19.759315170127433],[80.17091343917056,19.75967705146586],[80.17072255228337,19.759676167211435]]]},"id":"98"},{"type":"Feature","properties":{"id":"99","metrics:area":1150,"metrics:perimeter":185.04645297747447},"geometry":{"type":"Polygon","coordinates":[[[80.15488040471462,19.759330986330294],[80.15421325752544,19.75914711191007],[80.15497727529424,19.759060358586375],[80.15488040471462,19.759330986330294]]]},"id":"99"},{"type":"Feature","properties":{"id":"100","metrics:area":850,"metrics:perimeter":118.32324037878348},"geometry":{"type":"Polygon","coordinates":[[[80.14934568211937,19.759124046336733],[80.14915575531731,19.75894242048752],[80.14925215604373,19.75876215549414],[80.1495380042036,19.758853875402885],[80.14934568211937,19.759124046336733]]]},"id":"100"},{"type":"Feature","properties":{"id":"101","metrics:area":800,"metrics:perimeter":123.1375520796336},"geometry":{"type":"Polygon","coordinates":[[[80.16079975684994,19.758997388483106],[80.16051437404423,19.758815326738016],[80.16051531960221,19.75863460757995],[80.16089614478507,19.758817116739507],[80.16079975684994,19.758997388483106]]]},"id":"101"},{"type":"Feature","properties":{"id":"102","metrics:area":12400,"metrics:perimeter":549.0803061429305},"geometry":{"type":"Polygon","coordinates":[[[80.1394157899131,19.759799473204918],[80.13942305995013,19.758444087022713],[80.13980337439764,19.758716999250563],[80.13980192105913,19.758988076522517],[80.14037699532219,19.758539031973417],[80.14075682778669,19.758902301353913],[80.14065944966985,19.759263279625706],[80.1394157899131,19.759799473204918]]]},"id":"102"},{"type":"Feature","properties":{"id":"103","metrics:area":1400,"metrics:perimeter":158.1379615571165},"geometry":{"type":"Polygon","coordinates":[[[80.18656940564307,19.75911634659498],[80.18657032187096,19.758935626251205],[80.18685802586454,19.758665846619152],[80.18704708096348,19.75902815436289],[80.18656940564307,19.75911634659498]]]},"id":"103"},{"type":"Feature","properties":{"id":"104","metrics:area":2150,"metrics:perimeter":222.94058798682877},"geometry":{"type":"Polygon","coordinates":[[[80.17473303824623,19.75933325422239],[80.17463945425868,19.75897137456417],[80.17435358991182,19.758879694215352],[80.17454587066254,19.75860949485772],[80.17502122674519,19.758973134455857],[80.17473303824623,19.75933325422239]]]},"id":"104"},{"type":"Feature","properties":{"id":"105","metrics:area":1600,"metrics:perimeter":167.96691275336337},"geometry":{"type":"Polygon","coordinates":[[[80.14075682778669,19.758902301353913],[80.14056787935873,19.758539948536022],[80.14114053153247,19.758542697002856],[80.14104363826999,19.75881331641809],[80.14075682778669,19.758902301353913]]]},"id":"105"},{"type":"Feature","properties":{"id":"106","metrics:area":950,"metrics:perimeter":136.34413615167958},"geometry":{"type":"Polygon","coordinates":[[[80.14887038658419,19.758760340665606],[80.1488727832379,19.758308544122617],[80.14896822533014,19.758308997894847],[80.1491571928497,19.75867134254984],[80.14887038658419,19.758760340665606]]]},"id":"106"},{"type":"Feature","properties":{"id":"107","metrics:area":600,"metrics:perimeter":108.2842712474619},"geometry":{"type":"Polygon","coordinates":[[[80.13980385883848,19.758626640158063],[80.13980579657506,19.758265203778844],[80.13999668025716,19.758266120938327],[80.13999571160915,19.758446839138852],[80.13980385883848,19.758626640158063]]]},"id":"107"},{"type":"Feature","properties":{"id":"108","metrics:area":500,"metrics:perimeter":103.5917360311745},"geometry":{"type":"Polygon","coordinates":[[[80.17416409908712,19.758607733983325],[80.17426047204368,19.758427454482597],[80.1745468004067,19.75842877504903],[80.17454633553591,19.758519134953836],[80.17416409908712,19.758607733983325]]]},"id":"108"},{"type":"Feature","properties":{"id":"109","metrics:area":800,"metrics:perimeter":114.98473502456159},"geometry":{"type":"Polygon","coordinates":[[[80.20928725340997,19.75876632694181],[80.20909725662774,19.758584762293548],[80.20919359105069,19.75840446260466],[80.20947903144926,19.75858644866797],[80.20928725340997,19.75876632694181]]]},"id":"109"},{"type":"Feature","properties":{"id":"110","metrics:area":750,"metrics:perimeter":111.6227766016838},"geometry":{"type":"Polygon","coordinates":[[[80.18857737528062,19.758402561680832],[80.18857874617267,19.758131481006775],[80.18876963207843,19.758132346155527],[80.18886370462667,19.758403859346892],[80.18857737528062,19.758402561680832]]]},"id":"110"},{"type":"Feature","properties":{"id":"111","metrics:area":900,"metrics:perimeter":123.24555320336759},"geometry":{"type":"Polygon","coordinates":[[[80.1394259677965,19.757901932491706],[80.13942742168359,19.757630855213748],[80.1397142305128,19.75754187233821],[80.1397127771173,19.757812949639348],[80.1394259677965,19.757901932491706]]]},"id":"111"},{"type":"Feature","properties":{"id":"112","metrics:area":1700,"metrics:perimeter":212.3606797749979},"geometry":{"type":"Polygon","coordinates":[[[80.20881404452344,19.75795097226495],[80.20881493564019,19.757770250909925],[80.20967392462491,19.757774045312498],[80.20957759113757,19.75795434530409],[80.20881404452344,19.75795097226495]]]},"id":"112"},{"type":"Feature","properties":{"id":"113","metrics:area":750,"metrics:perimeter":111.6227766016838},"geometry":{"type":"Polygon","coordinates":[[[80.15126361601254,19.757416279451082],[80.15126504986391,19.75714520131854],[80.15145593278604,19.75714610621029],[80.15154994088324,19.75741763673254],[80.15126361601254,19.757416279451082]]]},"id":"113"},{"type":"Feature","properties":{"id":"114","metrics:area":850,"metrics:perimeter":134.58193116710237},"geometry":{"type":"Polygon","coordinates":[[[80.14048018196824,19.757093744406117],[80.14057659105126,19.756913484370347],[80.14095883903039,19.756824957583866],[80.14095787154244,19.75700567585922],[80.14048018196824,19.757093744406117]]]},"id":"114"},{"type":"Feature","properties":{"id":"115","metrics:area":900,"metrics:perimeter":132.3606797749979},"geometry":{"type":"Polygon","coordinates":[[[80.13943081399323,19.756998341532885],[80.1394317832005,19.756817623330047],[80.13990898807386,19.75681991668326],[80.13981257831641,19.757000176335332],[80.13943081399323,19.756998341532885]]]},"id":"115"},{"type":"Feature","properties":{"id":"116","metrics:area":1500,"metrics:perimeter":167.33433128760743},"geometry":{"type":"Polygon","coordinates":[[[80.28574454399012,19.757732270615282],[80.28584199974672,19.75728083997752],[80.28612873560294,19.757191619718377],[80.28612712756029,19.757553068888214],[80.28574454399012,19.757732270615282]]]},"id":"116"},{"type":"Feature","properties":{"id":"117","metrics:area":1900,"metrics:perimeter":182.61297173761164},"geometry":{"type":"Polygon","coordinates":[[[80.1401948268575,19.75691165120478],[80.14019676353134,19.75655021471918],[80.14076940854852,19.75655296410794],[80.1406725160102,19.75682358340322],[80.1401948268575,19.75691165120478]]]},"id":"117"},{"type":"Feature","properties":{"id":"118","metrics:area":1200,"metrics:perimeter":149.4427190999916},"geometry":{"type":"Polygon","coordinates":[[[80.14143652758872,19.75673688771719],[80.14143797798671,19.756465810260522],[80.14182070773352,19.75628692240848],[80.14181925799626,19.75655799989784],[80.14143652758872,19.75673688771719]]]},"id":"118"},{"type":"Feature","properties":{"id":"119","metrics:area":800,"metrics:perimeter":127.96691275336339},"geometry":{"type":"Polygon","coordinates":[[[80.14115117194672,19.756554796016424],[80.1407703762247,19.75637224583242],[80.14077134389018,19.75619152755321],[80.14105718211987,19.75628326068056],[80.14115117194672,19.756554796016424]]]},"id":"119"},{"type":"Feature","properties":{"id":"120","metrics:area":600,"metrics:perimeter":100},"geometry":{"type":"Polygon","coordinates":[[[80.14420720827248,19.756207985103973],[80.144208172059,19.75602726665834],[80.14449449392423,19.756028635131635],[80.14449353046005,19.7562093535908],[80.14420720827248,19.756207985103973]]]},"id":"120"},{"type":"Feature","properties":{"id":"121","metrics:area":1150,"metrics:perimeter":155.47442467302884},"geometry":{"type":"Polygon","coordinates":[[[80.13943420617186,19.756365827806814],[80.13943711364928,19.755823673148488],[80.13953255402761,19.755824131895924],[80.13972101270703,19.756276844823113],[80.13943420617186,19.756365827806814]]]},"id":"121"},{"type":"Feature","properties":{"id":"122","metrics:area":800,"metrics:perimeter":115.60623297836548},"geometry":{"type":"Polygon","coordinates":[[[80.14086775206817,19.75601126731014],[80.14086920336919,19.75574018987207],[80.14106056775545,19.755650746633165],[80.14115455726225,19.75592228197256],[80.14086775206817,19.75601126731014]]]},"id":"122"},{"type":"Feature","properties":{"id":"123","metrics:area":600,"metrics:perimeter":100},"geometry":{"type":"Polygon","coordinates":[[[80.16119853314721,19.755746231991267],[80.16119995008604,19.755475153112286],[80.16139083151168,19.75547604733894],[80.16138941489521,19.75574712623119],[80.16119853314721,19.755746231991267]]]},"id":"123"},{"type":"Feature","properties":{"id":"124","metrics:area":1200,"metrics:perimeter":143.2455532033676},"geometry":{"type":"Polygon","coordinates":[[[80.14039345366872,19.755466821785816],[80.14039538974183,19.75510538522305],[80.14068219352606,19.755016400582598],[80.14068025810832,19.755377837176244],[80.14039345366872,19.755466821785816]]]},"id":"124"},{"type":"Feature","properties":{"id":"125","metrics:area":1150,"metrics:perimeter":139.9358721828541},"geometry":{"type":"Polygon","coordinates":[[[80.15242227927548,19.75489164218549],[80.15223187632904,19.754800378998084],[80.15232922554519,19.754439393185343],[80.15261506806735,19.754531108004294],[80.15242227927548,19.75489164218549]]]},"id":"125"},{"type":"Feature","properties":{"id":"126","metrics:area":600,"metrics:perimeter":104.72135954999578},"geometry":{"type":"Polygon","coordinates":[[[80.15910404293669,19.754742426528818],[80.1591054633352,19.754471347765513],[80.15929681681764,19.754381884587474],[80.15929539674931,19.754652963366844],[80.15910404293669,19.754742426528818]]]},"id":"126"},{"type":"Feature","properties":{"id":"127","metrics:area":1050,"metrics:perimeter":131.6227766016838},"geometry":{"type":"Polygon","coordinates":[[[80.16063250465912,19.754478513396908],[80.16063392245547,19.75420743451901],[80.16092024229457,19.754208776605385],[80.16101426509444,19.754480302770222],[80.16063250465912,19.754478513396908]]]},"id":"127"},{"type":"Feature","properties":{"id":"128","metrics:area":500,"metrics:perimeter":89.44271909999159},"geometry":{"type":"Polygon","coordinates":[[[80.14335885355747,19.754215974238605],[80.14326437878339,19.75403479912538],[80.14345573986776,19.75394535318333],[80.14355021481364,19.75412652820344],[80.14335885355747,19.754215974238605]]]},"id":"128"},{"type":"Feature","properties":{"id":"129","metrics:area":1300,"metrics:perimeter":145.7076657157208},"geometry":{"type":"Polygon","coordinates":[[[80.14135510768597,19.75411601426782],[80.14126111876587,19.753844479006496],[80.14164335904651,19.75375595044072],[80.1417373485762,19.75402748552625],[80.14135510768597,19.75411601426782]]]},"id":"129"},{"type":"Feature","properties":{"id":"130","metrics:area":600,"metrics:perimeter":100},"geometry":{"type":"Polygon","coordinates":[[[80.15195128591026,19.753714709890602],[80.15195224084556,19.753533991029567],[80.15223855884112,19.753535346954433],[80.15223760422813,19.753716065828876],[80.15195128591026,19.753714709890602]]]},"id":"130"},{"type":"Feature","properties":{"id":"131","metrics:area":550,"metrics:perimeter":96.34413615167959},"geometry":{"type":"Polygon","coordinates":[[[80.1436485471806,19.753584829326712],[80.14364951145755,19.75340411085466],[80.14384087157765,19.753314664458635],[80.14393534662513,19.753495839290483],[80.1436485471806,19.753584829326712]]]},"id":"131"},{"type":"Feature","properties":{"id":"132","metrics:area":900,"metrics:perimeter":126.05551275463989},"geometry":{"type":"Polygon","coordinates":[[[80.14784931172959,19.753333787133748],[80.14804162892327,19.75306361747107],[80.14823250683067,19.75306452561992],[80.14823106817842,19.75333560366183],[80.14784931172959,19.753333787133748]]]},"id":"132"},{"type":"Feature","properties":{"id":"133","metrics:area":600,"metrics:perimeter":100},"geometry":{"type":"Polygon","coordinates":[[[80.18554887952699,19.7533285213093],[80.18555025515258,19.753057440686153],[80.18574113487932,19.753058308850488],[80.18573975957604,19.753329389486506],[80.18554887952699,19.7533285213093]]]},"id":"133"},{"type":"Feature","properties":{"id":"134","metrics:area":1100,"metrics:perimeter":135.70276154045428},"geometry":{"type":"Polygon","coordinates":[[[80.15567675345164,19.753099784745146],[80.15539138700875,19.752917715312048],[80.15548777696948,19.752737446448617],[80.1558690575171,19.75282960616996],[80.15567675345164,19.753099784745146]]]},"id":"134"},{"type":"Feature","properties":{"id":"135","metrics:area":650,"metrics:perimeter":103.98345637668169},"geometry":{"type":"Polygon","coordinates":[[[80.18583657474649,19.753058742856364],[80.18574251015983,19.752787228206174],[80.18602882928545,19.75278853005191],[80.1860279127566,19.75296925049524],[80.18583657474649,19.753058742856364]]]},"id":"135"},{"type":"Feature","properties":{"id":"136","metrics:area":1100,"metrics:perimeter":137.2865690108165},"geometry":{"type":"Polygon","coordinates":[[[80.14155275299429,19.752851900982826],[80.14155371959214,19.752671182595446],[80.14184100153567,19.7524918366858],[80.14193450766751,19.752853730892532],[80.14155275299429,19.752851900982826]]]},"id":"136"},{"type":"Feature","properties":{"id":"137","metrics:area":550,"metrics:perimeter":96.34413615167959},"geometry":{"type":"Polygon","coordinates":[[[80.14413200708874,19.75241244080162],[80.14413297075939,19.75223172228302],[80.14432432920634,19.752142275296492],[80.1444188041751,19.752323449891257],[80.14413200708874,19.75241244080162]]]},"id":"137"},{"type":"Feature","properties":{"id":"138","metrics:area":1200,"metrics:perimeter":161.6552506059644},"geometry":{"type":"Polygon","coordinates":[[[80.27889606868538,19.752463714112444],[80.27832382540527,19.752371044802672],[80.27832463798842,19.752190320425093],[80.27889688062838,19.75228298971389],[80.27889606868538,19.752463714112444]]]},"id":"138"},{"type":"Feature","properties":{"id":"139","metrics:area":700,"metrics:perimeter":146.83728923454208},"geometry":{"type":"Polygon","coordinates":[[[80.22392470811461,19.7516917144504],[80.22402189542933,19.751330683791757],[80.2243077779467,19.751422285420055],[80.22430690458263,19.75160300757485],[80.22402102174777,19.75151140593612],[80.22392470811461,19.7516917144504]]]},"id":"139"},{"type":"Feature","properties":{"id":"140","metrics:area":1200,"metrics:perimeter":143.2455532033676},"geometry":{"type":"Polygon","coordinates":[[[80.14452002185122,19.75123959461946],[80.14452194818426,19.750878157494533],[80.1448087423032,19.750789165834217],[80.1448068166253,19.75115060298989],[80.14452002185122,19.75123959461946]]]},"id":"140"},{"type":"Feature","properties":{"id":"141","metrics:area":650,"metrics:perimeter":103.98345637668169},"geometry":{"type":"Polygon","coordinates":[[[80.22144502364429,19.751319498248776],[80.22144590021679,19.751138776211366],[80.22163721750822,19.751049245009145],[80.22173134264456,19.75132074291776],[80.22144502364429,19.751319498248776]]]},"id":"141"},{"type":"Feature","properties":{"id":"142","metrics:area":600,"metrics:perimeter":103.24555320336759},"geometry":{"type":"Polygon","coordinates":[[[80.22564480708286,19.75124734641202],[80.22564567892367,19.751066624192674],[80.22593243351449,19.750977501012905],[80.22593156200077,19.75115822324634],[80.22564480708286,19.75124734641202]]]},"id":"142"},{"type":"Feature","properties":{"id":"143","metrics:area":600,"metrics:perimeter":101.2899020449196},"geometry":{"type":"Polygon","coordinates":[[[80.14051550816453,19.750497525859128],[80.14042103867689,19.750316349373016],[80.14061288045896,19.750136547129564],[80.14070735007003,19.75031772352219],[80.14051550816453,19.750497525859128]]]},"id":"143"},{"type":"Feature","properties":{"id":"144","metrics:area":700,"metrics:perimeter":130.89724298507355},"geometry":{"type":"Polygon","coordinates":[[[80.14509986726699,19.749886939978442],[80.14481403769827,19.749795213580054],[80.14462412682835,19.74961358333704],[80.14510082971465,19.749706221363116],[80.14509986726699,19.749886939978442]]]},"id":"144"},{"type":"Feature","properties":{"id":"145","metrics:area":1550,"metrics:perimeter":168.07223446092155},"geometry":{"type":"Polygon","coordinates":[[[80.22469477452691,19.750339605678096],[80.22469695667617,19.749887800178925],[80.22517371497872,19.749980226675614],[80.22507740360078,19.75016053591525],[80.22469477452691,19.750339605678096]]]},"id":"145"},{"type":"Feature","properties":{"id":"146","metrics:area":1400,"metrics:perimeter":151.2310562561766},"geometry":{"type":"Polygon","coordinates":[[[80.14071170335453,19.74950449070087],[80.14071363807825,19.749143053867407],[80.14109538384712,19.74914488523666],[80.14099801332164,19.74950586433125],[80.14071170335453,19.74950449070087]]]},"id":"146"},{"type":"Feature","properties":{"id":"147","metrics:area":900,"metrics:perimeter":132.3606797749979},"geometry":{"type":"Polygon","coordinates":[[[80.22060142231467,19.74815312595605],[80.22012423353733,19.748151048561624],[80.22012511144425,19.7479703265173],[80.22050686203166,19.7479719885181],[80.22060142231467,19.74815312595605]]]},"id":"147"},{"type":"Feature","properties":{"id":"148","metrics:area":700,"metrics:perimeter":111.5298244508295},"geometry":{"type":"Polygon","coordinates":[[[80.20275729589802,19.74753240224589],[80.2025673195802,19.747350831158265],[80.20256821721031,19.747170109864136],[80.20285407885369,19.74726174511225],[80.20275729589802,19.74753240224589]]]},"id":"148"},{"type":"Feature","properties":{"id":"149","metrics:area":700,"metrics:perimeter":111.5298244508295},"geometry":{"type":"Polygon","coordinates":[[[80.22404504447748,19.746541545624986],[80.2238550443498,19.746359996317107],[80.22385591797138,19.746179274076027],[80.22414179132043,19.746270875708074],[80.22404504447748,19.746541545624986]]]},"id":"149"},{"type":"Feature","properties":{"id":"150","metrics:area":500,"metrics:perimeter":123.85164807134504},"geometry":{"type":"Polygon","coordinates":[[[80.22395965253861,19.74446282611585],[80.22348247434655,19.744460758039374],[80.22348334829641,19.744280035776022],[80.22395965253861,19.74446282611585]]]},"id":"150"},{"type":"Feature","properties":{"id":"151","metrics:area":1150,"metrics:perimeter":142.8538328578604},"geometry":{"type":"Polygon","coordinates":[[[80.22262311629105,19.74454739341077],[80.2222418113295,19.744455375092453],[80.22224268667534,19.744274652882353],[80.22271986417363,19.74427672424283],[80.22262311629105,19.74454739341077]]]},"id":"151"},{"type":"Feature","properties":{"id":"152","metrics:area":900,"metrics:perimeter":123.24555320336759},"geometry":{"type":"Polygon","coordinates":[[[80.22205619335104,19.74337021291761],[80.22196207181175,19.74309871508064],[80.22224837618784,19.74309995842702],[80.22234249821757,19.74337145612994],[80.22205619335104,19.74337021291761]]]},"id":"152"},{"type":"Feature","properties":{"id":"153","metrics:area":2250,"metrics:perimeter":199.9647695544174},"geometry":{"type":"Polygon","coordinates":[[[80.21738296624673,19.742717315257508],[80.21729017427369,19.742174732170607],[80.21786233902849,19.742267594259577],[80.21786145884987,19.74244831632104],[80.21738296624673,19.742717315257508]]]},"id":"153"},{"type":"Feature","properties":{"id":"154","metrics:area":1050,"metrics:perimeter":131.6227766016838},"geometry":{"type":"Polygon","coordinates":[[[80.1596540861558,19.740829278280394],[80.15956007273853,19.74055775136916],[80.1599417999701,19.74055954181969],[80.15994038206648,19.740830621061985],[80.1596540861558,19.740829278280394]]]},"id":"154"},{"type":"Feature","properties":{"id":"155","metrics:area":750,"metrics:perimeter":123.07135789365265},"geometry":{"type":"Polygon","coordinates":[[[80.15908149440492,19.740826591344938],[80.15889157696141,19.740644975847975],[80.15889299662068,19.74037389667326],[80.15917787248738,19.740646319836074],[80.15908149440492,19.740826591344938]]]},"id":"155"},{"type":"Feature","properties":{"id":"156","metrics:area":700,"metrics:perimeter":107.96691275336337},"geometry":{"type":"Polygon","coordinates":[[[80.15793773247049,19.74055013288224],[80.15784372213625,19.74027860517425],[80.1580350590257,19.740189142609815],[80.15812906964138,19.740460670230025],[80.15793773247049,19.74055013288224]]]},"id":"156"},{"type":"Feature","properties":{"id":"157","metrics:area":600,"metrics:perimeter":104.72135954999578},"geometry":{"type":"Polygon","coordinates":[[[80.15049836469879,19.73970175337457],[80.15049979844929,19.739430674760342],[80.15069113807735,19.739341220145747],[80.15068970465681,19.73961229877617],[80.15049836469879,19.73970175337457]]]},"id":"157"},{"type":"Feature","properties":{"id":"158","metrics:area":600,"metrics:perimeter":100},"geometry":{"type":"Polygon","coordinates":[[[80.15775208131784,19.739555278892162],[80.15775302898543,19.739374559474392],[80.15803932216298,19.739375905198965],[80.15803837481745,19.739556624630048],[80.15775208131784,19.739555278892162]]]},"id":"158"},{"type":"Feature","properties":{"id":"159","metrics:area":1000,"metrics:perimeter":131.2310562561766},"geometry":{"type":"Polygon","coordinates":[[[80.16004432014526,19.739204592936186],[80.15966306887489,19.739112443065356],[80.15966401436947,19.738931723549687],[80.16004573774697,19.738933513637495],[80.16004432014526,19.739204592936186]]]},"id":"159"},{"type":"Feature","properties":{"id":"160","metrics:area":600,"metrics:perimeter":100},"geometry":{"type":"Polygon","coordinates":[[[80.15985582132247,19.738751899167017],[80.15985676658148,19.73857117963512],[80.16014305848232,19.738572521945716],[80.1601421135453,19.738753241490897],[80.15985582132247,19.738751899167017]]]},"id":"160"},{"type":"Feature","properties":{"id":"161","metrics:area":1200,"metrics:perimeter":169.7056274847714},"geometry":{"type":"Polygon","coordinates":[[[80.1594722069871,19.739111547707672],[80.15909237550966,19.73874831740061],[80.15938008635955,19.73847858167815],[80.1594722069871,19.739111547707672]]]},"id":"161"},{"type":"Feature","properties":{"id":"162","metrics:area":1200,"metrics:perimeter":154.97365151260954},"geometry":{"type":"Polygon","coordinates":[[[80.21167597523991,19.73880668711737],[80.21177273752185,19.738536024202798],[80.21224989677326,19.738538122869745],[80.21215357849792,19.738718425126635],[80.21167597523991,19.73880668711737]]]},"id":"162"},{"type":"Feature","properties":{"id":"163","metrics:area":600,"metrics:perimeter":100},"geometry":{"type":"Polygon","coordinates":[[[80.16004857288,19.73839135501523],[80.16004999041128,19.738120275691667],[80.16024085114965,19.73812117039081],[80.16023943394038,19.738392249727656],[80.16004857288,19.73839135501523]]]},"id":"163"},{"type":"Feature","properties":{"id":"164","metrics:area":2050,"metrics:perimeter":182.22125139210445},"geometry":{"type":"Polygon","coordinates":[[[80.13953494256768,19.73757111360921],[80.13953736269252,19.73711931710385],[80.13991907976295,19.737121149910944],[80.14001257401598,19.737483045237155],[80.13953494256768,19.73757111360921]]]},"id":"164"},{"type":"Feature","properties":{"id":"165","metrics:area":700,"metrics:perimeter":112.36067977499789},"geometry":{"type":"Polygon","coordinates":[[[80.22170379202579,19.73731435863273],[80.2217055432326,19.736952913967382],[80.22189640549959,19.736953742941875],[80.22189509242013,19.737224826454568],[80.22170379202579,19.73731435863273]]]},"id":"165"},{"type":"Feature","properties":{"id":"166","metrics:area":950,"metrics:perimeter":131.1381041053223},"geometry":{"type":"Polygon","coordinates":[[[80.15003746628557,19.73662726572755],[80.1498475642342,19.736445641118618],[80.14984899882667,19.736174562451897],[80.15013480768116,19.736266280158887],[80.15003746628557,19.73662726572755]]]},"id":"166"},{"type":"Feature","properties":{"id":"167","metrics:area":1950,"metrics:perimeter":201.61277261891334},"geometry":{"type":"Polygon","coordinates":[[[80.20996708808593,19.736991902292086],[80.20987387944152,19.736539676909647],[80.21025693458921,19.736270277051496],[80.21015794986128,19.736992743771758],[80.20996708808593,19.736991902292086]]]},"id":"167"},{"type":"Feature","properties":{"id":"168","metrics:area":800,"metrics:perimeter":143.1883050779801},"geometry":{"type":"Polygon","coordinates":[[[80.22037783961356,19.735230243639087],[80.2202832866441,19.735049106091665],[80.22085542826441,19.73514195788863],[80.22085499003173,19.735232319056273],[80.22037783961356,19.735230243639087]]]},"id":"168"},{"type":"Feature","properties":{"id":"169","metrics:area":500,"metrics:perimeter":92.36067977499789},"geometry":{"type":"Polygon","coordinates":[[[80.15949490112767,19.734774278527123],[80.15959127484577,19.73459400652538],[80.15978213137237,19.73459490155996],[80.15978118623562,19.7347756211685],[80.15949490112767,19.734774278527123]]]},"id":"169"},{"type":"Feature","properties":{"id":"170","metrics:area":550,"metrics:perimeter":96.34413615167959},"geometry":{"type":"Polygon","coordinates":[[[80.16808346454795,19.734814358852372],[80.16808440034835,19.734633638860444],[80.16827572512608,19.73454416484943],[80.16837021809738,19.7347253277733],[80.16808346454795,19.734814358852372]]]},"id":"170"},{"type":"Feature","properties":{"id":"171","metrics:area":900,"metrics:perimeter":121.66174573300538},"geometry":{"type":"Polygon","coordinates":[[[80.21598894054746,19.735030368071794],[80.21589483373747,19.73475886731283],[80.21608613403627,19.734669341318586],[80.21627567093775,19.734941259403644],[80.21598894054746,19.735030368071794]]]},"id":"171"},{"type":"Feature","properties":{"id":"172","metrics:area":1250,"metrics:perimeter":142.8538328578604},"geometry":{"type":"Polygon","coordinates":[[[80.17781719504153,19.734859285699073],[80.17772315362022,19.734587767155933],[80.1781053306905,19.734499158171616],[80.17810348163617,19.73486059907444],[80.17781719504153,19.734859285699073]]]},"id":"172"},{"type":"Feature","properties":{"id":"173","metrics:area":850,"metrics:perimeter":122.8538328578604},"geometry":{"type":"Polygon","coordinates":[[[80.16856154283954,19.734635853456165],[80.16856294571592,19.734364773428492],[80.16884969821803,19.734275741538863],[80.16875239985409,19.734636738938793],[80.16856154283954,19.734635853456165]]]},"id":"173"},{"type":"Feature","properties":{"id":"174","metrics:area":750,"metrics:perimeter":111.6227766016838},"geometry":{"type":"Polygon","coordinates":[[[80.18001344309545,19.73459826241844],[80.18001436546612,19.734417541876805],[80.18030111245233,19.734328491435214],[80.18029972938305,19.73459957226849],[80.18001344309545,19.73459826241844]]]},"id":"174"},{"type":"Feature","properties":{"id":"175","metrics:area":850,"metrics:perimeter":134.58193116710237},"geometry":{"type":"Polygon","coordinates":[[[80.17361972199126,19.73456888995388],[80.17371700947655,19.734207889511307],[80.17390833084288,19.734118409349602],[80.1738105791713,19.73456977004643],[80.17361972199126,19.73456888995388]]]},"id":"175"},{"type":"Feature","properties":{"id":"176","metrics:area":1000,"metrics:perimeter":131.2310562561766},"geometry":{"type":"Polygon","coordinates":[[[80.1793463649687,19.734414483811975],[80.17934728808036,19.734233763296917],[80.17972946354317,19.734145150782542],[80.17972807952336,19.734416231582443],[80.1793463649687,19.734414483811975]]]},"id":"176"},{"type":"Feature","properties":{"id":"177","metrics:area":600,"metrics:perimeter":100},"geometry":{"type":"Polygon","coordinates":[[[80.19165667979664,19.73447043976465],[80.19165804369506,19.73419935815998],[80.19184890129782,19.73420021902538],[80.19184753772133,19.73447130064283],[80.19165667979664,19.73447043976465]]]},"id":"177"},{"type":"Feature","properties":{"id":"178","metrics:area":900,"metrics:perimeter":123.24555320336759},"geometry":{"type":"Polygon","coordinates":[[[80.16923094418522,19.734367871682544],[80.16923281314855,19.73400643157142],[80.16951863052566,19.73409811864193],[80.16951769636592,19.734278838710626],[80.16923094418522,19.734367871682544]]]},"id":"178"},{"type":"Feature","properties":{"id":"179","metrics:area":750,"metrics:perimeter":111.6227766016838},"geometry":{"type":"Polygon","coordinates":[[[80.18726740740813,19.734360223037548],[80.18726832160769,19.73417950216337],[80.18755506460334,19.73409043995191],[80.18755369379069,19.73436152128383],[80.18726740740813,19.734360223037548]]]},"id":"179"},{"type":"Feature","properties":{"id":"180","metrics:area":650,"metrics:perimeter":115.21451263285829},"geometry":{"type":"Polygon","coordinates":[[[80.17447997227073,19.734301768333353],[80.17457725765574,19.73394076733757],[80.17476811413589,19.733941646383503],[80.17467129335873,19.734212287346587],[80.17447997227073,19.734301768333353]]]},"id":"180"},{"type":"Feature","properties":{"id":"181","metrics:area":550,"metrics:perimeter":96.34413615167959},"geometry":{"type":"Polygon","coordinates":[[[80.2811709162218,19.73467116161468],[80.28117172481393,19.734490436766873],[80.28136299094243,19.734400839878006],[80.281457613598,19.734581947431],[80.2811709162218,19.73467116161468]]]},"id":"181"},{"type":"Feature","properties":{"id":"182","metrics:area":2050,"metrics:perimeter":245.33919849463547},"geometry":{"type":"Polygon","coordinates":[[[80.16770362262123,19.734451146291246],[80.16770549502886,19.73408970632406],[80.1679908436423,19.734271755802737],[80.16818357151047,19.733911201859115],[80.16837208903364,19.734363887755773],[80.16770362262123,19.734451146291246]]]},"id":"182"},{"type":"Feature","properties":{"id":"183","metrics:area":1000,"metrics:perimeter":165.76491222541475},"geometry":{"type":"Polygon","coordinates":[[[80.1884125530746,19.734365413279008],[80.18841346598639,19.734184692353455],[80.18803175115313,19.734182963103027],[80.18803266448411,19.73400224219092],[80.1884143788881,19.734003971424233],[80.18850935109946,19.73409476407275],[80.1884125530746,19.734365413279008]]]},"id":"183"},{"type":"Feature","properties":{"id":"184","metrics:area":2000,"metrics:perimeter":189.29971408438087},"geometry":{"type":"Polygon","coordinates":[[[80.17753322139114,19.734406170800604],[80.17753553424855,19.73395436971176],[80.17801313816011,19.733866198839088],[80.17801175126581,19.734137279530422],[80.17753322139114,19.734406170800604]]]},"id":"184"},{"type":"Feature","properties":{"id":"185","metrics:area":900,"metrics:perimeter":123.24555320336759},"geometry":{"type":"Polygon","coordinates":[[[80.1812558591148,19.7342424939335],[80.1811618121289,19.733970976981738],[80.18154352580386,19.733972720847607],[80.18154260517565,19.734153441467537],[80.1812558591148,19.7342424939335]]]},"id":"185"},{"type":"Feature","properties":{"id":"186","metrics:area":1550,"metrics:perimeter":185.65401897601228},"geometry":{"type":"Polygon","coordinates":[[[80.19518845832376,19.73430561188585],[80.1951898162512,19.73403453003971],[80.19509574553415,19.7337630195669],[80.19557107898272,19.734126604655433],[80.19557017412451,19.73430732590224],[80.19518845832376,19.73430561188585]]]},"id":"186"},{"type":"Feature","properties":{"id":"187","metrics:area":800,"metrics:perimeter":128.2842712474619},"geometry":{"type":"Polygon","coordinates":[[[80.17400422372522,19.734028489119655],[80.1740056173724,19.733757408699173],[80.17419740247784,19.733577568052457],[80.1741950802819,19.73402936877962],[80.17400422372522,19.734028489119655]]]},"id":"187"},{"type":"Feature","properties":{"id":"188","metrics:area":750,"metrics:perimeter":111.6227766016838},"geometry":{"type":"Polygon","coordinates":[[[80.17543657564131,19.733854361271057],[80.17543796685865,19.73358328074718],[80.17572378743242,19.733674958024068],[80.17572286027355,19.733855678385435],[80.17543657564131,19.733854361271057]]]},"id":"188"},{"type":"Feature","properties":{"id":"189","metrics:area":1200,"metrics:perimeter":176.21232784634293},"geometry":{"type":"Polygon","coordinates":[[[80.17829849872768,19.734048232312926],[80.17829988513141,19.733777151599334],[80.17810902867664,19.733776276321784],[80.17820538126647,19.733595993509965],[80.17868159807153,19.733778901544756],[80.17829849872768,19.734048232312926]]]},"id":"189"},{"type":"Feature","properties":{"id":"190","metrics:area":900,"metrics:perimeter":123.24555320336759},"geometry":{"type":"Polygon","coordinates":[[[80.18154398611415,19.733882360536263],[80.18144993882186,19.733610843715077],[80.18183165166883,19.733612586936758],[80.18183073138289,19.73379330757699],[80.18154398611415,19.733882360536263]]]},"id":"190"},{"type":"Feature","properties":{"id":"191","metrics:area":500,"metrics:perimeter":92.36067977499789},"geometry":{"type":"Polygon","coordinates":[[[80.21942968526494,19.733961032994724],[80.21952599246589,19.733780726354706],[80.2197168508652,19.733781557522825],[80.2197159731822,19.73396227983546],[80.21942968526494,19.733961032994724]]]},"id":"191"},{"type":"Feature","properties":{"id":"192","metrics:area":1200,"metrics:perimeter":149.64724878581438},"geometry":{"type":"Polygon","coordinates":[[[80.18917735179669,19.734097787934264],[80.18898695056969,19.734006563749976],[80.1889892311702,19.733554761346653],[80.18927460432946,19.733736777768474],[80.18917735179669,19.734097787934264]]]},"id":"192"},{"type":"Feature","properties":{"id":"193","metrics:area":1800,"metrics:perimeter":193.77277124228516},"geometry":{"type":"Polygon","coordinates":[[[80.18268774773216,19.734158668239388],[80.18249735039284,19.734067437287763],[80.1823092526556,19.73352440448844],[80.18287998354542,19.733888457634933],[80.18268774773216,19.734158668239388]]]},"id":"193"},{"type":"Feature","properties":{"id":"194","metrics:area":1000,"metrics:perimeter":140},"geometry":{"type":"Polygon","coordinates":[[[80.17133316511531,19.733835432383884],[80.17133549533371,19.733383631974526],[80.17152635099539,19.733384514449114],[80.17152402131353,19.733836314880307],[80.17133316511531,19.733835432383884]]]},"id":"194"},{"type":"Feature","properties":{"id":"195","metrics:area":800,"metrics:perimeter":115.60623297836548},"geometry":{"type":"Polygon","coordinates":[[[80.1786820599864,19.733688541296395],[80.17858801769142,19.733417023144288],[80.1788743017718,19.73341833519633],[80.17896880630866,19.733599492959723],[80.1786820599864,19.733688541296395]]]},"id":"195"},{"type":"Feature","properties":{"id":"196","metrics:area":800,"metrics:perimeter":120},"geometry":{"type":"Polygon","coordinates":[[[80.1921374594932,19.733749707196324],[80.192139276866,19.733388264982874],[80.19233013352803,19.733389125301873],[80.19232831658448,19.733750567532347],[80.1921374594932,19.733749707196324]]]},"id":"196"},{"type":"Feature","properties":{"id":"197","metrics:area":600,"metrics:perimeter":114.04918347287665},"geometry":{"type":"Polygon","coordinates":[[[80.20511665853103,19.733627025409476],[80.20482992501114,19.73371611610028],[80.20483171382939,19.73335467275939],[80.20511665853103,19.733627025409476]]]},"id":"197"},{"type":"Feature","properties":{"id":"198","metrics:area":2050,"metrics:perimeter":244.01718466417378},"geometry":{"type":"Polygon","coordinates":[[[80.1403196548161,19.733598967665145],[80.14032158873422,19.73323753022795],[80.14080017325519,19.732968740468696],[80.14089415064043,19.733240276110294],[80.14060835298723,19.733148544029333],[80.14070184687026,19.733510439125855],[80.1403196548161,19.733598967665145]]]},"id":"198"},{"type":"Feature","properties":{"id":"199","metrics:area":850,"metrics:perimeter":147.5751924078562},"geometry":{"type":"Polygon","coordinates":[[[80.17562928658235,19.73349379868039],[80.17553478593922,19.733312639290908],[80.17534346638672,19.73340212126445],[80.17534485772661,19.733131040733284],[80.17572610528478,19.73322315710454],[80.17562928658235,19.73349379868039]]]},"id":"199"},{"type":"Feature","properties":{"id":"200","metrics:area":500,"metrics:perimeter":92.36067977499789},"geometry":{"type":"Polygon","coordinates":[[[80.19461996130988,19.733489793888314],[80.19462132013562,19.73321871205552],[80.19481217671328,19.733219569724103],[80.19481127104656,19.733400290955377],[80.19461996130988,19.733489793888314]]]},"id":"200"},{"type":"Feature","properties":{"id":"201","metrics:area":750,"metrics:perimeter":123.73380211096358},"geometry":{"type":"Polygon","coordinates":[[[80.19662305561108,19.73367951071252],[80.1964335541844,19.73340757300526],[80.19643445802686,19.733226851701918],[80.19671983951889,19.7334088565487],[80.19662305561108,19.73367951071252]]]},"id":"201"},{"type":"Feature","properties":{"id":"202","metrics:area":600,"metrics:perimeter":100},"geometry":{"type":"Polygon","coordinates":[[[80.18068927790988,19.73306519304558],[80.18069019944284,19.732884472442397],[80.18097648272555,19.732885781102407],[80.18097556151451,19.733066501718536],[80.18068927790988,19.73306519304558]]]},"id":"202"},{"type":"Feature","properties":{"id":"203","metrics:area":600,"metrics:perimeter":167.03687317178617},"geometry":{"type":"Polygon","coordinates":[[[80.17877933559346,19.733327537642246],[80.17878072113116,19.733056456874085],[80.17859171328648,19.73269414111946],[80.17897111502712,19.73314769166702],[80.17877933559346,19.733327537642246]]]},"id":"203"},{"type":"Feature","properties":{"id":"204","metrics:area":900,"metrics:perimeter":123.24555320336759},"geometry":{"type":"Polygon","coordinates":[[[80.18565198826889,19.732997451571805],[80.18565336218715,19.732726370327082],[80.18594010335029,19.732637310625545],[80.18593872992248,19.732908391892337],[80.18565198826889,19.732997451571805]]]},"id":"204"},{"type":"Feature","properties":{"id":"205","metrics:area":1050,"metrics:perimeter":182.8538328578604},"geometry":{"type":"Polygon","coordinates":[[[80.17515492994325,19.73294944198614],[80.17477368340461,19.732857324431933],[80.17477553974553,19.732495883751948],[80.17496639451902,19.732496762525066],[80.1748695750401,19.7327674036818],[80.17515585769473,19.732768721632432],[80.17515492994325,19.73294944198614]]]},"id":"205"},{"type":"Feature","properties":{"id":"206","metrics:area":500,"metrics:perimeter":92.36067977499789},"geometry":{"type":"Polygon","coordinates":[[[80.15072648826991,19.73265461130321],[80.15072792108121,19.73238353245993],[80.15091877454462,19.73238443683732],[80.15091781955431,19.732565156076053],[80.15072648826991,19.73265461130321]]]},"id":"206"},{"type":"Feature","properties":{"id":"207","metrics:area":600,"metrics:perimeter":100},"geometry":{"type":"Polygon","coordinates":[[[80.1791638172763,19.732787124931725],[80.17916520212431,19.732516044121038],[80.17935605713289,19.732516918220274],[80.1793546726068,19.732787999043946],[80.1791638172763,19.732787124931725]]]},"id":"207"},{"type":"Feature","properties":{"id":"208","metrics:area":600,"metrics:perimeter":100},"geometry":{"type":"Polygon","coordinates":[[[80.21685793983518,19.732955818765237],[80.21685926110493,19.732684735449972],[80.21705011808058,19.732685569413842],[80.21704879713276,19.732956652741493],[80.21685793983518,19.732955818765237]]]},"id":"208"},{"type":"Feature","properties":{"id":"209","metrics:area":1200,"metrics:perimeter":149.4427190999916},"geometry":{"type":"Polygon","coordinates":[[[80.17219713917223,19.732845440870314],[80.1721985357775,19.73257436053814],[80.17258117590036,19.732395403133083],[80.17257977995432,19.732666483496956],[80.17219713917223,19.732845440870314]]]},"id":"209"},{"type":"Feature","properties":{"id":"210","metrics:area":800,"metrics:perimeter":120},"geometry":{"type":"Polygon","coordinates":[[[80.18069112096562,19.73270375183554],[80.18069296398066,19.73234231061078],[80.18088381885612,19.73234318307568],[80.18088197627027,19.73270462431772],[80.18069112096562,19.73270375183554]]]},"id":"210"},{"type":"Feature","properties":{"id":"211","metrics:area":700,"metrics:perimeter":127.33433128760744},"geometry":{"type":"Polygon","coordinates":[[[80.20550194822036,19.732905831401077],[80.20531287917184,19.732543541713913],[80.20559961033588,19.732454450156904],[80.20550194822036,19.732905831401077]]]},"id":"211"},{"type":"Feature","properties":{"id":"212","metrics:area":750,"metrics:perimeter":115.2145126328583},"geometry":{"type":"Polygon","coordinates":[[[80.14194819066904,19.732432070843906],[80.14185372930979,19.73225089508989],[80.1422359174172,19.73216236311344],[80.14223495267346,19.732343081946524],[80.14194819066904,19.732432070843906]]]},"id":"212"},{"type":"Feature","properties":{"id":"213","metrics:area":700,"metrics:perimeter":112.36067977499789},"geometry":{"type":"Polygon","coordinates":[[[80.18107375266851,19.732524775968862],[80.18107513427455,19.732253695020244],[80.18126644948599,19.732164206752042],[80.18126460777893,19.73252564803597],[80.18107375266851,19.732524775968862]]]},"id":"213"},{"type":"Feature","properties":{"id":"214","metrics:area":850,"metrics:perimeter":122.8538328578604},"geometry":{"type":"Polygon","coordinates":[[[80.21829068865924,19.73269098522548],[80.21838787540749,19.73232995690554],[80.21857873203163,19.732330789227163],[80.21857741368831,19.732601872664794],[80.21829068865924,19.73269098522548]]]},"id":"214"},{"type":"Feature","properties":{"id":"215","metrics:area":550,"metrics:perimeter":96.34413615167958},"geometry":{"type":"Polygon","coordinates":[[[80.18422332205645,19.732448778703947],[80.18412881210948,19.73226762350165],[80.18441555319215,19.73217856623621],[80.18441463588461,19.732359287022145],[80.18422332205645,19.732448778703947]]]},"id":"215"},{"type":"Feature","properties":{"id":"216","metrics:area":650,"metrics:perimeter":120.84259940083064},"geometry":{"type":"Polygon","coordinates":[[[80.24625092461108,19.732901133437196],[80.24606133806847,19.73262924538261],[80.24606218605723,19.73244852192459],[80.24634720156709,19.732720811333785],[80.24625092461108,19.732901133437196]]]},"id":"216"},{"type":"Feature","properties":{"id":"217","metrics:area":500,"metrics:perimeter":92.36067977499789},"geometry":{"type":"Polygon","coordinates":[[[80.2160975966755,19.732319953195116],[80.21619390649404,19.732139648407408],[80.2163847627918,19.732140483057773],[80.2163838814404,19.73232120525926],[80.2160975966755,19.732319953195116]]]},"id":"217"},{"type":"Feature","properties":{"id":"218","metrics:area":700,"metrics:perimeter":114.47660945954419},"geometry":{"type":"Polygon","coordinates":[[[80.14195060332645,19.731980273792804],[80.14204747699993,19.731709652423064],[80.14233327304535,19.731801382158054],[80.14233279073912,19.731891741581],[80.14195060332645,19.731980273792804]]]},"id":"218"},{"type":"Feature","properties":{"id":"219","metrics:area":800,"metrics:perimeter":119.5153275036385},"geometry":{"type":"Polygon","coordinates":[[[80.15836396103002,19.732058109871186],[80.15827042769027,19.73169622248983],[80.15855670722387,19.731697566886496],[80.15855576085926,19.731878286496375],[80.15836396103002,19.732058109871186]]]},"id":"219"},{"type":"Feature","properties":{"id":"220","metrics:area":1500,"metrics:perimeter":210.00159927904906},"geometry":{"type":"Polygon","coordinates":[[[80.17878441578618,19.732333574785166],[80.1788812284643,19.732062931254042],[80.17849998155503,19.731970821618052],[80.17888261373398,19.731791850440725],[80.17916751015332,19.732064242751466],[80.17878441578618,19.732333574785166]]]},"id":"220"},{"type":"Feature","properties":{"id":"221","metrics:area":10150,"metrics:perimeter":690.3923256114182},"geometry":{"type":"Polygon","coordinates":[[[80.18469725045469,19.73308347285788],[80.18479405380141,19.73281282581522],[80.18441417722704,19.732449647413738],[80.18470091849854,19.732360589699365],[80.18451143921662,19.732088640111954],[80.18499040941404,19.731729369062215],[80.18508446178862,19.732000884255363],[80.18584559132916,19.73245615625976],[80.18555839242809,19.732635576236984],[80.18517851446485,19.732272399402305],[80.18555656032751,19.732997017889875],[80.18517439034126,19.733085643056437],[80.18517622331038,19.732724201441588],[80.18498536777737,19.732723333531762],[80.18488810640171,19.733084341089718],[80.18469725045469,19.73308347285788]]]},"id":"221"},{"type":"Feature","properties":{"id":"222","metrics:area":1000,"metrics:perimeter":131.2310562561766},"geometry":{"type":"Polygon","coordinates":[[[80.1414744375875,19.73179726983277],[80.14138094278299,19.731435375043198],[80.1416672205932,19.731436746400725],[80.14166528989281,19.73179818403843],[80.1414744375875,19.73179726983277]]]},"id":"222"},{"type":"Feature","properties":{"id":"223","metrics:area":550,"metrics:perimeter":96.34413615167959},"geometry":{"type":"Polygon","coordinates":[[[80.2027390105203,19.7319899325766],[80.20273990720113,19.73180921096536],[80.20293121071428,19.73171969911849],[80.20302574195222,19.731900845148022],[80.2027390105203,19.7319899325766]]]},"id":"223"},{"type":"Feature","properties":{"id":"224","metrics:area":1000,"metrics:perimeter":161.80339887498945},"geometry":{"type":"Polygon","coordinates":[[[80.17993046693128,19.73215809813572],[80.1798359620728,19.731976940842266],[80.17983826814765,19.731525139369396],[80.18012178261563,19.732068611107444],[80.17993046693128,19.73215809813572]]]},"id":"224"},{"type":"Feature","properties":{"id":"225","metrics:area":750,"metrics:perimeter":111.6227766016838},"geometry":{"type":"Polygon","coordinates":[[[80.14185710734974,19.731618379214833],[80.14185855504118,19.73134730096884],[80.14204940683136,19.73134821474549],[80.14214338552182,19.731619749823963],[80.14185710734974,19.731618379214833]]]},"id":"225"},{"type":"Feature","properties":{"id":"226","metrics:area":1200,"metrics:perimeter":146.05384854352772},"geometry":{"type":"Polygon","coordinates":[[[80.20512470496038,19.732000530129874],[80.20522192054233,19.73163950992725],[80.20541322256955,19.7315499953739],[80.20550686299988,19.73191186192585],[80.20512470496038,19.732000530129874]]]},"id":"226"},{"type":"Feature","properties":{"id":"227","metrics:area":1000,"metrics:perimeter":158.21656679759872},"geometry":{"type":"Polygon","coordinates":[[[80.17954968049122,19.731975630418162],[80.1794556375988,19.731704112653507],[80.17945748329159,19.731342671500602],[80.17974145742127,19.731795783502967],[80.17954968049122,19.731975630418162]]]},"id":"227"},{"type":"Feature","properties":{"id":"228","metrics:area":700,"metrics:perimeter":112.36067977499789},"geometry":{"type":"Polygon","coordinates":[[[80.1819367411492,19.73171545562513],[80.18193858126261,19.731354014247668],[80.18212943502388,19.731354885344274],[80.18212805526453,19.731625966391686],[80.1819367411492,19.73171545562513]]]},"id":"228"},{"type":"Feature","properties":{"id":"229","metrics:area":4450,"metrics:perimeter":269.86245664550256},"geometry":{"type":"Polygon","coordinates":[[[80.1856561099554,19.732184207812782],[80.18508583658912,19.73172980301891],[80.18518309658405,19.731368795254717],[80.1854693774883,19.73137009664181],[80.18594376571323,19.73191442720692],[80.1856561099554,19.732184207812782]]]},"id":"229"},{"type":"Feature","properties":{"id":"230","metrics:area":750,"metrics:perimeter":117.67828935632369},"geometry":{"type":"Polygon","coordinates":[[[80.18709026498506,19.731648543915266],[80.18728249041008,19.731378328142817],[80.18747334445489,19.7313791935498],[80.18737654652372,19.731649842273615],[80.18709026498506,19.731648543915266]]]},"id":"230"},{"type":"Feature","properties":{"id":"231","metrics:area":1400,"metrics:perimeter":149.64724878581438},"geometry":{"type":"Polygon","coordinates":[[[80.17859633255075,19.731790538505557],[80.17840686449279,19.731518582838973],[80.17840778851432,19.731337862308283],[80.17869406887752,19.73133917451579],[80.17878764847545,19.731701052909024],[80.17859633255075,19.731790538505557]]]},"id":"231"},{"type":"Feature","properties":{"id":"232","metrics:area":1250,"metrics:perimeter":165.02143751025633},"geometry":{"type":"Polygon","coordinates":[[[80.19138403572494,19.731758331838638],[80.19138585459372,19.731396889612377],[80.19186344470833,19.731308681257207],[80.19186299026566,19.731399041826723],[80.19138403572494,19.731758331838638]]]},"id":"232"},{"type":"Feature","properties":{"id":"233","metrics:area":600,"metrics:perimeter":100},"geometry":{"type":"Polygon","coordinates":[[[80.16771953676812,19.731378906100478],[80.16772094081412,19.731107826032535],[80.16791179359737,19.731108712258653],[80.16791038987324,19.73137979233975],[80.16771953676812,19.731378906100478]]]},"id":"233"},{"type":"Feature","properties":{"id":"234","metrics:area":950,"metrics:perimeter":128.7048159266775},"geometry":{"type":"Polygon","coordinates":[[[80.15951286305761,19.73134060558728],[80.15941838209991,19.73115943836189],[80.15980103191579,19.730980508615414],[80.15979961451983,19.731251588137372],[80.15951286305761,19.73134060558728]]]},"id":"234"},{"type":"Feature","properties":{"id":"235","metrics:area":1000,"metrics:perimeter":135.9524158061724},"geometry":{"type":"Polygon","coordinates":[[[80.15884487883508,19.73133747156856],[80.15846412006304,19.731154959966638],[80.15846506649314,19.730974240346455],[80.15884629784823,19.731066392115824],[80.15884487883508,19.73133747156856]]]},"id":"235"},{"type":"Feature","properties":{"id":"236","metrics:area":500,"metrics:perimeter":125.5708402582784},"geometry":{"type":"Polygon","coordinates":[[[80.19415278920586,19.731499715396616],[80.19415369551864,19.731318994156414],[80.19396374774671,19.731137414630368],[80.19434500286329,19.73122949161814],[80.19415278920586,19.731499715396616]]]},"id":"236"},{"type":"Feature","properties":{"id":"237","metrics:area":8350,"metrics:perimeter":363.2983571491191},"geometry":{"type":"Polygon","coordinates":[[[80.18393887500767,19.73208603372936],[80.1838475782812,19.73127235567998],[80.18461236890826,19.731004749475662],[80.1848963573411,19.731457853822878],[80.18422515710076,19.732087337149267],[80.18393887500767,19.73208603372936]]]},"id":"237"},{"type":"Feature","properties":{"id":"238","metrics:area":500,"metrics:perimeter":105.5708402582784},"geometry":{"type":"Polygon","coordinates":[[[80.15731853210103,19.73123993896903],[80.15712862761785,19.7310583219006],[80.1574158535358,19.730878948506223],[80.15731853210103,19.73123993896903]]]},"id":"238"},{"type":"Feature","properties":{"id":"239","metrics:area":700,"metrics:perimeter":107.96691275336337},"geometry":{"type":"Polygon","coordinates":[[[80.19548922341976,19.731415357151622],[80.19539515355086,19.73114384679358],[80.1955864600435,19.731054342896588],[80.19568053019313,19.73132585316639],[80.19548922341976,19.731415357151622]]]},"id":"239"},{"type":"Feature","properties":{"id":"240","metrics:area":600,"metrics:perimeter":100},"geometry":{"type":"Polygon","coordinates":[[[80.15913257630227,19.73106773555155],[80.15913352197612,19.73088701589849],[80.15941980013179,19.730888358863748],[80.15941885477982,19.731069078530098],[80.15913257630227,19.73106773555155]]]},"id":"240"},{"type":"Feature","properties":{"id":"241","metrics:area":750,"metrics:perimeter":111.6227766016838},"geometry":{"type":"Polygon","coordinates":[[[80.14939912209928,19.73102180225802],[80.14940055702125,19.73075072345906],[80.14959140847951,19.730751629178197],[80.14968539977342,19.7310231607807],[80.14939912209928,19.73102180225802]]]},"id":"241"},{"type":"Feature","properties":{"id":"242","metrics:area":1300,"metrics:perimeter":153.84402799378825},"geometry":{"type":"Polygon","coordinates":[[[80.14176409437168,19.731166125173576],[80.14147781703626,19.731164753988793],[80.14138480534335,19.730712499777862],[80.14167059921633,19.73080423049928],[80.14176409437168,19.731166125173576]]]},"id":"242"},{"type":"Feature","properties":{"id":"243","metrics:area":500,"metrics:perimeter":89.44271909999159},"geometry":{"type":"Polygon","coordinates":[[[80.17363738188983,19.73113520455639],[80.17354288481543,19.730954044200114],[80.17373420232359,19.73086456405605],[80.1738286995692,19.731045724319106],[80.17363738188983,19.73113520455639]]]},"id":"243"},{"type":"Feature","properties":{"id":"244","metrics:area":5000,"metrics:perimeter":492.2892570755041},"geometry":{"type":"Polygon","coordinates":[[[80.18078885211087,19.73225238655798],[80.18050533504484,19.73170891579412],[80.18069618915904,19.731709788432003],[80.18060444829536,19.730986469610468],[80.18098707592144,19.73080749375226],[80.18079391957423,19.73125842308006],[80.18117332448902,19.731711969137685],[80.18069572842691,19.73180014874601],[80.1810774369004,19.731801893420798],[80.1809797068841,19.73225325891696],[80.18078885211087,19.73225238655798]]]},"id":"244"},{"type":"Feature","properties":{"id":"245","metrics:area":800,"metrics:perimeter":122.4621125123532},"geometry":{"type":"Polygon","coordinates":[[[80.15512515517887,19.73095852611496],[80.15512610535362,19.730777806646646],[80.15550828378112,19.730689245946017],[80.15550733404076,19.73086996543399],[80.15512515517887,19.73095852611496]]]},"id":"245"},{"type":"Feature","properties":{"id":"246","metrics:area":800,"metrics:perimeter":116.83238505927558},"geometry":{"type":"Polygon","coordinates":[[[80.1669575297845,19.731104279096126],[80.1668630404008,19.73092311549008],[80.16715025583902,19.730743726084192],[80.1672447454554,19.73092488955031],[80.1669575297845,19.731104279096126]]]},"id":"246"},{"type":"Feature","properties":{"id":"247","metrics:area":700,"metrics:perimeter":123.5917360311745},"geometry":{"type":"Polygon","coordinates":[[[80.16543164681474,19.7309164555255],[80.16552801151074,19.73073617992617],[80.1659092469696,19.73082831679903],[80.16590877794536,19.730918676783645],[80.16543164681474,19.7309164555255]]]},"id":"247"},{"type":"Feature","properties":{"id":"248","metrics:area":1000,"metrics:perimeter":143.34208176545638},"geometry":{"type":"Polygon","coordinates":[[[80.18212989493861,19.7312645249933],[80.18203630795838,19.730902648068056],[80.18232350739393,19.730723233731336],[80.18232212800976,19.730994314811007],[80.18212989493861,19.7312645249933]]]},"id":"248"},{"type":"Feature","properties":{"id":"249","metrics:area":650,"metrics:perimeter":103.98345637668169},"geometry":{"type":"Polygon","coordinates":[[[80.14615560372066,19.730825654670323],[80.14606161857047,19.730554121436565],[80.14634789516214,19.730555485259224],[80.14634693512755,19.730736204319417],[80.14615560372066,19.730825654670323]]]},"id":"249"},{"type":"Feature","properties":{"id":"250","metrics:area":600,"metrics:perimeter":106.70046377709969},"geometry":{"type":"Polygon","coordinates":[[[80.18671130034764,19.731104649337457],[80.18652136154132,19.730923062224367],[80.18652227640743,19.73074234131452],[80.18680764174701,19.730924361445698],[80.18671130034764,19.731104649337457]]]},"id":"250"},{"type":"Feature","properties":{"id":"251","metrics:area":1200,"metrics:perimeter":184.72135954999578},"geometry":{"type":"Polygon","coordinates":[[[80.19806621065146,19.731336544334166],[80.19806846539198,19.730884740783253],[80.19787806248239,19.73079352597067],[80.19816434326147,19.730794807043935],[80.19825886852364,19.730975955400176],[80.19825706515543,19.731337398255974],[80.19806621065146,19.731336544334166]]]},"id":"251"},{"type":"Feature","properties":{"id":"252","metrics:area":3450,"metrics:perimeter":368.9369664206515},"geometry":{"type":"Polygon","coordinates":[[[80.18136371828221,19.73180320139348],[80.18146374832969,19.730900033928528],[80.18194226136755,19.730631131448565],[80.18184407453455,19.731172857933224],[80.18155733400715,19.731261911106817],[80.18174680724529,19.73153386362981],[80.1814605263158,19.731532556286158],[80.18155457254949,19.73180407312125],[80.18136371828221,19.73180320139348]]]},"id":"252"},{"type":"Feature","properties":{"id":"253","metrics:area":4850,"metrics:perimeter":420.41366971789324},"geometry":{"type":"Polygon","coordinates":[[[80.1793583646254,19.73206511682908],[80.17888399898068,19.731520769619127],[80.17898081094873,19.731250125986378],[80.17859956588397,19.731158016621055],[80.17869776357412,19.730616292304248],[80.1792680142375,19.73107071669782],[80.17907577606417,19.731340923414592],[80.17945471473713,19.731884833224438],[80.1793583646254,19.73206511682908]]]},"id":"253"},{"type":"Feature","properties":{"id":"254","metrics:area":1650,"metrics:perimeter":166.94261094210026},"geometry":{"type":"Polygon","coordinates":[[[80.18375306940509,19.7310912002957],[80.18365993785942,19.730638963692684],[80.18394621735463,19.730640267466566],[80.18413523526733,19.731002578000155],[80.18375306940509,19.7310912002957]]]},"id":"254"},{"type":"Feature","properties":{"id":"255","metrics:area":1300,"metrics:perimeter":214.97365151260954},"geometry":{"type":"Polygon","coordinates":[[[80.20665467315416,19.731374769643665],[80.20675233095868,19.73092338755057],[80.20656103038183,19.731012903591374],[80.20656192271646,19.730832181792213],[80.20684865017436,19.730743088089987],[80.20684552810386,19.731375614421285],[80.20665467315416,19.731374769643665]]]},"id":"255"},{"type":"Feature","properties":{"id":"256","metrics:area":3300,"metrics:perimeter":320.82688155485977},"geometry":{"type":"Polygon","coordinates":[[[80.18575428477178,19.73164247886428],[80.18556572042574,19.73118980947817],[80.18633233823475,19.7305607540166],[80.18594697014811,19.731281904167304],[80.18604056620435,19.73164377935628],[80.18575428477178,19.73164247886428]]]},"id":"256"},{"type":"Feature","properties":{"id":"257","metrics:area":900,"metrics:perimeter":150.8276253029822},"geometry":{"type":"Polygon","coordinates":[[[80.1627592428844,19.73099435292223],[80.16276206762811,19.730452193442318],[80.16285749350817,19.730452639206856],[80.16295009529082,19.73099524442698],[80.1627592428844,19.73099435292223]]]},"id":"257"},{"type":"Feature","properties":{"id":"258","metrics:area":1700,"metrics:perimeter":194.21431351415998},"geometry":{"type":"Polygon","coordinates":[[[80.17955337146799,19.73125274810241],[80.17926893726789,19.73088999611898],[80.17936620962342,19.730528991926864],[80.17974468624813,19.731163261436755],[80.17955337146799,19.73125274810241]]]},"id":"258"},{"type":"Feature","properties":{"id":"259","metrics:area":1500,"metrics:perimeter":186.1427157873053},"geometry":{"type":"Polygon","coordinates":[[[80.1421477270758,19.730806515000058],[80.14176505958261,19.730985406339144],[80.14167301243859,19.730352433399165],[80.1421477270758,19.730806515000058]]]},"id":"259"},{"type":"Feature","properties":{"id":"260","metrics:area":900,"metrics:perimeter":172.3606797749979},"geometry":{"type":"Polygon","coordinates":[[[80.14042958374381,19.730888644241887],[80.14043200046618,19.730436847293525],[80.14033754192906,19.73025567080842],[80.14062188463711,19.730618481339985],[80.14062043491755,19.730889559519827],[80.14042958374381,19.730888644241887]]]},"id":"260"},{"type":"Feature","properties":{"id":"261","metrics:area":600,"metrics:perimeter":100},"geometry":{"type":"Polygon","coordinates":[[[80.16171191174496,19.730537646571186],[80.16171285449074,19.73035692678759],[80.16199913189196,19.730358265598475],[80.16199818946802,19.73053898539532],[80.16171191174496,19.730537646571186]]]},"id":"261"},{"type":"Feature","properties":{"id":"262","metrics:area":750,"metrics:perimeter":115.21451263285829},"geometry":{"type":"Polygon","coordinates":[[[80.18690398292424,19.73074407349089],[80.18661816040844,19.73065241397636],[80.18661907515211,19.73047169305671],[80.1870003238793,19.73056378547302],[80.18690398292424,19.73074407349089]]]},"id":"262"},{"type":"Feature","properties":{"id":"263","metrics:area":1600,"metrics:perimeter":166.70174982185148},"geometry":{"type":"Polygon","coordinates":[[[80.15693967169486,19.730695985088392],[80.15684661636557,19.73024373727612],[80.15732327061039,19.730336341106803],[80.1571305234612,19.73069688277716],[80.15693967169486,19.730695985088392]]]},"id":"263"},{"type":"Feature","properties":{"id":"264","metrics:area":700,"metrics:perimeter":112.36067977499789},"geometry":{"type":"Polygon","coordinates":[[[80.18127381590757,19.73071844146904],[80.18127565741128,19.73035700011146],[80.18146650995678,19.730357871871806],[80.18146512915467,19.730628952904308],[80.18127381590757,19.73071844146904]]]},"id":"264"},{"type":"Feature","properties":{"id":"265","metrics:area":650,"metrics:perimeter":103.98345637668169},"geometry":{"type":"Polygon","coordinates":[[[80.15398242210317,19.730501325509486],[80.15388842372337,19.730229795887883],[80.15417470032048,19.730231147187904],[80.15417374910439,19.73041186662272],[80.15398242210317,19.730501325509486]]]},"id":"265"},{"type":"Feature","properties":{"id":"266","metrics:area":600,"metrics:perimeter":100},"geometry":{"type":"Polygon","coordinates":[[[80.15808620269573,19.730430288754338],[80.15808714951314,19.730249569137165],[80.15837342645612,19.73025091373215],[80.15837247996053,19.730431633362628],[80.15808620269573,19.730430288754338]]]},"id":"266"},{"type":"Feature","properties":{"id":"267","metrics:area":4400,"metrics:perimeter":306.12080933761695},"geometry":{"type":"Polygon","coordinates":[[[80.18499270096584,19.731277566993793],[80.18461236890826,19.731004749475662],[80.18471146322207,19.730282300290494],[80.18490094084198,19.730554249656876],[80.18537807324302,19.730556419046735],[80.18499270096584,19.731277566993793]]]},"id":"267"},{"type":"Feature","properties":{"id":"268","metrics:area":600,"metrics:perimeter":100},"geometry":{"type":"Polygon","coordinates":[[[80.1754537323781,19.730511034230787],[80.17545512331125,19.730239953604723],[80.17564597543827,19.730240831557957],[80.17564458482697,19.730511912197063],[80.1754537323781,19.730511034230787]]]},"id":"268"},{"type":"Feature","properties":{"id":"269","metrics:area":6450,"metrics:perimeter":392.4675284621594},"geometry":{"type":"Polygon","coordinates":[[[80.13956833439102,19.731336319800064],[80.13957559179985,19.729980929260925],[80.13967101682495,19.729981387359793],[80.14014669152232,19.73025475525742],[80.14014475752741,19.730616192798138],[80.13995390670222,19.73061527702583],[80.1401433070032,19.730887270944006],[80.13956833439102,19.731336319800064]]]},"id":"269"},{"type":"Feature","properties":{"id":"270","metrics:area":600,"metrics:perimeter":111.2310562561766},"geometry":{"type":"Polygon","coordinates":[[[80.17850737278732,19.730525057308416],[80.17850922049335,19.730163616194194],[80.17860464658372,19.73016405356855],[80.17869822539971,19.73052593202366],[80.17850737278732,19.730525057308416]]]},"id":"270"},{"type":"Feature","properties":{"id":"271","metrics:area":600,"metrics:perimeter":100},"geometry":{"type":"Polygon","coordinates":[[[80.1533158706001,19.73022709191637],[80.15331682277123,19.73004637251801],[80.1536030989992,19.730047724718965],[80.15360214714991,19.73022844413071],[80.1533158706001,19.73022709191637]]]},"id":"271"},{"type":"Feature","properties":{"id":"272","metrics:area":500,"metrics:perimeter":92.36067977499789},"geometry":{"type":"Polygon","coordinates":[[[80.16457609931535,19.73027993436453],[80.16457750857892,19.73000885448098],[80.16476835990386,19.730009744006974],[80.16476742061198,19.730190463939067],[80.16457609931535,19.73027993436453]]]},"id":"272"},{"type":"Feature","properties":{"id":"273","metrics:area":5900,"metrics:perimeter":443.54888198743527},"geometry":{"type":"Polygon","coordinates":[[[80.18270107717537,19.731538218139942],[80.1825120619746,19.73117590620777],[80.18289514757282,19.73090656584843],[80.18280109951073,19.730635049627946],[80.18299241187094,19.730545559397967],[80.18280385658598,19.7300928873736],[80.1831855612059,19.73009462741424],[80.18337319918749,19.73072801984704],[80.18308646021396,19.730817075530382],[80.1830846227365,19.731178517033342],[80.18270107717537,19.731538218139942]]]},"id":"273"},{"type":"Feature","properties":{"id":"274","metrics:area":500,"metrics:perimeter":89.44271909999159},"geometry":{"type":"Polygon","coordinates":[[[80.18432929935781,19.730370923894256],[80.18423479041837,19.730189768745564],[80.18442610150086,19.73010027693327],[80.18452061061136,19.730281431988665],[80.18432929935781,19.730370923894256]]]},"id":"274"},{"type":"Feature","properties":{"id":"275","metrics:area":750,"metrics:perimeter":111.6227766016838},"geometry":{"type":"Polygon","coordinates":[[[80.15512943088254,19.730145288478525],[80.15513085606989,19.729874209249793],[80.15532170677112,19.729875108828775],[80.1554157074211,19.730146637790835],[80.15512943088254,19.730145288478525]]]},"id":"275"},{"type":"Feature","properties":{"id":"276","metrics:area":9400,"metrics:perimeter":612.3522750712765},"geometry":{"type":"Polygon","coordinates":[[[80.18021905389264,19.731707606456286],[80.18012454894742,19.73152644930387],[80.18031586376576,19.73143696203138],[80.18002958311166,19.731435652408187],[80.17965110473956,19.730801383455876],[80.17965571756743,19.729897780410695],[80.17984656949,19.72989865387653],[80.17994015099822,19.73026053178831],[80.17984241892196,19.730711896660246],[80.18003281074063,19.73080313027081],[80.18003465504403,19.730441689029206],[80.18022550763067,19.730442562114597],[80.18050994329923,19.730805312646513],[80.18050671754789,19.731437834859502],[80.18021905389264,19.731707606456286]]]},"id":"276"},{"type":"Feature","properties":{"id":"277","metrics:area":1150,"metrics:perimeter":139.9358721828541},"geometry":{"type":"Polygon","coordinates":[[[80.15474725358561,19.73023384841646],[80.15465372936274,19.729871959413437],[80.15484505525583,19.729782499762297],[80.15503400537494,19.73014483860616],[80.15474725358561,19.73023384841646]]]},"id":"277"},{"type":"Feature","properties":{"id":"278","metrics:area":800,"metrics:perimeter":122.4621125123532},"geometry":{"type":"Polygon","coordinates":[[[80.16028288434931,19.73007914629291],[80.16028430083892,19.72980806670182],[80.16066553065605,19.72990021454955],[80.1606650587074,19.72999057442209],[80.16028288434931,19.73007914629291]]]},"id":"278"},{"type":"Feature","properties":{"id":"279","metrics:area":1000,"metrics:perimeter":140},"geometry":{"type":"Polygon","coordinates":[[[80.18232672586814,19.730090711179884],[80.18232764540934,19.729909990442618],[80.18280477559074,19.729912166614792],[80.18280385658598,19.7300928873736],[80.18232672586814,19.730090711179884]]]},"id":"279"},{"type":"Feature","properties":{"id":"280","metrics:area":1800,"metrics:perimeter":240.87830504199098},"geometry":{"type":"Polygon","coordinates":[[[80.1836603968955,19.730548603299887],[80.18347321707436,19.72982485072654],[80.18395034713974,19.72982702384019],[80.18366223301449,19.730187161719506],[80.18385170870874,19.73045911213096],[80.1836603968955,19.730548603299887]]]},"id":"280"},{"type":"Feature","properties":{"id":"281","metrics:area":500,"metrics:perimeter":92.36067977499789},"geometry":{"type":"Polygon","coordinates":[[[80.2809032257663,19.73051334074458],[80.28090443882593,19.73024225336183],[80.28109529571205,19.730243019028777],[80.28109448722245,19.730423743959108],[80.2809032257663,19.73051334074458]]]},"id":"281"},{"type":"Feature","properties":{"id":"282","metrics:area":1900,"metrics:perimeter":272.668041532991},"geometry":{"type":"Polygon","coordinates":[[[80.18041589937005,19.73053379531722],[80.18032231664583,19.73017191762078],[80.18003557718045,19.73026096840288],[80.18003788247695,19.729809166820946],[80.18013192538416,19.730080684332318],[80.18041912531878,19.72990127305492],[80.18060767358213,19.73035394735015],[80.18041589937005,19.73053379531722]]]},"id":"282"},{"type":"Feature","properties":{"id":"283","metrics:area":2000,"metrics:perimeter":180.3275925283613},"geometry":{"type":"Polygon","coordinates":[[[80.18146650995678,19.730357871871806],[80.18137246462291,19.730086354982713],[80.18156515764046,19.729725785219287],[80.18175554936408,19.729817017002656],[80.18175324889543,19.730268818778864],[80.18146650995678,19.730357871871806]]]},"id":"283"},{"type":"Feature","properties":{"id":"284","metrics:area":1600,"metrics:perimeter":240.52326155571694},"geometry":{"type":"Polygon","coordinates":[[[80.17908039226359,19.730437320554405],[80.1789863509706,19.73016580255802],[80.17927216779401,19.730257474064004],[80.17917812626608,19.72998595615504],[80.17927493671704,19.729715312266702],[80.17946255873653,19.730348708254155],[80.17908039226359,19.730437320554405]]]},"id":"284"},{"type":"Feature","properties":{"id":"285","metrics:area":900,"metrics:perimeter":163.89050422582739},"geometry":{"type":"Polygon","coordinates":[[[80.15589330967373,19.730058525868987],[80.1558956828141,19.729606727056215],[80.15608700774838,19.729517266039363],[80.15599015888246,19.72978789599039],[80.15618006058666,19.72996951418815],[80.15589330967373,19.730058525868987]]]},"id":"285"},{"type":"Feature","properties":{"id":"286","metrics:area":750,"metrics:perimeter":123.07135789365265},"geometry":{"type":"Polygon","coordinates":[[[80.17726914416852,19.73006756545236],[80.17717464350216,19.729886406865212],[80.1771760314849,19.729615326102586],[80.17746092119089,19.729887720949836],[80.17726914416852,19.73006756545236]]]},"id":"286"},{"type":"Feature","properties":{"id":"287","metrics:area":700,"metrics:perimeter":112.36067977499789},"geometry":{"type":"Polygon","coordinates":[[[80.28958803667966,19.730367248120533],[80.28958923507986,19.73009616021802],[80.28978049151026,19.730006553991842],[80.28977889407695,19.730368004545333],[80.28958803667966,19.730367248120533]]]},"id":"287"},{"type":"Feature","properties":{"id":"288","metrics:area":800,"metrics:perimeter":122.4621125123532},"geometry":{"type":"Polygon","coordinates":[[[80.18022873431259,19.729810039876092],[80.18022965619882,19.72962931922823],[80.18061182019623,19.729540704377744],[80.18061089874423,19.729721425044723],[80.18022873431259,19.729810039876092]]]},"id":"288"},{"type":"Feature","properties":{"id":"289","metrics:area":1250,"metrics:perimeter":150.99019513592785},"geometry":{"type":"Polygon","coordinates":[[[80.18261438311644,19.72982093592183],[80.18261576191883,19.72954985478687],[80.18309243173542,19.72964239054404],[80.1830915130677,19.7298231113213],[80.18261438311644,19.72982093592183]]]},"id":"289"},{"type":"Feature","properties":{"id":"290","metrics:area":900,"metrics:perimeter":123.24555320336759},"geometry":{"type":"Polygon","coordinates":[[[80.15417802949412,19.729598629137037],[80.15427488124465,19.729328000268026],[80.15446573125496,19.729328900734565],[80.15455973015843,19.729600430096863],[80.15417802949412,19.729598629137037]]]},"id":"290"},{"type":"Feature","properties":{"id":"291","metrics:area":500,"metrics:perimeter":92.36067977499789},"geometry":{"type":"Polygon","coordinates":[[[80.15980811854342,19.729625110881265],[80.15980953579853,19.729354031309573],[80.1600003861124,19.7293549258841],[80.15999944149284,19.72953564560833],[80.15980811854342,19.729625110881265]]]},"id":"291"},{"type":"Feature","properties":{"id":"292","metrics:area":600,"metrics:perimeter":100},"geometry":{"type":"Polygon","coordinates":[[[80.17851153006852,19.729711814780696],[80.17851291578302,19.729440733921553],[80.17870376710799,19.72944160858484],[80.17870238171535,19.72971268945697],[80.17851153006852,19.729711814780696]]]},"id":"292"},{"type":"Feature","properties":{"id":"293","metrics:area":900,"metrics:perimeter":140.10469622751654},"geometry":{"type":"Polygon","coordinates":[[[80.17831975439492,19.729891660460748],[80.17813028892742,19.729619704541804],[80.17813167527795,19.729348623705885],[80.17841656620996,19.729621017083073],[80.17831975439492,19.729891660460748]]]},"id":"293"},{"type":"Feature","properties":{"id":"294","metrics:area":500,"metrics:perimeter":89.44271909999159},"geometry":{"type":"Polygon","coordinates":[[[80.18099352329507,19.729542449039844],[80.18089901863652,19.729361292266898],[80.18109033043045,19.729271804038635],[80.1811848352601,19.72945296071831],[80.18099352329507,19.729542449039844]]]},"id":"294"},{"type":"Feature","properties":{"id":"295","metrics:area":1000,"metrics:perimeter":131.2310562561766},"geometry":{"type":"Polygon","coordinates":[[[80.17879873103296,19.72953240613408],[80.1788005779831,19.729170964953376],[80.17899142900153,19.72917183929891],[80.17908500820813,19.729533717602155],[80.17879873103296,19.72953240613408]]]},"id":"295"},{"type":"Feature","properties":{"id":"296","metrics:area":550,"metrics:perimeter":96.34413615167959},"geometry":{"type":"Polygon","coordinates":[[[80.25437709665492,19.729772400774216],[80.2543779351596,19.729591676913564],[80.25456920927937,19.729502108866473],[80.25466379854011,19.72968322960686],[80.25437709665492,19.729772400774216]]]},"id":"296"},{"type":"Feature","properties":{"id":"297","metrics:area":650,"metrics:perimeter":103.98345637668169},"geometry":{"type":"Polygon","coordinates":[[[80.19483119340414,19.72942442301709],[80.19483209885085,19.729243701704842],[80.19502340332986,19.729154198321744],[80.19511747152976,19.72942570887161],[80.19483119340414,19.72942442301709]]]},"id":"297"},{"type":"Feature","properties":{"id":"298","metrics:area":800,"metrics:perimeter":120},"geometry":{"type":"Polygon","coordinates":[[[80.19397235916233,19.729420562710608],[80.19397417197682,19.729059120158865],[80.19416502358392,19.729059978343322],[80.19416321119856,19.72942142091206],[80.19397235916233,19.729420562710608]]]},"id":"298"},{"type":"Feature","properties":{"id":"299","metrics:area":600,"metrics:perimeter":100},"geometry":{"type":"Polygon","coordinates":[[[80.16820836251769,19.729122120224172],[80.16820976556531,19.728851040054284],[80.16840061569229,19.72885192566282],[80.1683992129665,19.729123005845864],[80.16820836251769,19.729122120224172]]]},"id":"299"},{"type":"Feature","properties":{"id":"300","metrics:area":500,"metrics:perimeter":92.36067977499789},"geometry":{"type":"Polygon","coordinates":[[[80.16047987210504,19.728905362049478],[80.16057624095014,19.728725089231833],[80.16076709055478,19.72872598296269],[80.16076614682994,19.728906702735234],[80.16047987210504,19.728905362049478]]]},"id":"300"},{"type":"Feature","properties":{"id":"301","metrics:area":600,"metrics:perimeter":100},"geometry":{"type":"Polygon","coordinates":[[[80.2089560533933,19.729125869596718],[80.2089573877133,19.728854786682067],[80.20914823977697,19.728855628904498],[80.20914690577881,19.729126711831658],[80.2089560533933,19.729125869596718]]]},"id":"301"},{"type":"Feature","properties":{"id":"302","metrics:area":900,"metrics:perimeter":123.24555320336759},"geometry":{"type":"Polygon","coordinates":[[[80.16572824578078,19.728929868655335],[80.16563422811159,19.728658344454495],[80.16592050277464,19.7286596768921],[80.16601452093437,19.728931200960353],[80.16572824578078,19.728929868655335]]]},"id":"302"},{"type":"Feature","properties":{"id":"303","metrics:area":600,"metrics:perimeter":100},"geometry":{"type":"Polygon","coordinates":[[[80.19473848399923,19.728881830362273],[80.19473938952322,19.728701109043232],[80.19502566635397,19.728702394999207],[80.19502476115181,19.72888311633098],[80.19473848399923,19.728881830362273]]]},"id":"303"},{"type":"Feature","properties":{"id":"304","metrics:area":11400,"metrics:perimeter":638.9156534920469},"geometry":{"type":"Polygon","coordinates":[[[80.15675166491293,19.73015292853697],[80.15665813617228,19.729791040412287],[80.1569439381549,19.729882747046766],[80.15723163598346,19.72961301405996],[80.15713810641593,19.729251126136035],[80.15732990408392,19.729071303944938],[80.15723542686423,19.728890135662674],[80.1569482044029,19.729069508930518],[80.15675877693546,19.728797531743222],[80.15676019926929,19.728526452359606],[80.15704694699008,19.728437439158327],[80.15761665251118,19.728982289861584],[80.15780371394878,19.72970606525133],[80.15732421828086,19.730155621523306],[80.15675166491293,19.73015292853697]]]},"id":"304"},{"type":"Feature","properties":{"id":"305","metrics:area":600,"metrics:perimeter":103.24555320336759},"geometry":{"type":"Polygon","coordinates":[[[80.18052008056321,19.72881738539778],[80.1805210020716,19.728636664716717],[80.18080773836456,19.728547613028702],[80.18080681718308,19.728728333724565],[80.18052008056321,19.72881738539778]]]},"id":"305"},{"type":"Feature","properties":{"id":"306","metrics:area":800,"metrics:perimeter":120},"geometry":{"type":"Polygon","coordinates":[[[80.15771397170747,19.72862129907215],[80.15771491884945,19.72844057943589],[80.15809661711234,19.72844237276281],[80.15809567039945,19.728623092416825],[80.15771397170747,19.72862129907215]]]},"id":"306"},{"type":"Feature","properties":{"id":"307","metrics:area":800,"metrics:perimeter":120},"geometry":{"type":"Polygon","coordinates":[[[80.17928001283762,19.72872134888558],[80.17928093573552,19.728540628258866],[80.17966263633167,19.728542375670333],[80.17966171386288,19.728723096314347],[80.17928001283762,19.72872134888558]]]},"id":"307"},{"type":"Feature","properties":{"id":"308","metrics:area":500,"metrics:perimeter":92.36067977499789},"geometry":{"type":"Polygon","coordinates":[[[80.29236064250156,19.729203481382797],[80.29236183614859,19.72893239328192],[80.29255269195684,19.72893314670053],[80.29255189640892,19.72911387210949],[80.29236064250156,19.729203481382797]]]},"id":"308"},{"type":"Feature","properties":{"id":"309","metrics:area":650,"metrics:perimeter":104.6284073991415},"geometry":{"type":"Polygon","coordinates":[[[80.29140596355968,19.729290073865677],[80.29121590443383,19.729108593859944],[80.29131212936043,19.72892824584752],[80.29150258675736,19.7290193630681],[80.29140596355968,19.729290073865677]]]},"id":"309"},{"type":"Feature","properties":{"id":"310","metrics:area":1250,"metrics:perimeter":150.99019513592785},"geometry":{"type":"Polygon","coordinates":[[[80.14626255047844,19.728657480395192],[80.14636037464702,19.728206137141356],[80.14655122293216,19.72820704598552],[80.14654882370674,19.728658843771356],[80.14626255047844,19.728657480395192]]]},"id":"310"},{"type":"Feature","properties":{"id":"311","metrics:area":600,"metrics:perimeter":100},"geometry":{"type":"Polygon","coordinates":[[[80.1609598271592,19.728365436916576],[80.16096077063824,19.728184717124144],[80.16124704411494,19.728186056994957],[80.16124610095771,19.728366776800655],[80.1609598271592,19.728365436916576]]]},"id":"311"},{"type":"Feature","properties":{"id":"312","metrics:area":600,"metrics:perimeter":106.70046377709969},"geometry":{"type":"Polygon","coordinates":[[[80.16658894566311,19.72857242411246],[80.16639903333105,19.728390816546987],[80.16639997069557,19.728210096503307],[80.1666853075735,19.728392147745826],[80.16658894566311,19.72857242411246]]]},"id":"312"},{"type":"Feature","properties":{"id":"313","metrics:area":700,"metrics:perimeter":112.36067977499789},"geometry":{"type":"Polygon","coordinates":[[[80.17365132129785,19.728424399356104],[80.17365225050962,19.728243678979958],[80.17403394985884,19.7282454383522],[80.17393759612774,19.728425718974528],[80.17365132129785,19.728424399356104]]]},"id":"313"},{"type":"Feature","properties":{"id":"314","metrics:area":750,"metrics:perimeter":134.8418432072729},"geometry":{"type":"Polygon","coordinates":[[[80.19120818905125,19.728775571913857],[80.19101961215965,19.728322907698605],[80.19130588805359,19.728324199571805],[80.19120818905125,19.728775571913857]]]},"id":"314"},{"type":"Feature","properties":{"id":"315","metrics:area":2000,"metrics:perimeter":187.33433128760743},"geometry":{"type":"Polygon","coordinates":[[[80.1809972072848,19.728819566266036],[80.1809999701703,19.728277404147025],[80.1812867055794,19.728188351656748],[80.18137982925074,19.72864058932645],[80.1809972072848,19.728819566266036]]]},"id":"315"},{"type":"Feature","properties":{"id":"316","metrics:area":1300,"metrics:perimeter":152.3606797749979},"geometry":{"type":"Polygon","coordinates":[[[80.21048509231547,19.72868079675818],[80.21077314517329,19.728320613500326],[80.21096355305679,19.728411814789325],[80.2109622221529,19.72868289784894],[80.21048509231547,19.72868079675818]]]},"id":"316"},{"type":"Feature","properties":{"id":"317","metrics:area":1050,"metrics:perimeter":170.03896913132158},"geometry":{"type":"Polygon","coordinates":[[[80.15647439978413,19.72843474551101],[80.15657077273066,19.72825447499257],[80.156284499477,19.728253127648948],[80.15638134682257,19.727982497440752],[80.1566666713056,19.72816456420861],[80.15666524884229,19.72843564359662],[80.15647439978413,19.72843474551101]]]},"id":"317"},{"type":"Feature","properties":{"id":"318","metrics:area":650,"metrics:perimeter":103.98345637668169},"geometry":{"type":"Polygon","coordinates":[[[80.15361261691403,19.7282405303989],[80.1535186203323,19.727969000587557],[80.15380489287503,19.72797035232984],[80.15380394136116,19.72815107179288],[80.15361261691403,19.7282405303989]]]},"id":"318"},{"type":"Feature","properties":{"id":"319","metrics:area":600,"metrics:perimeter":115.95241580617241},"geometry":{"type":"Polygon","coordinates":[[[80.15819298827972,19.72826210130543],[80.15781223744924,19.728079588551353],[80.15819440815284,19.72799102180532],[80.15819298827972,19.72826210130543]]]},"id":"319"},{"type":"Feature","properties":{"id":"320","metrics:area":800,"metrics:perimeter":119.5153275036385},"geometry":{"type":"Polygon","coordinates":[[[80.16525393659423,19.728385487180443],[80.16516038939075,19.728023602759688],[80.16544666288858,19.72802493591298],[80.1654457244617,19.72820565591639],[80.16525393659423,19.728385487180443]]]},"id":"320"},{"type":"Feature","properties":{"id":"321","metrics:area":900,"metrics:perimeter":121.66174573300538},"geometry":{"type":"Polygon","coordinates":[[[80.1732700863823,19.728332278974886],[80.17317559125104,19.728151118443304],[80.17346279497062,19.72797171843104],[80.17355682567873,19.728243239009924],[80.1732700863823,19.728332278974886]]]},"id":"321"},{"type":"Feature","properties":{"id":"322","metrics:area":750,"metrics:perimeter":111.6227766016838},"geometry":{"type":"Polygon","coordinates":[[[80.26946002515074,19.728659783385336],[80.26946125738777,19.728388696635157],[80.26965211158802,19.728389474417366],[80.2697463069373,19.728660949999778],[80.26946002515074,19.728659783385336]]]},"id":"322"},{"type":"Feature","properties":{"id":"323","metrics:area":800,"metrics:perimeter":119.5153275036385},"geometry":{"type":"Polygon","coordinates":[[[80.20227936576897,19.728463737582718],[80.20218573438098,19.728101869528913],[80.20247201066756,19.728103143555064],[80.20247111386786,19.728283865229127],[80.20227936576897,19.728463737582718]]]},"id":"323"},{"type":"Feature","properties":{"id":"324","metrics:area":700,"metrics:perimeter":115.60623297836548},"geometry":{"type":"Polygon","coordinates":[[[80.20170726079567,19.7283708275954],[80.20180403270024,19.728100170116285],[80.20199533219997,19.728010659096284],[80.20199398619958,19.728281741577216],[80.20170726079567,19.7283708275954]]]},"id":"324"},{"type":"Feature","properties":{"id":"325","metrics:area":600,"metrics:perimeter":103.24555320336759},"geometry":{"type":"Polygon","coordinates":[[[80.21048686792186,19.728319352718447],[80.21048775571035,19.728138630693064],[80.21077447636961,19.728049530442142],[80.21077358890784,19.72823025248185],[80.21048686792186,19.728319352718447]]]},"id":"325"},{"type":"Feature","properties":{"id":"326","metrics:area":500,"metrics:perimeter":92.36067977499789},"geometry":{"type":"Polygon","coordinates":[[[80.29102744023982,19.728565662952803],[80.29102863609374,19.72829457491106],[80.2912194910894,19.72829532972586],[80.29121869407022,19.728476055095413],[80.29102744023982,19.728565662952803]]]},"id":"326"},{"type":"Feature","properties":{"id":"327","metrics:area":1400,"metrics:perimeter":153.84402799378825},"geometry":{"type":"Polygon","coordinates":[[[80.17909193164702,19.728178313001198],[80.17899789150387,19.72790679498987],[80.17947547665995,19.7278186194879],[80.17937820643138,19.728179623914787],[80.17909193164702,19.728178313001198]]]},"id":"327"},{"type":"Feature","properties":{"id":"328","metrics:area":900,"metrics:perimeter":126.05551275463989},"geometry":{"type":"Polygon","coordinates":[[[80.15380489287503,19.72797035232984],[80.15380679587125,19.727608913392718],[80.15409306779401,19.727610264651148],[80.15409211662296,19.727790984134934],[80.15380489287503,19.72797035232984]]]},"id":"328"},{"type":"Feature","properties":{"id":"329","metrics:area":600,"metrics:perimeter":100},"geometry":{"type":"Polygon","coordinates":[[[80.19875087117124,19.7279961848029],[80.19875222262029,19.727725102528627],[80.1989430728677,19.72772595557031],[80.1989417217405,19.727997037857254],[80.19875087117124,19.7279961848029]]]},"id":"329"},{"type":"Feature","properties":{"id":"330","metrics:area":900,"metrics:perimeter":132.3606797749979},"geometry":{"type":"Polygon","coordinates":[[[80.16754647061428,19.727944338351787],[80.16754834270675,19.727582898136944],[80.16773965920517,19.72749342433476],[80.16773731963238,19.727945224627547],[80.16754647061428,19.727944338351787]]]},"id":"330"},{"type":"Feature","properties":{"id":"331","metrics:area":1000,"metrics:perimeter":131.2310562561766},"geometry":{"type":"Polygon","coordinates":[[[80.16401623565835,19.72783754563438],[80.1641135398221,19.7274765507727],[80.1643043881174,19.727477440683302],[80.16430250874102,19.727838880602885],[80.16401623565835,19.72783754563438]]]},"id":"331"},{"type":"Feature","properties":{"id":"332","metrics:area":650,"metrics:perimeter":103.98345637668169},"geometry":{"type":"Polygon","coordinates":[[[80.2102023669033,19.72795664744996],[80.21020325499401,19.727775925429707],[80.21039454976855,19.727686405265864],[80.21048864348903,19.727957908664],[80.2102023669033,19.72795664744996]]]},"id":"332"},{"type":"Feature","properties":{"id":"333","metrics:area":700,"metrics:perimeter":112.36067977499789},"geometry":{"type":"Polygon","coordinates":[[[80.1577191808588,19.727627341027127],[80.15772012794324,19.72744662137061],[80.15810182384621,19.72744841459989],[80.15800545310391,19.72762868603858],[80.1577191808588,19.727627341027127]]]},"id":"333"},{"type":"Feature","properties":{"id":"334","metrics:area":900,"metrics:perimeter":145.76491222541475},"geometry":{"type":"Polygon","coordinates":[[[80.16640137672293,19.72793901643087],[80.16640325138987,19.7275775763214],[80.16630829584416,19.727486772479175],[80.16659409991681,19.727578463798544],[80.16659222567897,19.727939903925588],[80.16640137672293,19.72793901643087]]]},"id":"334"},{"type":"Feature","properties":{"id":"335","metrics:area":1300,"metrics:perimeter":154.97365151260954},"geometry":{"type":"Polygon","coordinates":[[[80.18042880241686,19.728003705997395],[80.1803356817392,19.727551467910626],[80.18062241616273,19.727462416442883],[80.18062011280624,19.72791421820927],[80.18042880241686,19.728003705997395]]]},"id":"335"},{"type":"Feature","properties":{"id":"336","metrics:area":550,"metrics:perimeter":96.34413615167958},"geometry":{"type":"Polygon","coordinates":[[[80.16983805972454,19.727683879934908],[80.16964767775399,19.727592635803735],[80.16964861142483,19.727411915594388],[80.16993441748753,19.72750360165203],[80.16983805972454,19.727683879934908]]]},"id":"336"},{"type":"Feature","properties":{"id":"337","metrics:area":1350,"metrics:perimeter":186.31691109702024},"geometry":{"type":"Polygon","coordinates":[[[80.19321575540212,19.728061718483044],[80.19312169116257,19.727790207035202],[80.19331299476052,19.72770070543618],[80.19312305209021,19.72751912513047],[80.1934093267015,19.727520413593986],[80.19350339129291,19.72779192491049],[80.19321575540212,19.728061718483044]]]},"id":"337"},{"type":"Feature","properties":{"id":"338","metrics:area":2150,"metrics:perimeter":193.6814581608426},"geometry":{"type":"Polygon","coordinates":[[[80.15876742699618,19.727903350052188],[80.15867484078102,19.72736074306834],[80.15905700935878,19.727272174395615],[80.1590541726107,19.727814333551486],[80.15876742699618,19.727903350052188]]]},"id":"338"},{"type":"Feature","properties":{"id":"339","metrics:area":1450,"metrics:perimeter":154.084889114037},"geometry":{"type":"Polygon","coordinates":[[[80.15924549374978,19.72772486900193],[80.15924738448611,19.72736342954695],[80.15953412889056,19.72727441222793],[80.15962766293698,19.727636299136126],[80.15924549374978,19.72772486900193]]]},"id":"339"},{"type":"Feature","properties":{"id":"340","metrics:area":1300,"metrics:perimeter":147.05481427033436},"geometry":{"type":"Polygon","coordinates":[[[80.29169662861705,19.72829721587392],[80.2915065702879,19.72811573618265],[80.29160319254368,19.727845025268604],[80.29198410538487,19.728027258847185],[80.29169662861705,19.72829721587392]]]},"id":"340"},{"type":"Feature","properties":{"id":"341","metrics:area":1050,"metrics:perimeter":135.2145126328583},"geometry":{"type":"Polygon","coordinates":[[[80.17871207898192,19.72781512317807],[80.17871392595282,19.72745368193606],[80.17890523655703,19.727364195983817],[80.1789988146777,19.727726074359566],[80.17871207898192,19.72781512317807]]]},"id":"341"},{"type":"Feature","properties":{"id":"342","metrics:area":550,"metrics:perimeter":96.34413615167958},"geometry":{"type":"Polygon","coordinates":[[[80.18100319342102,19.72764488163296],[80.18090868978204,19.727463724866684],[80.18119542376611,19.727374672464396],[80.18119450307985,19.727555393201452],[80.18100319342102,19.72764488163296]]]},"id":"342"},{"type":"Feature","properties":{"id":"343","metrics:area":600,"metrics:perimeter":112.11102550927978},"geometry":{"type":"Polygon","coordinates":[[[80.21230305763622,19.727694802568454],[80.21201589534606,19.727874266369337],[80.21201766743144,19.727512822163465],[80.21230305763622,19.727694802568454]]]},"id":"343"},{"type":"Feature","properties":{"id":"344","metrics:area":1050,"metrics:perimeter":153.25403217417505},"geometry":{"type":"Polygon","coordinates":[[[80.19569771561996,19.727892147613257],[80.19541279725831,19.727619780726332],[80.19579585360694,19.72735041162016],[80.19569771561996,19.727892147613257]]]},"id":"344"},{"type":"Feature","properties":{"id":"345","metrics:area":600,"metrics:perimeter":100},"geometry":{"type":"Polygon","coordinates":[[[80.19932522354864,19.727637300271603],[80.19932657400238,19.72736621794829],[80.19951742385058,19.72736707036361],[80.19951607371864,19.727638152699573],[80.19932522354864,19.727637300271603]]]},"id":"345"},{"type":"Feature","properties":{"id":"346","metrics:area":550,"metrics:perimeter":124.91900792836664},"geometry":{"type":"Polygon","coordinates":[[[80.15981898356583,19.727546833953106],[80.15982040064092,19.727275754317866],[80.15972544912832,19.727184947127302],[80.16010620021991,19.727367455836692],[80.15981898356583,19.727546833953106]]]},"id":"346"},{"type":"Feature","properties":{"id":"347","metrics:area":1200,"metrics:perimeter":188.38896747497844},"geometry":{"type":"Polygon","coordinates":[[[80.16382679729024,19.727565575496154],[80.16363735955275,19.72729360517293],[80.16363829996585,19.727112885234778],[80.16392316158932,19.727385300685558],[80.16411494964893,19.72720547083655],[80.1641135398221,19.7274765507727],[80.16382679729024,19.727565575496154]]]},"id":"347"},{"type":"Feature","properties":{"id":"348","metrics:area":700,"metrics:perimeter":112.36067977499789},"geometry":{"type":"Polygon","coordinates":[[[80.16048789616941,19.727369243978313],[80.1604897840751,19.727007804393477],[80.16068063163644,19.727008698141866],[80.16067921603288,19.72727977784514],[80.16048789616941,19.727369243978313]]]},"id":"348"},{"type":"Feature","properties":{"id":"349","metrics:area":1300,"metrics:perimeter":155.08270432752164},"geometry":{"type":"Polygon","coordinates":[[[80.19388690431217,19.72743219936363],[80.19388781072158,19.727251478053358],[80.1943658402449,19.72707290183996],[80.19426860366447,19.727433915579628],[80.19388690431217,19.72743219936363]]]},"id":"349"},{"type":"Feature","properties":{"id":"350","metrics:area":500,"metrics:perimeter":107.96691275336339},"geometry":{"type":"Polygon","coordinates":[[[80.15791239617472,19.727176438581814],[80.15753164820907,19.72699392531602],[80.15781839278378,19.726904910749123],[80.15791239617472,19.727176438581814]]]},"id":"350"},{"type":"Feature","properties":{"id":"351","metrics:area":650,"metrics:perimeter":123.35087491092574},"geometry":{"type":"Polygon","coordinates":[[[80.15304530886328,19.72724386892176],[80.15295083755655,19.727062698562037],[80.15295226617688,19.726791619393182],[80.15314311311008,19.726792521156938],[80.15304530886328,19.72724386892176]]]},"id":"351"},{"type":"Feature","properties":{"id":"352","metrics:area":500,"metrics:perimeter":92.36067977499789},"geometry":{"type":"Polygon","coordinates":[[[80.17814276525543,19.727179976720272],[80.17814415139928,19.726908895809796],[80.17833499970021,19.726909770758162],[80.1783340758214,19.72709049137473],[80.17814276525543,19.727179976720272]]]},"id":"352"},{"type":"Feature","properties":{"id":"353","metrics:area":550,"metrics:perimeter":96.34413615167959},"geometry":{"type":"Polygon","coordinates":[[[80.19026212818999,19.727144773057436],[80.19026303866053,19.72696405190346],[80.19045434272896,19.726874553369075],[80.19054885700746,19.727055705483505],[80.19026212818999,19.727144773057436]]]},"id":"353"},{"type":"Feature","properties":{"id":"354","metrics:area":600,"metrics:perimeter":147.33433128760743},"geometry":{"type":"Polygon","coordinates":[[[80.16487787209456,19.727299389204436],[80.16487881111323,19.72711866920901],[80.16468984165111,19.726756339941197],[80.16497564341343,19.72684803376795],[80.16487787209456,19.727299389204436]]]},"id":"354"},{"type":"Feature","properties":{"id":"355","metrics:area":600,"metrics:perimeter":103.24555320336759},"geometry":{"type":"Polygon","coordinates":[[[80.20839328787592,19.727135400381755],[80.2083941779606,19.72695467842412],[80.20868089751418,19.726865581478023],[80.20868000775623,19.727046303450003],[80.20839328787592,19.727135400381755]]]},"id":"355"},{"type":"Feature","properties":{"id":"356","metrics:area":1000,"metrics:perimeter":131.2310562561766},"geometry":{"type":"Polygon","coordinates":[[[80.15886805310657,19.72690983946925],[80.15886994460702,19.72654840001658],[80.15906079154335,19.726549295469553],[80.15915432415856,19.726911182599128],[80.15886805310657,19.72690983946925]]]},"id":"356"},{"type":"Feature","properties":{"id":"357","metrics:area":600,"metrics:perimeter":104.72135954999578},"geometry":{"type":"Polygon","coordinates":[[[80.16535686937395,19.726940171507948],[80.16535827706247,19.726669091469386],[80.16554959357686,19.7265796200008],[80.1655481862179,19.726850700055323],[80.16535686937395,19.726940171507948]]]},"id":"357"},{"type":"Feature","properties":{"id":"358","metrics:area":800,"metrics:perimeter":120},"geometry":{"type":"Polygon","coordinates":[[[80.27318741094238,19.72740984109385],[80.273189045426,19.727048391740784],[80.2733798981935,19.727049165503466],[80.27337826413898,19.727410614871847],[80.27318741094238,19.72740984109385]]]},"id":"358"},{"type":"Feature","properties":{"id":"359","metrics:area":700,"metrics:perimeter":107.96691275336337},"geometry":{"type":"Polygon","coordinates":[[[80.15218887854931,19.72678801030674],[80.15209440847346,19.72660683953209],[80.15238115500243,19.72651783374612],[80.15247562535959,19.726699004381416],[80.15218887854931,19.72678801030674]]]},"id":"359"},{"type":"Feature","properties":{"id":"360","metrics:area":600,"metrics:perimeter":100},"geometry":{"type":"Polygon","coordinates":[[[80.15724679850176,19.726721500117165],[80.15724774607018,19.726540780464422],[80.15753401634531,19.726542126157774],[80.15753306909866,19.72672284582383],[80.15724679850176,19.726721500117165]]]},"id":"360"},{"type":"Feature","properties":{"id":"361","metrics:area":600,"metrics:perimeter":100},"geometry":{"type":"Polygon","coordinates":[[[80.17327798795871,19.726796155792737],[80.17327891750716,19.726615435400877],[80.17356518908822,19.726616755498107],[80.17356425986155,19.726797475903034],[80.17327798795871,19.726796155792737]]]},"id":"361"},{"type":"Feature","properties":{"id":"362","metrics:area":750,"metrics:perimeter":115.21451263285829},"geometry":{"type":"Polygon","coordinates":[[[80.24770901411864,19.727214355872203],[80.24742315944532,19.727122792333958],[80.24742400564665,19.72694206870825],[80.24780528582606,19.72703403270647],[80.24770901411864,19.727214355872203]]]},"id":"362"},{"type":"Feature","properties":{"id":"363","metrics:area":750,"metrics:perimeter":111.6227766016838},"geometry":{"type":"Polygon","coordinates":[[[80.15801018681248,19.72672508765256],[80.15801160687408,19.726454008118797],[80.15820245365613,19.72645490448148],[80.15829645747215,19.726726432140367],[80.15801018681248,19.72672508765256]]]},"id":"363"},{"type":"Feature","properties":{"id":"364","metrics:area":600,"metrics:perimeter":106.70046377709969},"geometry":{"type":"Polygon","coordinates":[[[80.20629438479317,19.72703575576127],[80.20619985245357,19.726854611330094],[80.20648701901398,19.726675156989003],[80.20648612679871,19.726855878868605],[80.20629438479317,19.72703575576127]]]},"id":"364"},{"type":"Feature","properties":{"id":"365","metrics:area":2850,"metrics:perimeter":267.7136133098244},"geometry":{"type":"Polygon","coordinates":[[[80.15819866763103,19.727177783255257],[80.15810466374954,19.72690625555496],[80.15848683150071,19.72681768806548],[80.15839330044862,19.726455800641013],[80.15858414725157,19.726456696597413],[80.15877168355465,19.72709011137409],[80.15819866763103,19.727177783255257]]]},"id":"365"},{"type":"Feature","properties":{"id":"366","metrics:area":550,"metrics:perimeter":96.34413615167958},"geometry":{"type":"Polygon","coordinates":[[[80.16678916437252,19.726766110693305],[80.16669467753484,19.72658494701146],[80.16698141689257,19.726495917568467],[80.16698048026996,19.726676637673492],[80.16678916437252,19.726766110693305]]]},"id":"366"},{"type":"Feature","properties":{"id":"367","metrics:area":900,"metrics:perimeter":146.0555127546399},"geometry":{"type":"Polygon","coordinates":[[[80.16354381655958,19.726931720020733],[80.16354663802719,19.726389560186337],[80.16373748500418,19.726390450653497],[80.16373607460385,19.726661530588064],[80.16354381655958,19.726931720020733]]]},"id":"367"},{"type":"Feature","properties":{"id":"368","metrics:area":800,"metrics:perimeter":128.2842712474619},"geometry":{"type":"Polygon","coordinates":[[[80.16631157676896,19.72685425226109],[80.166313920209,19.726402452077696],[80.16650476733633,19.7264033395993],[80.16650336160185,19.72667441972528],[80.16631157676896,19.72685425226109]]]},"id":"368"},{"type":"Feature","properties":{"id":"369","metrics:area":700,"metrics:perimeter":117.28656901081649},"geometry":{"type":"Polygon","coordinates":[[[80.19627523707327,19.72690074812129],[80.19637246881919,19.726539733102136],[80.1965633175476,19.726540588628296],[80.19656241418164,19.72672131007205],[80.19627523707327,19.72690074812129]]]},"id":"369"},{"type":"Feature","properties":{"id":"370","metrics:area":650,"metrics:perimeter":104.62840739914148},"geometry":{"type":"Polygon","coordinates":[[[80.21125692571296,19.726967298257986],[80.21116283119477,19.726695795208794],[80.21135412416533,19.726606273947407],[80.21144866228384,19.72678741586044],[80.21125692571296,19.726967298257986]]]},"id":"370"},{"type":"Feature","properties":{"id":"371","metrics:area":600,"metrics:perimeter":100},"geometry":{"type":"Polygon","coordinates":[[[80.20181076401391,19.726744757664317],[80.20181211020974,19.726473675149084],[80.20200295911432,19.72647452488127],[80.20200161324027,19.726745607409114],[80.20181076401391,19.726744757664317]]]},"id":"371"},{"type":"Feature","properties":{"id":"372","metrics:area":1050,"metrics:perimeter":134.7603286813174},"geometry":{"type":"Polygon","coordinates":[[[80.15161681489153,19.72669494166537],[80.15142739931281,19.726422959208286],[80.15152377650969,19.726242691528327],[80.15180956899776,19.7263344060455],[80.15161681489153,19.72669494166537]]]},"id":"372"},{"type":"Feature","properties":{"id":"373","metrics:area":2050,"metrics:perimeter":193.89898319663484},"geometry":{"type":"Polygon","coordinates":[[[80.20333666234217,19.726932271673903],[80.2034352218423,19.726300169644368],[80.20353064622816,19.726300593668263],[80.20372104735543,19.72639180244689],[80.20362293662605,19.726933543789684],[80.20333666234217,19.726932271673903]]]},"id":"373"},{"type":"Feature","properties":{"id":"374","metrics:area":1700,"metrics:perimeter":224.62090029842395},"geometry":{"type":"Polygon","coordinates":[[[80.16010950552918,19.726734936615518],[80.16001644304885,19.72628269000839],[80.16030365717855,19.72610331145965],[80.16049261585542,19.7264656449886],[80.16020681761347,19.726373944127552],[80.16030035274787,19.72673583075692],[80.16010950552918,19.726734936615518]]]},"id":"374"},{"type":"Feature","properties":{"id":"375","metrics:area":750,"metrics:perimeter":130.99019513592785},"geometry":{"type":"Polygon","coordinates":[[[80.16316447365175,19.726478138608474],[80.16316682588891,19.726026338769852],[80.16326224915119,19.726026784223137],[80.16335532071523,19.726479029486327],[80.16316447365175,19.726478138608474]]]},"id":"375"},{"type":"Feature","properties":{"id":"376","metrics:area":1700,"metrics:perimeter":176.85727886880272},"geometry":{"type":"Polygon","coordinates":[[[80.18043525319216,19.726738661066882],[80.18024624840974,19.726376346937236],[80.1802476309451,19.72610526585914],[80.18043847839277,19.72610613853398],[80.18062702268493,19.72655881284108],[80.18043525319216,19.726738661066882]]]},"id":"376"},{"type":"Feature","properties":{"id":"377","metrics:area":2050,"metrics:perimeter":248.11613148836548},"geometry":{"type":"Polygon","coordinates":[[[80.18492018878209,19.726759111154653],[80.18501744569423,19.726398103188636],[80.18463574967821,19.72639636736086],[80.1847330069713,19.726035359549666],[80.18520829371742,19.726398970797803],[80.18520691952565,19.7266700522036],[80.18492018878209,19.726759111154653]]]},"id":"377"},{"type":"Feature","properties":{"id":"378","metrics:area":1300,"metrics:perimeter":154.3397840021018},"geometry":{"type":"Polygon","coordinates":[[[80.21078113202034,19.726694115027104],[80.2105911700408,19.726512552568884],[80.21059294519735,19.726151108432546],[80.21097331234485,19.726423872099215],[80.21078113202034,19.726694115027104]]]},"id":"378"},{"type":"Feature","properties":{"id":"379","metrics:area":600,"metrics:perimeter":103.24555320336759},"geometry":{"type":"Polygon","coordinates":[[[80.17967416633189,19.72628336730951],[80.17977097347863,19.726012722932918],[80.17986639713483,19.72601315954749],[80.1799604377832,19.72628467717269],[80.17967416633189,19.72628336730951]]]},"id":"379"},{"type":"Feature","properties":{"id":"380","metrics:area":800,"metrics:perimeter":115.60623297836548},"geometry":{"type":"Polygon","coordinates":[[[80.14093231134719,19.726101882630868],[80.14093376015987,19.725830804284133],[80.14112508817816,19.725741359345296],[80.14121906240312,19.726012894894946],[80.14093231134719,19.726101882630868]]]},"id":"380"},{"type":"Feature","properties":{"id":"381","metrics:area":7600,"metrics:perimeter":481.12922954042597},"geometry":{"type":"Polygon","coordinates":[[[80.15953507391603,19.727093692479787],[80.15944201289793,19.726641445643924],[80.15915668772313,19.72645938324775],[80.15906457356083,19.725826416484562],[80.15925541964954,19.725827311698943],[80.1593489523535,19.72618919875641],[80.1595416888022,19.725828654139637],[80.15982795797831,19.725829996123277],[80.15973017305265,19.72628134829624],[80.16001266521738,19.727005569133745],[80.15953507391603,19.727093692479787]]]},"id":"381"},{"type":"Feature","properties":{"id":"382","metrics:area":600,"metrics:perimeter":115.9524158061724},"geometry":{"type":"Polygon","coordinates":[[[80.17461763582841,19.726079430563516],[80.17423547734516,19.726168032842814],[80.17423687000122,19.725896952168995],[80.17461763582841,19.726079430563516]]]},"id":"382"},{"type":"Feature","properties":{"id":"383","metrics:area":900,"metrics:perimeter":120},"geometry":{"type":"Polygon","coordinates":[[[80.16650664161277,19.726041899418437],[80.16650804729291,19.725770819273126],[80.16679431687712,19.72577215012853],[80.16679291167962,19.7260432302936],[80.16650664161277,19.726041899418437]]]},"id":"383"},{"type":"Feature","properties":{"id":"384","metrics:area":550,"metrics:perimeter":96.34413615167959},"geometry":{"type":"Polygon","coordinates":[[[80.16698375840382,19.726044117289785],[80.16698469499022,19.72586339717188],[80.16717600969227,19.72577392389142],[80.16727049664307,19.725955087338107],[80.16698375840382,19.726044117289785]]]},"id":"384"},{"type":"Feature","properties":{"id":"385","metrics:area":850,"metrics:perimeter":125.96256060378559},"geometry":{"type":"Polygon","coordinates":[[[80.20858814221009,19.726322994258616],[80.20858947694528,19.726051911283452],[80.20878121526052,19.725872031786555],[80.2088753052785,19.7261435359554],[80.20858814221009,19.726322994258616]]]},"id":"385"},{"type":"Feature","properties":{"id":"386","metrics:area":600,"metrics:perimeter":100},"geometry":{"type":"Polygon","coordinates":[[[80.16612541700366,19.725949764168508],[80.16612682331959,19.72567868404679],[80.1663176695785,19.725679571736386],[80.16631626358435,19.725950651871287],[80.16612541700366,19.725949764168508]]]},"id":"386"},{"type":"Feature","properties":{"id":"387","metrics:area":600,"metrics:perimeter":132.11102550927978},"geometry":{"type":"Polygon","coordinates":[[[80.16297550882263,19.726115807676067],[80.16278607417144,19.725843836524586],[80.16297833208061,19.72557364787132],[80.16297550882263,19.726115807676067]]]},"id":"387"},{"type":"Feature","properties":{"id":"388","metrics:area":1600,"metrics:perimeter":165.07508424996485},"geometry":{"type":"Polygon","coordinates":[[[80.15858651235976,19.726004897289506],[80.15849298147916,19.72564300989376],[80.15897056889474,19.725554889173274],[80.15887325463225,19.725915880938963],[80.15858651235976,19.726004897289506]]]},"id":"388"},{"type":"Feature","properties":{"id":"389","metrics:area":1150,"metrics:perimeter":168.1913190966076},"geometry":{"type":"Polygon","coordinates":[[[80.18062886522259,19.72619737137459],[80.18063024709912,19.725926290265058],[80.1805362054907,19.725654772947593],[80.18091605752113,19.726017958956],[80.18091513658935,19.726198679707718],[80.18062886522259,19.72619737137459]]]},"id":"389"},{"type":"Feature","properties":{"id":"390","metrics:area":1000,"metrics:perimeter":138.19143207344683},"geometry":{"type":"Polygon","coordinates":[[[80.13988411178751,19.725825770812747],[80.13959881146897,19.7256436781424],[80.13959977882163,19.725462959299723],[80.14007592374917,19.725645967584747],[80.13988411178751,19.725825770812747]]]},"id":"390"},{"type":"Feature","properties":{"id":"391","metrics:area":1250,"metrics:perimeter":214.81108167966389},"geometry":{"type":"Polygon","coordinates":[[[80.18616299150771,19.72631294530457],[80.18616665159719,19.725590061336252],[80.18635749871572,19.725590927687943],[80.18625933042502,19.726132657532112],[80.18644972083555,19.726223884308144],[80.18616299150771,19.72631294530457]]]},"id":"391"},{"type":"Feature","properties":{"id":"392","metrics:area":600,"metrics:perimeter":100},"geometry":{"type":"Polygon","coordinates":[[[80.16364535273303,19.72575748558119],[80.16364676321635,19.72548640562561],[80.16383760912596,19.725487295947122],[80.1638361989644,19.725758375915927],[80.16364535273303,19.72575748558119]]]},"id":"392"},{"type":"Feature","properties":{"id":"393","metrics:area":900,"metrics:perimeter":129.5741732923815},"geometry":{"type":"Polygon","coordinates":[[[80.18597351641549,19.72604099724707],[80.18568861830157,19.725768615544435],[80.18578495739044,19.72558832802345],[80.18606985536621,19.725860709572807],[80.18597351641549,19.72604099724707]]]},"id":"393"},{"type":"Feature","properties":{"id":"394","metrics:area":4600,"metrics:perimeter":394.17652286023974},"geometry":{"type":"Polygon","coordinates":[[[80.18539868379662,19.72649019867764],[80.18482980554172,19.72576471212406],[80.18492660377012,19.725494064626506],[80.18521058398646,19.725947168436413],[80.18549822888417,19.725677387989858],[80.18559090548034,19.726219984447738],[80.18587717724266,19.726221284858276],[80.1858762618783,19.72640200583012],[80.18539868379662,19.72649019867764]]]},"id":"394"},{"type":"Feature","properties":{"id":"395","metrics:area":950,"metrics:perimeter":162.46277146136984},"geometry":{"type":"Polygon","coordinates":[[[80.2612636726562,19.726367093698936],[80.26136117460712,19.725915676394116],[80.26155285578392,19.725735738473475],[80.26145493930068,19.726277518022833],[80.2612636726562,19.726367093698936]]]},"id":"395"},{"type":"Feature","properties":{"id":"396","metrics:area":750,"metrics:perimeter":111.6227766016838},"geometry":{"type":"Polygon","coordinates":[[[80.14026773528181,19.725466164131806],[80.14026918516463,19.72519508581329],[80.14055496864569,19.725286817977874],[80.14055400237622,19.725467536869548],[80.14026773528181,19.725466164131806]]]},"id":"396"},{"type":"Feature","properties":{"id":"397","metrics:area":600,"metrics:perimeter":103.24555320336759},"geometry":{"type":"Polygon","coordinates":[[[80.14112653663707,19.725470280973926],[80.14112750226303,19.725289562055078],[80.14141425175582,19.72520057394054],[80.14141328645694,19.72538129287481],[80.14112653663707,19.725470280973926]]]},"id":"397"},{"type":"Feature","properties":{"id":"398","metrics:area":600,"metrics:perimeter":100},"geometry":{"type":"Polygon","coordinates":[[[80.18654788855655,19.725682154344337],[80.18654926041245,19.725411072818062],[80.18674010733668,19.725411938754917],[80.18673873580255,19.725683020294042],[80.18654788855655,19.725682154344337]]]},"id":"398"},{"type":"Feature","properties":{"id":"399","metrics:area":600,"metrics:perimeter":100},"geometry":{"type":"Polygon","coordinates":[[[80.15839850478024,19.725461842182025],[80.15839945098837,19.725281122450237],[80.15868571910524,19.725282466222172],[80.15868477321885,19.725463185967268],[80.15839850478024,19.725461842182025]]]},"id":"399"},{"type":"Feature","properties":{"id":"400","metrics:area":600,"metrics:perimeter":100},"geometry":{"type":"Polygon","coordinates":[[[80.16641402992109,19.725499295406077],[80.16641543571554,19.725228215250787],[80.16660628145372,19.72522910261371],[80.16660487598104,19.725500182782188],[80.16641402992109,19.725499295406077]]]},"id":"400"},{"type":"Feature","properties":{"id":"401","metrics:area":600,"metrics:perimeter":100},"geometry":{"type":"Polygon","coordinates":[[[80.16689114509035,19.725501513465474],[80.1668925500804,19.72523043327724],[80.16708339584444,19.725231320132345],[80.16708199117616,19.725502400333752],[80.16689114509035,19.725501513465474]]]},"id":"401"},{"type":"Feature","properties":{"id":"402","metrics:area":600,"metrics:perimeter":103.24555320336759},"geometry":{"type":"Polygon","coordinates":[[[80.20868668070132,19.725690888570487],[80.20868757038558,19.725510166570913],[80.20897428718673,19.725421069046668],[80.20897339782918,19.72560179106058],[80.20868668070132,19.725690888570487]]]},"id":"402"},{"type":"Feature","properties":{"id":"403","metrics:area":500,"metrics:perimeter":89.44271909999159},"geometry":{"type":"Polygon","coordinates":[[[80.18559411030223,19.725587461062343],[80.18549960250981,19.725406306534378],[80.18569090714135,19.72531681309717],[80.18578541510476,19.72549796753185],[80.18559411030223,19.725587461062343]]]},"id":"403"},{"type":"Feature","properties":{"id":"404","metrics:area":700,"metrics:perimeter":107.96691275336337},"geometry":{"type":"Polygon","coordinates":[[[80.17996412575998,19.725561794323863],[80.17987008547954,19.725290276693865],[80.18006139286592,19.725200789370916],[80.18015543342723,19.725472306912913],[80.17996412575998,19.725561794323863]]]},"id":"404"},{"type":"Feature","properties":{"id":"405","metrics:area":1850,"metrics:perimeter":165.9625606037856},"geometry":{"type":"Polygon","coordinates":[[[80.13960026249394,19.725372599877005],[80.13960171349488,19.725101521603317],[80.13988894688858,19.724922176512933],[80.1400788241663,19.725103810977668],[80.13998195166926,19.725374431505248],[80.13960026249394,19.725372599877005]]]},"id":"405"},{"type":"Feature","properties":{"id":"406","metrics:area":900,"metrics:perimeter":138.1379615571165},"geometry":{"type":"Polygon","coordinates":[[[80.18387648696371,19.72557964927126],[80.18349571100019,19.725397190202205],[80.18378335764623,19.72512741255879],[80.18387648696371,19.72557964927126]]]},"id":"406"},{"type":"Feature","properties":{"id":"407","metrics:area":1100,"metrics:perimeter":137.2865690108165},"geometry":{"type":"Polygon","coordinates":[[[80.20324795634919,19.72557643442955],[80.20324885214224,19.725395712666685],[80.20353601914492,19.725216263048626],[80.20362965217151,19.725578130559544],[80.20324795634919,19.72557643442955]]]},"id":"407"},{"type":"Feature","properties":{"id":"408","metrics:area":800,"metrics:perimeter":122.46211251235322},"geometry":{"type":"Polygon","coordinates":[[[80.25821296983182,19.725721948813682],[80.25831006289341,19.725360895455633],[80.25850091301892,19.72536168499498],[80.25840382038177,19.725722738470246],[80.25821296983182,19.725721948813682]]]},"id":"408"},{"type":"Feature","properties":{"id":"409","metrics:area":1200,"metrics:perimeter":147.33433128760743},"geometry":{"type":"Polygon","coordinates":[[[80.14112798507202,19.725199202594265],[80.14065135706012,19.725106556551125],[80.14074822826485,19.724835935605423],[80.14112895068197,19.72501848366989],[80.14112798507202,19.725199202594265]]]},"id":"409"},{"type":"Feature","properties":{"id":"410","metrics:area":600,"metrics:perimeter":100},"geometry":{"type":"Polygon","coordinates":[[[80.16183514111003,19.72520685760195],[80.16183655460328,19.72493577775556],[80.16202739977061,19.72493666998032],[80.16202598659912,19.72520774983996],[80.16183514111003,19.72520685760195]]]},"id":"410"},{"type":"Feature","properties":{"id":"411","metrics:area":800,"metrics:perimeter":128.2842712474619},"geometry":{"type":"Polygon","coordinates":[[[80.16593785255166,19.725316355996473],[80.16593925913497,19.725045275868613],[80.16613104212753,19.724865443631938],[80.16612869837122,19.72531724387162],[80.16593785255166,19.725316355996473]]]},"id":"411"},{"type":"Feature","properties":{"id":"412","metrics:area":600,"metrics:perimeter":103.24555320336759},"geometry":{"type":"Polygon","coordinates":[[[80.14027015173983,19.72501436692967],[80.14027111830436,19.72483364804237],[80.14055786739004,19.724744661280706],[80.14055690115259,19.724925380183446],[80.14027015173983,19.72501436692967]]]},"id":"412"},{"type":"Feature","properties":{"id":"413","metrics:area":800,"metrics:perimeter":116.83238505927557},"geometry":{"type":"Polygon","coordinates":[[[80.20296258062325,19.725394440048543],[80.20267720555323,19.725212445232007],[80.2027735255853,19.72503214788777],[80.20305890045812,19.72521414254723],[80.20296258062325,19.725394440048543]]]},"id":"413"},{"type":"Feature","properties":{"id":"414","metrics:area":550,"metrics:perimeter":96.34413615167958},"geometry":{"type":"Polygon","coordinates":[[[80.18559639938486,19.7251356586166],[80.1855018918353,19.72495450409016],[80.18578861903428,19.724865444064893],[80.18578770363848,19.725046165060053],[80.18559639938486,19.7251356586166]]]},"id":"414"},{"type":"Feature","properties":{"id":"415","metrics:area":600,"metrics:perimeter":100},"geometry":{"type":"Polygon","coordinates":[[[80.16345873885719,19.7249433551914],[80.16346014959215,19.724672275224187],[80.16365099452612,19.72467316570915],[80.1636495841129,19.724944245689592],[80.16345873885719,19.7249433551914]]]},"id":"415"},{"type":"Feature","properties":{"id":"416","metrics:area":850,"metrics:perimeter":171.1381041053223},"geometry":{"type":"Polygon","coordinates":[[[80.1668934867275,19.725049713147136],[80.16670357803955,19.72486810597269],[80.16632141878236,19.72495669133616],[80.16632235605744,19.724775971226894],[80.16679946906874,19.724778189452348],[80.1668934867275,19.725049713147136]]]},"id":"416"},{"type":"Feature","properties":{"id":"417","metrics:area":600,"metrics:perimeter":103.24555320336759},"geometry":{"type":"Polygon","coordinates":[[[80.18473804831793,19.72504139440187],[80.18473896489351,19.72486067345394],[80.18502569229737,19.72477161465725],[80.18502477604864,19.724952335619903],[80.18473804831793,19.72504139440187]]]},"id":"417"},{"type":"Feature","properties":{"id":"418","metrics:area":900,"metrics:perimeter":123.24555320336759},"geometry":{"type":"Polygon","coordinates":[[[80.19370874647504,19.72490124239121],[80.19361468303265,19.724629731143214],[80.19399637570476,19.724631447705242],[80.19399546954776,19.724812169073118],[80.19370874647504,19.72490124239121]]]},"id":"418"},{"type":"Feature","properties":{"id":"419","metrics:area":550,"metrics:perimeter":96.34413615167958},"geometry":{"type":"Polygon","coordinates":[[[80.19972042099349,19.72492818106563],[80.19962589734527,19.72474703342609],[80.19991261723021,19.724657950516697],[80.19991171772287,19.724838672146987],[80.19972042099349,19.72492818106563]]]},"id":"419"},{"type":"Feature","properties":{"id":"420","metrics:area":500,"metrics:perimeter":100.6449510224598},"geometry":{"type":"Polygon","coordinates":[[[80.18464354180497,19.724860239457346],[80.18464491681023,19.724589158035002],[80.18483622089083,19.724499665484267],[80.18483530444276,19.72468038644385],[80.18464354180497,19.724860239457346]]]},"id":"420"},{"type":"Feature","properties":{"id":"421","metrics:area":500,"metrics:perimeter":92.36067977499789},"geometry":{"type":"Polygon","coordinates":[[[80.20830943460996,19.724785593247393],[80.20840574816673,19.724605292640234],[80.20859659515939,19.724606135276126],[80.20859570541703,19.724786857289914],[80.20830943460996,19.724785593247393]]]},"id":"421"},{"type":"Feature","properties":{"id":"422","metrics:area":1100,"metrics:perimeter":134.4766094595442},"geometry":{"type":"Polygon","coordinates":[[[80.13989088085424,19.724560738767213],[80.13979739317911,19.72419884315455],[80.1400836579813,19.724200216558817],[80.14017762963176,19.724471752600813],[80.13989088085424,19.724560738767213]]]},"id":"422"},{"type":"Feature","properties":{"id":"423","metrics:area":800,"metrics:perimeter":120},"geometry":{"type":"Polygon","coordinates":[[[80.16365193478862,19.724492445717594],[80.16365287504073,19.724311725722348],[80.16403456408185,19.724313506047665],[80.16403362425872,19.724494226060543],[80.16365193478862,19.724492445717594]]]},"id":"423"},{"type":"Feature","properties":{"id":"424","metrics:area":600,"metrics:perimeter":100},"geometry":{"type":"Polygon","coordinates":[[[80.19638195581169,19.724642157809466],[80.19638285927739,19.72446143633186],[80.19666912867335,19.72446271939882],[80.1966682255294,19.724643440889135],[80.19638195581169,19.724642157809466]]]},"id":"424"},{"type":"Feature","properties":{"id":"425","metrics:area":950,"metrics:perimeter":130.03896913132158},"geometry":{"type":"Polygon","coordinates":[[[80.21059915793644,19.72488605383949],[80.21050506562608,19.724614550462835],[80.21079222354645,19.72443508887558],[80.21079044900519,19.72479653309844],[80.21059915793644,19.72488605383949]]]},"id":"425"},{"type":"Feature","properties":{"id":"426","metrics:area":1500,"metrics:perimeter":164.8816380760941},"geometry":{"type":"Polygon","coordinates":[[[80.18550234969281,19.724864143598566],[80.18512248953569,19.724500966991247],[80.18521882843133,19.7243206797449],[80.18559960399438,19.72450313515392],[80.18550234969281,19.724864143598566]]]},"id":"426"},{"type":"Feature","properties":{"id":"427","metrics:area":3750,"metrics:perimeter":265.0792864544649},"geometry":{"type":"Polygon","coordinates":[[[80.14094003807085,19.72465613135249],[80.1405597998329,19.724383223464176],[80.14036847317364,19.724472667861807],[80.14027498445567,19.7241107724563],[80.14094341829775,19.724023615094026],[80.14113281301516,19.724295607935517],[80.14094003807085,19.72465613135249]]]},"id":"427"},{"type":"Feature","properties":{"id":"428","metrics:area":800,"metrics:perimeter":115.60623297836548},"geometry":{"type":"Polygon","coordinates":[[[80.27348471845995,19.724971218111264],[80.27348594366059,19.724700131006234],[80.27367720194111,19.724610541990604],[80.2737714021757,19.7248820157167],[80.27348471845995,19.724971218111264]]]},"id":"428"},{"type":"Feature","properties":{"id":"429","metrics:area":1150,"metrics:perimeter":143.9834563766817},"geometry":{"type":"Polygon","coordinates":[[[80.27300759271476,19.724969283797847],[80.2730092273837,19.724607834360942],[80.2732959106812,19.724518632711096],[80.27339051866792,19.724699744250866],[80.27300759271476,19.724969283797847]]]},"id":"429"},{"type":"Feature","properties":{"id":"430","metrics:area":600,"metrics:perimeter":104.72135954999578},"geometry":{"type":"Polygon","coordinates":[[[80.21546709342195,19.72463633488313],[80.21546841643381,19.724365251407022],[80.21565970435859,19.724275725349987],[80.2156583816758,19.72454680884126],[80.21546709342195,19.72463633488313]]]},"id":"430"},{"type":"Feature","properties":{"id":"431","metrics:area":500,"metrics:perimeter":105.5708402582784},"geometry":{"type":"Polygon","coordinates":[[[80.16298444881863,19.724398968180676],[80.16279454545491,19.724217357040626],[80.16308175288086,19.724037973750896],[80.16298444881863,19.724398968180676]]]},"id":"431"},{"type":"Feature","properties":{"id":"432","metrics:area":600,"metrics:perimeter":103.24555320336759},"geometry":{"type":"Polygon","coordinates":[[[80.20878788692211,19.724516616696434],[80.20878877643524,19.724335894668783],[80.20907549106676,19.724246796896832],[80.20907460188029,19.724427518938835],[80.20878788692211,19.724516616696434]]]},"id":"432"},{"type":"Feature","properties":{"id":"433","metrics:area":900,"metrics:perimeter":150.8276253029822},"geometry":{"type":"Polygon","coordinates":[[[80.16098010966222,19.724479960567535],[80.160982939396,19.72393780094161],[80.16107836136509,19.723938247512088],[80.16117095424644,19.724480853684245],[80.16098010966222,19.724479960567535]]]},"id":"433"},{"type":"Feature","properties":{"id":"434","metrics:area":750,"metrics:perimeter":111.6227766016838},"geometry":{"type":"Polygon","coordinates":[[[80.19208927517926,19.72435177483888],[80.19209063759094,19.724080692899467],[80.1922814831983,19.724081552881522],[80.19237554407668,19.72435306475494],[80.19208927517926,19.72435177483888]]]},"id":"434"},{"type":"Feature","properties":{"id":"435","metrics:area":900,"metrics:perimeter":123.24555320336759},"geometry":{"type":"Polygon","coordinates":[[[80.23922809087384,19.724648383999483],[80.23894224604038,19.724556807220203],[80.2389435294612,19.724285722235592],[80.23922937381909,19.724377298999595],[80.23922809087384,19.724648383999483]]]},"id":"435"},{"type":"Feature","properties":{"id":"436","metrics:area":600,"metrics:perimeter":111.2310562561766},"geometry":{"type":"Polygon","coordinates":[[[80.14876751351544,19.72415129965773],[80.14876942743803,19.723789861040025],[80.14886484901768,19.723790314107845],[80.14895835710637,19.724152205760536],[80.14876751351544,19.72415129965773]]]},"id":"436"},{"type":"Feature","properties":{"id":"437","metrics:area":600,"metrics:perimeter":100},"geometry":{"type":"Polygon","coordinates":[[[80.19285311266663,19.72426485293685],[80.1928544737838,19.723993770943615],[80.19304531932401,19.72399463010893],[80.19304395852859,19.724265712114924],[80.19285311266663,19.72426485293685]]]},"id":"437"},{"type":"Feature","properties":{"id":"438","metrics:area":600,"metrics:perimeter":100},"geometry":{"type":"Polygon","coordinates":[[[80.26089027971959,19.724558278092],[80.26089152613018,19.724287191740714],[80.26108237509268,19.72428797849083],[80.26108112900387,19.724559064853803],[80.26089027971959,19.724558278092]]]},"id":"438"},{"type":"Feature","properties":{"id":"439","metrics:area":1250,"metrics:perimeter":142.8538328578604},"geometry":{"type":"Polygon","coordinates":[[[80.13960751725817,19.72401720842565],[80.1396089681389,19.723746130110506],[80.13989571558146,19.72365714433842],[80.1399892032161,19.724019039917884],[80.13960751725817,19.72401720842565]]]},"id":"439"},{"type":"Feature","properties":{"id":"440","metrics:area":500,"metrics:perimeter":100.6449510224598},"geometry":{"type":"Polygon","coordinates":[[[80.1666119031116,19.72414478185695],[80.16661284001837,19.72396406171794],[80.16680462094735,19.723784228664773],[80.16680321592058,19.72405530889061],[80.1666119031116,19.72414478185695]]]},"id":"440"},{"type":"Feature","properties":{"id":"441","metrics:area":700,"metrics:perimeter":112.36067977499789},"geometry":{"type":"Polygon","coordinates":[[[80.19323480440059,19.724266571089878],[80.19323661836049,19.723905128396368],[80.1934274638135,19.723905987151188],[80.19342610366908,19.724177069185448],[80.19323480440059,19.724266571089878]]]},"id":"441"},{"type":"Feature","properties":{"id":"442","metrics:area":750,"metrics:perimeter":111.6227766016838},"geometry":{"type":"Polygon","coordinates":[[[80.15888318394023,19.72401832343537],[80.15888460231879,19.72374724375885],[80.15907544593034,19.72374813907442],[80.15916944984406,19.724019666352497],[80.15888318394023,19.72401832343537]]]},"id":"442"},{"type":"Feature","properties":{"id":"443","metrics:area":600,"metrics:perimeter":100},"geometry":{"type":"Polygon","coordinates":[[[80.16394102164728,19.723951621014525],[80.1639419615465,19.723770900995017],[80.1642282273816,19.723772235818505],[80.16422728780411,19.72395295585123],[80.16394102164728,19.723951621014525]]]},"id":"443"},{"type":"Feature","properties":{"id":"444","metrics:area":750,"metrics:perimeter":111.6227766016838},"geometry":{"type":"Polygon","coordinates":[[[80.14046727701489,19.72384060922404],[80.14046872643186,19.72356953084218],[80.14075499016407,19.723570903132558],[80.14075402421048,19.723751622068306],[80.14046727701489,19.72384060922404]]]},"id":"444"},{"type":"Feature","properties":{"id":"445","metrics:area":900,"metrics:perimeter":120},"geometry":{"type":"Polygon","coordinates":[[[80.15936076632035,19.723930201474353],[80.15936218388677,19.723659121761834],[80.15964844918629,19.723660463890702],[80.15964703210247,19.723931543623156],[80.15936076632035,19.723930201474353]]]},"id":"445"},{"type":"Feature","properties":{"id":"446","metrics:area":1100,"metrics:perimeter":134.4766094595442},"geometry":{"type":"Polygon","coordinates":[[[80.14008510807375,19.723929138215205],[80.13999113686049,19.723657602126245],[80.14027788395707,19.723568615728045],[80.14037137241736,19.723930511142083],[80.14008510807375,19.723929138215205]]]},"id":"446"},{"type":"Feature","properties":{"id":"447","metrics:area":700,"metrics:perimeter":107.96691275336337},"geometry":{"type":"Polygon","coordinates":[[[80.14791015438084,19.723876140780245],[80.14781569079715,19.723694967934758],[80.14810243415059,19.72360596886054],[80.14819689801561,19.723787141566763],[80.14791015438084,19.723876140780245]]]},"id":"447"},{"type":"Feature","properties":{"id":"448","metrics:area":600,"metrics:perimeter":100},"geometry":{"type":"Polygon","coordinates":[[[80.21012603547432,19.724070702787074],[80.21012692346139,19.723889980691897],[80.21041319279959,19.72389124177735],[80.21041230513426,19.724071963885013],[80.21012603547432,19.724070702787074]]]},"id":"448"},{"type":"Feature","properties":{"id":"449","metrics:area":600,"metrics:perimeter":111.2310562561766},"geometry":{"type":"Polygon","coordinates":[[[80.16594488523518,19.72396095527432],[80.16594676051905,19.72359951504676],[80.16604218240869,19.723599958967963],[80.166135729446,19.72396184308353],[80.16594488523518,19.72396095527432]]]},"id":"449"},{"type":"Feature","properties":{"id":"450","metrics:area":750,"metrics:perimeter":122.45523120490125},"geometry":{"type":"Polygon","coordinates":[[[80.18579411119671,19.72378111801663],[80.18569777328149,19.723961405617338],[80.18531654092328,19.723869310945968],[80.18569914644125,19.723690324096527],[80.18579411119671,19.72378111801663]]]},"id":"450"},{"type":"Feature","properties":{"id":"451","metrics:area":750,"metrics:perimeter":111.6227766016838},"geometry":{"type":"Polygon","coordinates":[[[80.14094534979732,19.723662177211796],[80.1409463155311,19.723481458265145],[80.14123306184449,19.723392470305583],[80.14123161373038,19.723663548747314],[80.14094534979732,19.723662177211796]]]},"id":"451"},{"type":"Feature","properties":{"id":"452","metrics:area":500,"metrics:perimeter":92.36067977499789},"geometry":{"type":"Polygon","coordinates":[[[80.16422869716645,19.723681875800757],[80.16432505851775,19.7235016005955],[80.16451590210424,19.723502490109166],[80.16451496286403,19.723683210160637],[80.16422869716645,19.723681875800757]]]},"id":"452"},{"type":"Feature","properties":{"id":"453","metrics:area":700,"metrics:perimeter":134.04918347287665},"geometry":{"type":"Polygon","coordinates":[[[80.16527693057886,19.72395784634254],[80.16527880736415,19.723596406176547],[80.16518385473869,19.723505601807524],[80.16537469837186,19.723506490407196],[80.16546871293676,19.723778014772705],[80.16527693057886,19.72395784634254]]]},"id":"453"},{"type":"Feature","properties":{"id":"454","metrics:area":550,"metrics:perimeter":103.98345637668169},"geometry":{"type":"Polygon","coordinates":[[[80.19333294794343,19.72372483644263],[80.19342927730435,19.723544544425945],[80.1937150916511,19.72363619284089],[80.19371463844051,19.72372655352903],[80.19333294794343,19.72372483644263]]]},"id":"454"},{"type":"Feature","properties":{"id":"455","metrics:area":1150,"metrics:perimeter":154.17850021390794},"geometry":{"type":"Polygon","coordinates":[[[80.18598404102939,19.72396270571461],[80.18589090649498,19.72351046983889],[80.18608220862693,19.72342097587741],[80.18617488620728,19.72396357219222],[80.18598404102939,19.72396270571461]]]},"id":"455"},{"type":"Feature","properties":{"id":"456","metrics:area":850,"metrics:perimeter":123.49878388032019},"geometry":{"type":"Polygon","coordinates":[[[80.16117472634605,19.723757974140277],[80.16108071913683,19.723486447787447],[80.1612725054226,19.723306620848824],[80.16136604147623,19.723668507066943],[80.16117472634605,19.723757974140277]]]},"id":"456"},{"type":"Feature","properties":{"id":"457","metrics:area":900,"metrics:perimeter":133.84402799378825},"geometry":{"type":"Polygon","coordinates":[[[80.16298868322617,19.723585728303693],[80.16308551629696,19.723315093816826],[80.16346673271296,19.723407235267636],[80.16346626250693,19.723497595270516],[80.16298868322617,19.723585728303693]]]},"id":"457"},{"type":"Feature","properties":{"id":"458","metrics:area":600,"metrics:perimeter":103.24555320336759},"geometry":{"type":"Polygon","coordinates":[[[80.18522203438299,19.72368815628435],[80.18522295034641,19.723507435287342],[80.18550967506911,19.72341837560778],[80.18550875943248,19.72359909661951],[80.18522203438299,19.72368815628435]]]},"id":"458"},{"type":"Feature","properties":{"id":"459","metrics:area":1250,"metrics:perimeter":165.02143751025633},"geometry":{"type":"Polygon","coordinates":[[[80.16098435422772,19.723666721116214],[80.16050771709918,19.72357412760273],[80.16098671222852,19.72321492138882],[80.16098435422772,19.723666721116214]]]},"id":"459"},{"type":"Feature","properties":{"id":"460","metrics:area":650,"metrics:perimeter":103.98345637668169},"geometry":{"type":"Polygon","coordinates":[[[80.151443140541,19.7234410888619],[80.15144409446263,19.723260369414735],[80.15163541397851,19.723170912899796],[80.15172940486605,19.723442443620904],[80.151443140541,19.7234410888619]]]},"id":"460"},{"type":"Feature","properties":{"id":"461","metrics:area":750,"metrics:perimeter":111.6227766016838},"geometry":{"type":"Polygon","coordinates":[[[80.19419220456066,19.723638338045735],[80.19419356337309,19.72336725594392],[80.1943844082327,19.723368113657664],[80.19447847233643,19.723639624559294],[80.19419220456066,19.723638338045735]]]},"id":"461"},{"type":"Feature","properties":{"id":"462","metrics:area":600,"metrics:perimeter":100},"geometry":{"type":"Polygon","coordinates":[[[80.19991756434301,19.723663981484318],[80.19991891350342,19.72339289900163],[80.20010975866212,19.72339375062194],[80.20010840982344,19.723664833117283],[80.19991756434301,19.723663981484318]]]},"id":"462"},{"type":"Feature","properties":{"id":"463","metrics:area":600,"metrics:perimeter":100},"geometry":{"type":"Polygon","coordinates":[[[80.16594769814546,19.723418794927454],[80.16594863576151,19.723238074804474],[80.16623490079472,19.723239406389382],[80.16623396350039,19.723420126525554],[80.16594769814546,19.723418794927454]]]},"id":"463"},{"type":"Feature","properties":{"id":"464","metrics:area":1000,"metrics:perimeter":135.95241580617238},"geometry":{"type":"Polygon","coordinates":[[[80.18340946814041,19.723589546563307],[80.18302823816006,19.723497447099458],[80.18302961578608,19.72322636574539],[80.1834103861364,19.723408825646143],[80.18340946814041,19.723589546563307]]]},"id":"464"},{"type":"Feature","properties":{"id":"465","metrics:area":800,"metrics:perimeter":118.41619252963778},"geometry":{"type":"Polygon","coordinates":[[[80.16050866083832,19.72339340773481],[80.16031828955036,19.723302154029366],[80.16031923348831,19.72312143416477],[80.16070091937699,19.723123221484173],[80.16050866083832,19.72339340773481]]]},"id":"465"},{"type":"Feature","properties":{"id":"466","metrics:area":2000,"metrics:perimeter":218.59942816876168},"geometry":{"type":"Polygon","coordinates":[[[80.16250969121367,19.723944939975883],[80.16241662322385,19.723492694287813],[80.16270524160066,19.72304223159339],[80.16279831019949,19.723494477174224],[80.16250969121367,19.723944939975883]]]},"id":"466"},{"type":"Feature","properties":{"id":"467","metrics:area":650,"metrics:perimeter":103.98345637668169},"geometry":{"type":"Polygon","coordinates":[[[80.18570051957828,19.723419242567434],[80.18570189269253,19.723148161030068],[80.18589273689008,19.723149027773733],[80.18598724390739,19.723330182108114],[80.18570051957828,19.723419242567434]]]},"id":"467"},{"type":"Feature","properties":{"id":"468","metrics:area":500,"metrics:perimeter":92.36067977499789},"geometry":{"type":"Polygon","coordinates":[[[80.19352515313295,19.723454613032953],[80.19352651305641,19.72318353097023],[80.1937173576665,19.72318438938637],[80.19371645126786,19.72336511077094],[80.19352515313295,19.723454613032953]]]},"id":"468"},{"type":"Feature","properties":{"id":"469","metrics:area":650,"metrics:perimeter":103.98345637668169},"geometry":{"type":"Polygon","coordinates":[[[80.26108486720837,19.723745805740087],[80.26108611323524,19.72347471935232],[80.26127696124163,19.723475505864254],[80.26137155488775,19.723656623315158],[80.26108486720837,19.723745805740087]]]},"id":"469"},{"type":"Feature","properties":{"id":"470","metrics:area":750,"metrics:perimeter":128.48191962583275},"geometry":{"type":"Polygon","coordinates":[[[80.20192278816481,19.723401830884583],[80.2016356227817,19.723581278004193],[80.20163786653158,19.72312947366763],[80.20192278816481,19.723401830884583]]]},"id":"470"},{"type":"Feature","properties":{"id":"471","metrics:area":1900,"metrics:perimeter":185.75052381724524},"geometry":{"type":"Polygon","coordinates":[[[80.15974481556029,19.72348019133477],[80.15955538943946,19.72320821700375],[80.16012933470162,19.722939820340983],[80.16003155270575,19.72339117291766],[80.15974481556029,19.72348019133477]]]},"id":"471"},{"type":"Feature","properties":{"id":"472","metrics:area":800,"metrics:perimeter":167.46578547999735},"geometry":{"type":"Polygon","coordinates":[[[80.16356215442794,19.723407680504646],[80.16346908370419,19.722955435239424],[80.16365898642631,19.723137045663496],[80.16394572103957,19.72304802088013],[80.16356215442794,19.723407680504646]]]},"id":"472"},{"type":"Feature","properties":{"id":"473","metrics:area":700,"metrics:perimeter":112.36067977499789},"geometry":{"type":"Polygon","coordinates":[[[80.16136839840462,19.723216707295332],[80.16137028390047,19.722855267461476],[80.1615611265752,19.722856160092395],[80.16155971277891,19.72312723998243],[80.16136839840462,19.723216707295332]]]},"id":"473"},{"type":"Feature","properties":{"id":"474","metrics:area":500,"metrics:perimeter":92.36067977499789},"geometry":{"type":"Polygon","coordinates":[[[80.15573948062153,19.72300956313629],[80.15583585087316,19.722829292815756],[80.15602669324493,19.7228301913366],[80.15602574449696,19.723010911007073],[80.15573948062153,19.72300956313629]]]},"id":"474"},{"type":"Feature","properties":{"id":"475","metrics:area":1650,"metrics:perimeter":225.83223860065874},"geometry":{"type":"Polygon","coordinates":[[[80.16403879315745,19.723500265944164],[80.16413750370198,19.722868190731248],[80.16432881623271,19.72277872038804],[80.16442235897347,19.723140605272548],[80.16413562442591,19.72322963082104],[80.16432552824119,19.723411240572787],[80.16403879315745,19.723500265944164]]]},"id":"475"},{"type":"Feature","properties":{"id":"476","metrics:area":4100,"metrics:perimeter":398.3210221104905},"geometry":{"type":"Polygon","coordinates":[[[80.15917181299096,19.723567866853784],[80.15869565028152,19.723384908676326],[80.15879438162709,19.72275283716448],[80.1589852240538,19.722753732532837],[80.15898286048817,19.723205532050823],[80.15927101516637,19.722845435116646],[80.1594594954882,19.723298129550457],[80.15926770726394,19.723477954475467],[80.15917370346149,19.72320642723824],[80.15917181299096,19.723567866853784]]]},"id":"476"},{"type":"Feature","properties":{"id":"477","metrics:area":2750,"metrics:perimeter":324.43079217652166},"geometry":{"type":"Polygon","coordinates":[[[80.13960993537937,19.72356541122913],[80.1396157385978,19.72248109786353],[80.13971115917175,19.722481555774213],[80.13989716594757,19.72338606599181],[80.14018294601819,19.72347779863915],[80.13960993537937,19.72356541122913]]]},"id":"477"},{"type":"Feature","properties":{"id":"478","metrics:area":950,"metrics:perimeter":128.7048159266775},"geometry":{"type":"Polygon","coordinates":[[[80.1605110201405,19.722941608048895],[80.16041701448778,19.722670081382116],[80.16060832868712,19.722580615074772],[80.16079728424704,19.72294294829668],[80.1605110201405,19.722941608048895]]]},"id":"478"},{"type":"Feature","properties":{"id":"479","metrics:area":600,"metrics:perimeter":103.24555320336759},"geometry":{"type":"Polygon","coordinates":[[[80.2526896501825,19.723259187813902],[80.25278633386264,19.722988499669633],[80.2528817573959,19.722988897359134],[80.25297592126486,19.72326038090012],[80.2526896501825,19.723259187813902]]]},"id":"479"},{"type":"Feature","properties":{"id":"480","metrics:area":4450,"metrics:perimeter":308.9555265125314},"geometry":{"type":"Polygon","coordinates":[[[80.16174725758738,19.72376065216563],[80.16165749032706,19.722675886395983],[80.1619442250853,19.722586864820112],[80.1621331837207,19.722949196744068],[80.16193810135532,19.723761544434517],[80.16174725758738,19.72376065216563]]]},"id":"480"},{"type":"Feature","properties":{"id":"481","metrics:area":600,"metrics:perimeter":106.70046377709969},"geometry":{"type":"Polygon","coordinates":[[[80.18350810301152,19.7229574579487],[80.1834135990425,19.722776302407073],[80.18370078214556,19.722596885129924],[80.18369986451692,19.722777606076562],[80.18350810301152,19.7229574579487]]]},"id":"481"},{"type":"Feature","properties":{"id":"482","metrics:area":1250,"metrics:perimeter":179.56728976609983},"geometry":{"type":"Polygon","coordinates":[[[80.16117849827897,19.723035094537384],[80.16089317725923,19.722853034995605],[80.1613726407117,19.722403467648437],[80.16117849827897,19.723035094537384]]]},"id":"482"},{"type":"Feature","properties":{"id":"483","metrics:area":950,"metrics:perimeter":134.58193116710237},"geometry":{"type":"Polygon","coordinates":[[[80.26204118295958,19.723297925578684],[80.26194741843236,19.72293608415097],[80.26213868057062,19.72284650756749],[80.26223203079732,19.723298711067212],[80.26204118295958,19.723297925578684]]]},"id":"483"},{"type":"Feature","properties":{"id":"484","metrics:area":900,"metrics:perimeter":120},"geometry":{"type":"Polygon","coordinates":[[[80.16499723515555,19.722691472628515],[80.16499864312212,19.722420392486537],[80.16528490662994,19.722421725535348],[80.16528349914593,19.722692805697122],[80.16499723515555,19.722691472628515]]]},"id":"484"},{"type":"Feature","properties":{"id":"485","metrics:area":550,"metrics:perimeter":103.98345637668169},"geometry":{"type":"Polygon","coordinates":[[[80.20583779633786,19.722877039011113],[80.20583958182631,19.722515595144948],[80.20593500402163,19.72251601781128],[80.20602908742848,19.722787523340386],[80.20583779633786,19.722877039011113]]]},"id":"485"},{"type":"Feature","properties":{"id":"486","metrics:area":600,"metrics:perimeter":100},"geometry":{"type":"Polygon","coordinates":[[[80.16079964267982,19.72249114855457],[80.1608005860347,19.722310428651273],[80.1610868490387,19.722311768395652],[80.16108590600552,19.722492488312213],[80.16079964267982,19.72249114855457]]]},"id":"486"},{"type":"Feature","properties":{"id":"487","metrics:area":600,"metrics:perimeter":111.2310562561766},"geometry":{"type":"Polygon","coordinates":[[[80.15898616946176,19.722573012719195],[80.15898806024637,19.72221157308087],[80.15908348114193,19.722212020675595],[80.15917701168443,19.722573907875592],[80.15898616946176,19.722573012719195]]]},"id":"487"},{"type":"Feature","properties":{"id":"488","metrics:area":750,"metrics:perimeter":111.6227766016838},"geometry":{"type":"Polygon","coordinates":[[[80.16700248816632,19.722429714231847],[80.16700389273173,19.722158633943124],[80.1671947348547,19.72215952054741],[80.16728875183723,19.722431044081866],[80.16700248816632,19.722429714231847]]]},"id":"488"},{"type":"Feature","properties":{"id":"489","metrics:area":900,"metrics:perimeter":121.66174573300538},"geometry":{"type":"Polygon","coordinates":[[[80.16013216706509,19.7223976607406],[80.16003769024113,19.72221649383023],[80.16032489689714,19.722037114899848],[80.16041890206583,19.722308641614607],[80.16013216706509,19.7223976607406]]]},"id":"489"},{"type":"Feature","properties":{"id":"490","metrics:area":700,"metrics:perimeter":111.5298244508295},"geometry":{"type":"Polygon","coordinates":[[[80.20879722631986,19.72261903522267],[80.20860727130122,19.722437470823735],[80.20860816091584,19.722256748762124],[80.20889398259547,19.722348373209968],[80.20879722631986,19.72261903522267]]]},"id":"490"},{"type":"Feature","properties":{"id":"491","metrics:area":1150,"metrics:perimeter":154.17850021390794},"geometry":{"type":"Polygon","coordinates":[[[80.2616607323388,19.723025267555695],[80.26156738386106,19.722573063801708],[80.26175864575731,19.722483487613008],[80.26185157983646,19.723026053438794],[80.2616607323388,19.723025267555695]]]},"id":"491"},{"type":"Feature","properties":{"id":"492","metrics:area":1350,"metrics:perimeter":162.450401904666},"geometry":{"type":"Polygon","coordinates":[[[80.16747912637187,19.72252229050005],[80.16748146597376,19.72207048996398],[80.16776819679183,19.721981458909507],[80.16766996894964,19.722523176614143],[80.16747912637187,19.72252229050005]]]},"id":"492"},{"type":"Feature","properties":{"id":"493","metrics:area":1500,"metrics:perimeter":160},"geometry":{"type":"Polygon","coordinates":[[[80.13961670576347,19.722300378956362],[80.13961912363092,19.72184858167233],[80.13990538423492,19.721849955204448],[80.13990296717168,19.722301752522487],[80.13961670576347,19.722300378956362]]]},"id":"493"},{"type":"Feature","properties":{"id":"494","metrics:area":750,"metrics:perimeter":130.99019513592785},"geometry":{"type":"Polygon","coordinates":[[[80.16795670049312,19.722434145288144],[80.1679590387417,19.721982344692645],[80.16805445972051,19.72198278750805],[80.16814754298949,19.722435030890104],[80.16795670049312,19.722434145288144]]]},"id":"494"},{"type":"Feature","properties":{"id":"495","metrics:area":750,"metrics:perimeter":111.6227766016838},"geometry":{"type":"Polygon","coordinates":[[[80.16471331859074,19.72223833889471],[80.16481014789179,19.721967703300425],[80.16500098968122,19.721968592231498],[80.16499958175353,19.722239672387285],[80.16471331859074,19.72223833889471]]]},"id":"495"},{"type":"Feature","properties":{"id":"496","metrics:area":750,"metrics:perimeter":124.88851938354605},"geometry":{"type":"Polygon","coordinates":[[[80.17549545035045,19.722378611844807],[80.1752105769012,19.722106214246157],[80.17559272518326,19.722017609481142],[80.17549545035045,19.722378611844807]]]},"id":"496"},{"type":"Feature","properties":{"id":"497","metrics:area":600,"metrics:perimeter":100},"geometry":{"type":"Polygon","coordinates":[[[80.16175526727655,19.722224532713653],[80.16175668067304,19.721953452782742],[80.16194752229626,19.721954344963287],[80.16194610922146,19.722225424907446],[80.16175526727655,19.722224532713653]]]},"id":"497"},{"type":"Feature","properties":{"id":"498","metrics:area":1600,"metrics:perimeter":173.44059704059384},"geometry":{"type":"Polygon","coordinates":[[[80.15822374693091,19.722388710280807],[80.1583215332375,19.72193735880433],[80.15860826829092,19.721848342576667],[80.15851000988447,19.722390054144512],[80.15822374693091,19.722388710280807]]]},"id":"498"},{"type":"Feature","properties":{"id":"499","metrics:area":1050,"metrics:perimeter":137.6782893563237},"geometry":{"type":"Polygon","coordinates":[[[80.14038055272201,19.722213681310812],[80.14009477474268,19.72212194904586],[80.14009670794835,19.721760511167766],[80.14038200215573,19.721942602886003],[80.14038055272201,19.722213681310812]]]},"id":"499"},{"type":"Feature","properties":{"id":"500","metrics:area":600,"metrics:perimeter":111.2310562561766},"geometry":{"type":"Polygon","coordinates":[[[80.16519042387502,19.722240561128462],[80.16519230067782,19.7218791209013],[80.16528772152799,19.721879565186935],[80.16538126600688,19.722241449666548],[80.16519042387502,19.722240561128462]]]},"id":"500"},{"type":"Feature","properties":{"id":"501","metrics:area":1000,"metrics:perimeter":131.2310562561766},"geometry":{"type":"Polygon","coordinates":[[[80.15249992182383,19.722090657765122],[80.1524064066928,19.72172876762661],[80.15269266804066,19.72173012073502],[80.15269076315394,19.72209155980449],[80.15249992182383,19.722090657765122]]]},"id":"501"},{"type":"Feature","properties":{"id":"502","metrics:area":550,"metrics:perimeter":112.26772762414359},"geometry":{"type":"Polygon","coordinates":[[[80.16843614366157,19.721984558261944],[80.16824576916699,19.7218933128581],[80.1680558624778,19.721711707133128],[80.1683421249472,19.721713035254982],[80.16843614366157,19.721984558261944]]]},"id":"502"},{"type":"Feature","properties":{"id":"503","metrics:area":500,"metrics:perimeter":100.6449510224598},"geometry":{"type":"Polygon","coordinates":[[[80.2145247775904,19.722192405211583],[80.21452654348303,19.721830960558382],[80.21462196547252,19.721831378587463],[80.21471650473745,19.722012518902485],[80.2145247775904,19.722192405211583]]]},"id":"503"},{"type":"Feature","properties":{"id":"504","metrics:area":550,"metrics:perimeter":96.34413615167958},"geometry":{"type":"Polygon","coordinates":[[[80.15727237917606,19.721842068200345],[80.15717790593771,19.721660899902073],[80.15746464105001,19.7215718855061],[80.15746369398383,19.721752605269018],[80.15727237917606,19.721842068200345]]]},"id":"504"},{"type":"Feature","properties":{"id":"505","metrics:area":1150,"metrics:perimeter":143.10122064520763},"geometry":{"type":"Polygon","coordinates":[[[80.16652772436967,19.72197569636874],[80.1662423987766,19.721793645167455],[80.16624333597774,19.721612924998144],[80.16671997126147,19.72170550318921],[80.16652772436967,19.72197569636874]]]},"id":"505"},{"type":"Feature","properties":{"id":"506","metrics:area":600,"metrics:perimeter":100},"geometry":{"type":"Polygon","coordinates":[[[80.20775114320398,19.72189151173014],[80.20775203375422,19.72171078969506],[80.20803829904759,19.721712054438758],[80.20803740881905,19.72189277648636],[80.20775114320398,19.72189151173014]]]},"id":"506"},{"type":"Feature","properties":{"id":"507","metrics:area":1200,"metrics:perimeter":160},"geometry":{"type":"Polygon","coordinates":[[[80.16127957666056,19.721951221442854],[80.16128240499172,19.721409061622467],[80.16147324594553,19.721409954284223],[80.16147041825775,19.721952114131128],[80.16127957666056,19.721951221442854]]]},"id":"507"},{"type":"Feature","properties":{"id":"508","metrics:area":750,"metrics:perimeter":111.6227766016838},"geometry":{"type":"Polygon","coordinates":[[[80.15870463463901,19.721668070546862],[80.15870605313559,19.72139699081182],[80.15889689394861,19.721397886215225],[80.15899089634496,19.72166941359576],[80.15870463463901,19.721668070546862]]]},"id":"508"},{"type":"Feature","properties":{"id":"509","metrics:area":650,"metrics:perimeter":123.35087491092574},"geometry":{"type":"Polygon","coordinates":[[[80.18513531424173,19.7219708729902],[80.18504080894074,19.72178971824207],[80.18504218304443,19.721518636700093],[80.18523302527635,19.72151950407735],[80.18513531424173,19.7219708729902]]]},"id":"509"},{"type":"Feature","properties":{"id":"510","metrics:area":2900,"metrics:perimeter":314.94864342274013},"geometry":{"type":"Polygon","coordinates":[[[80.16604733863592,19.722605998242052],[80.1657648258177,19.72188178585349],[80.16576717015445,19.72142998548286],[80.16605343195513,19.72143131724055],[80.16595566755171,19.721882673764707],[80.16623864986849,19.72251652580788],[80.16604733863592,19.722605998242052]]]},"id":"510"},{"type":"Feature","properties":{"id":"511","metrics:area":800,"metrics:perimeter":127.96691275336339},"geometry":{"type":"Polygon","coordinates":[[[80.26290538420828,19.722126750397333],[80.26290621277498,19.72194602603277],[80.26328873345328,19.721766870478277],[80.26319206806248,19.722037564919454],[80.26290538420828,19.722126750397333]]]},"id":"511"},{"type":"Feature","properties":{"id":"512","metrics:area":600,"metrics:perimeter":100},"geometry":{"type":"Polygon","coordinates":[[[80.16023230796023,19.72149450830071],[80.16023325190116,19.721313788403712],[80.16051951308897,19.721315128988998],[80.16051856946973,19.721495848899274],[80.16023230796023,19.72149450830071]]]},"id":"512"},{"type":"Feature","properties":{"id":"513","metrics:area":2850,"metrics:perimeter":231.1308686849236},"geometry":{"type":"Polygon","coordinates":[[[80.16318752277532,19.722050499197458],[80.16309539447305,19.721417533709545],[80.1635734373069,19.721239040106425],[80.16357108683046,19.721690840233116],[80.16318752277532,19.722050499197458]]]},"id":"513"},{"type":"Feature","properties":{"id":"514","metrics:area":700,"metrics:perimeter":115.60623297836548},"geometry":{"type":"Polygon","coordinates":[[[80.15832342545022,19.721575919202298],[80.15842026492346,19.72130528741906],[80.15861157849156,19.72121582321044],[80.1586101598498,19.721486902944346],[80.15832342545022,19.721575919202298]]]},"id":"514"},{"type":"Feature","properties":{"id":"515","metrics:area":500,"metrics:perimeter":100.6449510224598},"geometry":{"type":"Polygon","coordinates":[[[80.2687266171135,19.722060224702975],[80.26872743913393,19.721879500100542],[80.26891910737184,19.72169955380419],[80.26891787467316,19.721970640723537],[80.2687266171135,19.722060224702975]]]},"id":"515"},{"type":"Feature","properties":{"id":"516","metrics:area":600,"metrics:perimeter":106.05551275463989},"geometry":{"type":"Polygon","coordinates":[[[80.15660633087336,19.721477487834562],[80.15660775289271,19.721206408240505],[80.15689401362194,19.72120775460702],[80.15689353977892,19.72129811447929],[80.15660633087336,19.721477487834562]]]},"id":"516"},{"type":"Feature","properties":{"id":"517","metrics:area":1100,"metrics:perimeter":201.02916426724943},"geometry":{"type":"Polygon","coordinates":[[[80.16719707520913,19.72170772002585],[80.16719801133283,19.721526999810777],[80.16748380551107,19.7216186894049],[80.167294368029,19.721346722798256],[80.16748567709438,19.721257248941072],[80.16757875841381,19.72170949258125],[80.16719707520913,19.72170772002585]]]},"id":"517"},{"type":"Feature","properties":{"id":"518","metrics:area":500,"metrics:perimeter":89.44271909999159},"geometry":{"type":"Polygon","coordinates":[[[80.15717932700775,19.721389820273544],[80.15708485412115,19.721208651930837],[80.15727616825679,19.7211191891695],[80.15737064131467,19.721300357419167],[80.15717932700775,19.721389820273544]]]},"id":"518"},{"type":"Feature","properties":{"id":"519","metrics:area":550,"metrics:perimeter":96.34413615167958},"geometry":{"type":"Polygon","coordinates":[[[80.19849658504728,19.721579289245252],[80.19840206462553,19.721398141010514],[80.19868877906669,19.72130905984059],[80.19868787834915,19.72148978148408],[80.19849658504728,19.721579289245252]]]},"id":"519"},{"type":"Feature","properties":{"id":"520","metrics:area":2000,"metrics:perimeter":243.9607805437114},"geometry":{"type":"Polygon","coordinates":[[[80.16080247271319,19.72194898883365],[80.16099802972593,19.72104628237691],[80.16118887023521,19.72104717532561],[80.16099331428431,19.72194988202965],[80.16080247271319,19.72194898883365]]]},"id":"520"},{"type":"Feature","properties":{"id":"521","metrics:area":1900,"metrics:perimeter":179.81432165196986},"geometry":{"type":"Polygon","coordinates":[[[80.16185351469558,19.721682818952583],[80.16166502923707,19.721230126777723],[80.16195223237648,19.721050745089574],[80.16214071846635,19.721503436993313],[80.16185351469558,19.721682818952583]]]},"id":"521"},{"type":"Feature","properties":{"id":"522","metrics:area":800,"metrics:perimeter":122.46211251235322},"geometry":{"type":"Polygon","coordinates":[[[80.16815268587156,19.721441069501395],[80.16824997638088,19.72108007166074],[80.16834539683127,19.72108051430191],[80.16843894786616,19.721442397451206],[80.16815268587156,19.721441069501395]]]},"id":"522"},{"type":"Feature","properties":{"id":"523","metrics:area":900,"metrics:perimeter":123.24555320336759},"geometry":{"type":"Polygon","coordinates":[[[80.16261876251578,19.721324945985746],[80.16262017438666,19.721053865967605],[80.16290690574476,19.7209648427107],[80.1629054943642,19.721235922751454],[80.16261876251578,19.721324945985746]]]},"id":"523"},{"type":"Feature","properties":{"id":"524","metrics:area":750,"metrics:perimeter":131.6227766016838},"geometry":{"type":"Polygon","coordinates":[[[80.21261987434892,19.72146114481194],[80.2123331664921,19.72155024851913],[80.21233537993228,19.72109844290653],[80.21261987434892,19.72146114481194]]]},"id":"524"},{"type":"Feature","properties":{"id":"525","metrics:area":600,"metrics:perimeter":104.72135954999578},"geometry":{"type":"Polygon","coordinates":[[[80.16624521034898,19.72125148464848],[80.16624661610022,19.720980404376565],[80.16643792525919,19.720890931639236],[80.16643651983738,19.721162011927092],[80.16624521034898,19.72125148464848]]]},"id":"525"},{"type":"Feature","properties":{"id":"526","metrics:area":1400,"metrics:perimeter":155.95241580617238},"geometry":{"type":"Polygon","coordinates":[[[80.21490955520603,19.72156154884566],[80.21452830933667,19.721469515890476],[80.21453007515127,19.72110807120785],[80.21491087893457,19.721290465313007],[80.21490955520603,19.72156154884566]]]},"id":"526"},{"type":"Feature","properties":{"id":"527","metrics:area":750,"metrics:perimeter":111.6227766016838},"geometry":{"type":"Polygon","coordinates":[[[80.16691362213786,19.721164229459436],[80.16691455855218,19.720983509246494],[80.16720128768428,19.720894479029038],[80.16719988354916,19.72116555936959],[80.16691362213786,19.721164229459436]]]},"id":"527"},{"type":"Feature","properties":{"id":"528","metrics:area":550,"metrics:perimeter":96.34413615167959},"geometry":{"type":"Polygon","coordinates":[[[80.21099814881909,19.72136365233425],[80.21099903569396,19.721182930146462],[80.21119032207042,19.72109340878265],[80.21128485699718,19.721274550774332],[80.21099814881909,19.72136365233425]]]},"id":"528"},{"type":"Feature","properties":{"id":"529","metrics:area":600,"metrics:perimeter":100},"geometry":{"type":"Polygon","coordinates":[[[80.15966214645277,19.721040026049756],[80.15966309101097,19.72085930617012],[80.15994935134768,19.720860647636073],[80.15994840711114,19.721041367529],[80.15966214645277,19.721040026049756]]]},"id":"529"},{"type":"Feature","properties":{"id":"530","metrics:area":1750,"metrics:perimeter":178.71997787639643},"geometry":{"type":"Polygon","coordinates":[[[80.16242839234022,19.72123369454621],[80.16195223237648,19.721050745089574],[80.16195364534981,19.72077966510951],[80.16252522476373,19.720963060274514],[80.16242839234022,19.72123369454621]]]},"id":"530"},{"type":"Feature","properties":{"id":"531","metrics:area":950,"metrics:perimeter":142.22125139210445},"geometry":{"type":"Polygon","coordinates":[[[80.16605624410874,19.720889156725846],[80.16576810787102,19.72124926532816],[80.16567503189738,19.72079702091993],[80.16605624410874,19.720889156725846]]]},"id":"531"},{"type":"Feature","properties":{"id":"532","metrics:area":1800,"metrics:perimeter":184.3681412460242},"geometry":{"type":"Polygon","coordinates":[[[80.14038538407435,19.7213100865292],[80.14029189685935,19.72094819107401],[80.14057960491103,19.720678484994888],[80.14067164377738,19.721311458802038],[80.14038538407435,19.7213100865292]]]},"id":"532"},{"type":"Feature","properties":{"id":"533","metrics:area":1000,"metrics:perimeter":154.6536551001326},"geometry":{"type":"Polygon","coordinates":[[[80.21309698300428,19.721463239485598],[80.2129061395348,19.721462401768456],[80.21262208697264,19.721009339163608],[80.2130028882065,19.72119173724128],[80.21309698300428,19.721463239485598]]]},"id":"533"},{"type":"Feature","properties":{"id":"534","metrics:area":950,"metrics:perimeter":130.03896913132158},"geometry":{"type":"Polygon","coordinates":[[[80.1532685220061,19.721100307080228],[80.15317452969171,19.72082877705053],[80.15346174101148,19.720649409279094],[80.15345983796658,19.721010848464186],[80.1532685220061,19.721100307080228]]]},"id":"534"},{"type":"Feature","properties":{"id":"535","metrics:area":7400,"metrics:perimeter":610.9342997047052},"geometry":{"type":"Polygon","coordinates":[[[80.16375957822552,19.722143530596778],[80.16366603747983,19.721781645402253],[80.16405100930616,19.721150905226292],[80.16366885773768,19.721239485239764],[80.1635748475616,19.720967960019365],[80.16395652865693,19.72096974022165],[80.16395793824493,19.720698660099856],[80.16414877848649,19.72069954988316],[80.1641464296963,19.721151350103572],[80.16443409968167,19.72088160428149],[80.16433492216545,19.721604039925243],[80.16404913001286,19.721512345377242],[80.1643330434636,19.72196548008422],[80.16375957822552,19.722143530596778]]]},"id":"535"},{"type":"Feature","properties":{"id":"536","metrics:area":2300,"metrics:perimeter":263.38674063868837},"geometry":{"type":"Polygon","coordinates":[[[80.15546318485616,19.72111065836527],[80.15536871409188,19.720929489189885],[80.15565497423643,19.720930837516413],[80.15565687233861,19.720569398122684],[80.1563233888196,19.720843621972094],[80.15546318485616,19.72111065836527]]]},"id":"536"},{"type":"Feature","properties":{"id":"537","metrics:area":850,"metrics:perimeter":127.14776642118863},"geometry":{"type":"Polygon","coordinates":[[[80.18800206422934,19.72117061589038],[80.18790755607277,19.72098946253954],[80.18819518741431,19.72071967714217],[80.18819336243901,19.72108111951235],[80.18800206422934,19.72117061589038]]]},"id":"537"},{"type":"Feature","properties":{"id":"538","metrics:area":600,"metrics:perimeter":100},"geometry":{"type":"Polygon","coordinates":[[[80.1856179136721,19.720888714502266],[80.18561882904982,19.72070799343104],[80.1859050909994,19.720709293448905],[80.18590417594338,19.72089001453301],[80.1856179136721,19.720888714502266]]]},"id":"538"},{"type":"Feature","properties":{"id":"539","metrics:area":2400,"metrics:perimeter":211.1141944739755},"geometry":{"type":"Polygon","coordinates":[[[80.188764976197,19.72126443212285],[80.18895900901735,19.720632771262657],[80.18924527107096,19.720634065943187],[80.18933886936874,19.720995939878296],[80.188764976197,19.72126443212285]]]},"id":"539"},{"type":"Feature","properties":{"id":"540","metrics:area":2250,"metrics:perimeter":206.9667136346651},"geometry":{"type":"Polygon","coordinates":[[[80.15641833473714,19.720934430819973],[80.15632433712013,19.720662902244094],[80.1570881701983,19.720576132768045],[80.15689543513523,19.72093667498467],[80.15641833473714,19.720934430819973]]]},"id":"540"},{"type":"Feature","properties":{"id":"541","metrics:area":550,"metrics:perimeter":96.34413615167958},"geometry":{"type":"Polygon","coordinates":[[[80.18695380446592,19.72089477740302],[80.18676341994039,19.72080355132271],[80.18676433402635,19.720622830198177],[80.18705013902516,19.72071448895103],[80.18695380446592,19.72089477740302]]]},"id":"541"},{"type":"Feature","properties":{"id":"542","metrics:area":600,"metrics:perimeter":103.24555320336759},"geometry":{"type":"Polygon","coordinates":[[[80.14000757111297,19.720585380302193],[80.1400085377376,19.720404661338208],[80.14029527894778,19.72031567466214],[80.14029431265014,19.720496393641564],[80.14000757111297,19.720585380302193]]]},"id":"542"},{"type":"Feature","properties":{"id":"543","metrics:area":1200,"metrics:perimeter":168.2842712474619},"geometry":{"type":"Polygon","coordinates":[[[80.16328811652423,19.721056984357883],[80.16329140817169,19.720424464175252],[80.16348224805525,19.720425354656104],[80.16347989742759,19.7208771548132],[80.16328811652423,19.721056984357883]]]},"id":"543"},{"type":"Feature","properties":{"id":"544","metrics:area":600,"metrics:perimeter":100},"geometry":{"type":"Polygon","coordinates":[[[80.1414393457843,19.720501880356057],[80.14144031079533,19.7203211613223],[80.14172656881722,19.720322531845074],[80.14172560412784,19.720503250892403],[80.1414393457843,19.720501880356057]]]},"id":"544"},{"type":"Feature","properties":{"id":"545","metrics:area":1300,"metrics:perimeter":162.00792856081227},"geometry":{"type":"Polygon","coordinates":[[[80.14286871090424,19.72087016666079],[80.14258341556723,19.720688078844326],[80.14248992365941,19.72032618433871],[80.14287063774167,19.72050872846869],[80.14286871090424,19.72087016666079]]]},"id":"545"},{"type":"Feature","properties":{"id":"546","metrics:area":600,"metrics:perimeter":118.41619252963778},"geometry":{"type":"Polygon","coordinates":[[[80.23037051991685,19.721086404432107],[80.23037268261783,19.720634596852854],[80.23046810425734,19.720635006424807],[80.23056266104048,19.720816138988553],[80.23037051991685,19.721086404432107]]]},"id":"546"},{"type":"Feature","properties":{"id":"547","metrics:area":1250,"metrics:perimeter":183.35087491092574},"geometry":{"type":"Polygon","coordinates":[[[80.16367167790204,19.720697325044124],[80.16367308794919,19.720426244933883],[80.16386345794761,19.720517495050665],[80.16386486765752,19.72024641492167],[80.16405570735779,19.720247304784483],[80.16395793824493,19.720698660099856],[80.16367167790204,19.720697325044124]]]},"id":"547"},{"type":"Feature","properties":{"id":"548","metrics:area":700,"metrics:perimeter":114.47660945954419},"geometry":{"type":"Polygon","coordinates":[[[80.1642446683078,19.720609634649616],[80.16434196692765,19.72024863919794],[80.16443738678947,19.720249083900892],[80.16453139806978,19.720520608728318],[80.1642446683078,19.720609634649616]]]},"id":"548"},{"type":"Feature","properties":{"id":"549","metrics:area":800,"metrics:perimeter":119.5153275036385},"geometry":{"type":"Polygon","coordinates":[[[80.21338634288048,19.720831967650266],[80.21338722704525,19.72065124534764],[80.21357895351464,19.720471360205135],[80.21367260699907,19.720833223344684],[80.21338634288048,19.720831967650266]]]},"id":"549"},{"type":"Feature","properties":{"id":"550","metrics:area":750,"metrics:perimeter":111.6227766016838},"geometry":{"type":"Polygon","coordinates":[[[80.1924895759264,19.720648707054533],[80.1924904835688,19.72046798567006],[80.19277719923615,19.72037891400229],[80.19277583825883,19.720649996099528],[80.1924895759264,19.720648707054533]]]},"id":"550"},{"type":"Feature","properties":{"id":"551","metrics:area":1000,"metrics:perimeter":148.2842712474619},"geometry":{"type":"Polygon","coordinates":[[[80.15975945556113,19.72067903348845],[80.1595695602035,19.72049741915179],[80.15957144946128,19.720135979375584],[80.15976228882016,19.720136873803103],[80.15975945556113,19.72067903348845]]]},"id":"551"},{"type":"Feature","properties":{"id":"552","metrics:area":1500,"metrics:perimeter":163.85164807134504},"geometry":{"type":"Polygon","coordinates":[[[80.1659622300303,19.720617632607393],[80.16558054957497,19.72061585670498],[80.16558289426655,19.7201640562919],[80.16577373395293,19.72016494432266],[80.1659622300303,19.720617632607393]]]},"id":"552"},{"type":"Feature","properties":{"id":"553","metrics:area":500,"metrics:perimeter":92.36067977499789},"geometry":{"type":"Polygon","coordinates":[[[80.18714647336239,19.72053420043601],[80.18714784382146,19.72026311871384],[80.18733868466336,19.72026398379711],[80.18733777124093,19.72044470495472],[80.18714647336239,19.72053420043601]]]},"id":"553"},{"type":"Feature","properties":{"id":"554","metrics:area":1650,"metrics:perimeter":188.59356856432828},"geometry":{"type":"Polygon","coordinates":[[[80.15565829588773,19.720298318567718],[80.15527424353417,19.720748319968944],[80.15518214709205,19.720115351495213],[80.15565829588773,19.720298318567718]]]},"id":"554"},{"type":"Feature","properties":{"id":"555","metrics:area":800,"metrics:perimeter":114.98473502456159},"geometry":{"type":"Polygon","coordinates":[[[80.18781396102956,19.720627587971173],[80.18762403284438,19.7204460022117],[80.18772036637742,19.720265713354422],[80.1880057150176,19.720447731176897],[80.18781396102956,19.720627587971173]]]},"id":"555"},{"type":"Feature","properties":{"id":"556","metrics:area":600,"metrics:perimeter":106.70046377709969},"geometry":{"type":"Polygon","coordinates":[[[80.18934069176053,19.72063449740183],[80.18915076177915,19.720452913198574],[80.18915167316433,19.72027219195968],[80.18943702352621,19.720454207561666],[80.18934069176053,19.72063449740183]]]},"id":"556"},{"type":"Feature","properties":{"id":"557","metrics:area":750,"metrics:perimeter":171.1381041053223},"geometry":{"type":"Polygon","coordinates":[[[80.1630991572864,19.72069465356189],[80.1631015089603,19.720242853439682],[80.16329328905596,19.720063024050646],[80.16338729828352,19.720334549409092],[80.16319645851237,19.720333658831112],[80.1630991572864,19.72069465356189]]]},"id":"557"},{"type":"Feature","properties":{"id":"558","metrics:area":600,"metrics:perimeter":111.2310562561766},"geometry":{"type":"Polygon","coordinates":[[[80.15308148960825,19.720376527393103],[80.15308339343733,19.72001508821794],[80.15317881288377,19.720015538907045],[80.15327232893266,19.720377428738395],[80.15308148960825,19.720376527393103]]]},"id":"558"},{"type":"Feature","properties":{"id":"559","metrics:area":4250,"metrics:perimeter":482.1725222628031},"geometry":{"type":"Polygon","coordinates":[[[80.16519276987204,19.72178876084222],[80.16471660484495,19.721605818564534],[80.16471848264747,19.721244378355617],[80.1650038054666,19.72142643189507],[80.16510063374035,19.721155796084],[80.16491542475164,19.72007058651508],[80.16529288193213,19.72088560446211],[80.16519276987204,19.72178876084222]]]},"id":"559"},{"type":"Feature","properties":{"id":"560","metrics:area":1250,"metrics:perimeter":168.1913190966076},"geometry":{"type":"Polygon","coordinates":[[[80.18838557271498,19.7208109017281],[80.18810113556721,19.720448163291273],[80.18810250441038,19.72017708150212],[80.18848236171918,19.720540251844167],[80.18838557271498,19.7208109017281]]]},"id":"560"},{"type":"Feature","properties":{"id":"561","metrics:area":1500,"metrics:perimeter":244.55890831694308},"geometry":{"type":"Polygon","coordinates":[[[80.16748708075473,19.720986168583533],[80.16729764396896,19.720714201988276],[80.16720549995,19.720081237957682],[80.16758624368254,19.720263730617187],[80.16739493587349,19.7203532046365],[80.16748708075473,19.720986168583533]]]},"id":"561"},{"type":"Feature","properties":{"id":"562","metrics:area":900,"metrics:perimeter":133.84402799378825},"geometry":{"type":"Polygon","coordinates":[[[80.15689827809115,19.720394515715125],[80.15699606664687,19.719943164954714],[80.15709148614725,19.71994361356014],[80.1571850110524,19.72030550167658],[80.15689827809115,19.720394515715125]]]},"id":"562"},{"type":"Feature","properties":{"id":"563","metrics:area":3600,"metrics:perimeter":332.42465569268586},"geometry":{"type":"Polygon","coordinates":[[[80.1593744684785,19.721309763906206],[80.15899373234959,19.721127254077494],[80.15899987670382,19.719952575007568],[80.15937683069774,19.72085796424723],[80.1593744684785,19.721309763906206]]]},"id":"563"},{"type":"Feature","properties":{"id":"564","metrics:area":1450,"metrics:perimeter":198.66272975100892},"geometry":{"type":"Polygon","coordinates":[[[80.16605718147257,19.72070843654692],[80.16605858749891,19.72043735627162],[80.16587009133686,19.71998466807702],[80.16615588196566,19.720076359676394],[80.16624849039898,19.720618964001122],[80.16605718147257,19.72070843654692]]]},"id":"564"},{"type":"Feature","properties":{"id":"565","metrics:area":1650,"metrics:perimeter":173.04887669508665},"geometry":{"type":"Polygon","coordinates":[[[80.14125043734221,19.720139528358217],[80.14134778675077,19.719778547270025],[80.1418243995719,19.719871190938704],[80.14182343501639,19.720051909999768],[80.14125043734221,19.720139528358217]]]},"id":"565"},{"type":"Feature","properties":{"id":"566","metrics:area":1400,"metrics:perimeter":183.2455532033676},"geometry":{"type":"Polygon","coordinates":[[[80.18437881924659,19.72061199423107],[80.18438065274935,19.720250552185576],[80.1842866076668,19.719979036558147],[80.1845724099664,19.720070699176606],[80.1845696603708,19.720612862276155],[80.18437881924659,19.72061199423107]]]},"id":"566"},{"type":"Feature","properties":{"id":"567","metrics:area":650,"metrics:perimeter":123.35087491092574},"geometry":{"type":"Polygon","coordinates":[[[80.18495225876269,19.720433876710395],[80.18485775450662,19.72025272187454],[80.18485912880296,19.71998164029853],[80.18504996920191,19.71998250780585],[80.18495225876269,19.720433876710395]]]},"id":"567"},{"type":"Feature","properties":{"id":"568","metrics:area":600,"metrics:perimeter":111.2310562561766},"geometry":{"type":"Polygon","coordinates":[[[80.21186181596873,19.72037345729852],[80.2118627018247,19.7201927350531],[80.21224438566347,19.720194412402062],[80.21224394295116,19.72028477353354],[80.21186181596873,19.72037345729852]]]},"id":"568"},{"type":"Feature","properties":{"id":"569","metrics:area":750,"metrics:perimeter":111.6227766016838},"geometry":{"type":"Polygon","coordinates":[[[80.26453460664975,19.720597254600218],[80.2645358466453,19.720326167906222],[80.26482170010661,19.720417704148115],[80.26482087376232,19.720598428621482],[80.26453460664975,19.720597254600218]]]},"id":"569"},{"type":"Feature","properties":{"id":"570","metrics:area":600,"metrics:perimeter":101.28990204491959},"geometry":{"type":"Polygon","coordinates":[[[80.1584259405734,19.720220968464837],[80.15823604729991,19.72003935278167],[80.15833241288973,19.719859080891492],[80.15852230607167,19.720040696472378],[80.1584259405734,19.720220968464837]]]},"id":"570"},{"type":"Feature","properties":{"id":"571","metrics:area":1050,"metrics:perimeter":131.6227766016838},"geometry":{"type":"Polygon","coordinates":[[[80.13962879443301,19.720041392305895],[80.13963072846522,19.71967995438839],[80.13991650186607,19.719771687244855],[80.13991505182037,19.720042765702008],[80.13962879443301,19.720041392305895]]]},"id":"571"},{"type":"Feature","properties":{"id":"572","metrics:area":850,"metrics:perimeter":122.8538328578604},"geometry":{"type":"Polygon","coordinates":[[[80.1666325126698,19.72016893794805],[80.16672980567358,19.71980794097785],[80.16692064499321,19.71980882777261],[80.16691924046869,19.720079908126543],[80.1666325126698,19.72016893794805]]]},"id":"572"},{"type":"Feature","properties":{"id":"573","metrics:area":500,"metrics:perimeter":92.36067977499789},"geometry":{"type":"Polygon","coordinates":[[[80.16281619046472,19.720060797004177],[80.16281760190478,19.719789716934134],[80.16300844101181,19.71979060789179],[80.16300750026882,19.71997132794823],[80.16281619046472,19.720060797004177]]]},"id":"573"},{"type":"Feature","properties":{"id":"574","metrics:area":600,"metrics:perimeter":100},"geometry":{"type":"Polygon","coordinates":[[[80.18733914137079,19.720173623216933],[80.18734051147793,19.719902541470873],[80.18753135190103,19.719903406333934],[80.18752998211555,19.720174488092844],[80.18733914137079,19.720173623216933]]]},"id":"574"},{"type":"Feature","properties":{"id":"575","metrics:area":600,"metrics:perimeter":100},"geometry":{"type":"Polygon","coordinates":[[[80.25995475155634,19.72048804597585],[80.25995599926563,19.72021695955906],[80.26014684335628,19.72021774714935],[80.26014559596871,19.720488833577843],[80.25995475155634,19.72048804597585]]]},"id":"575"},{"type":"Feature","properties":{"id":"576","metrics:area":750,"metrics:perimeter":130.99019513592785},"geometry":{"type":"Polygon","coordinates":[[[80.16071648577099,19.720141342894618],[80.16071884406803,19.719689543020863],[80.16081426350941,19.719689989639733],[80.16090732519244,19.720142236103708],[80.16071648577099,19.720141342894618]]]},"id":"576"},{"type":"Feature","properties":{"id":"577","metrics:area":3300,"metrics:perimeter":247.45774320343395},"geometry":{"type":"Polygon","coordinates":[[[80.15622986560912,19.720481733487507],[80.15585055845052,19.72002813759048],[80.15594787532714,19.71966714735007],[80.15661296676214,19.720212449658064],[80.15622986560912,19.720481733487507]]]},"id":"577"},{"type":"Feature","properties":{"id":"578","metrics:area":900,"metrics:perimeter":123.59173603117449},"geometry":{"type":"Polygon","coordinates":[[[80.16348412851063,19.720063914513865],[80.16339058941027,19.719702029159482],[80.16367684796067,19.719703364599393],[80.16367543797583,19.71997444473173],[80.16348412851063,19.720063914513865]]]},"id":"578"},{"type":"Feature","properties":{"id":"579","metrics:area":600,"metrics:perimeter":100},"geometry":{"type":"Polygon","coordinates":[[[80.20308443223195,19.720063570893775],[80.20308577578685,19.71979248809241],[80.20327661681985,19.71979333619333],[80.20327527358658,19.7200644190073],[80.20308443223195,19.720063570893775]]]},"id":"579"},{"type":"Feature","properties":{"id":"580","metrics:area":800,"metrics:perimeter":128.2842712474619},"geometry":{"type":"Polygon","coordinates":[[[80.14087020891269,19.719866621373402],[80.14087262293518,19.71941482381775],[80.14106346050961,19.719415738114304],[80.14106201242576,19.719686816664037],[80.14087020891269,19.719866621373402]]]},"id":"580"},{"type":"Feature","properties":{"id":"581","metrics:area":1600,"metrics:perimeter":165.7772817821186},"geometry":{"type":"Polygon","coordinates":[[[80.198694183163,19.720224729902384],[80.1984092726209,19.719952367846222],[80.19879230542439,19.719682991292704],[80.19888547472188,19.72013522185675],[80.198694183163,19.720224729902384]]]},"id":"581"},{"type":"Feature","properties":{"id":"582","metrics:area":600,"metrics:perimeter":100},"geometry":{"type":"Polygon","coordinates":[[[80.15289398271815,19.71974310730978],[80.15289541086034,19.71947202792385],[80.15308624910205,19.71947292942757],[80.15308482128151,19.719744008826893],[80.15289398271815,19.71974310730978]]]},"id":"582"},{"type":"Feature","properties":{"id":"583","metrics:area":1250,"metrics:perimeter":150.99019513592785},"geometry":{"type":"Polygon","coordinates":[[[80.1670160646569,19.719809271093833],[80.16701700088643,19.719628550848892],[80.16749456655045,19.71954040653675],[80.16749316301414,19.71981148693847],[80.1670160646569,19.719809271093833]]]},"id":"583"},{"type":"Feature","properties":{"id":"584","metrics:area":650,"metrics:perimeter":103.98345637668169},"geometry":{"type":"Polygon","coordinates":[[[80.19926805721866,19.719956205128188],[80.1992694071994,19.71968512257667],[80.19946024792681,19.719685974734876],[80.19955476863123,19.719867122452413],[80.19926805721866,19.719956205128188]]]},"id":"584"},{"type":"Feature","properties":{"id":"585","metrics:area":2350,"metrics:perimeter":231.08065765139432},"geometry":{"type":"Polygon","coordinates":[[[80.15661344073456,19.720122089781405],[80.15661533659807,19.719760650265577],[80.15632955258586,19.719668943674243],[80.15642592003232,19.719488672871982],[80.15699748788943,19.719672085287037],[80.15680427993142,19.72012298735652],[80.15661344073456,19.720122089781405]]]},"id":"585"},{"type":"Feature","properties":{"id":"586","metrics:area":800,"metrics:perimeter":122.4621125123532},"geometry":{"type":"Polygon","coordinates":[[[80.1520356858457,19.71964868819554],[80.15203663890279,19.719467968644192],[80.15241879161222,19.719379413490145],[80.15241783898925,19.719560133061204],[80.1520356858457,19.71964868819554]]]},"id":"586"},{"type":"Feature","properties":{"id":"587","metrics:area":1400,"metrics:perimeter":162.61297173761164},"geometry":{"type":"Polygon","coordinates":[[[80.1657756092307,19.719803503958037],[80.16568159619261,19.719531979700303],[80.1662541130468,19.71953464278644],[80.16625317596471,19.71971536299809],[80.1657756092307,19.719803503958037]]]},"id":"587"},{"type":"Feature","properties":{"id":"588","metrics:area":750,"metrics:perimeter":115.2145126328583},"geometry":{"type":"Polygon","coordinates":[[[80.18571882589788,19.719804821388323],[80.18562432110369,19.719623666926413],[80.18600645857516,19.719535039522434],[80.18600554369208,19.719715760634738],[80.18571882589788,19.719804821388323]]]},"id":"588"},{"type":"Feature","properties":{"id":"589","metrics:area":850,"metrics:perimeter":123.49878388032019},"geometry":{"type":"Polygon","coordinates":[[[80.17159621154948,19.719830490810445],[80.17150218854367,19.71955896924857],[80.17169395876003,19.719379130488527],[80.17178751656778,19.719741012195477],[80.17159621154948,19.719830490810445]]]},"id":"589"},{"type":"Feature","properties":{"id":"590","metrics:area":2050,"metrics:perimeter":202.41201846302334},"geometry":{"type":"Polygon","coordinates":[[[80.18791212001858,19.720085856641493],[80.18772264881711,19.719813910401502],[80.18762951129756,19.719361675133815],[80.1878203510925,19.71936253966658],[80.18810387323086,19.71990599970468],[80.18791212001858,19.720085856641493]]]},"id":"590"},{"type":"Feature","properties":{"id":"591","metrics:area":550,"metrics:perimeter":96.34413615167958},"geometry":{"type":"Polygon","coordinates":[[[80.20079613329688,19.719691934156266],[80.20070161126361,19.719510787044452],[80.2009883211672,19.719421702016266],[80.20098742312737,19.719602423799596],[80.20079613329688,19.719691934156266]]]},"id":"591"},{"type":"Feature","properties":{"id":"592","metrics:area":1100,"metrics:perimeter":142.61297173761164},"geometry":{"type":"Polygon","coordinates":[[[80.16119782681956,19.71933033564776],[80.16119876956323,19.71914961566234],[80.16167633635293,19.719061486908434],[80.16157950379505,19.71933212076796],[80.16119782681956,19.71933033564776]]]},"id":"592"},{"type":"Feature","properties":{"id":"593","metrics:area":850,"metrics:perimeter":161.27002538749818},"geometry":{"type":"Polygon","coordinates":[[[80.16339152970883,19.71952130907988],[80.16329752089361,19.719249783716425],[80.16358471869027,19.719070399177948],[80.16348741920758,19.71943139422949],[80.16367778793757,19.71952264450657],[80.16339152970883,19.71952130907988]]]},"id":"593"},{"type":"Feature","properties":{"id":"594","metrics:area":900,"metrics:perimeter":133.84402799378825},"geometry":{"type":"Polygon","coordinates":[[[80.15957522785165,19.719413099778993],[80.15967300824207,19.71896174721156],[80.15976842722593,19.718962194371144],[80.15986195773353,19.71932408133062],[80.15957522785165,19.719413099778993]]]},"id":"594"},{"type":"Feature","properties":{"id":"595","metrics:area":800,"metrics:perimeter":118.41619252963778},"geometry":{"type":"Polygon","coordinates":[[[80.13963314594541,19.719228156970797],[80.1396350798815,19.71886671902013],[80.1398259167433,19.718867634609364],[80.13992036853715,19.719048811318608],[80.13963314594541,19.719228156970797]]]},"id":"595"},{"type":"Feature","properties":{"id":"596","metrics:area":500,"metrics:perimeter":100.6449510224598},"geometry":{"type":"Polygon","coordinates":[[[80.14001482053739,19.719229987982477],[80.14001578708194,19.71904926899085],[80.14020759049897,19.718869465178674],[80.1402061410158,19.71914054368384],[80.14001482053739,19.719229987982477]]]},"id":"596"},{"type":"Feature","properties":{"id":"597","metrics:area":500,"metrics:perimeter":100.6449510224598},"geometry":{"type":"Polygon","coordinates":[[[80.21348795244869,19.719567330041215],[80.21348883643786,19.7193866077087],[80.21368056123545,19.719206722376747],[80.2136792355843,19.719477805892083],[80.21348795244869,19.719567330041215]]]},"id":"597"},{"type":"Feature","properties":{"id":"598","metrics:area":1550,"metrics:perimeter":211.58898316064574},"geometry":{"type":"Polygon","coordinates":[[[80.17426843068348,19.719752454673802],[80.17446066209108,19.719482252560045],[80.17436709833744,19.719120372025976],[80.17455840107174,19.71903089036114],[80.17465057375695,19.719663851711307],[80.17426843068348,19.719752454673802]]]},"id":"598"},{"type":"Feature","properties":{"id":"599","metrics:area":1500,"metrics:perimeter":176.619037896906},"geometry":{"type":"Polygon","coordinates":[[[80.21701939711912,19.719402059567926],[80.21654097328869,19.719671059236287],[80.21654361494856,19.71912889183606],[80.21701939711912,19.719402059567926]]]},"id":"599"},{"type":"Feature","properties":{"id":"600","metrics:area":1550,"metrics:perimeter":162.8538328578604},"geometry":{"type":"Polygon","coordinates":[[[80.14039649517208,19.71923181818192],[80.14039891044133,19.71878002065065],[80.14078058404662,19.718781849992574],[80.14068323407449,19.71914283078728],[80.14039649517208,19.71923181818192]]]},"id":"600"},{"type":"Feature","properties":{"id":"601","metrics:area":600,"metrics:perimeter":100},"geometry":{"type":"Polygon","coordinates":[[[80.20222923288205,19.719336864532398],[80.20223057782503,19.719065781765693],[80.20242141795573,19.719066630746827],[80.20242007333441,19.719337713526144],[80.20222923288205,19.719336864532398]]]},"id":"601"},{"type":"Feature","properties":{"id":"602","metrics:area":1150,"metrics:perimeter":219.32607274437387},"geometry":{"type":"Polygon","coordinates":[[[80.1590022397995,19.719500775323862],[80.15900365762559,19.719229695502587],[80.15928944256736,19.71932139786305],[80.15948264260982,19.718870492783985],[80.15948028094564,19.719322292555304],[80.1590022397995,19.719500775323862]]]},"id":"602"},{"type":"Feature","properties":{"id":"603","metrics:area":1150,"metrics:perimeter":214.23574833929544},"geometry":{"type":"Polygon","coordinates":[[[80.18371592155475,19.719614988979057],[80.18381363484924,19.719163620813454],[80.18419668894697,19.71889427621741],[80.18390859592759,19.719254415644635],[80.1840026399886,19.71952593145421],[80.18371592155475,19.719614988979057]]]},"id":"603"},{"type":"Feature","properties":{"id":"604","metrics:area":1250,"metrics:perimeter":162.80611804225782},"geometry":{"type":"Polygon","coordinates":[[[80.16568206505141,19.719441619606283],[80.16549357101921,19.718988931047253],[80.16558992795277,19.71880865491459],[80.16587384138066,19.719261787300734],[80.16568206505141,19.719441619606283]]]},"id":"604"},{"type":"Feature","properties":{"id":"605","metrics:area":500,"metrics:perimeter":92.36067977499789},"geometry":{"type":"Polygon","coordinates":[[[80.17560847773946,19.71894535888505],[80.17570482352276,19.718765076903946],[80.17589566203944,19.7187659541023],[80.17589473583224,19.718946674771754],[80.17560847773946,19.71894535888505]]]},"id":"605"},{"type":"Feature","properties":{"id":"606","metrics:area":950,"metrics:perimeter":128.9093456125003},"geometry":{"type":"Polygon","coordinates":[[[80.16129513132203,19.718969342020596],[80.16129607393765,19.718788622023382],[80.16158327299186,19.718609240733457],[80.16167727854493,19.718880766895392],[80.16129513132203,19.718969342020596]]]},"id":"606"},{"type":"Feature","properties":{"id":"607","metrics:area":500,"metrics:perimeter":92.36067977499789},"geometry":{"type":"Polygon","coordinates":[[[80.17055125523837,19.718922036217872],[80.17055265355106,19.718650955578322],[80.17074349168334,19.718651838254875],[80.17074255969189,19.718832558690906],[80.17055125523837,19.718922036217872]]]},"id":"607"},{"type":"Feature","properties":{"id":"608","metrics:area":650,"metrics:perimeter":104.6284073991415},"geometry":{"type":"Polygon","coordinates":[[[80.16511189447547,19.718987154287827],[80.1649219947608,19.718805545438713],[80.16501835220451,19.71862526962895],[80.16520872093363,19.71871651828543],[80.16511189447547,19.718987154287827]]]},"id":"608"},{"type":"Feature","properties":{"id":"609","metrics:area":600,"metrics:perimeter":111.2310562561766},"geometry":{"type":"Polygon","coordinates":[[[80.16024599408307,19.718874069433806],[80.1602478816521,19.71851262952934],[80.16034330038356,19.718513076373274],[80.16043683197745,19.718874963088616],[80.16024599408307,19.718874069433806]]]},"id":"609"},{"type":"Feature","properties":{"id":"610","metrics:area":900,"metrics:perimeter":123.24555320336759},"geometry":{"type":"Polygon","coordinates":[[[80.16053225092854,19.71887540983988],[80.16053413785433,19.718513969908862],[80.16072497533551,19.718514863241396],[80.16081897937202,19.718786389801068],[80.16053225092854,19.71887540983988]]]},"id":"610"},{"type":"Feature","properties":{"id":"611","metrics:area":600,"metrics:perimeter":100},"geometry":{"type":"Polygon","coordinates":[[[80.1396360468335,19.718686000039273],[80.1396374972415,19.718414921561084],[80.13982833356728,19.718415837127647],[80.13982688348091,19.718686915619443],[80.1396360468335,19.718686000039273]]]},"id":"611"},{"type":"Feature","properties":{"id":"612","metrics:area":750,"metrics:perimeter":111.6227766016838},"geometry":{"type":"Polygon","coordinates":[[[80.16931173914386,19.718735573416918],[80.16931267273831,19.718554853044665],[80.16959939631185,19.7184658187625],[80.16959799640648,19.718736899341962],[80.16931173914386,19.718735573416918]]]},"id":"612"},{"type":"Feature","properties":{"id":"613","metrics:area":500,"metrics:perimeter":92.36067977499789},"geometry":{"type":"Polygon","coordinates":[[[80.18162082228679,19.718792175630185],[80.18162220192944,19.718521094229555],[80.18181304044057,19.718521965120114],[80.18181212089577,19.718702686063413],[80.18162082228679,19.718792175630185]]]},"id":"613"},{"type":"Feature","properties":{"id":"614","metrics:area":900,"metrics:perimeter":123.24555320336759},"geometry":{"type":"Polygon","coordinates":[[[80.20204018612083,19.718974571661626],[80.20175437469399,19.718882936596405],[80.20175572040391,19.71861185384745],[80.20204153135573,19.718703488896505],[80.20204018612083,19.718974571661626]]]},"id":"614"},{"type":"Feature","properties":{"id":"615","metrics:area":650,"metrics:perimeter":103.98345637668169},"geometry":{"type":"Polygon","coordinates":[[[80.14049529482047,19.718599759038785],[80.14040132564388,19.718328223096346],[80.1406875800398,19.71832959514496],[80.1406866142884,19.718510314183035],[80.14049529482047,19.718599759038785]]]},"id":"615"},{"type":"Feature","properties":{"id":"616","metrics:area":700,"metrics:perimeter":112.36067977499789},"geometry":{"type":"Polygon","coordinates":[[[80.16291866634006,19.718705842048866],[80.16292007750236,19.718434761930787],[80.16311138528145,19.718345292675128],[80.16310950416575,19.718706732852056],[80.16291866634006,19.718705842048866]]]},"id":"616"},{"type":"Feature","properties":{"id":"617","metrics:area":500,"metrics:perimeter":92.36067977499789},"geometry":{"type":"Polygon","coordinates":[[[80.16435088945525,19.71853179797937],[80.1643522981898,19.71826071775659],[80.16454313555731,19.71826160701484],[80.16454219661797,19.718442327173086],[80.16435088945525,19.71853179797937]]]},"id":"617"},{"type":"Feature","properties":{"id":"618","metrics:area":750,"metrics:perimeter":159.30954492881494},"geometry":{"type":"Polygon","coordinates":[[[80.19898764750941,19.71878023545707],[80.19898854775607,19.718599513745737],[80.1987031891942,19.718417513044404],[80.19927525685743,19.71851043142446],[80.19898764750941,19.71878023545707]]]},"id":"618"},{"type":"Feature","properties":{"id":"619","metrics:area":1350,"metrics:perimeter":151.6227766016838},"geometry":{"type":"Polygon","coordinates":[[[80.16769008280403,19.718637691063307],[80.16769242131426,19.718185890307414],[80.1679786774804,19.718187218781964],[80.16797680732063,19.718548659414836],[80.16769008280403,19.718637691063307]]]},"id":"619"},{"type":"Feature","properties":{"id":"620","metrics:area":2100,"metrics:perimeter":199.50860596956483},"geometry":{"type":"Polygon","coordinates":[[[80.16864427279508,19.718642117644716],[80.16855118988241,19.718189874360476],[80.16921772061009,19.718464050787176],[80.16912136788739,19.718644329031775],[80.16864427279508,19.718642117644716]]]},"id":"620"},{"type":"Feature","properties":{"id":"621","metrics:area":1300,"metrics:perimeter":154.97365151260954},"geometry":{"type":"Polygon","coordinates":[[[80.16730840687993,19.718635919009348],[80.16731074646225,19.718184118297334],[80.1675020516846,19.718094644254347],[80.16759513157994,19.718546887978825],[80.16730840687993,19.718635919009348]]]},"id":"621"},{"type":"Feature","properties":{"id":"622","metrics:area":700,"metrics:perimeter":127.33433128760744},"geometry":{"type":"Polygon","coordinates":[[[80.16101217448805,19.71833548286632],[80.16082322342565,19.71797314986756],[80.16110995009763,19.7178841292897],[80.16101217448805,19.71833548286632]]]},"id":"622"},{"type":"Feature","properties":{"id":"623","metrics:area":650,"metrics:perimeter":103.98345637668169},"geometry":{"type":"Polygon","coordinates":[[[80.15767347020515,19.71813910587468],[80.1576744168477,19.71795838602924],[80.15786572673919,19.717868922452386],[80.15795972555271,19.718140450339387],[80.15767347020515,19.71813910587468]]]},"id":"623"},{"type":"Feature","properties":{"id":"624","metrics:area":650,"metrics:perimeter":103.98345637668169},"geometry":{"type":"Polygon","coordinates":[[[80.19927615676754,19.71832970969493],[80.19908576771684,19.718238496535047],[80.19908666782645,19.718057774808447],[80.19937292601159,19.718059053160268],[80.19927615676754,19.71832970969493]]]},"id":"624"},{"type":"Feature","properties":{"id":"625","metrics:area":950,"metrics:perimeter":134.58193116710237},"geometry":{"type":"Polygon","coordinates":[[[80.15700506745193,19.71822632691948],[80.15691154397305,19.717864438685666],[80.15710285414171,19.717774975933406],[80.15719590441829,19.718227223995168],[80.15700506745193,19.71822632691948]]]},"id":"625"},{"type":"Feature","properties":{"id":"626","metrics:area":1000,"metrics:perimeter":131.2310562561766},"geometry":{"type":"Polygon","coordinates":[[[80.17122291565256,19.718202242897092],[80.17112935988318,19.717840360912483],[80.17141561568448,19.717841683878444],[80.17141375328482,19.718203124841107],[80.17122291565256,19.718202242897092]]]},"id":"626"},{"type":"Feature","properties":{"id":"627","metrics:area":750,"metrics:perimeter":130.99019513592785},"geometry":{"type":"Polygon","coordinates":[[[80.16425734913652,19.71816991297742],[80.16425969723059,19.71771811259412],[80.16435511558885,19.717718557286176],[80.16444818639165,19.71817080233279],[80.16425734913652,19.71816991297742]]]},"id":"627"},{"type":"Feature","properties":{"id":"628","metrics:area":650,"metrics:perimeter":103.98345637668169},"geometry":{"type":"Polygon","coordinates":[[[80.24154811257253,19.71833276632051],[80.24145397080221,19.71806127735922],[80.24174023188907,19.718062488079948],[80.24173937971277,19.718243211646826],[80.24154811257253,19.71833276632051]]]},"id":"628"},{"type":"Feature","properties":{"id":"629","metrics:area":4100,"metrics:perimeter":255.60623297836548},"geometry":{"type":"Polygon","coordinates":[[[80.1396384641668,19.71823420257101],[80.13964233176121,19.717511326573902],[80.14002400227942,19.71751315741331],[80.14021193880437,19.71805622961341],[80.14011555446527,19.71823649108404],[80.1396384641668,19.71823420257101]]]},"id":"629"},{"type":"Feature","properties":{"id":"630","metrics:area":2350,"metrics:perimeter":200.29126109393533},"geometry":{"type":"Polygon","coordinates":[[[80.17074535563536,19.71829039737178],[80.17026872764563,19.718197830131242],[80.17046236202663,19.717656551772084],[80.17074768551745,19.7178385962472],[80.17074535563536,19.71829039737178]]]},"id":"630"},{"type":"Feature","properties":{"id":"631","metrics:area":600,"metrics:perimeter":111.2310562561766},"geometry":{"type":"Polygon","coordinates":[[[80.16769335670028,19.71800516999862],[80.1676952274413,19.717643729369975],[80.16779064583915,19.71764417223243],[80.16788419392736,19.71800605569031],[80.16769335670028,19.71800516999862]]]},"id":"631"},{"type":"Feature","properties":{"id":"632","metrics:area":1100,"metrics:perimeter":134.4766094595442},"geometry":{"type":"Polygon","coordinates":[[[80.18582293907811,19.71808840408966],[80.1857293502003,19.717726528543807],[80.18601560685033,19.717727828196967],[80.1861096537227,19.71799934304187],[80.18582293907811,19.71808840408966]]]},"id":"632"},{"type":"Feature","properties":{"id":"633","metrics:area":1500,"metrics:perimeter":163.85164807134504},"geometry":{"type":"Polygon","coordinates":[[[80.16950631077461,19.718013575871588],[80.16950864410225,19.71756177487535],[80.16969948089138,19.717562658616192],[80.16988798543524,19.718015343193986],[80.16950631077461,19.718013575871588]]]},"id":"633"},{"type":"Feature","properties":{"id":"634","metrics:area":800,"metrics:perimeter":120},"geometry":{"type":"Polygon","coordinates":[[[80.16206413401173,19.717888590721376],[80.16206601739236,19.71752715060841],[80.16225685377759,19.717528042267944],[80.16225497082576,19.717889482398572],[80.16206413401173,19.717888590721376]]]},"id":"634"},{"type":"Feature","properties":{"id":"635","metrics:area":3000,"metrics:perimeter":292.93192951075923},"geometry":{"type":"Polygon","coordinates":[[[80.14040229170621,19.718147504068178],[80.14069047722997,19.71778743800864],[80.14040422379887,19.71778606600078],[80.1403107382582,19.717424170490247],[80.14078782623803,19.71742645712471],[80.14087986460257,19.718059431012627],[80.14040229170621,19.718147504068178]]]},"id":"635"},{"type":"Feature","properties":{"id":"636","metrics:area":600,"metrics:perimeter":100},"geometry":{"type":"Polygon","coordinates":[[[80.14097721337997,19.717698450026916],[80.14097866144864,19.717427371423184],[80.14116949666992,19.717428285518615],[80.14116804892284,19.71769936413593],[80.14097721337997,19.717698450026916]]]},"id":"636"},{"type":"Feature","properties":{"id":"637","metrics:area":600,"metrics:perimeter":106.05551275463989},"geometry":{"type":"Polygon","coordinates":[[[80.16569050406709,19.71781513775654],[80.16569191048812,19.717544057419246],[80.16578732877805,19.717544501345493],[80.16597675942707,19.717816469402756],[80.16569050406709,19.71781513775654]]]},"id":"637"},{"type":"Feature","properties":{"id":"638","metrics:area":1150,"metrics:perimeter":143.35087491092574},"geometry":{"type":"Polygon","coordinates":[[[80.16607217788557,19.717816913183306],[80.16607358366338,19.71754583281965],[80.16655020686869,19.71763841106114],[80.16645385174546,19.717818687797894],[80.16607217788557,19.717816913183306]]]},"id":"638"},{"type":"Feature","properties":{"id":"639","metrics:area":650,"metrics:perimeter":103.98345637668169},"geometry":{"type":"Polygon","coordinates":[[[80.16120583980879,19.71779421565432],[80.16111183562232,19.717522689265106],[80.161398090126,19.717524028201087],[80.16139714769047,19.71770474822848],[80.16120583980879,19.71779421565432]]]},"id":"639"},{"type":"Feature","properties":{"id":"640","metrics:area":1000,"metrics:perimeter":140},"geometry":{"type":"Polygon","coordinates":[[[80.16349541037046,19.717895273351086],[80.16349776056968,19.717443473042117],[80.16368859692567,19.717444363174423],[80.16368624726246,19.71789616350544],[80.16349541037046,19.717895273351086]]]},"id":"640"},{"type":"Feature","properties":{"id":"641","metrics:area":600,"metrics:perimeter":100},"geometry":{"type":"Polygon","coordinates":[[[80.16530929931405,19.717723001414868],[80.16531070637053,19.71745192110121],[80.16550154282506,19.717452809304618],[80.16550013609019,19.71772388963147],[80.16530929931405,19.717723001414868]]]},"id":"641"},{"type":"Feature","properties":{"id":"642","metrics:area":500,"metrics:perimeter":92.36067977499789},"geometry":{"type":"Polygon","coordinates":[[[80.19154945226353,19.717843225725048],[80.19155081509834,19.717572143625286],[80.1917416529553,19.717573003909948],[80.1917407446157,19.71775372531923],[80.19154945226353,19.717843225725048]]]},"id":"642"},{"type":"Feature","properties":{"id":"643","metrics:area":1600,"metrics:perimeter":174.4766094595442},"geometry":{"type":"Polygon","coordinates":[[[80.1606328582382,19.7178818966703],[80.16063521647759,19.71743009669254],[80.16101736031355,19.717341522838193],[80.16082369497414,19.717882789870345],[80.1606328582382,19.7178818966703]]]},"id":"643"},{"type":"Feature","properties":{"id":"644","metrics:area":850,"metrics:perimeter":122.8538328578604},"geometry":{"type":"Polygon","coordinates":[[[80.17027199132063,19.717565308620454],[80.17036880825295,19.717294669442325],[80.17065506302767,19.717295993587225],[80.17065413100623,19.717476714046487],[80.17027199132063,19.717565308620454]]]},"id":"644"},{"type":"Feature","properties":{"id":"645","metrics:area":800,"metrics:perimeter":114.98473502456159},"geometry":{"type":"Polygon","coordinates":[[[80.16798148264259,19.717645057805058],[80.16779158108695,19.717463451908195],[80.16788793451046,19.717283174383212],[80.16817325427536,19.717465222832864],[80.16798148264259,19.717645057805058]]]},"id":"645"},{"type":"Feature","properties":{"id":"646","metrics:area":550,"metrics:perimeter":103.98345637668169},"geometry":{"type":"Polygon","coordinates":[[[80.13964281519848,19.717420967070115],[80.13964474892092,19.71705952904577],[80.13974016627847,19.717059986820423],[80.13983413367248,19.717331523077565],[80.13964281519848,19.717420967070115]]]},"id":"646"},{"type":"Feature","properties":{"id":"647","metrics:area":1650,"metrics:perimeter":242.22125139210445},"geometry":{"type":"Polygon","coordinates":[[[80.16912463615525,19.718011807736985],[80.16903155217453,19.71755956463492],[80.16874529704884,19.717558237881537],[80.16874716537977,19.71719679713804],[80.16912837116378,19.71728892620201],[80.16912463615525,19.718011807736985]]]},"id":"647"},{"type":"Feature","properties":{"id":"648","metrics:area":1050,"metrics:perimeter":137.6782893563237},"geometry":{"type":"Polygon","coordinates":[[[80.15672260283853,19.717502101706412],[80.15653318859056,19.71723012444975],[80.15701027801258,19.71723236790508],[80.15700933066147,19.717413087734162],[80.15672260283853,19.717502101706412]]]},"id":"648"},{"type":"Feature","properties":{"id":"649","metrics:area":800,"metrics:perimeter":115.60623297836548},"geometry":{"type":"Polygon","coordinates":[[[80.1401208694155,19.717242536448154],[80.14021773620864,19.716971915410355],[80.14050350523502,19.717063647190386],[80.14040712185779,19.717243908872067],[80.1401208694155,19.717242536448154]]]},"id":"649"},{"type":"Feature","properties":{"id":"650","metrics:area":900,"metrics:perimeter":132.11102550927978},"geometry":{"type":"Polygon","coordinates":[[[80.18420310685687,19.71762922880928],[80.18391776763723,19.717447205208995],[80.18391914330627,19.717176123611914],[80.1842044820587,19.717358147198368],[80.18420310685687,19.71762922880928]]]},"id":"650"},{"type":"Feature","properties":{"id":"651","metrics:area":1000,"metrics:perimeter":139.45788104971052},"geometry":{"type":"Polygon","coordinates":[[[80.14145671435162,19.717248937184674],[80.14136226176518,19.71706776122359],[80.14184031319938,19.7168893258992],[80.14174344915602,19.71715994792036],[80.14145671435162,19.717248937184674]]]},"id":"651"},{"type":"Feature","properties":{"id":"652","metrics:area":600,"metrics:perimeter":103.24555320336759},"geometry":{"type":"Polygon","coordinates":[[[80.17170466406644,19.717300844876643],[80.17170559489837,19.71712012436565],[80.17199231471085,19.717031086102093],[80.17199138420565,19.717211806628026],[80.17170466406644,19.717300844876643]]]},"id":"652"},{"type":"Feature","properties":{"id":"653","metrics:area":1000,"metrics:perimeter":144.72135954999578},"geometry":{"type":"Polygon","coordinates":[[[80.16722047519896,19.717189713544617],[80.16731682907387,19.717009436338408],[80.16779391916126,19.717011651081517],[80.16769756580943,19.717191928563455],[80.16722047519896,19.717189713544617]]]},"id":"653"},{"type":"Feature","properties":{"id":"654","metrics:area":1650,"metrics:perimeter":182.450401904666},"geometry":{"type":"Polygon","coordinates":[[[80.16263852657926,19.717529824977888],[80.1625459317599,19.716987219113253],[80.16283265581009,19.71689819567156],[80.1628293629957,19.717530716028296],[80.16263852657926,19.717529824977888]]]},"id":"654"},{"type":"Feature","properties":{"id":"655","metrics:area":1300,"metrics:perimeter":153.84402799378825},"geometry":{"type":"Polygon","coordinates":[[[80.16101736031355,19.717341522838193],[80.16111513519029,19.716890169186627],[80.16140138856838,19.716891508076184],[80.16130408575009,19.71725250189848],[80.16101736031355,19.717341522838193]]]},"id":"655"},{"type":"Feature","properties":{"id":"656","metrics:area":1500,"metrics:perimeter":171.21246595673097},"geometry":{"type":"Polygon","coordinates":[[[80.17103533870386,19.717568839116847],[80.17084636545665,19.717206515861303],[80.17094318119432,19.71693587631949],[80.17122896969464,19.71702755977137],[80.17103533870386,19.717568839116847]]]},"id":"656"},{"type":"Feature","properties":{"id":"657","metrics:area":1000,"metrics:perimeter":131.2310562561766},"geometry":{"type":"Polygon","coordinates":[[[80.18620873100451,19.71727689146829],[80.18621010279911,19.71700580971107],[80.18659177667281,19.717007541396573],[80.1865908625744,19.71718826258613],[80.18620873100451,19.71727689146829]]]},"id":"657"},{"type":"Feature","properties":{"id":"658","metrics:area":600,"metrics:perimeter":100},"geometry":{"type":"Polygon","coordinates":[[[80.18401456181739,19.71717655783198],[80.18401547881022,19.71699583675835],[80.18430173403722,19.71699713910108],[80.184300817366,19.717177860187608],[80.18401456181739,19.71717655783198]]]},"id":"658"},{"type":"Feature","properties":{"id":"659","metrics:area":600,"metrics:perimeter":100},"geometry":{"type":"Polygon","coordinates":[[[80.18678169974082,19.71718912813289],[80.1867826136248,19.717008406934767],[80.18706886907174,19.717009704861347],[80.18706795550935,19.71719042607233],[80.18678169974082,19.71718912813289]]]},"id":"659"},{"type":"Feature","properties":{"id":"660","metrics:area":800,"metrics:perimeter":129.4427190999916},"geometry":{"type":"Polygon","coordinates":[[[80.16951051071794,19.71720033406179],[80.16951144401033,19.71701961364949],[80.16989404916578,19.71684066044214],[80.1698931163125,19.717021380875625],[80.16951051071794,19.71720033406179]]]},"id":"660"},{"type":"Feature","properties":{"id":"661","metrics:area":1000,"metrics:perimeter":141.02916426724943},"geometry":{"type":"Polygon","coordinates":[[[80.15777362122387,19.717235954794113],[80.15768056976934,19.716783706944096],[80.15787187823327,19.71669424329757],[80.15796587645191,19.71696577119163],[80.15777362122387,19.717235954794113]]]},"id":"661"},{"type":"Feature","properties":{"id":"662","metrics:area":650,"metrics:perimeter":103.98345637668169},"geometry":{"type":"Polygon","coordinates":[[[80.19174392376046,19.717121200370663],[80.19174483206494,19.716940478948512],[80.19193612322282,19.7168509782836],[80.19203017976069,19.717122490384995],[80.19174392376046,19.717121200370663]]]},"id":"662"},{"type":"Feature","properties":{"id":"663","metrics:area":900,"metrics:perimeter":143.85164807134504},"geometry":{"type":"Polygon","coordinates":[[[80.15901499938846,19.717061056634147],[80.15920819721299,19.71661015166704],[80.15939903236993,19.716611046327895],[80.15939808773534,19.71679176628078],[80.15901499938846,19.717061056634147]]]},"id":"663"},{"type":"Feature","properties":{"id":"664","metrics:area":2700,"metrics:perimeter":282.60516277032264},"geometry":{"type":"Polygon","coordinates":[[[80.1606361597551,19.71724937669499],[80.16073346405594,19.716888383289916],[80.16035084938503,19.717067316572713],[80.16035320831115,19.71661551658671],[80.16102018881283,19.716799362775905],[80.16082699574063,19.717250269864067],[80.1606361597551,19.71724937669499]]]},"id":"664"},{"type":"Feature","properties":{"id":"665","metrics:area":1100,"metrics:perimeter":142.61297173761164},"geometry":{"type":"Polygon","coordinates":[[[80.139932450783,19.716789823669135],[80.13983848349906,19.716518287452978],[80.1403150856969,19.716610934771975],[80.14031411961808,19.71679165382692],[80.139932450783,19.716789823669135]]]},"id":"665"},{"type":"Feature","properties":{"id":"666","metrics:area":1600,"metrics:perimeter":199.50860596956483},"geometry":{"type":"Polygon","coordinates":[[[80.15987187178204,19.71742652195042],[80.1595889231171,19.716792660747466],[80.15968528512491,19.716612387938504],[80.15996964991011,19.71697516904751],[80.15987187178204,19.71742652195042]]]},"id":"666"},{"type":"Feature","properties":{"id":"667","metrics:area":1350,"metrics:perimeter":182.5311030987094},"geometry":{"type":"Polygon","coordinates":[[[80.16827007462726,19.71719458491099],[80.16798522271422,19.716922176450957],[80.167699904113,19.71674012773394],[80.16798662519845,19.716651095927993],[80.16827147665235,19.716923504376577],[80.16827007462726,19.71719458491099]]]},"id":"667"},{"type":"Feature","properties":{"id":"668","metrics:area":750,"metrics:perimeter":115.2145126328583},"geometry":{"type":"Polygon","coordinates":[[[80.16846231262402,19.71692438940653],[80.16836782920018,19.71674322655167],[80.16874996779875,19.716654635995194],[80.1687490336694,19.716835356379825],[80.16846231262402,19.71692438940653]]]},"id":"668"},{"type":"Feature","properties":{"id":"669","metrics:area":900,"metrics:perimeter":120},"geometry":{"type":"Polygon","coordinates":[[[80.18907311348752,19.716928416904008],[80.18907448042783,19.716657334943086],[80.18936073541303,19.716658629189272],[80.18935936895511,19.71692971116943],[80.18907311348752,19.716928416904008]]]},"id":"669"},{"type":"Feature","properties":{"id":"670","metrics:area":2100,"metrics:perimeter":206.7064474815478},"geometry":{"type":"Polygon","coordinates":[[[80.15844201953864,19.717148730707915],[80.15815718499034,19.716876307244625],[80.15806365955437,19.71651441949144],[80.15872969128495,19.716878994008038],[80.15844201953864,19.717148730707915]]]},"id":"670"},{"type":"Feature","properties":{"id":"671","metrics:area":950,"metrics:perimeter":137.04570789056774},"geometry":{"type":"Polygon","coordinates":[[[80.20596267072493,19.716913635874807],[80.2059635630415,19.716732913818014],[80.20644110278643,19.71664466467837],[80.20624892735417,19.716914903179994],[80.20596267072493,19.716913635874807]]]},"id":"671"},{"type":"Feature","properties":{"id":"672","metrics:area":700,"metrics:perimeter":112.36067977499789},"geometry":{"type":"Polygon","coordinates":[[[80.16846418152588,19.716562948663555],[80.16846511596133,19.716382228286555],[80.16884678664927,19.716383997684762],[80.16875043485955,19.716564275801495],[80.16846418152588,19.716562948663555]]]},"id":"672"},{"type":"Feature","properties":{"id":"673","metrics:area":1200,"metrics:perimeter":143.2455532033676},"geometry":{"type":"Polygon","coordinates":[[[80.16607780085705,19.716732591678966],[80.16607967509805,19.716371151148074],[80.1663663963093,19.71628212193807],[80.16636452272184,19.71664356249902],[80.16607780085705,19.716732591678966]]]},"id":"673"},{"type":"Feature","properties":{"id":"674","metrics:area":650,"metrics:perimeter":103.98345637668169},"geometry":{"type":"Polygon","coordinates":[[[80.14842650635099,19.716468913809017],[80.14842794176626,19.716197834639207],[80.1486187759009,19.716198740753338],[80.1487132363529,19.71637991319518],[80.14842650635099,19.716468913809017]]]},"id":"674"},{"type":"Feature","properties":{"id":"675","metrics:area":900,"metrics:perimeter":123.24555320336759},"geometry":{"type":"Polygon","coordinates":[[[80.15997153790337,19.71661372909228],[80.1596857572775,19.71652202795403],[80.15968717371962,19.716250947995107],[80.15997295387093,19.71634264911619],[80.15997153790337,19.71661372909228]]]},"id":"675"},{"type":"Feature","properties":{"id":"676","metrics:area":500,"metrics:perimeter":92.36067977499789},"geometry":{"type":"Polygon","coordinates":[[[80.16808251045045,19.71656117843569],[80.16808391274292,19.716290097895104],[80.16827474795387,19.716290983097394],[80.16827381330921,19.71647170346748],[80.16808251045045,19.71656117843569]]]},"id":"676"},{"type":"Feature","properties":{"id":"677","metrics:area":1000,"metrics:perimeter":129.64724878581438},"geometry":{"type":"Polygon","coordinates":[[[80.1705633731784,19.71657267039997],[80.17037393595552,19.716300706922706],[80.17075607256024,19.716212112008225],[80.17075467477768,19.71648319273543],[80.1705633731784,19.71657267039997]]]},"id":"677"},{"type":"Feature","properties":{"id":"678","metrics:area":800,"metrics:perimeter":115.60623297836548},"geometry":{"type":"Polygon","coordinates":[[[80.1593045595215,19.716429879070702],[80.15921055928978,19.716158351790867],[80.15949681122514,19.716159693672786],[80.15959128414805,19.716340860836205],[80.1593045595215,19.716429879070702]]]},"id":"678"},{"type":"Feature","properties":{"id":"679","metrics:area":1950,"metrics:perimeter":181.76706744056355},"geometry":{"type":"Polygon","coordinates":[[[80.15844438383766,19.71669693094803],[80.1583513307321,19.716244683361364],[80.15863852821859,19.7160653066919],[80.15882747219774,19.71642764180624],[80.15844438383766,19.71669693094803]]]},"id":"679"},{"type":"Feature","properties":{"id":"680","metrics:area":950,"metrics:perimeter":142.22125139210445},"geometry":{"type":"Polygon","coordinates":[[[80.16531539639038,19.716548319995862],[80.16503101991454,19.71618554693454],[80.16541315872514,19.716096963502775],[80.16531539639038,19.716548319995862]]]},"id":"680"},{"type":"Feature","properties":{"id":"681","metrics:area":600,"metrics:perimeter":100},"geometry":{"type":"Polygon","coordinates":[[[80.18544950126673,19.716460180467273],[80.1854508742795,19.716189098736706],[80.18564171020608,19.716189965454515],[80.18564033751491,19.716461047197956],[80.18544950126673,19.716460180467273]]]},"id":"681"},{"type":"Feature","properties":{"id":"682","metrics:area":600,"metrics:perimeter":100},"geometry":{"type":"Polygon","coordinates":[[[80.20491485025595,19.71654754115538],[80.20491619046626,19.71627645812687],[80.20510702741197,19.716277304135172],[80.20510568752323,19.71654838717625],[80.20491485025595,19.71654754115538]]]},"id":"682"},{"type":"Feature","properties":{"id":"683","metrics:area":600,"metrics:perimeter":100},"geometry":{"type":"Polygon","coordinates":[[[80.18611834277357,19.716282491953553],[80.18611971464561,19.716011410172413],[80.18631055039319,19.71601227617103],[80.18630917884273,19.716283357965036],[80.18611834277357,19.716282491953553]]]},"id":"683"},{"type":"Feature","properties":{"id":"684","metrics:area":600,"metrics:perimeter":100},"geometry":{"type":"Polygon","coordinates":[[[80.15720726993328,19.716058585895333],[80.15720869051671,19.71578750609557],[80.1573995245992,19.715788402848286],[80.15739810433733,19.71605948266137],[80.15720726993328,19.716058585895333]]]},"id":"684"},{"type":"Feature","properties":{"id":"685","metrics:area":1450,"metrics:perimeter":174.58324124593398},"geometry":{"type":"Polygon","coordinates":[[[80.16588837123524,19.716460623736246],[80.16550857614972,19.716097407546116],[80.16560540001112,19.715826771155545],[80.16598472610451,19.716280347269855],[80.16588837123524,19.716460623736246]]]},"id":"685"},{"type":"Feature","properties":{"id":"686","metrics:area":1000,"metrics:perimeter":138.19143207344683},"geometry":{"type":"Polygon","coordinates":[[[80.14117673504543,19.716072892307704],[80.14089145002237,19.715890802093412],[80.14089241540468,19.715710082992867],[80.1413685335265,19.71589308701272],[80.14117673504543,19.716072892307704]]]},"id":"686"},{"type":"Feature","properties":{"id":"687","metrics:area":2900,"metrics:perimeter":300.0693489712709},"geometry":{"type":"Polygon","coordinates":[[[80.15758704546154,19.716421818980034],[80.15758941206789,19.71597001928317],[80.15787424407488,19.716242443581216],[80.15778119279554,19.715790195744653],[80.15806744397025,19.715791539883995],[80.15825591339544,19.71624423550685],[80.15758704546154,19.716421818980034]]]},"id":"687"},{"type":"Feature","properties":{"id":"688","metrics:area":2150,"metrics:perimeter":253.26640334657245},"geometry":{"type":"Polygon","coordinates":[[[80.16283594849719,19.71626567526974],[80.1627428831474,19.7158134294972],[80.16302960498194,19.71572440564855],[80.16312361152042,19.715995931166137],[80.1633153863333,19.7158161014833],[80.16340892335842,19.716177986943137],[80.16302772395319,19.716085845923423],[80.16283594849719,19.71626567526974]]]},"id":"688"},{"type":"Feature","properties":{"id":"689","metrics:area":750,"metrics:perimeter":123.07135789365265},"geometry":{"type":"Polygon","coordinates":[[[80.16359975820846,19.716178877115247],[80.16350528077095,19.715997711898765],[80.16350669073468,19.715726631658157],[80.16379153273611,19.715999046915297],[80.16359975820846,19.716178877115247]]]},"id":"689"},{"type":"Feature","properties":{"id":"690","metrics:area":1350,"metrics:perimeter":159.30954492881494},"geometry":{"type":"Polygon","coordinates":[[[80.15987895254118,19.716071122144598],[80.15959364511376,19.71588906090192],[80.15959458948177,19.715708340921765],[80.1601666199696,19.715801382948047],[80.15987895254118,19.716071122144598]]]},"id":"690"},{"type":"Feature","properties":{"id":"691","metrics:area":2050,"metrics:perimeter":241.90457556787842},"geometry":{"type":"Polygon","coordinates":[[[80.16102207442694,19.71643792271597],[80.16054545853349,19.716345330013457],[80.16054687351286,19.71607424998925],[80.16093089987179,19.71562423610943],[80.16083265390056,19.716165949748383],[80.16102207442694,19.71643792271597]]]},"id":"691"},{"type":"Feature","properties":{"id":"692","metrics:area":600,"metrics:perimeter":108.2842712474619},"geometry":{"type":"Polygon","coordinates":[[[80.18726427263758,19.716106963739005],[80.18726609920238,19.715745521252078],[80.18745693468895,19.715746386019667],[80.18745602162599,19.71592710727353],[80.18726427263758,19.716106963739005]]]},"id":"692"},{"type":"Feature","properties":{"id":"693","metrics:area":550,"metrics:perimeter":103.98345637668169},"geometry":{"type":"Polygon","coordinates":[[[80.1890772142405,19.71611517099641],[80.18907903673194,19.7157537283469],[80.18917445452183,19.71575415979169],[80.18926850577104,19.716025673187055],[80.1890772142405,19.71611517099641]]]},"id":"693"},{"type":"Feature","properties":{"id":"694","metrics:area":500,"metrics:perimeter":92.36067977499789},"geometry":{"type":"Polygon","coordinates":[[[80.16054828846877,19.715803169956757],[80.16054970340124,19.715532089915985],[80.16074053734489,19.71553298310254],[80.16073959427356,19.715713703139492],[80.16054828846877,19.715803169956757]]]},"id":"694"},{"type":"Feature","properties":{"id":"695","metrics:area":600,"metrics:perimeter":100},"geometry":{"type":"Polygon","coordinates":[[[80.18850561816156,19.715931859913205],[80.18850698598354,19.715660777960416],[80.18869782142846,19.71566164140404],[80.18869645392805,19.71593272336967],[80.18850561816156,19.715931859913205]]]},"id":"695"},{"type":"Feature","properties":{"id":"696","metrics:area":600,"metrics:perimeter":114.04918347287665},"geometry":{"type":"Polygon","coordinates":[[[80.26636783282039,19.716176930178495],[80.26608116111194,19.716266121184088],[80.26608281056596,19.715904671956753],[80.26636783282039,19.716176930178495]]]},"id":"696"},{"type":"Feature","properties":{"id":"697","metrics:area":1750,"metrics:perimeter":208.9093456125003},"geometry":{"type":"Polygon","coordinates":[[[80.16932667541741,19.715844047019107],[80.16904135707463,19.71566200042935],[80.16865922099252,19.71575059170799],[80.16875603938789,19.715479953405378],[80.16932854226596,19.715482606153124],[80.16932667541741,19.715844047019107]]]},"id":"697"},{"type":"Feature","properties":{"id":"698","metrics:area":600,"metrics:perimeter":100},"geometry":{"type":"Polygon","coordinates":[[[80.18783814937653,19.71583847558171],[80.1878395183165,19.715567393671076],[80.18803035361894,19.715568257821023],[80.18802898500056,19.71583933974449],[80.18783814937653,19.71583847558171]]]},"id":"698"},{"type":"Feature","properties":{"id":"699","metrics:area":1450,"metrics:perimeter":173.93920299812748},"geometry":{"type":"Polygon","coordinates":[[[80.14041533250317,19.715707796827324],[80.14003414939947,19.71561560745004],[80.13994018254469,19.715344071271385],[80.14060713134899,19.71552799235516],[80.14041533250317,19.715707796827324]]]},"id":"699"},{"type":"Feature","properties":{"id":"700","metrics:area":650,"metrics:perimeter":103.98345637668169},"geometry":{"type":"Polygon","coordinates":[[[80.20711259791878,19.715924730720605],[80.20692220689476,19.715833525801944],[80.20692309808022,19.71565280368127],[80.20720935253217,19.71565406937587],[80.20711259791878,19.715924730720605]]]},"id":"700"},{"type":"Feature","properties":{"id":"701","metrics:area":1500,"metrics:perimeter":165.3042347625264},"geometry":{"type":"Polygon","coordinates":[[[80.1465224781922,19.715646604236742],[80.14661933328244,19.715375979254194],[80.14700147867843,19.715287435356238],[80.14709545758194,19.715558968280646],[80.1465224781922,19.715646604236742]]]},"id":"701"},{"type":"Feature","properties":{"id":"702","metrics:area":700,"metrics:perimeter":112.36067977499789},"geometry":{"type":"Polygon","coordinates":[[[80.15978636773089,19.71552851513958],[80.15988272870615,19.715348242163472],[80.16016897924924,19.715349582919742],[80.16016803554521,19.715530302933825],[80.15978636773089,19.71552851513958]]]},"id":"702"},{"type":"Feature","properties":{"id":"703","metrics:area":1650,"metrics:perimeter":173.04887669508665},"geometry":{"type":"Polygon","coordinates":[[[80.1647466447069,19.71582277345448],[80.16484487732357,19.715281057160958],[80.16503571117953,19.715281945766346],[80.16512878277928,19.71573419059951],[80.1647466447069,19.71582277345448]]]},"id":"703"},{"type":"Feature","properties":{"id":"704","metrics:area":750,"metrics:perimeter":111.6227766016838},"geometry":{"type":"Polygon","coordinates":[[[80.14089386345816,19.715439004335142],[80.14089531148764,19.71516792566912],[80.14118156029589,19.715169296718653],[80.14118059526712,19.71535001584383],[80.14089386345816,19.715439004335142]]]},"id":"704"},{"type":"Feature","properties":{"id":"705","metrics:area":550,"metrics:perimeter":96.34413615167959},"geometry":{"type":"Polygon","coordinates":[[[80.16675181189116,19.715561014557842],[80.16675274819923,19.715380294239548],[80.1669440503089,19.71529082065424],[80.1670385313112,19.715471984199006],[80.16675181189116,19.715561014557842]]]},"id":"705"},{"type":"Feature","properties":{"id":"706","metrics:area":500,"metrics:perimeter":92.36067977499789},"geometry":{"type":"Polygon","coordinates":[[[80.14041726430767,19.715346358660472],[80.14051364644732,19.715166096892546],[80.14070447896215,19.715167011382345],[80.14070351339745,19.715347730484883],[80.14041726430767,19.715346358660472]]]},"id":"706"},{"type":"Feature","properties":{"id":"707","metrics:area":1900,"metrics:perimeter":194.0321551489818},"geometry":{"type":"Polygon","coordinates":[[[80.15930786599903,19.715797359209233],[80.15931070002082,19.715255199292066],[80.15969283925334,19.715166628076556],[80.15949870019644,19.7157982537287],[80.15930786599903,19.715797359209233]]]},"id":"707"},{"type":"Feature","properties":{"id":"708","metrics:area":1600,"metrics:perimeter":162.4621125123532},"geometry":{"type":"Polygon","coordinates":[[[80.15835511379898,19.715521803678598],[80.15845242196586,19.715160811592266],[80.15883361618076,19.715252962171647],[80.15883219837768,19.715524042101134],[80.15835511379898,19.715521803678598]]]},"id":"708"},{"type":"Feature","properties":{"id":"709","metrics:area":600,"metrics:perimeter":100},"geometry":{"type":"Polygon","coordinates":[[[80.16522560702796,19.71546355441852],[80.16522701405093,19.715192474042436],[80.16541784782042,19.715193362237386],[80.16541644111904,19.71546444262667],[80.16522560702796,19.71546355441852]]]},"id":"709"},{"type":"Feature","properties":{"id":"710","metrics:area":550,"metrics:perimeter":103.98345637668169},"geometry":{"type":"Polygon","coordinates":[[[80.26579655172736,19.71590350021745],[80.26579820178812,19.71554205099864],[80.2658936211843,19.715542441621427],[80.26598780336221,19.715813919120556],[80.26579655172736,19.71590350021745]]]},"id":"710"},{"type":"Feature","properties":{"id":"711","metrics:area":1200,"metrics:perimeter":147.33433128760743},"geometry":{"type":"Polygon","coordinates":[[[80.15730600141687,19.715426514742518],[80.15682939104174,19.715333912340817],[80.15692622880621,19.7150632811326],[80.15730694833131,19.7152457948596],[80.15730600141687,19.715426514742518]]]},"id":"711"},{"type":"Feature","properties":{"id":"712","metrics:area":750,"metrics:perimeter":111.6227766016838},"geometry":{"type":"Polygon","coordinates":[[[80.22304967289163,19.715542669673322],[80.22305098246318,19.715271585431093],[80.22324181904952,19.715272412101573],[80.22333592825716,19.715543909621328],[80.22304967289163,19.715542669673322]]]},"id":"712"},{"type":"Feature","properties":{"id":"713","metrics:area":1250,"metrics:perimeter":154.8418432072729},"geometry":{"type":"Polygon","coordinates":[[[80.16398565539573,19.71536741602111],[80.16350951059206,19.715184471152096],[80.16351045052375,19.71500375097604],[80.16398706450106,19.715096335728113],[80.16398565539573,19.71536741602111]]]},"id":"713"},{"type":"Feature","properties":{"id":"714","metrics:area":800,"metrics:perimeter":120},"geometry":{"type":"Polygon","coordinates":[[[80.15644772402192,19.715332117458672],[80.15644961975917,19.71497067776546],[80.1566404528351,19.71497157529026],[80.15663855752659,19.71533301500125],[80.15644772402192,19.715332117458672]]]},"id":"714"},{"type":"Feature","properties":{"id":"715","metrics:area":1200,"metrics:perimeter":146.0555127546399},"geometry":{"type":"Polygon","coordinates":[[[80.26656032076565,19.71581626152158],[80.2665623811805,19.71536444991384],[80.26684863910896,19.715365620400096],[80.26684740334927,19.715636707384895],[80.26656032076565,19.71581626152158]]]},"id":"715"},{"type":"Feature","properties":{"id":"716","metrics:area":1550,"metrics:perimeter":210.03896913132158},"geometry":{"type":"Polygon","coordinates":[[[80.16188648300017,19.71535761786476],[80.16188789564264,19.715086537717347],[80.1622709745902,19.714817240818803],[80.1623654499713,19.714998406633],[80.16207872912324,19.71508742946068],[80.1622681506149,19.715359401174897],[80.16188648300017,19.71535761786476]]]},"id":"716"},{"type":"Feature","properties":{"id":"717","metrics:area":600,"metrics:perimeter":100},"geometry":{"type":"Polygon","coordinates":[[[80.20730655217157,19.715293046886732],[80.20730788825861,19.71502196366271],[80.20749872382679,19.71502280707457],[80.20749738806133,19.71529389031112],[80.20730655217157,19.715293046886732]]]},"id":"717"},{"type":"Feature","properties":{"id":"718","metrics:area":1500,"metrics:perimeter":170.8276253029822},"geometry":{"type":"Polygon","coordinates":[[[80.20921491151161,19.71530147199443],[80.20921624438292,19.715030388645232],[80.20978875141178,19.715032912181027],[80.2097878634765,19.715213634439742],[80.20921491151161,19.71530147199443]]]},"id":"718"},{"type":"Feature","properties":{"id":"719","metrics:area":2750,"metrics:perimeter":306.62910053955505},"geometry":{"type":"Polygon","coordinates":[[[80.15759177860889,19.71551821956329],[80.1577845051477,19.715157676086413],[80.15759509165646,19.7148856999168],[80.15807312028048,19.714707220362378],[80.15788039495729,19.715067764211007],[80.15826016981626,19.715430995879554],[80.15759177860889,19.71551821956329]]]},"id":"719"},{"type":"Feature","properties":{"id":"720","metrics:area":2150,"metrics:perimeter":196.45856202017464},"geometry":{"type":"Polygon","coordinates":[[[80.16408154200346,19.715277500709224],[80.16398800389163,19.714915615528188],[80.16427566255038,19.71464586937746],[80.16446320964276,19.71527927934113],[80.16408154200346,19.715277500709224]]]},"id":"720"},{"type":"Feature","properties":{"id":"721","metrics:area":2250,"metrics:perimeter":221.38147668435636},"geometry":{"type":"Polygon","coordinates":[[[80.16312690290012,19.715363410653563],[80.16274664638726,19.715090548963584],[80.16284488514886,19.71454883395173],[80.16303571803834,19.714549724653516],[80.16312690290012,19.715363410653563]]]},"id":"721"},{"type":"Feature","properties":{"id":"722","metrics:area":900,"metrics:perimeter":123.24555320336759},"geometry":{"type":"Polygon","coordinates":[[[80.13965683371805,19.714800541059756],[80.13965876713071,19.714439102928576],[80.13984959874006,19.714440018295655],[80.13994356497555,19.71471155452323],[80.13965683371805,19.714800541059756]]]},"id":"722"},{"type":"Feature","properties":{"id":"723","metrics:area":750,"metrics:perimeter":111.6227766016838},"geometry":{"type":"Polygon","coordinates":[[[80.2117925267077,19.715041730167005],[80.21179341238218,19.71486100781727],[80.21208010843525,19.714771904507398],[80.21207878040954,19.715042988052073],[80.2117925267077,19.715041730167005]]]},"id":"723"},{"type":"Feature","properties":{"id":"724","metrics:area":1150,"metrics:perimeter":154.17850021390794},"geometry":{"type":"Polygon","coordinates":[[[80.1406114768364,19.71471475640167],[80.14051702658998,19.71453358003635],[80.14109000446098,19.71444596323345],[80.14108903936769,19.714626682368834],[80.1406114768364,19.71471475640167]]]},"id":"724"},{"type":"Feature","properties":{"id":"725","metrics:area":1450,"metrics:perimeter":175.47442467302884},"geometry":{"type":"Polygon","coordinates":[[[80.16866342469697,19.714937349868507],[80.16866529294296,19.714575909027026],[80.16914330954731,19.71439739947315],[80.16904649252075,19.714668038064467],[80.16866342469697,19.714937349868507]]]},"id":"725"},{"type":"Feature","properties":{"id":"726","metrics:area":1500,"metrics:perimeter":159.06114355209758},"geometry":{"type":"Polygon","coordinates":[[[80.1635109204857,19.714913390886636],[80.16322561071095,19.714731335324316],[80.16341832385103,19.714370785263526],[80.16370269354204,19.714733560705128],[80.1635109204857,19.714913390886636]]]},"id":"726"},{"type":"Feature","properties":{"id":"727","metrics:area":800,"metrics:perimeter":120},"geometry":{"type":"Polygon","coordinates":[[[80.1845994428031,19.71473942693381],[80.1846012752189,19.71437798463196],[80.18479210895617,19.71437885217747],[80.18479027696912,19.71474029449651],[80.1845994428031,19.71473942693381]]]},"id":"727"},{"type":"Feature","properties":{"id":"728","metrics:area":6600,"metrics:perimeter":369.1831135115845},"geometry":{"type":"Polygon","coordinates":[[[80.16722983338539,19.715382510307883],[80.16713628807057,19.715020626512988],[80.1674225385624,19.71502195567086],[80.16752029392765,19.71457059770396],[80.1679038301444,19.71421092817096],[80.16809279338884,19.71457325427904],[80.16789915526788,19.71511453010852],[80.16761150158084,19.715384282248962],[80.16722983338539,19.715382510307883]]]},"id":"728"},{"type":"Feature","properties":{"id":"729","metrics:area":950,"metrics:perimeter":156.72571147809077},"geometry":{"type":"Polygon","coordinates":[[[80.15864561884175,19.714709907110983],[80.15845620435321,19.714437931803392],[80.1584580954842,19.714076491886868],[80.15874198054262,19.714529634760577],[80.15864561884175,19.714709907110983]]]},"id":"729"},{"type":"Feature","properties":{"id":"730","metrics:area":800,"metrics:perimeter":122.4621125123532},"geometry":{"type":"Polygon","coordinates":[[[80.1444305218939,19.714281206907152],[80.14443148321466,19.714100487606277],[80.14481362656109,19.71401194829032],[80.14481266567435,19.71419266761107],[80.1444305218939,19.714281206907152]]]},"id":"730"},{"type":"Feature","properties":{"id":"731","metrics:area":900,"metrics:perimeter":132.3606797749979},"geometry":{"type":"Polygon","coordinates":[[[80.20759681275752,19.714481062193915],[80.20759770311881,19.71430034001641],[80.20807478995086,19.71430244732055],[80.20797848264698,19.714482748155433],[80.20759681275752,19.714481062193915]]]},"id":"731"},{"type":"Feature","properties":{"id":"732","metrics:area":600,"metrics:perimeter":106.05551275463989},"geometry":{"type":"Polygon","coordinates":[[[80.16714003140164,19.71429774510333],[80.16714143510815,19.71402666455953],[80.16742768383148,19.714027993644994],[80.16742721609266,19.71411835383376],[80.16714003140164,19.71429774510333]]]},"id":"732"},{"type":"Feature","properties":{"id":"733","metrics:area":600,"metrics:perimeter":100},"geometry":{"type":"Polygon","coordinates":[[[80.17715876738482,19.71434399200832],[80.17716015421037,19.714072910777354],[80.17735098722953,19.714073786227278],[80.17734960072552,19.714344867471247],[80.17715876738482,19.71434399200832]]]},"id":"733"},{"type":"Feature","properties":{"id":"734","metrics:area":1100,"metrics:perimeter":148.57300762134082},"geometry":{"type":"Polygon","coordinates":[[[80.21093598231391,19.714586147983262],[80.21093731223228,19.714315064499598],[80.21131986820778,19.714136020995202],[80.2111268175327,19.714586987516878],[80.21093598231391,19.714586147983262]]]},"id":"734"},{"type":"Feature","properties":{"id":"735","metrics:area":1150,"metrics:perimeter":142.8538328578604},"geometry":{"type":"Polygon","coordinates":[[[80.1401368123285,19.714260671871862],[80.14004332911283,19.713898776180933],[80.14033005855364,19.713809788949156],[80.14032764375018,19.714261586722372],[80.1401368123285,19.714260671871862]]]},"id":"735"},{"type":"Feature","properties":{"id":"736","metrics:area":1050,"metrics:perimeter":153.63070516249607},"geometry":{"type":"Polygon","coordinates":[[[80.15816948260876,19.714526948343103],[80.15798006914889,19.714254972564614],[80.1580773772662,19.713893980634182],[80.15826631760606,19.71425631628628],[80.15816948260876,19.714526948343103]]]},"id":"736"},{"type":"Feature","properties":{"id":"737","metrics:area":900,"metrics:perimeter":120},"geometry":{"type":"Polygon","coordinates":[[[80.13966070050066,19.71407766478266],[80.13966215050006,19.71380658616356],[80.13994839679272,19.713807959090452],[80.1399469472756,19.714079037729952],[80.13966070050066,19.71407766478266]]]},"id":"737"},{"type":"Feature","properties":{"id":"738","metrics:area":900,"metrics:perimeter":157.62297840550298},"geometry":{"type":"Polygon","coordinates":[[[80.15960167190939,19.714352940953255],[80.1596030883245,19.7140818609347],[80.15950861661098,19.713900693780637],[80.15998380884267,19.714264369024285],[80.15960167190939,19.714352940953255]]]},"id":"738"},{"type":"Feature","properties":{"id":"739","metrics:area":1650,"metrics:perimeter":192.59469274354575},"geometry":{"type":"Polygon","coordinates":[[[80.26303311058773,19.715078889594103],[80.26284351494265,19.71480701851438],[80.26275016705725,19.714354815012143],[80.26313101360842,19.71453710812156],[80.26303311058773,19.715078889594103]]]},"id":"739"},{"type":"Feature","properties":{"id":"740","metrics:area":1000,"metrics:perimeter":135.9524158061724},"geometry":{"type":"Polygon","coordinates":[[[80.14051944089756,19.714081782254286],[80.14052040660194,19.713901063135022],[80.14090303390623,19.71372217264373],[80.14090158600473,19.713993251353955],[80.14051944089756,19.714081782254286]]]},"id":"740"},{"type":"Feature","properties":{"id":"741","metrics:area":900,"metrics:perimeter":140.6449510224598},"geometry":{"type":"Polygon","coordinates":[[[80.20626052251977,19.714565515991673],[80.20616599700845,19.71438437154879],[80.20616778092692,19.71402292731183],[80.20645224915032,19.714385638373727],[80.20626052251977,19.714565515991673]]]},"id":"741"},{"type":"Feature","properties":{"id":"742","metrics:area":1200,"metrics:perimeter":161.6552506059644},"geometry":{"type":"Polygon","coordinates":[[[80.14109241714756,19.71399416537887],[80.14109386472752,19.713723086655072],[80.14166587505294,19.713816187060207],[80.14166539284781,19.713906546648378],[80.14109241714756,19.71399416537887]]]},"id":"742"},{"type":"Feature","properties":{"id":"743","metrics:area":800,"metrics:perimeter":138.41619252963778},"geometry":{"type":"Polygon","coordinates":[[[80.16809419551086,19.71430217367772],[80.16809559760968,19.714031093068108],[80.16800111617471,19.713849930039014],[80.16828643014098,19.714031978160815],[80.16828502836371,19.71430305878357],[80.16809419551086,19.71430217367772]]]},"id":"743"},{"type":"Feature","properties":{"id":"744","metrics:area":1050,"metrics:perimeter":142.42640687119285},"geometry":{"type":"Polygon","coordinates":[[[80.26742444771368,19.714645061242916],[80.26742527086253,19.714464336543937],[80.26771276146833,19.71419441852907],[80.2677107044172,19.71464623031235],[80.26742444771368,19.714645061242916]]]},"id":"744"},{"type":"Feature","properties":{"id":"745","metrics:area":900,"metrics:perimeter":123.24555320336759},"geometry":{"type":"Polygon","coordinates":[[[80.21170109475241,19.71422806018639],[80.21160700610501,19.713956557219454],[80.21189325786283,19.713957815334286],[80.21198734699986,19.71422931816765],[80.21170109475241,19.71422806018639]]]},"id":"745"},{"type":"Feature","properties":{"id":"746","metrics:area":600,"metrics:perimeter":109.6472487858144},"geometry":{"type":"Polygon","coordinates":[[[80.156836496625,19.713978513281987],[80.15693380709102,19.71361752204943],[80.15702922283693,19.713617970550118],[80.15712369155081,19.713799138907223],[80.156836496625,19.713978513281987]]]},"id":"746"},{"type":"Feature","properties":{"id":"747","metrics:area":600,"metrics:perimeter":111.2310562561766},"geometry":{"type":"Polygon","coordinates":[[[80.15731357643932,19.71398075557611],[80.15731547009031,19.713619315747682],[80.15741088584667,19.71361976404537],[80.15750440838336,19.713981652138504],[80.15731357643932,19.71398075557611]]]},"id":"747"},{"type":"Feature","properties":{"id":"748","metrics:area":600,"metrics:perimeter":100},"geometry":{"type":"Polygon","coordinates":[[[80.15779112946777,19.713892636634636],[80.15779254889826,19.71362155672864],[80.15798338043973,19.713622452765776],[80.15798196133078,19.713893532685088],[80.15779112946777,19.713892636634636]]]},"id":"748"},{"type":"Feature","properties":{"id":"749","metrics:area":900,"metrics:perimeter":123.24555320336759},"geometry":{"type":"Polygon","coordinates":[[[80.1428108610394,19.713821663238512],[80.1427168903569,19.713550128324798],[80.14300313642313,19.713551496359436],[80.14309710759588,19.713823031141228],[80.1428108610394,19.713821663238512]]]},"id":"749"},{"type":"Feature","properties":{"id":"750","metrics:area":1800,"metrics:perimeter":179.49610979523374},"geometry":{"type":"Polygon","coordinates":[[[80.15893470327777,19.714169089869866],[80.15884164995431,19.71371684241476],[80.15912884229611,19.713537464724073],[80.15922142400264,19.714080072064107],[80.15893470327777,19.714169089869866]]]},"id":"750"},{"type":"Feature","properties":{"id":"751","metrics:area":600,"metrics:perimeter":115.95241580617241},"geometry":{"type":"Polygon","coordinates":[[[80.21742702318163,19.714072410411898],[80.21704623312165,19.713890021992782],[80.2174283421232,19.713801326489264],[80.21742702318163,19.714072410411898]]]},"id":"751"},{"type":"Feature","properties":{"id":"752","metrics:area":800,"metrics:perimeter":120},"geometry":{"type":"Polygon","coordinates":[[[80.20864996171825,19.713762807718346],[80.20865085086122,19.71358208548023],[80.20903251871512,19.71358376912517],[80.20903163000088,19.71376449137996],[80.20864996171825,19.713762807718346]]]},"id":"752"},{"type":"Feature","properties":{"id":"753","metrics:area":1050,"metrics:perimeter":131.6227766016838},"geometry":{"type":"Polygon","coordinates":[[[80.17983366047012,19.713723706706055],[80.17983504274058,19.71345262527393],[80.1801217519529,19.71336357357847],[80.18011990957376,19.713725015515735],[80.17983366047012,19.713723706706055]]]},"id":"753"},{"type":"Feature","properties":{"id":"754","metrics:area":1100,"metrics:perimeter":142.61297173761164},"geometry":{"type":"Polygon","coordinates":[[[80.1400462277695,19.713356618868993],[80.14004719396702,19.71317589975765],[80.14052475213951,19.713087827052732],[80.14042788846936,19.713358448479383],[80.1400462277695,19.713356618868993]]]},"id":"754"},{"type":"Feature","properties":{"id":"755","metrics:area":650,"metrics:perimeter":123.10122064520763},"geometry":{"type":"Polygon","coordinates":[[[80.19052167340638,19.713501176995806],[80.19032947585228,19.713771397724095],[80.19023633377668,19.713319163373466],[80.19052167340638,19.713501176995806]]]},"id":"755"},{"type":"Feature","properties":{"id":"756","metrics:area":2500,"metrics:perimeter":204.3824184119025},"geometry":{"type":"Polygon","coordinates":[[[80.21074825096379,19.71395278013432],[80.21065505097462,19.713500554392752],[80.21113302212926,19.713321931130803],[80.21122666651348,19.713683795500806],[80.21074825096379,19.71395278013432]]]},"id":"756"},{"type":"Feature","properties":{"id":"757","metrics:area":750,"metrics:perimeter":111.6227766016838},"geometry":{"type":"Polygon","coordinates":[[[80.16304183065571,19.713375043502946],[80.16304324119737,19.713103963215346],[80.16332901796164,19.71319565888493],[80.16332807791946,19.71337637908898],[80.16304183065571,19.713375043502946]]]},"id":"757"},{"type":"Feature","properties":{"id":"758","metrics:area":700,"metrics:perimeter":125.76491222541475},"geometry":{"type":"Polygon","coordinates":[[[80.15674392305993,19.713435905002722],[80.15674534421959,19.713164825156202],[80.1566504025177,19.71307401656592],[80.15693617516764,19.713165722287613],[80.15693475432953,19.71343680214746],[80.15674392305993,19.713435905002722]]]},"id":"758"},{"type":"Feature","properties":{"id":"759","metrics:area":1200,"metrics:perimeter":177.72699034745347},"geometry":{"type":"Polygon","coordinates":[[[80.1629445339334,19.713736038567866],[80.16275464271972,19.71355442763407],[80.16275746477541,19.713012267101327],[80.16304089028162,19.713555763690085],[80.1629445339334,19.713736038567866]]]},"id":"759"},{"type":"Feature","properties":{"id":"760","metrics:area":2600,"metrics:perimeter":252.11102550927978},"geometry":{"type":"Polygon","coordinates":[[[80.20779076316856,19.713849377609606],[80.20779387851931,19.713216849897986],[80.20827096216048,19.71321895656937],[80.20826829347492,19.71376112324469],[80.20798293221145,19.713579137147644],[80.20779076316856,19.713849377609606]]]},"id":"760"},{"type":"Feature","properties":{"id":"761","metrics:area":7800,"metrics:perimeter":476.15457284080674},"geometry":{"type":"Polygon","coordinates":[[[80.17067230356689,19.713952664426916],[80.1707691174136,19.713682024821683],[80.17057921708934,19.71350042185334],[80.17077098079938,19.71332058373615],[80.17134533834341,19.7129617886215],[80.17201278322416,19.713055233600485],[80.1717246746867,19.71341535307915],[80.1712485259363,19.713232428610105],[80.17143749579807,19.713594751464292],[80.17105396870382,19.71395442891944],[80.17067230356689,19.713952664426916]]]},"id":"761"},{"type":"Feature","properties":{"id":"762","metrics:area":1000,"metrics:perimeter":135.9524158061724},"geometry":{"type":"Polygon","coordinates":[[[80.17048473309133,19.71331926003202],[80.1704856650903,19.713138539496843],[80.17086825983742,19.712959583760362],[80.17086686249361,19.71323066459349],[80.17048473309133,19.71331926003202]]]},"id":"762"},{"type":"Feature","properties":{"id":"763","metrics:area":1000,"metrics:perimeter":126.49110640673517},"geometry":{"type":"Polygon","coordinates":[[[80.1616120076409,19.713097278533386],[80.16151800518166,19.71282575229201],[80.16180472222025,19.71273673020245],[80.16189872512378,19.713008256312023],[80.1616120076409,19.713097278533386]]]},"id":"763"},{"type":"Feature","properties":{"id":"764","metrics:area":600,"metrics:perimeter":100},"geometry":{"type":"Polygon","coordinates":[[[80.26590310709334,19.71346410828377],[80.26590434429696,19.713193021290888],[80.2660951803092,19.713193802283612],[80.26609394342712,19.713464889288094],[80.26590310709334,19.71346410828377]]]},"id":"764"},{"type":"Feature","properties":{"id":"765","metrics:area":800,"metrics:perimeter":118.41619252963778},"geometry":{"type":"Polygon","coordinates":[[[80.15855918403904,19.712992619722097],[80.15856107478852,19.712631179737794],[80.15875190519291,19.712632074914165],[80.158846375351,19.71281324243352],[80.15855918403904,19.712992619722097]]]},"id":"765"},{"type":"Feature","properties":{"id":"766","metrics:area":600,"metrics:perimeter":100},"geometry":{"type":"Polygon","coordinates":[[[80.15961017004783,19.712726460717683],[80.15961158632207,19.712455380649427],[80.15980241656953,19.71245627470051],[80.1598010006168,19.712727354782047],[80.15961017004783,19.712726460717683]]]},"id":"766"},{"type":"Feature","properties":{"id":"767","metrics:area":1800,"metrics:perimeter":178.19271811819863},"geometry":{"type":"Polygon","coordinates":[[[80.18985557854677,19.713136718339467],[80.1896670221277,19.712684052703555],[80.19014455700884,19.712595846814885],[80.1900468660687,19.713047219529674],[80.18985557854677,19.713136718339467]]]},"id":"767"},{"type":"Feature","properties":{"id":"768","metrics:area":500,"metrics:perimeter":92.36067977499789},"geometry":{"type":"Polygon","coordinates":[[[80.2690535502906,19.71311551931396],[80.26914978945926,19.712935183359306],[80.26934062530451,19.712935960889247],[80.26933980437663,19.713116685696548],[80.2690535502906,19.71311551931396]]]},"id":"768"},{"type":"Feature","properties":{"id":"769","metrics:area":600,"metrics:perimeter":100},"geometry":{"type":"Polygon","coordinates":[[[80.27706867238855,19.713148005363486],[80.27706989075423,19.71287691768576],[80.27726072686677,19.712877686786904],[80.27725950882265,19.713148774476064],[80.27706867238855,19.713148005363486]]]},"id":"769"},{"type":"Feature","properties":{"id":"770","metrics:area":850,"metrics:perimeter":122.8538328578604},"geometry":{"type":"Polygon","coordinates":[[[80.26762228016686,19.71310968054933],[80.26752809661993,19.712838203789882],[80.26790935668636,19.71293012446633],[80.26790853415073,19.713110849215816],[80.26762228016686,19.71310968054933]]]},"id":"770"},{"type":"Feature","properties":{"id":"771","metrics:area":2750,"metrics:perimeter":253.59920944240852},"geometry":{"type":"Polygon","coordinates":[[[80.16456989096848,19.713111080957173],[80.16437999855847,19.712929471691886],[80.16409750858601,19.712205256797496],[80.16476306826468,19.71266016906541],[80.16456989096848,19.713111080957173]]]},"id":"771"},{"type":"Feature","properties":{"id":"772","metrics:area":2250,"metrics:perimeter":230.55385138137416},"geometry":{"type":"Polygon","coordinates":[[[80.16285288030525,19.713012712490844],[80.1628571127311,19.712199471609768],[80.16314335788945,19.712200807414277],[80.16304371137274,19.713013603117634],[80.16285288030525,19.713012712490844]]]},"id":"772"},{"type":"Feature","properties":{"id":"773","metrics:area":9400,"metrics:perimeter":749.5248308143465},"geometry":{"type":"Polygon","coordinates":[[[80.16379764032004,19.714824365726887],[80.1635184395238,19.713467629330975],[80.16370974097414,19.713378159159873],[80.16390714809306,19.71211400720007],[80.16399739722647,19.71310841332644],[80.16380562649874,19.713288243938138],[80.16399645793969,19.71328913356318],[80.1640885864537,19.7139220991146],[80.1643743653166,19.714013793184908],[80.16446743445364,19.714466038329917],[80.163799989274,19.7143725652284],[80.16379764032004,19.714824365726887]]]},"id":"773"},{"type":"Feature","properties":{"id":"774","metrics:area":600,"metrics:perimeter":100},"geometry":{"type":"Polygon","coordinates":[[[80.16066162430893,19.712369935369498],[80.16066303878362,19.712098855217164],[80.16085386865976,19.712099748134133],[80.16085245450655,19.712370828299733],[80.16066162430893,19.712369935369498]]]},"id":"774"},{"type":"Feature","properties":{"id":"775","metrics:area":850,"metrics:perimeter":146.30204997601103},"geometry":{"type":"Polygon","coordinates":[[[80.16142494516194,19.71237350587253],[80.16094881227352,19.712190554574832],[80.16152177330824,19.712102871745042],[80.16142494516194,19.71237350587253]]]},"id":"775"},{"type":"Feature","properties":{"id":"776","metrics:area":1000,"metrics:perimeter":131.2310562561766},"geometry":{"type":"Polygon","coordinates":[[[80.17344727047046,19.712429312893732],[80.1734491277107,19.71206787151234],[80.1736399581724,19.71206875082507],[80.17373351680989,19.71243063181284],[80.17344727047046,19.712429312893732]]]},"id":"776"},{"type":"Feature","properties":{"id":"777","metrics:area":800,"metrics:perimeter":120},"geometry":{"type":"Polygon","coordinates":[[[80.1794593703082,19.712276193320672],[80.17946029217158,19.7120954723547],[80.17984195374923,19.71209721798914],[80.17984103231451,19.71227793897241],[80.1794593703082,19.712276193320672]]]},"id":"777"},{"type":"Feature","properties":{"id":"778","metrics:area":800,"metrics:perimeter":120},"geometry":{"type":"Polygon","coordinates":[[[80.1634291331335,19.712292502876885],[80.1634310128685,19.711931062412123],[80.16362184268114,19.711931952377036],[80.1636199633748,19.712293392859426],[80.1634291331335,19.712292502876885]]]},"id":"778"},{"type":"Feature","properties":{"id":"779","metrics:area":500,"metrics:perimeter":130.48627177541056},"geometry":{"type":"Polygon","coordinates":[[[80.16209285104499,19.712376627398513],[80.16209473379105,19.71201518706098],[80.16199978960502,19.711924381205293],[80.1622855636381,19.71201607845117],[80.16209285104499,19.712376627398513]]]},"id":"779"},{"type":"Feature","properties":{"id":"780","metrics:area":3700,"metrics:perimeter":260.25125332328435},"geometry":{"type":"Polygon","coordinates":[[[80.14835118502668,19.71267335163203],[80.14825911929435,19.712040380220586],[80.14873762684344,19.711771565791373],[80.14873332313859,19.712584803742516],[80.14835118502668,19.71267335163203]]]},"id":"780"},{"type":"Feature","properties":{"id":"781","metrics:area":1500,"metrics:perimeter":223.5917360311745},"geometry":{"type":"Polygon","coordinates":[[[80.13967133327158,19.712089754716775],[80.13976868055961,19.711728774115997],[80.14043658000486,19.71173197618154],[80.14043561432138,19.71191269534048],[80.139767714126,19.711909493243216],[80.13967133327158,19.712089754716775]]]},"id":"781"},{"type":"Feature","properties":{"id":"782","metrics:area":900,"metrics:perimeter":140.6449510224598},"geometry":{"type":"Polygon","coordinates":[[[80.16171119052478,19.712374843973866],[80.16161671731531,19.71219367784599],[80.16161860111221,19.711832237545263],[80.16190296237225,19.712195015629586],[80.16171119052478,19.712374843973866]]]},"id":"782"},{"type":"Feature","properties":{"id":"783","metrics:area":800,"metrics:perimeter":127.96691275336339},"geometry":{"type":"Polygon","coordinates":[[[80.16495624443475,19.712209256903623],[80.16505306660662,19.71193862064387],[80.16533978031734,19.711849592764583],[80.16533884260353,19.712030313088718],[80.16495624443475,19.712209256903623]]]},"id":"783"},{"type":"Feature","properties":{"id":"784","metrics:area":13250,"metrics:perimeter":787.5051143255307},"geometry":{"type":"Polygon","coordinates":[[[80.1687677142953,19.71322094798787],[80.16877098298043,19.71258842636791],[80.16934394219248,19.71250071844701],[80.16944075727274,19.712230079564957],[80.16982148550552,19.712412567053207],[80.16982381723032,19.711960765738894],[80.17039677375448,19.711873054346327],[80.17096693553721,19.712327502842623],[80.17087012292649,19.71259814263664],[80.17058387649679,19.7125968191372],[80.17058201276471,19.7129582602347],[80.17039444365008,19.712324855730838],[80.17020361304162,19.712323972954273],[80.1696292554335,19.71268276442772],[80.16962785602301,19.712953845183858],[80.1687677142953,19.71322094798787]]]},"id":"784"},{"type":"Feature","properties":{"id":"785","metrics:area":950,"metrics:perimeter":130.03896913132158},"geometry":{"type":"Polygon","coordinates":[[[80.19243544761031,19.71242545074702],[80.19234139281497,19.712153938790323],[80.19262854708154,19.711974505978226],[80.19262673294348,19.7123359490978],[80.19243544761031,19.71242545074702]]]},"id":"785"},{"type":"Feature","properties":{"id":"786","metrics:area":750,"metrics:perimeter":115.2145126328583},"geometry":{"type":"Polygon","coordinates":[[[80.14253424840476,19.71201310251527],[80.14243979740932,19.711831927087037],[80.14282193623288,19.711743391832524],[80.14282097322842,19.71192411110455],[80.14253424840476,19.71201310251527]]]},"id":"786"},{"type":"Feature","properties":{"id":"787","metrics:area":600,"metrics:perimeter":100},"geometry":{"type":"Polygon","coordinates":[[[80.18804768748844,19.712134552740643],[80.18804859969656,19.71195383138384],[80.18833484623835,19.71195512697137],[80.18833393435173,19.712135848341017],[80.18804768748844,19.712134552740643]]]},"id":"787"},{"type":"Feature","properties":{"id":"788","metrics:area":750,"metrics:perimeter":111.6227766016838},"geometry":{"type":"Polygon","coordinates":[[[80.16085434003895,19.712009388077092],[80.16085528278951,19.711828667960248],[80.16114199835162,19.711739646868782],[80.16114058471192,19.712010727065326],[80.16085434003895,19.712009388077092]]]},"id":"788"},{"type":"Feature","properties":{"id":"789","metrics:area":2400,"metrics:perimeter":207.09720127471263},"geometry":{"type":"Polygon","coordinates":[[[80.16581404329469,19.71239397323809],[80.16581732344484,19.71176145203631],[80.16610403646237,19.71167242290654],[80.16619804616687,19.711943947036602],[80.16600487377278,19.712394860687727],[80.16581404329469,19.71239397323809]]]},"id":"789"},{"type":"Feature","properties":{"id":"790","metrics:area":1000,"metrics:perimeter":131.2310562561766},"geometry":{"type":"Polygon","coordinates":[[[80.21390673608173,19.711978662052392],[80.21390806080363,19.71170757829576],[80.21428928333744,19.711799611862713],[80.21428840061574,19.711980334382776],[80.21390673608173,19.711978662052392]]]},"id":"790"},{"type":"Feature","properties":{"id":"791","metrics:area":700,"metrics:perimeter":112.36067977499789},"geometry":{"type":"Polygon","coordinates":[[[80.22879211486435,19.711952919698803],[80.22888839763733,19.711772606789218],[80.22917464668991,19.71177383719251],[80.22917378069167,19.711954560354275],[80.22879211486435,19.711952919698803]]]},"id":"791"},{"type":"Feature","properties":{"id":"792","metrics:area":700,"metrics:perimeter":125.76491222541475},"geometry":{"type":"Polygon","coordinates":[[[80.19205605334201,19.711971928047987],[80.19205741488376,19.711700845736964],[80.19196245332584,19.711610055140646],[80.19224824579874,19.711701705237257],[80.1922468845785,19.71197278756105],[80.19205605334201,19.711971928047987]]]},"id":"792"},{"type":"Feature","properties":{"id":"793","metrics:area":32800,"metrics:perimeter":1683.3146316596908},"geometry":{"type":"Polygon","coordinates":[[[80.16714564608806,19.713213422878425],[80.16695668649147,19.71285109585369],[80.16753105033125,19.712492313184793],[80.16753245323964,19.712221232559457],[80.16705303785956,19.712670818619223],[80.16648241823883,19.71230671823943],[80.16657642891742,19.712578242188933],[80.1662901828361,19.712576911838624],[80.16647960884669,19.71284887933145],[80.16619336229085,19.71284754880913],[80.16610169432761,19.712124223807113],[80.16619804616687,19.711943947036602],[80.16648382289998,19.712035637681005],[80.16639074917912,19.711583393305943],[80.16734583244327,19.71140710485626],[80.16734302609976,19.711949266122026],[80.1680095291511,19.71222344621381],[80.16791271169826,19.712494084236088],[80.16819942501428,19.712405051768844],[80.16819802321565,19.712676132434712],[80.1683888541445,19.712677017360164],[80.16829624193129,19.71213441356964],[80.16800999651416,19.712133085992555],[80.16791645102097,19.711771202479927],[80.16772515367617,19.711860677309215],[80.167439376462,19.711768988626673],[80.16763114140417,19.711589153885125],[80.16877518538985,19.711775184218865],[80.16858248737165,19.712135740690012],[80.16896414799491,19.712137509473397],[80.16896321433791,19.7123182299588],[80.16858061918998,19.712497181622098],[80.1683865182977,19.71312881847346],[80.16810027110452,19.713127490976284],[80.16791084197493,19.71285552509209],[80.16771814066422,19.71321608047412],[80.16714564608806,19.713213422878425]]]},"id":"793"},{"type":"Feature","properties":{"id":"794","metrics:area":1400,"metrics:perimeter":154.82279228735112},"geometry":{"type":"Polygon","coordinates":[[[80.16257274924975,19.711836694959498],[80.16247921625065,19.71147480905149],[80.16286134494652,19.711386230654146],[80.16295581914748,19.711567396176424],[80.16257274924975,19.711836694959498]]]},"id":"794"},{"type":"Feature","properties":{"id":"795","metrics:area":1500,"metrics:perimeter":166.7800411091546},"geometry":{"type":"Polygon","coordinates":[[[80.16371772735786,19.71184203715827],[80.16333700790084,19.711659537001935],[80.16343430230481,19.711298541563362],[80.16362513136728,19.711299431497412],[80.16371772735786,19.71184203715827]]]},"id":"795"},{"type":"Feature","properties":{"id":"796","metrics:area":500,"metrics:perimeter":89.44271909999159},"geometry":{"type":"Polygon","coordinates":[[[80.16868070439719,19.7115940215231],[80.16858622361111,19.71141285878167],[80.16877751997143,19.71132338299274],[80.16887200092856,19.711504545641098],[80.16868070439719,19.7115940215231]]]},"id":"796"},{"type":"Feature","properties":{"id":"797","metrics:area":1350,"metrics:perimeter":158.37882267736526},"geometry":{"type":"Polygon","coordinates":[[[80.15331799893123,19.7117028840403],[80.15293729250297,19.711520362250035],[80.15303460991923,19.711159373303744],[80.15331942572843,19.711431804381785],[80.15331799893123,19.7117028840403]]]},"id":"797"},{"type":"Feature","properties":{"id":"798","metrics:area":1200,"metrics:perimeter":140},"geometry":{"type":"Polygon","coordinates":[[[80.16505494265652,19.711577180014626],[80.16505681866495,19.711215739370665],[80.16534306223409,19.71121707160112],[80.16534118686863,19.71157851227147],[80.16505494265652,19.711577180014626]]]},"id":"798"},{"type":"Feature","properties":{"id":"799","metrics:area":1100,"metrics:perimeter":142.61297173761164},"geometry":{"type":"Polygon","coordinates":[[[80.16181084321778,19.71156204918561],[80.16190861170914,19.711110694603725],[80.16209944047417,19.711111586152732],[80.16209755783211,19.71147302652707],[80.16181084321778,19.71156204918561]]]},"id":"799"},{"type":"Feature","properties":{"id":"800","metrics:area":1150,"metrics:perimeter":142.8538328578604},"geometry":{"type":"Polygon","coordinates":[[[80.16123929768925,19.711378652806296],[80.16095258282628,19.711467674082414],[80.16095493933715,19.711015873744756],[80.16114576794294,19.711016766304198],[80.16123929768925,19.711378652806296]]]},"id":"800"},{"type":"Feature","properties":{"id":"801","metrics:area":2650,"metrics:perimeter":213.04887669508665},"geometry":{"type":"Polygon","coordinates":[[[80.16849034181593,19.71150277671606],[80.16791785322438,19.711500121806186],[80.16801513733725,19.711139123498054],[80.16858809166892,19.711051417805425],[80.16849034181593,19.71150277671606]]]},"id":"801"},{"type":"Feature","properties":{"id":"802","metrics:area":1050,"metrics:perimeter":139.27446638338975},"geometry":{"type":"Polygon","coordinates":[[[80.16381502104284,19.711481041493233],[80.16362513136728,19.711299431497412],[80.16362654076528,19.711028351106634],[80.16391278389625,19.711029685607304],[80.16381502104284,19.711481041493233]]]},"id":"802"},{"type":"Feature","properties":{"id":"803","metrics:area":600,"metrics:perimeter":100},"geometry":{"type":"Polygon","coordinates":[[[80.1885284122352,19.711413826286012],[80.18852977967937,19.71114274419527],[80.18872060976544,19.711143607425097],[80.18871924264273,19.71141468952866],[80.1885284122352,19.711413826286012]]]},"id":"803"},{"type":"Feature","properties":{"id":"804","metrics:area":800,"metrics:perimeter":143.1883050779801},"geometry":{"type":"Polygon","coordinates":[[[80.13967664917243,19.711095799516702],[80.1397730293787,19.710915537997952],[80.14025009798662,19.71091782533937],[80.14024961506307,19.71100818492305],[80.13967664917243,19.711095799516702]]]},"id":"804"},{"type":"Feature","properties":{"id":"805","metrics:area":1300,"metrics:perimeter":172.3606797749979},"geometry":{"type":"Polygon","coordinates":[[[80.16896694890401,19.711595347995097],[80.16896881612517,19.711233906991165],[80.16887433520357,19.711052744390226],[80.16925459337158,19.711325593239113],[80.16925319343407,19.711596674010394],[80.16896694890401,19.711595347995097]]]},"id":"805"},{"type":"Feature","properties":{"id":"806","metrics:area":800,"metrics:perimeter":120},"geometry":{"type":"Polygon","coordinates":[[[80.15618233166384,19.71135493362226],[80.15618422758328,19.710993493793733],[80.15637505592797,19.710994391427402],[80.15637316043718,19.711355831273718],[80.15618233166384,19.71135493362226]]]},"id":"806"},{"type":"Feature","properties":{"id":"807","metrics:area":4200,"metrics:perimeter":352.021426299419},"geometry":{"type":"Polygon","coordinates":[[[80.22048957898326,19.712188118734197],[80.22068260065423,19.711737141017252],[80.22030137409111,19.71164512091966],[80.22030312598264,19.711283675341402],[80.22106557787846,19.711467714681774],[80.22106426523496,19.71173879891062],[80.22077757908235,19.71182791696834],[80.22087168228587,19.71209941567462],[80.22048957898326,19.712188118734197]]]},"id":"807"},{"type":"Feature","properties":{"id":"808","metrics:area":600,"metrics:perimeter":109.64724878581438},"geometry":{"type":"Polygon","coordinates":[[[80.230893437543,19.71151012516183],[80.23108556576402,19.711239858458352],[80.23127596612552,19.711331038050727],[80.23127553431841,19.71142139968128],[80.230893437543,19.71151012516183]]]},"id":"808"},{"type":"Feature","properties":{"id":"809","metrics:area":1350,"metrics:perimeter":153.45230764828105},"geometry":{"type":"Polygon","coordinates":[[[80.19053213201636,19.71142288021021],[80.19062982043879,19.710971507067196],[80.19082065042116,19.71097236805574],[80.19091424753044,19.711334241480586],[80.19053213201636,19.71142288021021]]]},"id":"809"},{"type":"Feature","properties":{"id":"810","metrics:area":800,"metrics:perimeter":129.4427190999916},"geometry":{"type":"Polygon","coordinates":[[[80.15780532271408,19.71118183720192],[80.15780626884685,19.711001117210287],[80.15818887141828,19.710822188811125],[80.15818792572459,19.711002908824188],[80.15780532271408,19.71118183720192]]]},"id":"810"},{"type":"Feature","properties":{"id":"811","metrics:area":1400,"metrics:perimeter":182.7608807070061},"geometry":{"type":"Polygon","coordinates":[[[80.16286181517967,19.711295870543363],[80.16238474264685,19.711293643297925],[80.16257651243218,19.711113814137242],[80.16248250934666,19.71084228832492],[80.1627682817889,19.71093398475226],[80.16286181517967,19.711295870543363]]]},"id":"811"},{"type":"Feature","properties":{"id":"812","metrics:area":3750,"metrics:perimeter":237.04570789056774},"geometry":{"type":"Polygon","coordinates":[[[80.16696417371024,19.711405332692383],[80.16648756854921,19.711312756151372],[80.16649037767749,19.710770594965513],[80.16687203485859,19.710772368082786],[80.16715640652994,19.711135138243677],[80.16696417371024,19.711405332692383]]]},"id":"812"},{"type":"Feature","properties":{"id":"813","metrics:area":1000,"metrics:perimeter":141.9803902718557},"geometry":{"type":"Polygon","coordinates":[[[80.16915964538065,19.711234791034588],[80.16925739317695,19.710783431671725],[80.1694482219121,19.7107843153888],[80.16935047464642,19.71123567487504],[80.16915964538065,19.711234791034588]]]},"id":"813"},{"type":"Feature","properties":{"id":"814","metrics:area":1800,"metrics:perimeter":183.2455532033676},"geometry":{"type":"Polygon","coordinates":[[[80.19387166744566,19.71143792035377],[80.19387438430802,19.71089575544792],[80.19425604440936,19.71089747031238],[80.1940624981343,19.71143877791298],[80.19387166744566,19.71143792035377]]]},"id":"814"},{"type":"Feature","properties":{"id":"815","metrics:area":3750,"metrics:perimeter":368.2613495306044},"geometry":{"type":"Polygon","coordinates":[[[80.16600909012088,19.711581619094737],[80.16581966633156,19.7113096511503],[80.16572753204711,19.71067668611207],[80.16630001738862,19.710679347905955],[80.16582247771018,19.710767490056718],[80.16648756854921,19.711312756151372],[80.16600909012088,19.711581619094737]]]},"id":"815"},{"type":"Feature","properties":{"id":"816","metrics:area":600,"metrics:perimeter":111.2310562561766},"geometry":{"type":"Polygon","coordinates":[[[80.16295911038638,19.71093487537907],[80.1629609910372,19.710573434903203],[80.16305640512552,19.710573880131676],[80.16314993899428,19.71093576580292],[80.16295911038638,19.71093487537907]]]},"id":"816"},{"type":"Feature","properties":{"id":"817","metrics:area":950,"metrics:perimeter":134.58193116710237},"geometry":{"type":"Polygon","coordinates":[[[80.1619090824703,19.711020334512256],[80.16181555137825,19.710658448297593],[80.16200685029685,19.71056897982772],[80.16209991112817,19.71102122605684],[80.1619090824703,19.711020334512256]]]},"id":"817"},{"type":"Feature","properties":{"id":"818","metrics:area":600,"metrics:perimeter":100},"geometry":{"type":"Polygon","coordinates":[[[80.16897068330505,19.710872465972503],[80.16897208366288,19.710601385198853],[80.16916291216825,19.710602269211623],[80.1691615121319,19.710873349998415],[80.16897068330505,19.710872465972503]]]},"id":"818"},{"type":"Feature","properties":{"id":"819","metrics:area":2100,"metrics:perimeter":190.8276253029822},"geometry":{"type":"Polygon","coordinates":[[[80.16334076761254,19.71093665602379],[80.16334264740607,19.710575215512637],[80.1639151320373,19.710577884904545],[80.16391372316046,19.710848965328967],[80.16334076761254,19.71093665602379]]]},"id":"819"},{"type":"Feature","properties":{"id":"820","metrics:area":750,"metrics:perimeter":118.32324037878348},"geometry":{"type":"Polygon","coordinates":[[[80.19139314042857,19.710974949803536],[80.19120321902236,19.71079336790226],[80.19129999665006,19.710522715817415],[80.1914894637234,19.710794658382795],[80.19139314042857,19.710974949803536]]]},"id":"820"},{"type":"Feature","properties":{"id":"821","metrics:area":1000,"metrics:perimeter":131.2310562561766},"geometry":{"type":"Polygon","coordinates":[[[80.16143436597747,19.710566304346855],[80.16143577901002,19.71029522408626],[80.16181696377566,19.710387368013247],[80.16181602217999,19.710568088203733],[80.16143436597747,19.710566304346855]]]},"id":"821"},{"type":"Feature","properties":{"id":"822","metrics:area":1150,"metrics:perimeter":139.9358721828541},"geometry":{"type":"Polygon","coordinates":[[[80.17097531782503,19.71070101751472],[80.17078635216066,19.710338694218784],[80.17107306018153,19.710249656939293],[80.17116661209678,19.710611539091605],[80.17097531782503,19.71070101751472]]]},"id":"822"},{"type":"Feature","properties":{"id":"823","metrics:area":650,"metrics:perimeter":103.98345637668169},"geometry":{"type":"Polygon","coordinates":[[[80.1610536522695,19.71038379952299],[80.16105506592936,19.710112719283394],[80.16134083618583,19.710204417915318],[80.16124448013043,19.71038469195],[80.1610536522695,19.71038379952299]]]},"id":"823"},{"type":"Feature","properties":{"id":"824","metrics:area":1350,"metrics:perimeter":151.6227766016838},"geometry":{"type":"Polygon","coordinates":[[[80.16534634402392,19.710584550392564],[80.16534868808179,19.71013274950171],[80.16563492974542,19.710134081196315],[80.16563305514723,19.710495521937222],[80.16534634402392,19.710584550392564]]]},"id":"824"},{"type":"Feature","properties":{"id":"825","metrics:area":1500,"metrics:perimeter":163.85164807134504},"geometry":{"type":"Polygon","coordinates":[[[80.16572846925459,19.71049596574273],[80.16573081222796,19.710044164803303],[80.16592163991469,19.710045052240126],[80.16611012570995,19.710497740457374],[80.16572846925459,19.71049596574273]]]},"id":"825"},{"type":"Feature","properties":{"id":"826","metrics:area":2600,"metrics:perimeter":212.1647436525153},"geometry":{"type":"Polygon","coordinates":[[[80.16658672821713,19.710590317913898],[80.16611059409549,19.710407380262538],[80.16611293598437,19.709955579274553],[80.16668401465509,19.71022932038029],[80.16658672821713,19.710590317913898]]]},"id":"826"},{"type":"Feature","properties":{"id":"827","metrics:area":800,"metrics:perimeter":115.60623297836548},"geometry":{"type":"Polygon","coordinates":[[[80.19320874508544,19.71044094844236],[80.19321010457047,19.71016986600786],[80.19340138677333,19.710080363400383],[80.19349544230488,19.7103518748836],[80.19320874508544,19.71044094844236]]]},"id":"827"},{"type":"Feature","properties":{"id":"828","metrics:area":500,"metrics:perimeter":92.36067977499789},"geometry":{"type":"Polygon","coordinates":[[[80.15962338769455,19.710196379758553],[80.1596248037497,19.709925299613005],[80.15981563099669,19.70992619354009],[80.15981468717683,19.710106913646904],[80.15962338769455,19.710196379758553]]]},"id":"828"},{"type":"Feature","properties":{"id":"829","metrics:area":2200,"metrics:perimeter":202.61297173761164},"geometry":{"type":"Polygon","coordinates":[[[80.16963951706845,19.7106948386297],[80.16925925966231,19.710421990608392],[80.16935700659509,19.70997063112274],[80.16964278187254,19.7100623166915],[80.16963951706845,19.7106948386297]]]},"id":"829"},{"type":"Feature","properties":{"id":"830","metrics:area":600,"metrics:perimeter":106.05551275463989},"geometry":{"type":"Polygon","coordinates":[[[80.19368627168758,19.710352732797766],[80.19368763036142,19.710081650328622],[80.1937830448958,19.71008207920322],[80.19397251578039,19.710354019288456],[80.19368627168758,19.710352732797766]]]},"id":"830"},{"type":"Feature","properties":{"id":"831","metrics:area":500,"metrics:perimeter":89.44271909999159},"geometry":{"type":"Polygon","coordinates":[[[80.2701142188919,19.710680008193012],[80.27001962234495,19.710498895023733],[80.27021086525436,19.710409309089137],[80.27030546197112,19.71059042216453],[80.2701142188919,19.710680008193012]]]},"id":"831"},{"type":"Feature","properties":{"id":"832","metrics:area":1400,"metrics:perimeter":219.18151423253545},"geometry":{"type":"Polygon","coordinates":[[[80.16305687522814,19.710483520008193],[80.1634404109204,19.710123859867476],[80.16334640686851,19.70985233444616],[80.1635372342113,19.709853224411162],[80.16353441527298,19.71039538524299],[80.16305687522814,19.710483520008193]]]},"id":"832"},{"type":"Feature","properties":{"id":"833","metrics:area":3150,"metrics:perimeter":242.2380110051789},"geometry":{"type":"Polygon","coordinates":[[[80.16477339001845,19.710672245729583],[80.16468079095732,19.710129640438407],[80.16506432228405,19.709769976647596],[80.16515739140543,19.710222221627223],[80.16496421840345,19.71067313421202],[80.16477339001845,19.710672245729583]]]},"id":"833"},{"type":"Feature","properties":{"id":"834","metrics:area":3050,"metrics:perimeter":338.17366719827686},"geometry":{"type":"Polygon","coordinates":[[[80.1686858409242,19.71060005879913],[80.16897395077055,19.710239944154438],[80.16859182766068,19.71032853580876],[80.16859416257167,19.709876734530948],[80.16907169836631,19.70978858484026],[80.16888040401676,19.70987806103032],[80.16907076495058,19.709969305377893],[80.16906796464148,19.710511466968693],[80.1686858409242,19.71060005879913]]]},"id":"834"},{"type":"Feature","properties":{"id":"835","metrics:area":650,"metrics:perimeter":103.98345637668169},"geometry":{"type":"Polygon","coordinates":[[[80.21544176769734,19.710268481941394],[80.21525137818304,19.710177285876487],[80.2152522597356,19.709996563278278],[80.2155385046984,19.70999781533433],[80.21544176769734,19.710268481941394]]]},"id":"835"},{"type":"Feature","properties":{"id":"836","metrics:area":1000,"metrics:perimeter":131.2310562561766},"geometry":{"type":"Polygon","coordinates":[[[80.16716295569465,19.70987009518422],[80.16716389124825,19.709689374732434],[80.16754601348865,19.709600786087563],[80.16754461080502,19.709871866792945],[80.16716295569465,19.70987009518422]]]},"id":"836"},{"type":"Feature","properties":{"id":"837","metrics:area":850,"metrics:perimeter":146.30204997601103},"geometry":{"type":"Polygon","coordinates":[[[80.14054261485732,19.709744522375278],[80.14006651567584,19.70956151675722],[80.14063947590614,19.709473900690007],[80.14054261485732,19.709744522375278]]]},"id":"837"},{"type":"Feature","properties":{"id":"838","metrics:area":1750,"metrics:perimeter":176.43089128064796},"geometry":{"type":"Polygon","coordinates":[[[80.15924267705695,19.710013871190537],[80.15886196730787,19.709831361842447],[80.15934092374216,19.709472158114053],[80.15943492075117,19.709743685390173],[80.15924267705695,19.710013871190537]]]},"id":"838"},{"type":"Feature","properties":{"id":"839","metrics:area":1150,"metrics:perimeter":143.9834563766817},"geometry":{"type":"Polygon","coordinates":[[[80.16554092193714,19.709862556790107],[80.1658290372312,19.709502447376217],[80.16601939586695,19.709593694887033],[80.16592257687162,19.709864331849126],[80.16554092193714,19.709862556790107]]]},"id":"839"},{"type":"Feature","properties":{"id":"840","metrics:area":2750,"metrics:perimeter":430.32944750134754},"geometry":{"type":"Polygon","coordinates":[[[80.16448667815625,19.71076127278007],[80.16449090180019,19.70994803135477],[80.16430101307166,19.7097664220821],[80.16420419110719,19.71003705800217],[80.1641101857945,19.70976553293334],[80.16477995775399,19.709407203374923],[80.16487396402671,19.709678728137053],[80.16458678478223,19.709858115590798],[80.16448667815625,19.71076127278007]]]},"id":"840"},{"type":"Feature","properties":{"id":"841","metrics:area":900,"metrics:perimeter":120},"geometry":{"type":"Polygon","coordinates":[[[80.13968534722235,19.709469327130808],[80.13968679681324,19.709198248370818],[80.1399730349082,19.709199620950915],[80.13997158579947,19.709470699731302],[80.13968534722235,19.709469327130808]]]},"id":"841"},{"type":"Feature","properties":{"id":"842","metrics:area":800,"metrics:perimeter":115.60623297836548},"geometry":{"type":"Polygon","coordinates":[[[80.15857667187747,19.70964929930545],[80.15838631772161,19.709558044048133],[80.15838773581137,19.709286963969678],[80.15867350292567,19.709378666750197],[80.15857667187747,19.70964929930545]]]},"id":"842"},{"type":"Feature","properties":{"id":"843","metrics:area":3400,"metrics:perimeter":249.4427190999916},"geometry":{"type":"Polygon","coordinates":[[[80.16773543837573,19.709872752292874],[80.16773871051795,19.70924023060339],[80.16850014983814,19.709605211491855],[80.1681170935481,19.709874522683858],[80.16773543837573,19.709872752292874]]]},"id":"843"},{"type":"Feature","properties":{"id":"844","metrics:area":650,"metrics:perimeter":103.98345637668169},"geometry":{"type":"Polygon","coordinates":[[[80.14016289446265,19.709381254947548],[80.14016434324195,19.70911017615081],[80.14035516855546,19.709111090743047],[80.14044961568747,19.709292267175403],[80.14016289446265,19.709381254947548]]]},"id":"844"},{"type":"Feature","properties":{"id":"845","metrics:area":600,"metrics:perimeter":108.2842712474619},"geometry":{"type":"Polygon","coordinates":[[[80.15619275870216,19.70936701438312],[80.15619465439114,19.709005574473597],[80.1563854803785,19.70900647200945],[80.15638453275355,19.709187191974948],[80.15619275870216,19.70936701438312]]]},"id":"845"},{"type":"Feature","properties":{"id":"846","metrics:area":1600,"metrics:perimeter":162.61297173761164},"geometry":{"type":"Polygon","coordinates":[[[80.15934139590301,19.70938179806574],[80.15934328452032,19.709020357863267],[80.15981987805698,19.709112953013875],[80.15972304909033,19.70938358627267],[80.15934139590301,19.70938179806574]]]},"id":"846"},{"type":"Feature","properties":{"id":"847","metrics:area":500,"metrics:perimeter":117.0820393249937},"geometry":{"type":"Polygon","coordinates":[[[80.16983640743115,19.70952103824418],[80.16964744565932,19.709158713844435],[80.16983873874369,19.709069236782664],[80.16983640743115,19.70952103824418]]]},"id":"847"},{"type":"Feature","properties":{"id":"848","metrics:area":600,"metrics:perimeter":100},"geometry":{"type":"Polygon","coordinates":[[[80.1398781052917,19.70910880388192],[80.1398795545291,19.708837725097286],[80.14007037950519,19.70883863998035],[80.1400689305892,19.709109718778574],[80.1398781052917,19.70910880388192]]]},"id":"848"},{"type":"Feature","properties":{"id":"849","metrics:area":1400,"metrics:perimeter":171.24781586925104},"geometry":{"type":"Polygon","coordinates":[[[80.14092667956699,19.709294552537095],[80.14054695929059,19.708931285911788],[80.14111991706434,19.708843668209614],[80.14092667956699,19.709294552537095]]]},"id":"849"},{"type":"Feature","properties":{"id":"850","metrics:area":1000,"metrics:perimeter":152.68827230335916},"geometry":{"type":"Polygon","coordinates":[[[80.1618226131312,19.709303046793035],[80.16144190188037,19.7091205428613],[80.16201532235463,19.708942497901347],[80.1618226131312,19.709303046793035]]]},"id":"850"},{"type":"Feature","properties":{"id":"851","metrics:area":700,"metrics:perimeter":112.36067977499789},"geometry":{"type":"Polygon","coordinates":[[[80.16487630929444,19.70922692725519],[80.16487771642397,19.70895584671504],[80.16506901170914,19.708866374826076],[80.1650671359702,19.70922781556573],[80.16487630929444,19.70922692725519]]]},"id":"851"},{"type":"Feature","properties":{"id":"852","metrics:area":1350,"metrics:perimeter":226.70548092920544},"geometry":{"type":"Polygon","coordinates":[[[80.16888227125621,19.70951661996522],[80.16869377857915,19.7090639343704],[80.1684070715351,19.709152967887047],[80.16850435292785,19.7087919691287],[80.16888460524746,19.709064818613147],[80.16888227125621,19.70951661996522]]]},"id":"852"},{"type":"Feature","properties":{"id":"853","metrics:area":1200,"metrics:perimeter":144.2366870536343},"geometry":{"type":"Polygon","coordinates":[[[80.14131025983686,19.70893494140332],[80.14140760127846,19.70857395957782],[80.14178828677233,19.70875650515354],[80.14159649758568,19.708936311375503],[80.14131025983686,19.70893494140332]]]},"id":"853"},{"type":"Feature","properties":{"id":"854","metrics:area":1200,"metrics:perimeter":143.2455532033676},"geometry":{"type":"Polygon","coordinates":[[[80.15934422881332,19.708839637756515],[80.15944105804402,19.708569004697388],[80.15982270931316,19.708570792621654],[80.15972588071489,19.708841425910297],[80.15934422881332,19.708839637756515]]]},"id":"854"},{"type":"Feature","properties":{"id":"855","metrics:area":1600,"metrics:perimeter":162.4621125123532},"geometry":{"type":"Polygon","coordinates":[[[80.17069885642073,19.70880212785021],[80.1706053064555,19.708440245458004],[80.17108237152817,19.70844245053414],[80.17108097489178,19.70871353151837],[80.17069885642073,19.70880212785021]]]},"id":"855"},{"type":"Feature","properties":{"id":"856","metrics:area":600,"metrics:perimeter":103.24555320336759},"geometry":{"type":"Polygon","coordinates":[[[80.21096390597096,19.708893393089298],[80.2110606494981,19.70862272908691],[80.21125147764869,19.708623568244622],[80.21125059166891,19.708804290696254],[80.21096390597096,19.708893393089298]]]},"id":"856"},{"type":"Feature","properties":{"id":"857","metrics:area":1000,"metrics:perimeter":131.2310562561766},"geometry":{"type":"Polygon","coordinates":[[[80.15896352166466,19.708657128698245],[80.15906082369521,19.708296135805984],[80.15925164898228,19.708297030262173],[80.15924976023416,19.70865847048523],[80.15896352166466,19.708657128698245]]]},"id":"857"},{"type":"Feature","properties":{"id":"858","metrics:area":850,"metrics:perimeter":159.9070478491457},"geometry":{"type":"Polygon","coordinates":[[[80.20571657307187,19.70877987248189],[80.20552663740064,19.708598305228882],[80.20523994925688,19.708687398378192],[80.20524084198209,19.708506676187593],[80.20571791135977,19.708508789165975],[80.20571657307187,19.70877987248189]]]},"id":"858"},{"type":"Feature","properties":{"id":"859","metrics:area":1600,"metrics:perimeter":171.2310562561766},"geometry":{"type":"Polygon","coordinates":[[[80.15839104459609,19.70865444375441],[80.15839340793538,19.70820264357304],[80.15877553067831,19.70811407364629],[80.15877411333324,19.70838515378724],[80.15839104459609,19.70865444375441]]]},"id":"859"},{"type":"Feature","properties":{"id":"860","metrics:area":1250,"metrics:perimeter":150.99019513592785},"geometry":{"type":"Polygon","coordinates":[[[80.16631078725594,19.708601063133177],[80.16631312835032,19.708149262031217],[80.16650395381804,19.708150148766904],[80.16659702626494,19.708602393193555],[80.16631078725594,19.708601063133177]]]},"id":"860"},{"type":"Feature","properties":{"id":"861","metrics:area":2000,"metrics:perimeter":193.16108002332075},"geometry":{"type":"Polygon","coordinates":[[[80.21077396403402,19.70871183118567],[80.21010650889205,19.708618530254032],[80.21020325366088,19.708347866749932],[80.21077529379629,19.70844074753528],[80.21077396403402,19.70871183118567]]]},"id":"861"},{"type":"Feature","properties":{"id":"862","metrics:area":600,"metrics:perimeter":100},"geometry":{"type":"Polygon","coordinates":[[[80.14474943740684,19.70813811349984],[80.14475039804508,19.707957394060223],[80.14503663431327,19.70795875847859],[80.14503567399646,19.708139477931724],[80.14474943740684,19.70813811349984]]]},"id":"862"},{"type":"Feature","properties":{"id":"863","metrics:area":1000,"metrics:perimeter":142.33345472033855},"geometry":{"type":"Polygon","coordinates":[[[80.19436277203415,19.708638877838872],[80.19426871590888,19.708367366742912],[80.19455631357295,19.708097569592987],[80.19455450415164,19.708459013040684],[80.19436277203415,19.708638877838872]]]},"id":"863"},{"type":"Feature","properties":{"id":"864","metrics:area":6300,"metrics:perimeter":385.8513281581427},"geometry":{"type":"Polygon","coordinates":[[[80.14026072162976,19.70892991426533],[80.14007037950519,19.70883863998035],[80.14035951378497,19.708297854262327],[80.14026603296705,19.707935958561208],[80.14064816344833,19.707847427597983],[80.14064623295808,19.70820886608865],[80.14112281128864,19.708301510438837],[80.14112184655787,19.70848222969944],[80.14026072162976,19.70892991426533]]]},"id":"864"},{"type":"Feature","properties":{"id":"865","metrics:area":1000,"metrics:perimeter":131.2310562561766},"geometry":{"type":"Polygon","coordinates":[[[80.16803055793193,19.708157235346604],[80.16812783946865,19.70779623676169],[80.168318664606,19.70779712155192],[80.16831679627691,19.708158562634353],[80.16803055793193,19.708157235346604]]]},"id":"865"},{"type":"Feature","properties":{"id":"866","metrics:area":2500,"metrics:perimeter":222.6240552495637},"geometry":{"type":"Polygon","coordinates":[[[80.13969211177424,19.708204292846645],[80.13969646013841,19.707391056425823],[80.13979187176268,19.707391513957923],[80.14007714079557,19.70757360547904],[80.14007569199165,19.70784468431594],[80.13969211177424,19.708204292846645]]]},"id":"866"},{"type":"Feature","properties":{"id":"867","metrics:area":850,"metrics:perimeter":123.98345637668169},"geometry":{"type":"Polygon","coordinates":[[[80.15829988620632,19.707840755763126],[80.1583967165007,19.70757012328047],[80.15858801342871,19.70748065836157],[80.15858612327462,19.707842098555684],[80.15829988620632,19.707840755763126]]]},"id":"867"},{"type":"Feature","properties":{"id":"868","metrics:area":1100,"metrics:perimeter":135.70276154045428},"geometry":{"type":"Polygon","coordinates":[[[80.16755489661165,19.707883941427824],[80.16746135423537,19.70752205763548],[80.1676526464582,19.7074325828625],[80.16784206912567,19.70770454893389],[80.16755489661165,19.707883941427824]]]},"id":"868"},{"type":"Feature","properties":{"id":"869","metrics:area":700,"metrics:perimeter":111.5298244508295},"geometry":{"type":"Polygon","coordinates":[[[80.16889160683435,19.70770941441895],[80.16879759471092,19.707437891498685],[80.16908429846912,19.707348857222136],[80.16908336519263,19.707529577809442],[80.16889160683435,19.70770941441895]]]},"id":"869"},{"type":"Feature","properties":{"id":"870","metrics:area":1050,"metrics:perimeter":151.35562914111455},"geometry":{"type":"Polygon","coordinates":[[[80.1655517011262,19.707784272231283],[80.16545722599442,19.707603107975228],[80.16584074939955,19.707243442141092],[80.16583934402477,19.70751452279967],[80.1655517011262,19.707784272231283]]]},"id":"870"},{"type":"Feature","properties":{"id":"871","metrics:area":850,"metrics:perimeter":134.58193116710234},"geometry":{"type":"Polygon","coordinates":[[[80.18272736907278,19.70759225535354],[80.18272828702865,19.70741153414518],[80.18320580921547,19.707323346258388],[80.1831094790456,19.707503633043515],[80.18272736907278,19.70759225535354]]]},"id":"871"},{"type":"Feature","properties":{"id":"872","metrics:area":1000,"metrics:perimeter":130.61772596780045},"geometry":{"type":"Polygon","coordinates":[[[80.16841547823755,19.70752648304288],[80.16822558765716,19.707344877819388],[80.1684173462801,19.70716504192592],[80.16870311604221,19.707256728819743],[80.16841547823755,19.70752648304288]]]},"id":"872"},{"type":"Feature","properties":{"id":"873","metrics:area":650,"metrics:perimeter":103.98345637668169},"geometry":{"type":"Polygon","coordinates":[[[80.20362372638964,19.707505510851227],[80.20362506810962,19.707234427635026],[80.20391086027612,19.70732605915304],[80.2038145528708,19.707506357873708],[80.20362372638964,19.707505510851227]]]},"id":"873"},{"type":"Feature","properties":{"id":"874","metrics:area":800,"metrics:perimeter":124.72135954999578},"geometry":{"type":"Polygon","coordinates":[[[80.16793888348653,19.707433910706435],[80.1679407525901,19.707072469629637],[80.16813204402233,19.706982994311844],[80.16813017535763,19.707344435409865],[80.16793888348653,19.707433910706435]]]},"id":"874"},{"type":"Feature","properties":{"id":"875","metrics:area":600,"metrics:perimeter":111.2310562561766},"geometry":{"type":"Polygon","coordinates":[[[80.14046071862398,19.707213996011145],[80.14046264942542,19.706852557498085],[80.14055806074964,19.70685301461075],[80.1406515417036,19.70721491020386],[80.14046071862398,19.707213996011145]]]},"id":"875"},{"type":"Feature","properties":{"id":"876","metrics:area":700,"metrics:perimeter":110.77687230463567},"geometry":{"type":"Polygon","coordinates":[[[80.16765311389867,19.707342222601252],[80.16755863659495,19.707161059366477],[80.16784580778202,19.706981666805184],[80.16784440580525,19.707252747610344],[80.16765311389867,19.707342222601252]]]},"id":"876"},{"type":"Feature","properties":{"id":"877","metrics:area":550,"metrics:perimeter":96.34413615167958},"geometry":{"type":"Polygon","coordinates":[[[80.17013430023471,19.70726335503691],[80.17003982012686,19.707082193007643],[80.17032652263605,19.706993156694146],[80.17032559077295,19.707173877345692],[80.17013430023471,19.70726335503691]]]},"id":"877"},{"type":"Feature","properties":{"id":"878","metrics:area":1050,"metrics:perimeter":137.6782893563237},"geometry":{"type":"Polygon","coordinates":[[[80.20114388030309,19.707313759057655],[80.20095440037979,19.70704182615731],[80.2014314649155,19.707043950383227],[80.2014305679837,19.707224672435295],[80.20114388030309,19.707313759057655]]]},"id":"878"},{"type":"Feature","properties":{"id":"879","metrics:area":2700,"metrics:perimeter":220.32759252836127},"geometry":{"type":"Polygon","coordinates":[[[80.14026941274088,19.707303441236945],[80.13969790954508,19.707119977602307],[80.13970032516947,19.706668179544714],[80.1402713439815,19.706942002745688],[80.14026941274088,19.707303441236945]]]},"id":"879"},{"type":"Feature","properties":{"id":"880","metrics:area":500,"metrics:perimeter":92.36067977499789},"geometry":{"type":"Polygon","coordinates":[[[80.19646909427634,19.707202518270265],[80.196470448027,19.70693143552008],[80.19666127349299,19.706932290127327],[80.19666037120932,19.707113011970176],[80.19646909427634,19.707202518270265]]]},"id":"880"},{"type":"Feature","properties":{"id":"881","metrics:area":600,"metrics:perimeter":114.04918347287665},"geometry":{"type":"Polygon","coordinates":[[[80.19618240419803,19.70729159686838],[80.19589752011973,19.707019231385686],[80.1961842098467,19.706930153228708],[80.19618240419803,19.70729159686838]]]},"id":"881"},{"type":"Feature","properties":{"id":"882","metrics:area":1200,"metrics:perimeter":146.0555127546399},"geometry":{"type":"Polygon","coordinates":[[[80.20162094566714,19.7073158828078],[80.20162229074714,19.70704479971846],[80.20190942589937,19.706865351264035],[80.2019071849153,19.707317156449083],[80.20162094566714,19.7073158828078]]]},"id":"882"},{"type":"Feature","properties":{"id":"883","metrics:area":500,"metrics:perimeter":121.9803902718557},"geometry":{"type":"Polygon","coordinates":[[[80.20219342418575,19.70731842963376],[80.20210025154151,19.70686620008352],[80.20229107719356,19.706867048700083],[80.20219342418575,19.70731842963376]]]},"id":"883"},{"type":"Feature","properties":{"id":"884","metrics:area":1100,"metrics:perimeter":137.0820393249937},"geometry":{"type":"Polygon","coordinates":[[[80.21679253603664,19.707202033866526],[80.21679385554941,19.706930949777718],[80.2169851216826,19.706841421399528],[80.21717418950436,19.707203699669765],[80.21679253603664,19.707202033866526]]]},"id":"884"},{"type":"Feature","properties":{"id":"885","metrics:area":850,"metrics:perimeter":128.7048159266775},"geometry":{"type":"Polygon","coordinates":[[[80.29436437615739,19.707523923432657],[80.29426975359493,19.7073428221931],[80.29427094259361,19.707071733320035],[80.29455679134422,19.70716322209041],[80.29436437615739,19.707523923432657]]]},"id":"885"},{"type":"Feature","properties":{"id":"886","metrics:area":1250,"metrics:perimeter":162.16116701979803},"geometry":{"type":"Polygon","coordinates":[[[80.19093605950694,19.706996924429436],[80.19065209415311,19.706543829354867],[80.19112915600238,19.706545980923305],[80.19093605950694,19.706996924429436]]]},"id":"886"},{"type":"Feature","properties":{"id":"887","metrics:area":1550,"metrics:perimeter":158.8062486640328},"geometry":{"type":"Polygon","coordinates":[[[80.14008196996845,19.70667000929621],[80.13998800762522,19.706398473068422],[80.14037061727865,19.706219582917246],[80.1404640974985,19.70658147860362],[80.14008196996845,19.70667000929621]]]},"id":"887"},{"type":"Feature","properties":{"id":"888","metrics:area":650,"metrics:perimeter":103.98345637668169},"geometry":{"type":"Polygon","coordinates":[[[80.16498532235255,19.70660692580366],[80.16489131747355,19.706335401066642],[80.16517755234845,19.706336733245127],[80.16517661473638,19.70651745367271],[80.16498532235255,19.70660692580366]]]},"id":"888"},{"type":"Feature","properties":{"id":"889","metrics:area":1500,"metrics:perimeter":161.8033988749895},"geometry":{"type":"Polygon","coordinates":[[[80.20534428897132,19.706880598966293],[80.20515524861862,19.706518309146634],[80.20563231209125,19.706520422148383],[80.20572683271217,19.7067015668485],[80.20534428897132,19.706880598966293]]]},"id":"889"},{"type":"Feature","properties":{"id":"890","metrics:area":1100,"metrics:perimeter":181.78316810462132},"geometry":{"type":"Polygon","coordinates":[[[80.16145414630164,19.706771179944873],[80.16155144148507,19.706410185379685],[80.16136156021477,19.706228573198516],[80.1615528539978,19.70613910498548],[80.1617413231839,19.706591797371924],[80.16145414630164,19.706771179944873]]]},"id":"890"},{"type":"Feature","properties":{"id":"891","metrics:area":900,"metrics:perimeter":123.24555320336759},"geometry":{"type":"Polygon","coordinates":[[[80.17090225473208,19.70636328093557],[80.17090411706978,19.706001839543234],[80.17118988636999,19.706093522463586],[80.17118895552252,19.706274243172864],[80.17090225473208,19.70636328093557]]]},"id":"891"},{"type":"Feature","properties":{"id":"892","metrics:area":2750,"metrics:perimeter":235.27521093136994},"geometry":{"type":"Polygon","coordinates":[[[80.1903663117372,19.706452177018807],[80.19055895454751,19.706091594927344],[80.1912268392617,19.706094607048527],[80.19122547674007,19.706365689473046],[80.1903663117372,19.706452177018807]]]},"id":"892"},{"type":"Feature","properties":{"id":"893","metrics:area":500,"metrics:perimeter":89.44271909999159},"geometry":{"type":"Polygon","coordinates":[[[80.19151171356589,19.70636697964035],[80.19141720942412,19.70618582801136],[80.19160848772503,19.70609632714457],[80.19170299203753,19.706277478680324],[80.19151171356589,19.70636697964035]]]},"id":"893"},{"type":"Feature","properties":{"id":"894","metrics:area":500,"metrics:perimeter":92.36067977499789},"geometry":{"type":"Polygon","coordinates":[[[80.18225765276831,19.706144311736672],[80.18235398299996,19.705964025387008],[80.18254480665014,19.705964894967952],[80.18254388856117,19.706145616197105],[80.18225765276831,19.706144311736672]]]},"id":"894"},{"type":"Feature","properties":{"id":"895","metrics:area":650,"metrics:perimeter":103.98345637668169},"geometry":{"type":"Polygon","coordinates":[[[80.24103186982491,19.70640258271529],[80.24103272224171,19.7062218589398],[80.24122397499826,19.7061323042283],[80.24131811013808,19.70640379342364],[80.24103186982491,19.70640258271529]]]},"id":"895"},{"type":"Feature","properties":{"id":"896","metrics:area":750,"metrics:perimeter":111.6227766016838},"geometry":{"type":"Polygon","coordinates":[[[80.27442671394031,19.70654075120308],[80.27442793631451,19.706269663484743],[80.2747141785638,19.706270820904912],[80.27461754242567,19.70654152287873],[80.27442671394031,19.70654075120308]]]},"id":"896"},{"type":"Feature","properties":{"id":"897","metrics:area":1500,"metrics:perimeter":205.96651451596676},"geometry":{"type":"Polygon","coordinates":[[[80.2060148546635,19.70634138936841],[80.20525200021476,19.706247648495008],[80.20515748038501,19.70606650356345],[80.20534875146974,19.705976987771823],[80.2060148546635,19.70634138936841]]]},"id":"897"},{"type":"Feature","properties":{"id":"898","metrics:area":2100,"metrics:perimeter":198.58413792983194},"geometry":{"type":"Polygon","coordinates":[[[80.14056192179598,19.706130137522315],[80.14027713744727,19.70585768718353],[80.14027858575369,19.70558660827228],[80.14094501261113,19.7058608864427],[80.14056192179598,19.706130137522315]]]},"id":"898"},{"type":"Feature","properties":{"id":"899","metrics:area":1000,"metrics:perimeter":138.19143207344683},"geometry":{"type":"Polygon","coordinates":[[[80.16432072491506,19.705971294553002],[80.16403542961939,19.705789240645455],[80.1640363684755,19.705608520255975],[80.16451248603363,19.705791462906046],[80.16432072491506,19.705971294553002]]]},"id":"899"},{"type":"Feature","properties":{"id":"900","metrics:area":500,"metrics:perimeter":100.6449510224598},"geometry":{"type":"Polygon","coordinates":[[[80.15334890757589,19.70582948958452],[80.15334985843506,19.705648769693454],[80.15354163093555,19.70546895020475],[80.15354020497996,19.705740030058877],[80.15334890757589,19.70582948958452]]]},"id":"900"},{"type":"Feature","properties":{"id":"901","metrics:area":900,"metrics:perimeter":123.5917360311745},"geometry":{"type":"Polygon","coordinates":[[[80.18998693689853,19.705998650348416],[80.18998830147905,19.705727567996046],[80.19017957995989,19.70563806865721],[80.19027317298362,19.70599994246862],[80.18998693689853,19.705998650348416]]]},"id":"901"},{"type":"Feature","properties":{"id":"902","metrics:area":700,"metrics:perimeter":107.96691275336337},"geometry":{"type":"Polygon","coordinates":[[[80.1726219903512,19.705919407691184],[80.17252797277712,19.70564788648227],[80.17271926013018,19.705558406104814],[80.1728132779849,19.705829927225928],[80.1726219903512,19.705919407691184]]]},"id":"902"},{"type":"Feature","properties":{"id":"903","metrics:area":650,"metrics:perimeter":103.98345637668169},"geometry":{"type":"Polygon","coordinates":[[[80.18197279509212,19.705871925013344],[80.18197417316308,19.705600843198738],[80.18216499636446,19.705601713168267],[80.1822594895789,19.70578286930053],[80.18197279509212,19.705871925013344]]]},"id":"903"},{"type":"Feature","properties":{"id":"904","metrics:area":2250,"metrics:perimeter":236.56423210890352},"geometry":{"type":"Polygon","coordinates":[[[80.20592033390832,19.706160244808945],[80.2054446100256,19.705887049233016],[80.20544550238363,19.705706326977065],[80.20639828770973,19.705981633447294],[80.20592033390832,19.706160244808945]]]},"id":"904"},{"type":"Feature","properties":{"id":"905","metrics:area":3150,"metrics:perimeter":298.309518948453},"geometry":{"type":"Polygon","coordinates":[[[80.13970129140053,19.706487460315227],[80.13970757164215,19.705312785233826],[80.13999380282712,19.70531415752155],[80.13998993940189,19.706037034567526],[80.13970129140053,19.706487460315227]]]},"id":"905"},{"type":"Feature","properties":{"id":"906","metrics:area":700,"metrics:perimeter":107.96691275336337},"geometry":{"type":"Polygon","coordinates":[[[80.16432307125835,19.70551949354858],[80.16413271838462,19.705428244407592],[80.16422953737839,19.70515760829178],[80.16441988999728,19.70524885732307],[80.16432307125835,19.70551949354858]]]},"id":"906"},{"type":"Feature","properties":{"id":"907","metrics:area":800,"metrics:perimeter":121.2899020449196},"geometry":{"type":"Polygon","coordinates":[[[80.20907116828053,19.705722347483455],[80.20888123216268,19.705540783715144],[80.2088821206444,19.705360061301434],[80.20926288096277,19.70554246621209],[80.20907116828053,19.705722347483455]]]},"id":"907"},{"type":"Feature","properties":{"id":"908","metrics:area":700,"metrics:perimeter":112.36067977499789},"geometry":{"type":"Polygon","coordinates":[[[80.18140216329319,19.705507871478872],[80.1814035422978,19.705236789692044],[80.1815948245962,19.70514729965131],[80.18159298635696,19.70550874205284],[80.18140216329319,19.705507871478872]]]},"id":"908"},{"type":"Feature","properties":{"id":"909","metrics:area":900,"metrics:perimeter":123.24555320336759},"geometry":{"type":"Polygon","coordinates":[[[80.18264297236371,19.705423165959857],[80.1826443492718,19.705152084086208],[80.18293104213112,19.705063027233976],[80.18292966571269,19.705334109129762],[80.18264297236371,19.705423165959857]]]},"id":"909"},{"type":"Feature","properties":{"id":"910","metrics:area":650,"metrics:perimeter":103.98345637668169},"geometry":{"type":"Polygon","coordinates":[[[80.14409741367056,19.705153057346173],[80.14409837488347,19.704972337877376],[80.14428967598259,19.704882888361496],[80.14438364490158,19.705154422620225],[80.14409741367056,19.705153057346173]]]},"id":"910"},{"type":"Feature","properties":{"id":"911","metrics:area":550,"metrics:perimeter":96.34413615167958},"geometry":{"type":"Polygon","coordinates":[[[80.27357165726863,19.705724013126424],[80.27347705948092,19.705542901650222],[80.27376370818752,19.705453697977923],[80.2737628925642,19.70563442311413],[80.27357165726863,19.705724013126424]]]},"id":"911"},{"type":"Feature","properties":{"id":"912","metrics:area":500,"metrics:perimeter":89.44271909999159},"geometry":{"type":"Polygon","coordinates":[[[80.27500286359246,19.705729802338222],[80.27490826416397,19.70554869156563],[80.2750994985539,19.705459100096572],[80.2751940981521,19.705640210775265],[80.27500286359246,19.705729802338222]]]},"id":"912"},{"type":"Feature","properties":{"id":"913","metrics:area":600,"metrics:perimeter":112.11102550927978},"geometry":{"type":"Polygon","coordinates":[[[80.21479723388761,19.70547640987083],[80.21479811572254,19.70529568719776],[80.21508523379552,19.705116217003066],[80.21508435229171,19.705296939692225],[80.21479723388761,19.70547640987083]]]},"id":"913"},{"type":"Feature","properties":{"id":"914","metrics:area":650,"metrics:perimeter":123.10122064520763},"geometry":{"type":"Polygon","coordinates":[[[80.26288698849127,19.705318976807604],[80.26259992053996,19.705498525259443],[80.26241033635316,19.70522665382144],[80.26288698849127,19.705318976807604]]]},"id":"914"},{"type":"Feature","properties":{"id":"915","metrics:area":4850,"metrics:perimeter":346.3657601229956},"geometry":{"type":"Polygon","coordinates":[[[80.21546511999964,19.705479331676674],[80.21556317521564,19.704937580745074],[80.21584809024124,19.70520991608474],[80.2159448232003,19.70493924897985],[80.21651729525027,19.70494174981016],[80.21641968323183,19.70539314000179],[80.21546511999964,19.705479331676674]]]},"id":"915"},{"type":"Feature","properties":{"id":"916","metrics:area":1450,"metrics:perimeter":154.084889114037},"geometry":{"type":"Polygon","coordinates":[[[80.21670679977332,19.705213667157693],[80.2166131471535,19.704851805056812],[80.21699479503091,19.70485347105129],[80.21708888814332,19.705124971593854],[80.21670679977332,19.705213667157693]]]},"id":"916"},{"type":"Feature","properties":{"id":"917","metrics:area":1100,"metrics:perimeter":139.06114355209758},"geometry":{"type":"Polygon","coordinates":[[[80.16184520680767,19.70496576058727],[80.16165579757089,19.704693788589218],[80.16203838090975,19.70451485114701],[80.1620369693409,19.70478593162402],[80.16184520680767,19.70496576058727]]]},"id":"917"},{"type":"Feature","properties":{"id":"918","metrics:area":900,"metrics:perimeter":123.24555320336759},"geometry":{"type":"Polygon","coordinates":[[[80.20668942513248,19.704988926642113],[80.20640363531196,19.704897299616423],[80.20640452654452,19.704716577298413],[80.2067861731607,19.704718264995957],[80.20668942513248,19.704988926642113]]]},"id":"918"},{"type":"Feature","properties":{"id":"919","metrics:area":1100,"metrics:perimeter":146.40986324787454},"geometry":{"type":"Polygon","coordinates":[[[80.13990080725128,19.704861901970713],[80.13971047006304,19.704770627451474],[80.13971288534037,19.7043188292742],[80.13999766608154,19.704591280416665],[80.13990080725128,19.704861901970713]]]},"id":"919"},{"type":"Feature","properties":{"id":"920","metrics:area":500,"metrics:perimeter":100.6449510224598},"geometry":{"type":"Polygon","coordinates":[[[80.17310462014659,19.704837282256427],[80.1731060130769,19.70456620101611],[80.17329729882314,19.70447671995351],[80.17329637042486,19.704657440791856],[80.17310462014659,19.704837282256427]]]},"id":"920"},{"type":"Feature","properties":{"id":"921","metrics:area":500,"metrics:perimeter":92.36067977499789},"geometry":{"type":"Polygon","coordinates":[[[80.27538696009023,19.70518916859107],[80.27538818075614,19.704918080774124],[80.27557900735805,19.704918851366344],[80.27557819379729,19.705099576586193],[80.27538696009023,19.70518916859107]]]},"id":"921"},{"type":"Feature","properties":{"id":"922","metrics:area":800,"metrics:perimeter":128.2842712474619},"geometry":{"type":"Polygon","coordinates":[[[80.18789425731232,19.704724110459274],[80.18789516932144,19.704543388960236],[80.18837222491408,19.7045455476494],[80.18818049098172,19.704725405837785],[80.18789425731232,19.704724110459274]]]},"id":"922"},{"type":"Feature","properties":{"id":"923","metrics:area":800,"metrics:perimeter":138.41619252963778},"geometry":{"type":"Polygon","coordinates":[[[80.21479987936318,19.70493424184058],[80.21460949643563,19.70484304526972],[80.21432414304292,19.704661069380123],[80.21480120206807,19.704663157813048],[80.21479987936318,19.70493424184058]]]},"id":"923"},{"type":"Feature","properties":{"id":"924","metrics:area":800,"metrics:perimeter":120},"geometry":{"type":"Polygon","coordinates":[[[80.27786771079391,19.705199170610598],[80.27786933277315,19.70483771998794],[80.27806015938464,19.704838487938353],[80.27805853783393,19.705199938576232],[80.27786771079391,19.705199170610598]]]},"id":"924"},{"type":"Feature","properties":{"id":"925","metrics:area":750,"metrics:perimeter":123.07135789365265},"geometry":{"type":"Polygon","coordinates":[[[80.14037882330176,19.704683469001363],[80.14018896881561,19.704501835338476],[80.14019041716264,19.70423075639259],[80.14047519859452,19.70450320680415],[80.14037882330176,19.704683469001363]]]},"id":"925"},{"type":"Feature","properties":{"id":"926","metrics:area":500,"metrics:perimeter":92.36067977499789},"geometry":{"type":"Polygon","coordinates":[[[80.27863142407739,19.70511187858607],[80.27863263927289,19.704840790572053],[80.2788234659202,19.704841557710782],[80.27882265600638,19.705022283061982],[80.27863142407739,19.70511187858607]]]},"id":"926"},{"type":"Feature","properties":{"id":"927","metrics:area":700,"metrics:perimeter":107.96691275336337},"geometry":{"type":"Polygon","coordinates":[[[80.2173773218557,19.704674413436642],[80.2172832284853,19.70440291302423],[80.21747449130731,19.70431338398718],[80.21756858495765,19.7045848843112],[80.2173773218557,19.704674413436642]]]},"id":"927"},{"type":"Feature","properties":{"id":"928","metrics:area":1200,"metrics:perimeter":154.04918347287665},"geometry":{"type":"Polygon","coordinates":[[[80.14152711813865,19.704056433199757],[80.1418147928019,19.703786723426013],[80.14210053973615,19.703878451949954],[80.14209957633767,19.70405917134601],[80.14152711813865,19.704056433199757]]]},"id":"928"},{"type":"Feature","properties":{"id":"929","metrics:area":1450,"metrics:perimeter":153.6307051624961},"geometry":{"type":"Polygon","coordinates":[[[80.1884680917196,19.70445561847132],[80.18827909269802,19.704093312206552],[80.18866119169594,19.704004677632344],[80.18875523598223,19.70427619137447],[80.1884680917196,19.70445561847132]]]},"id":"929"},{"type":"Feature","properties":{"id":"930","metrics:area":2400,"metrics:perimeter":203.2455532033676},"geometry":{"type":"Polygon","coordinates":[[[80.14038123669124,19.70423167074018],[80.14019331378466,19.70368859847598],[80.14067036101954,19.703690883896584],[80.14066746600416,19.70423304188114],[80.14038123669124,19.70423167074018]]]},"id":"930"},{"type":"Feature","properties":{"id":"931","metrics:area":500,"metrics:perimeter":92.36067977499789},"geometry":{"type":"Polygon","coordinates":[[[80.14162445568923,19.7036954509337],[80.14172082897645,19.70351518797311],[80.14191164773348,19.703516100661393],[80.14191068414208,19.703696820055775],[80.14162445568923,19.7036954509337]]]},"id":"931"},{"type":"Feature","properties":{"id":"932","metrics:area":2200,"metrics:perimeter":239.89954074842814},"geometry":{"type":"Polygon","coordinates":[[[80.18484338815838,19.704258461270374],[80.18465393985694,19.70398651216106],[80.18494017198341,19.703987812662085],[80.18503741305165,19.703626803287047],[80.18532410198738,19.703537742451395],[80.18522640413264,19.70398911270659],[80.18484338815838,19.704258461270374]]]},"id":"932"},{"type":"Feature","properties":{"id":"933","metrics:area":3050,"metrics:perimeter":242.1454129672713},"geometry":{"type":"Polygon","coordinates":[[[80.18541676819741,19.70408033984908],[80.18561033336358,19.70353904185502],[80.1861832531213,19.7034512785703],[80.18589427923597,19.70399214436843],[80.18541676819741,19.70408033984908]]]},"id":"933"},{"type":"Feature","properties":{"id":"934","metrics:area":500,"metrics:perimeter":92.36067977499789},"geometry":{"type":"Polygon","coordinates":[[[80.15212046670106,19.703564633705938],[80.15212189487745,19.703293553886006],[80.15231271389018,19.70329445550372],[80.15231176198942,19.70347517539353],[80.15212046670106,19.703564633705938]]]},"id":"934"},{"type":"Feature","properties":{"id":"935","metrics:area":900,"metrics:perimeter":154.0731785063498},"geometry":{"type":"Polygon","coordinates":[[[80.29485610359559,19.70418236895934],[80.29428441653452,19.703999392181853],[80.29485729140018,19.703911279956543],[80.29485610359559,19.70418236895934]]]},"id":"935"},{"type":"Feature","properties":{"id":"936","metrics:area":700,"metrics:perimeter":112.36067977499789},"geometry":{"type":"Polygon","coordinates":[[[80.16328341536317,19.703617037897214],[80.16328482474196,19.70334595729828],[80.16347611404683,19.70325648684141],[80.16347423530873,19.703617927659472],[80.16328341536317,19.703617037897214]]]},"id":"936"},{"type":"Feature","properties":{"id":"937","metrics:area":600,"metrics:perimeter":100},"geometry":{"type":"Polygon","coordinates":[[[80.18265306915961,19.70343523202761],[80.18265398698928,19.70325451073898],[80.18294021767082,19.703255814383937],[80.1829393001625,19.70343653568549],[80.18265306915961,19.70343523202761]]]},"id":"937"},{"type":"Feature","properties":{"id":"938","metrics:area":2450,"metrics:perimeter":218.15917198923322},"geometry":{"type":"Polygon","coordinates":[[[80.140194279304,19.703507879163084],[80.13971819871557,19.703324873203197],[80.13972061377932,19.702873074952286],[80.14038606327018,19.70332807414878],[80.140194279304,19.703507879163084]]]},"id":"938"},{"type":"Feature","properties":{"id":"939","metrics:area":4450,"metrics:perimeter":459.2199866893448},"geometry":{"type":"Polygon","coordinates":[[[80.18465439766356,19.70389615147755],[80.1846553132692,19.703715430107763],[80.18427412912527,19.70362333474438],[80.18427550314983,19.703352252705837],[80.18475118156027,19.70362550296397],[80.18484933815321,19.70308377229301],[80.18465897559054,19.702992544591858],[80.18513602620172,19.702994711721825],[80.18542042717209,19.703357454225163],[80.1851346536535,19.703265793829395],[80.18494108727276,19.70380709128125],[80.18465439766356,19.70389615147755]]]},"id":"939"},{"type":"Feature","properties":{"id":"940","metrics:area":1700,"metrics:perimeter":194.4672500070921},"geometry":{"type":"Polygon","coordinates":[[[80.18761486589837,19.70336740338814],[80.18790337694985,19.70291689530344],[80.18828501756283,19.702918622202187],[80.18828410607289,19.703099343751436],[80.18761486589837,19.70336740338814]]]},"id":"940"},{"type":"Feature","properties":{"id":"941","metrics:area":1250,"metrics:perimeter":154.8418432072729},"geometry":{"type":"Polygon","coordinates":[[[80.16147298043792,19.70315677424362],[80.16099687433835,19.70297382388542],[80.16099781646099,19.702793103580145],[80.16147439283031,19.70288569375669],[80.16147298043792,19.70315677424362]]]},"id":"941"},{"type":"Feature","properties":{"id":"942","metrics:area":500,"metrics:perimeter":117.0820393249937},"geometry":{"type":"Polygon","coordinates":[[[80.14057832933871,19.703057909239224],[80.1403894417167,19.702695556480037],[80.14058074195262,19.70260611087255],[80.14057832933871,19.703057909239224]]]},"id":"942"},{"type":"Feature","properties":{"id":"943","metrics:area":1650,"metrics:perimeter":244.20164166396015},"geometry":{"type":"Polygon","coordinates":[[[80.14086407420889,19.70314963966491],[80.1407710771643,19.70269738441255],[80.14124860367636,19.702609308496005],[80.14134160203284,19.7030615635537],[80.14096141259817,19.702788657757807],[80.14086407420889,19.70314963966491]]]},"id":"943"},{"type":"Feature","properties":{"id":"944","metrics:area":500,"metrics:perimeter":92.36067977499789},"geometry":{"type":"Polygon","coordinates":[[[80.18714009584487,19.702913439071324],[80.18723641863224,19.70273314977203],[80.18742723868418,19.70273401402438],[80.18742632624033,19.70291473553878],[80.18714009584487,19.702913439071324]]]},"id":"944"},{"type":"Feature","properties":{"id":"945","metrics:area":900,"metrics:perimeter":140.10469622751654},"geometry":{"type":"Polygon","coordinates":[[[80.15727543138384,19.703046746163434],[80.15727685083739,19.702775665966122],[80.15746908859941,19.70250548186044],[80.1575630788213,19.70277701005989],[80.15727543138384,19.703046746163434]]]},"id":"945"},{"type":"Feature","properties":{"id":"946","metrics:area":1200,"metrics:perimeter":146.0555127546399},"geometry":{"type":"Polygon","coordinates":[[[80.18217785425917,19.703071615712183],[80.18218015010243,19.702619812519174],[80.18246637962129,19.702621116879715],[80.18246500260493,19.702892198817665],[80.18217785425917,19.703071615712183]]]},"id":"946"},{"type":"Feature","properties":{"id":"947","metrics:area":500,"metrics:perimeter":89.44271909999159},"geometry":{"type":"Polygon","coordinates":[[[80.17874401437773,19.702875206272594],[80.1786495267718,19.702694048433578],[80.17884080740538,19.70260456125073],[80.17893529518216,19.702785718996637],[80.17874401437773,19.702875206272594]]]},"id":"947"},{"type":"Feature","properties":{"id":"948","metrics:area":500,"metrics:perimeter":137.08203932499367},"geometry":{"type":"Polygon","coordinates":[[[80.18685340892507,19.70300250289036],[80.18685477855861,19.70273142065869],[80.1866644151835,19.702640195056247],[80.18704605502273,19.702641924566784],[80.18685340892507,19.70300250289036]]]},"id":"948"},{"type":"Feature","properties":{"id":"949","metrics:area":2000,"metrics:perimeter":198.54578256668148},"geometry":{"type":"Polygon","coordinates":[[[80.18580252573999,19.703268825726113],[80.18590113562621,19.7026367336006],[80.18609241246575,19.70254723853933],[80.18618645161006,19.7028187534874],[80.18599334635886,19.70326969152582],[80.18580252573999,19.703268825726113]]]},"id":"949"},{"type":"Feature","properties":{"id":"950","metrics:area":800,"metrics:perimeter":156.5685424949238},"geometry":{"type":"Polygon","coordinates":[[[80.14411086968428,19.70262298444798],[80.14411231127654,19.702351905166093],[80.14449394628242,19.70235372515046],[80.14449250533278,19.702624804459408],[80.14430264835318,19.70244317502577],[80.14411086968428,19.70262298444798]]]},"id":"950"},{"type":"Feature","properties":{"id":"951","metrics:area":1300,"metrics:perimeter":153.15271402935252},"geometry":{"type":"Polygon","coordinates":[[[80.17788440217187,19.703051995040358],[80.17769496726346,19.702780039018233],[80.1777917619691,19.702509394620822],[80.17807752951242,19.702601066522686],[80.17788440217187,19.703051995040358]]]},"id":"951"},{"type":"Feature","properties":{"id":"952","metrics:area":650,"metrics:perimeter":142.3996489063195},"geometry":{"type":"Polygon","coordinates":[[[80.2182434909807,19.70314201285106],[80.21824480775534,19.702870928545458],[80.21815071384256,19.702599428520024],[80.21843606822809,19.702781398387618],[80.2182434909807,19.70314201285106]]]},"id":"952"},{"type":"Feature","properties":{"id":"953","metrics:area":600,"metrics:perimeter":104.7213595499958},"geometry":{"type":"Polygon","coordinates":[[[80.22883585745798,19.702826396258615],[80.2289321343369,19.702646082958285],[80.22921836715763,19.702647312746038],[80.22912209059285,19.702827626210727],[80.22883585745798,19.702826396258615]]]},"id":"953"},{"type":"Feature","properties":{"id":"954","metrics:area":500,"metrics:perimeter":92.36067977499789},"geometry":{"type":"Polygon","coordinates":[[[80.13972302877636,19.702421276678365],[80.13972447774253,19.70215019770297],[80.13991529478105,19.702151112453524],[80.13991432902046,19.702331831780437],[80.13972302877636,19.702421276678365]]]},"id":"954"},{"type":"Feature","properties":{"id":"955","metrics:area":1300,"metrics:perimeter":148.31309558117027},"geometry":{"type":"Polygon","coordinates":[[[80.18246637962129,19.702621116879715],[80.18237280597964,19.702259239555392],[80.18275444450666,19.702260978161114],[80.18284893658509,19.702442134003217],[80.18246637962129,19.702621116879715]]]},"id":"955"},{"type":"Feature","properties":{"id":"956","metrics:area":500,"metrics:perimeter":92.36067977499789},"geometry":{"type":"Polygon","coordinates":[[[80.28074021394404,19.702951600731158],[80.2807414254435,19.702680512525834],[80.2809322496182,19.70268127734145],[80.28093144216837,19.702862002820165],[80.28074021394404,19.702951600731158]]]},"id":"956"},{"type":"Feature","properties":{"id":"957","metrics:area":650,"metrics:perimeter":103.98345637668169},"geometry":{"type":"Polygon","coordinates":[[[80.17760094264378,19.702508520131623],[80.17750691832498,19.702237001199027],[80.17779314682718,19.702238312989397],[80.17779222359101,19.702419034077934],[80.17760094264378,19.702508520131623]]]},"id":"957"},{"type":"Feature","properties":{"id":"958","metrics:area":1200,"metrics:perimeter":166.49110640673518},"geometry":{"type":"Polygon","coordinates":[[[80.18551949590818,19.702635001655487],[80.18494795162044,19.702451680807798],[80.1849488668238,19.702270959395705],[80.18552041047903,19.70245428022131],[80.18551949590818,19.702635001655487]]]},"id":"958"},{"type":"Feature","properties":{"id":"959","metrics:area":900,"metrics:perimeter":120},"geometry":{"type":"Polygon","coordinates":[[[80.17702894677937,19.702415534921222],[80.17703033291505,19.70214445333906],[80.1773165612183,19.702145765883706],[80.1773151755646,19.702416847485384],[80.17702894677937,19.702415534921222]]]},"id":"959"},{"type":"Feature","properties":{"id":"960","metrics:area":6700,"metrics:perimeter":477.8199874337438},"geometry":{"type":"Polygon","coordinates":[[[80.1839892722012,19.70335095118475],[80.1838970693583,19.70271799251437],[80.18428099902027,19.70226792446893],[80.18389844394954,19.70244691047405],[80.18390073488435,19.701995107055122],[80.18418696341548,19.70199640863162],[80.18466080669049,19.702631101811843],[80.18418146699354,19.70308073687583],[80.18427550314983,19.703352252705837],[80.1839892722012,19.70335095118475]]]},"id":"960"},{"type":"Feature","properties":{"id":"961","metrics:area":1000,"metrics:perimeter":148.3484880797746},"geometry":{"type":"Polygon","coordinates":[[[80.18170401981014,19.702436916308464],[80.1816095290474,19.70225575990943],[80.18208795471672,19.701986853137146],[80.18199116749322,19.702257500138167],[80.18170401981014,19.702436916308464]]]},"id":"961"},{"type":"Feature","properties":{"id":"962","metrics:area":600,"metrics:perimeter":100},"geometry":{"type":"Polygon","coordinates":[[[80.18781115881278,19.70228393807552],[80.1878125267792,19.702012855757545],[80.18800334600456,19.70201371936701],[80.18800197835944,19.70228480169782],[80.18781115881278,19.70228393807552]]]},"id":"962"},{"type":"Feature","properties":{"id":"963","metrics:area":1300,"metrics:perimeter":154.97365151260954},"geometry":{"type":"Polygon","coordinates":[[[80.27549417092018,19.70256903795334],[80.27559080297861,19.70229833526625],[80.27606745531011,19.70239062322884],[80.27597123049009,19.702570963551644],[80.27549417092018,19.70256903795334]]]},"id":"963"},{"type":"Feature","properties":{"id":"964","metrics:area":2350,"metrics:perimeter":209.89704386637524},"geometry":{"type":"Polygon","coordinates":[[[80.18342139510952,19.702444740111737],[80.18323149272247,19.702263150277084],[80.18332919488924,19.701811781184535],[80.18380624184232,19.701813951725146],[80.18342139510952,19.702444740111737]]]},"id":"964"},{"type":"Feature","properties":{"id":"965","metrics:area":700,"metrics:perimeter":112.36067977499789},"geometry":{"type":"Polygon","coordinates":[[[80.18542728731359,19.70200204352173],[80.18542820195614,19.70182132207898],[80.1858098397362,19.701823054149727],[80.18571351596613,19.702003342663748],[80.18542728731359,19.70200204352173]]]},"id":"965"},{"type":"Feature","properties":{"id":"966","metrics:area":1350,"metrics:perimeter":157.6782893563237},"geometry":{"type":"Polygon","coordinates":[[[80.18819279791619,19.70228566511724],[80.18819462100956,19.701924221990545],[80.18848176093121,19.701744795131912],[80.18857580374109,19.70201630897814],[80.18819279791619,19.70228566511724]]]},"id":"966"},{"type":"Feature","properties":{"id":"967","metrics:area":600,"metrics:perimeter":114.04918347287665},"geometry":{"type":"Polygon","coordinates":[[[80.18523738308129,19.7018204557393],[80.18494978201706,19.702090237979938],[80.1849516123732,19.70172879513737],[80.18523738308129,19.7018204557393]]]},"id":"967"},{"type":"Feature","properties":{"id":"968","metrics:area":600,"metrics:perimeter":100},"geometry":{"type":"Polygon","coordinates":[[[80.16768115560015,19.70192060524344],[80.16768255744114,19.701649524288626],[80.16787337526863,19.70165040928796],[80.16787197374892,19.70192149025593],[80.16768115560015,19.70192060524344]]]},"id":"968"},{"type":"Feature","properties":{"id":"969","metrics:area":950,"metrics:perimeter":142.8538328578604},"geometry":{"type":"Polygon","coordinates":[[[80.13982133504197,19.701879576113118],[80.13982230088298,19.701698856781526],[80.14020538200927,19.701429606800097],[80.14010804289099,19.701790588318193],[80.13982133504197,19.701879576113118]]]},"id":"969"},{"type":"Feature","properties":{"id":"970","metrics:area":1000,"metrics:perimeter":131.2310562561766},"geometry":{"type":"Polygon","coordinates":[[[80.1806568131262,19.70198032395293],[80.1806586531113,19.701618881494273],[80.1808494715286,19.701619752694235],[80.18094304139858,19.701981630702704],[80.1806568131262,19.70198032395293]]]},"id":"970"},{"type":"Feature","properties":{"id":"971","metrics:area":700,"metrics:perimeter":115.60623297836548},"geometry":{"type":"Polygon","coordinates":[[[80.18790839232084,19.701922926810997],[80.1880051694961,19.701652276246392],[80.18819644406263,19.70156277884913],[80.18819507677661,19.701833861206566],[80.18790839232084,19.701922926810997]]]},"id":"971"},{"type":"Feature","properties":{"id":"972","metrics:area":1300,"metrics:perimeter":145.7076657157208},"geometry":{"type":"Polygon","coordinates":[[[80.18418742143419,19.701906047938632],[80.18409338617641,19.70163453205462],[80.18447548123437,19.701545906245258],[80.18456951709892,19.7018174219528],[80.18418742143419,19.701906047938632]]]},"id":"972"},{"type":"Feature","properties":{"id":"973","metrics:area":700,"metrics:perimeter":110.77687230463569},"geometry":{"type":"Polygon","coordinates":[[[80.18371129072803,19.70172315703438],[80.18390348392252,19.701452942922078],[80.18409384423855,19.701544171360105],[80.18399751876203,19.701724458895836],[80.18371129072803,19.70172315703438]]]},"id":"973"},{"type":"Feature","properties":{"id":"974","metrics:area":500,"metrics:perimeter":100.6449510224598},"geometry":{"type":"Polygon","coordinates":[[[80.18657357209244,19.701736155108254],[80.18657494210194,19.701465072857257],[80.18676621717682,19.701375577003233],[80.18676530405891,19.70155629851523],[80.18657357209244,19.701736155108254]]]},"id":"974"},{"type":"Feature","properties":{"id":"975","metrics:area":600,"metrics:perimeter":104.72135954999578},"geometry":{"type":"Polygon","coordinates":[[[80.18170815453226,19.70162367058357],[80.18170953272727,19.70135258865872],[80.1819008101653,19.701263098082205],[80.18189943229923,19.701534180022744],[80.18170815453226,19.70162367058357]]]},"id":"975"},{"type":"Feature","properties":{"id":"976","metrics:area":1300,"metrics:perimeter":145.7076657157208},"geometry":{"type":"Polygon","coordinates":[[[80.18304434270894,19.701539396241742],[80.18295030959315,19.70126787982414],[80.1833324043052,19.701179256436912],[80.18342643802778,19.701450772678076],[80.18304434270894,19.701539396241742]]]},"id":"976"},{"type":"Feature","properties":{"id":"977","metrics:area":2000,"metrics:perimeter":219.53208711671294},"geometry":{"type":"Polygon","coordinates":[[[80.18208887310784,19.701806131844943],[80.18208979148879,19.70162541054907],[80.18266500015396,19.701085854988538],[80.18256683774159,19.7016275843648],[80.18208887310784,19.701806131844943]]]},"id":"977"},{"type":"Feature","properties":{"id":"978","metrics:area":800,"metrics:perimeter":128.2842712474619},"geometry":{"type":"Polygon","coordinates":[[[80.13972882449696,19.701336960727065],[80.13973123926708,19.70088516237491],[80.13992205480628,19.700886077062002],[80.13992060627346,19.701157156089657],[80.13972882449696,19.701336960727065]]]},"id":"978"},{"type":"Feature","properties":{"id":"979","metrics:area":700,"metrics:perimeter":111.5298244508295},"geometry":{"type":"Polygon","coordinates":[[[80.27626112327107,19.70175885443239],[80.27626193591571,19.701578129117962],[80.27645357101609,19.701398173330183],[80.27654776377695,19.70166964601221],[80.27626112327107,19.70175885443239]]]},"id":"979"},{"type":"Feature","properties":{"id":"980","metrics:area":850,"metrics:perimeter":118.32324037878348},"geometry":{"type":"Polygon","coordinates":[[[80.22559797033146,19.701547362471647],[80.22550342974768,19.70136622747597],[80.2256951193549,19.701186327754023],[80.22588463557207,19.701458235896993],[80.22559797033146,19.701547362471647]]]},"id":"980"},{"type":"Feature","properties":{"id":"981","metrics:area":850,"metrics:perimeter":122.8538328578604},"geometry":{"type":"Polygon","coordinates":[[[80.18438190356224,19.70118402978698],[80.18428786834575,19.70091251398664],[80.18466904613933,19.701004609119742],[80.1846681306855,19.70118533054469],[80.18438190356224,19.70118402978698]]]},"id":"981"},{"type":"Feature","properties":{"id":"982","metrics:area":1800,"metrics:perimeter":180.9336873963387},"geometry":{"type":"Polygon","coordinates":[[[80.25078592799967,19.701744660749856],[80.25078845171289,19.701202487909896],[80.25097969335395,19.70111292237374],[80.2511684123877,19.701565529524224],[80.25078592799967,19.701744660749856]]]},"id":"982"},{"type":"Feature","properties":{"id":"983","metrics:area":1000,"metrics:perimeter":138.77054302287243},"geometry":{"type":"Polygon","coordinates":[[[80.22617130051057,19.70136910885271],[80.22588637394618,19.701096789428608],[80.22588724311883,19.700916066188906],[80.22626801376354,19.701098435397952],[80.22617130051057,19.70136910885271]]]},"id":"983"},{"type":"Feature","properties":{"id":"984","metrics:area":1200,"metrics:perimeter":142.4621125123532},"geometry":{"type":"Polygon","coordinates":[[[80.14011383581715,19.7007062721808],[80.13973268809714,19.70061408335257],[80.13973413690316,19.700343004321944],[80.14011528398865,19.700435193125745],[80.14011383581715,19.7007062721808]]]},"id":"984"},{"type":"Feature","properties":{"id":"985","metrics:area":600,"metrics:perimeter":100},"geometry":{"type":"Polygon","coordinates":[[[80.18476582807952,19.700733960449167],[80.18476674340097,19.700553239010738],[80.18505296943009,19.700554539114748],[80.18505205442993,19.70073526056606],[80.18476582807952,19.700733960449167]]]},"id":"985"},{"type":"Feature","properties":{"id":"986","metrics:area":1000,"metrics:perimeter":141.9803902718557},"geometry":{"type":"Polygon","coordinates":[[[80.18323837088366,19.700907740149663],[80.18333607205712,19.700456370955887],[80.18352688922431,19.70045723925974],[80.18342918858124,19.700908608576462],[80.18323837088366,19.700907740149663]]]},"id":"986"},{"type":"Feature","properties":{"id":"987","metrics:area":1350,"metrics:perimeter":151.1381041053223},"geometry":{"type":"Polygon","coordinates":[[[80.18428878421277,19.70073179257337],[80.18400301601348,19.700640130537757],[80.18410025684256,19.700279121540294],[80.18448051739462,19.700551938450296],[80.18428878421277,19.70073179257337]]]},"id":"987"},{"type":"Feature","properties":{"id":"988","metrics:area":1000,"metrics:perimeter":131.2310562561766},"geometry":{"type":"Polygon","coordinates":[[[80.16568552823686,19.700375175627855],[80.16559199378341,19.70001329087361],[80.16587821746637,19.70001462152514],[80.16587634445644,19.700376062695742],[80.16568552823686,19.700375175627855]]]},"id":"988"},{"type":"Feature","properties":{"id":"989","metrics:area":1050,"metrics:perimeter":173.51177701145994},"geometry":{"type":"Polygon","coordinates":[[[80.16530295866575,19.700554121436923],[80.16511542303795,19.699920711829478],[80.16540164652143,19.69992204323508],[80.16530295866575,19.700554121436923]]]},"id":"989"},{"type":"Feature","properties":{"id":"990","metrics:area":600,"metrics:perimeter":103.24555320336759},"geometry":{"type":"Polygon","coordinates":[[[80.13973606860716,19.699981565601565],[80.13973751735713,19.699710486551613],[80.14002325582837,19.69980221810883],[80.14002277307233,19.699892577798945],[80.13973606860716,19.699981565601565]]]},"id":"990"},{"type":"Feature","properties":{"id":"991","metrics:area":500,"metrics:perimeter":92.36067977499789},"geometry":{"type":"Polygon","coordinates":[[[80.1997477329664,19.700259220471814],[80.19974908067942,19.699988137293804],[80.19993989806689,19.69998898812652],[80.1999389998082,19.700169710254542],[80.1997477329664,19.700259220471814]]]},"id":"991"},{"type":"Feature","properties":{"id":"992","metrics:area":1450,"metrics:perimeter":156.3441361516796},"geometry":{"type":"Polygon","coordinates":[[[80.18743909953648,19.700384634002546],[80.1874413802742,19.69993283008096],[80.18772760539098,19.699934125879995],[80.18782164597573,19.700205640092978],[80.18743909953648,19.700384634002546]]]},"id":"992"},{"type":"Feature","properties":{"id":"993","metrics:area":1100,"metrics:perimeter":134.4766094595442},"geometry":{"type":"Polygon","coordinates":[[[80.17942570431823,19.70016744421724],[80.17933213878341,19.699805565505244],[80.17961836309352,19.69980687422951],[80.17971238976321,19.700078392205242],[80.17942570431823,19.70016744421724]]]},"id":"993"},{"type":"Feature","properties":{"id":"994","metrics:area":700,"metrics:perimeter":111.5298244508295},"geometry":{"type":"Polygon","coordinates":[[[80.16425628357113,19.700007075131772],[80.16425722188103,19.699826354615755],[80.16444897546573,19.699646522650106],[80.16454297614091,19.699918047649042],[80.16425628357113,19.700007075131772]]]},"id":"994"},{"type":"Feature","properties":{"id":"995","metrics:area":1050,"metrics:perimeter":131.6227766016838},"geometry":{"type":"Polygon","coordinates":[[[80.29582644606306,19.700481231718637],[80.29582763199198,19.700210142547377],[80.29611425995004,19.700120902430694],[80.29611267935846,19.700482354683146],[80.29582644606306,19.700481231718637]]]},"id":"995"},{"type":"Feature","properties":{"id":"996","metrics:area":1500,"metrics:perimeter":236.67809023762538},"geometry":{"type":"Polygon","coordinates":[[[80.16635572496801,19.699926477957494],[80.16635666091683,19.699745757342868],[80.16692910746646,19.699748415715796],[80.16712132562249,19.69947822045288],[80.1671194554589,19.69983966175976],[80.16635572496801,19.699926477957494]]]},"id":"996"},{"type":"Feature","properties":{"id":"997","metrics:area":1200,"metrics:perimeter":142.4621125123532},"geometry":{"type":"Polygon","coordinates":[[[80.16578374616597,19.69983345743892],[80.16569021175488,19.699471572717716],[80.16607184206266,19.699473346562723],[80.1659745617482,19.699834344379003],[80.16578374616597,19.69983345743892]]]},"id":"997"},{"type":"Feature","properties":{"id":"998","metrics:area":500,"metrics:perimeter":92.36067977499789},"geometry":{"type":"Polygon","coordinates":[[[80.18019173219353,19.69962876905881],[80.18028806050395,19.699448483632196],[80.18047887633071,19.699449355134238],[80.18047795625111,19.699630076400894],[80.18019173219353,19.69962876905881]]]},"id":"998"},{"type":"Feature","properties":{"id":"999","metrics:area":950,"metrics:perimeter":128.7048159266775},"geometry":{"type":"Polygon","coordinates":[[[80.22818184616953,19.699931951313168],[80.2281831459759,19.69966086626978],[80.22846980654103,19.699571735384506],[80.22856434954417,19.699752868930243],[80.22818184616953,19.699931951313168]]]},"id":"999"},{"type":"Feature","properties":{"id":"1000","metrics:area":800,"metrics:perimeter":115.60623297836548},"geometry":{"type":"Polygon","coordinates":[[[80.142123658105,19.699541185340124],[80.14193332572404,19.69944991331459],[80.14193477073172,19.69917883409188],[80.14222050967055,19.69927056216699],[80.142123658105,19.699541185340124]]]},"id":"1000"},{"type":"Feature","properties":{"id":"1001","metrics:area":850,"metrics:perimeter":137.04570789056774},"geometry":{"type":"Polygon","coordinates":[[[80.22932675807351,19.699936871862917],[80.22904139564136,19.699754919012207],[80.2294243302659,19.699485473036766],[80.22932675807351,19.699936871862917]]]},"id":"1001"},{"type":"Feature","properties":{"id":"1002","metrics:area":1650,"metrics:perimeter":253.05018677391828},"geometry":{"type":"Polygon","coordinates":[[[80.16330126576808,19.700183349699014],[80.16330314453998,19.699821908758782],[80.16292339326328,19.699458688076408],[80.16302021026354,19.699188052378307],[80.1633994915257,19.699641633092643],[80.16330126576808,19.700183349699014]]]},"id":"1002"},{"type":"Feature","properties":{"id":"1003","metrics:area":1350,"metrics:perimeter":154.084889114037},"geometry":{"type":"Polygon","coordinates":[[[80.21472959808833,19.699783226430426],[80.2148267700525,19.699422198322527],[80.21511343677346,19.6993330890098],[80.2151116743796,19.699694534619596],[80.21472959808833,19.699783226430426]]]},"id":"1003"},{"type":"Feature","properties":{"id":"1004","metrics:area":700,"metrics:perimeter":122.0079285608123},"geometry":{"type":"Polygon","coordinates":[[[80.1899247271551,19.69940188010636],[80.18954400461588,19.69921943530954],[80.18983113817377,19.699040006013607],[80.1899247271551,19.69940188010636]]]},"id":"1004"},{"type":"Feature","properties":{"id":"1005","metrics:area":700,"metrics:perimeter":111.5298244508295},"geometry":{"type":"Polygon","coordinates":[[[80.22875603386372,19.699572965725764],[80.22856608173866,19.699391422164027],[80.22856694782155,19.699210698775403],[80.22885274162925,19.699302290641008],[80.22875603386372,19.699572965725764]]]},"id":"1005"},{"type":"Feature","properties":{"id":"1006","metrics:area":1050,"metrics:perimeter":131.6227766016838},"geometry":{"type":"Polygon","coordinates":[[[80.14117248051122,19.69899446353982],[80.14117440884277,19.69863302462833],[80.14146014634167,19.698724753867147],[80.14145870057087,19.69899583306975],[80.14117248051122,19.69899446353982]]]},"id":"1006"},{"type":"Feature","properties":{"id":"1007","metrics:area":700,"metrics:perimeter":111.5298244508295},"geometry":{"type":"Polygon","coordinates":[[[80.1857276868099,19.699202159688326],[80.1856336503202,19.698930644494354],[80.18592033049512,19.69884158235032],[80.18591941655478,19.699022303875196],[80.1857276868099,19.699202159688326]]]},"id":"1007"},{"type":"Feature","properties":{"id":"1008","metrics:area":1150,"metrics:perimeter":159.71297588200935},"geometry":{"type":"Polygon","coordinates":[[[80.14050366886737,19.699171985613727],[80.14041019216386,19.698810089811168],[80.14069785887803,19.698540381390703],[80.14069592948637,19.698901820260595],[80.14050366886737,19.699171985613727]]]},"id":"1008"},{"type":"Feature","properties":{"id":"1009","metrics:area":700,"metrics:perimeter":111.8760072786364},"geometry":{"type":"Polygon","coordinates":[[[80.23018846720431,19.699308025403365],[80.22999851370811,19.699126483308778],[80.23009478693893,19.698946169192578],[80.23028560448334,19.698946987718127],[80.23018846720431,19.699308025403365]]]},"id":"1009"},{"type":"Feature","properties":{"id":"1010","metrics:area":1250,"metrics:perimeter":173.65746312736945},"geometry":{"type":"Polygon","coordinates":[[[80.18525019001419,19.6992903552749],[80.18525201941424,19.69892891229259],[80.1856350217012,19.698659562222215],[80.18553778540432,19.699020572273376],[80.18525019001419,19.6992903552749]]]},"id":"1010"},{"type":"Feature","properties":{"id":"1011","metrics:area":550,"metrics:perimeter":108.90934561250029},"geometry":{"type":"Polygon","coordinates":[[[80.22618259501625,19.69901970636265],[80.22580052554657,19.699108422015627],[80.22589723791371,19.698837748668346],[80.22618259501625,19.69901970636265]]]},"id":"1011"},{"type":"Feature","properties":{"id":"1012","metrics:area":550,"metrics:perimeter":96.34413615167959},"geometry":{"type":"Polygon","coordinates":[[[80.22952146936544,19.699124435833575],[80.22952233436308,19.698943712398815],[80.22971358426696,19.6988541698101],[80.22980812830326,19.699035302747827],[80.22952146936544,19.699124435833575]]]},"id":"1012"},{"type":"Feature","properties":{"id":"1013","metrics:area":1000,"metrics:perimeter":126.49110640673517},"geometry":{"type":"Polygon","coordinates":[[[80.14012397251342,19.698808718621464],[80.14003001413265,19.69853718235058],[80.14031671584863,19.698448193961294],[80.14041067467372,19.698719730100947],[80.14012397251342,19.698808718621464]]]},"id":"1013"},{"type":"Feature","properties":{"id":"1014","metrics:area":1350,"metrics:perimeter":153.45230764828105},"geometry":{"type":"Polygon","coordinates":[[[80.1848703885487,19.698927179279465],[80.18496808375758,19.69847580889245],[80.18515889865493,19.698476675377538],[80.18525247675792,19.698838551544714],[80.1848703885487,19.698927179279465]]]},"id":"1014"},{"type":"Feature","properties":{"id":"1015","metrics:area":1100,"metrics:perimeter":142.61297173761164},"geometry":{"type":"Polygon","coordinates":[[[80.22761372616364,19.69902587157834],[80.22761546042325,19.698664424864102],[80.22790211947323,19.698575294826625],[80.22780454369071,19.699026692744994],[80.22761372616364,19.69902587157834]]]},"id":"1015"},{"type":"Feature","properties":{"id":"1016","metrics:area":1100,"metrics:perimeter":148.66848449225154},"geometry":{"type":"Polygon","coordinates":[[[80.18458508086056,19.69874515752057],[80.18458645399322,19.69847407531377],[80.18477864165901,19.69820385997656],[80.1848717612147,19.698656097058848],[80.18458508086056,19.69874515752057]]]},"id":"1016"},{"type":"Feature","properties":{"id":"1017","metrics:area":750,"metrics:perimeter":111.6227766016838},"geometry":{"type":"Polygon","coordinates":[[[80.14012686849625,19.69826656038711],[80.14012831645165,19.69799548125751],[80.1403191285856,19.69799639539391],[80.14041308718302,19.69826793153604],[80.14012686849625,19.69826656038711]]]},"id":"1017"},{"type":"Feature","properties":{"id":"1018","metrics:area":600,"metrics:perimeter":100},"geometry":{"type":"Polygon","coordinates":[[[80.19784811191055,19.69853384139616],[80.19784946269444,19.698262758292437],[80.19804027794788,19.698263611073397],[80.19803892748521,19.698534694189792],[80.19784811191055,19.69853384139616]]]},"id":"1018"},{"type":"Feature","properties":{"id":"1019","metrics:area":500,"metrics:perimeter":95.60623297836548},"geometry":{"type":"Polygon","coordinates":[[[80.18105684028106,19.698367640590696],[80.1811536264555,19.698096993950184],[80.18124903358738,19.698097429237798],[80.18134352168217,19.698278585807785],[80.18105684028106,19.698367640590696]]]},"id":"1019"},{"type":"Feature","properties":{"id":"1020","metrics:area":650,"metrics:perimeter":103.98345637668169},"geometry":{"type":"Polygon","coordinates":[[[80.22971488141707,19.698583084636144],[80.22971617854567,19.698311999453928],[80.22990699532137,19.698312818356772],[80.23000153928403,19.69849395120003],[80.22971488141707,19.698583084636144]]]},"id":"1020"},{"type":"Feature","properties":{"id":"1021","metrics:area":600,"metrics:perimeter":111.2310562561766},"geometry":{"type":"Polygon","coordinates":[[[80.22618520121013,19.698477536469113],[80.22618606992222,19.698296813163918],[80.22656726898805,19.69838881993308],[80.22656683484496,19.69847918159337],[80.22618520121013,19.698477536469113]]]},"id":"1021"},{"type":"Feature","properties":{"id":"1022","metrics:area":800,"metrics:perimeter":120},"geometry":{"type":"Polygon","coordinates":[[[80.18010276752135,19.69836328435381],[80.1801046083846,19.698001841799886],[80.1802954224879,19.698002713435653],[80.18029358205294,19.698364156006853],[80.18010276752135,19.69836328435381]]]},"id":"1022"},{"type":"Feature","properties":{"id":"1023","metrics:area":1050,"metrics:perimeter":146.70548092920544},"geometry":{"type":"Polygon","coordinates":[[[80.18067521114666,19.698365898704438],[80.18086832463995,19.697914966467916],[80.18105913867686,19.697915837288047],[80.18096189273143,19.698276844538658],[80.18067521114666,19.698365898704438]]]},"id":"1023"},{"type":"Feature","properties":{"id":"1024","metrics:area":1200,"metrics:perimeter":149.64724878581438},"geometry":{"type":"Polygon","coordinates":[[[80.17895788054551,19.698358050176065],[80.17867258090173,19.69817601928045],[80.178769831862,19.697815013448427],[80.17896018483052,19.697906247111085],[80.17895788054551,19.698358050176065]]]},"id":"1024"},{"type":"Feature","properties":{"id":"1025","metrics:area":600,"metrics:perimeter":104.72135954999578},"geometry":{"type":"Polygon","coordinates":[[[80.18048531660313,19.698184306164666],[80.18048669659666,19.69791322421917],[80.18067797049892,19.6978237347903],[80.18067659083422,19.69809481675151],[80.18048531660313,19.698184306164666]]]},"id":"1025"},{"type":"Feature","properties":{"id":"1026","metrics:area":2050,"metrics:perimeter":186.53917998890583},"geometry":{"type":"Polygon","coordinates":[[[80.2284750035947,19.698487395044122],[80.22790298626262,19.698394571449953],[80.22809553617618,19.698033945503205],[80.22838176073944,19.698035176349325],[80.2284750035947,19.698487395044122]]]},"id":"1026"},{"type":"Feature","properties":{"id":"1027","metrics:area":1750,"metrics:perimeter":185.65401897601228},"geometry":{"type":"Polygon","coordinates":[[[80.18525476343846,19.698386747791545],[80.18487450647835,19.698113932592793],[80.18487633660357,19.697752489597043],[80.1853515426573,19.6981160986358],[80.18525476343846,19.698386747791545]]]},"id":"1027"},{"type":"Feature","properties":{"id":"1028","metrics:area":2600,"metrics:perimeter":242.51251248603978},"geometry":{"type":"Polygon","coordinates":[[[80.18554052847999,19.69847840773921],[80.18563822150178,19.698027036888377],[80.18544877874096,19.697755088645],[80.18602030719671,19.69793840741874],[80.18592261530176,19.698389778522046],[80.18554052847999,19.69847840773921]]]},"id":"1028"},{"type":"Feature","properties":{"id":"1029","metrics:area":900,"metrics:perimeter":129.5741732923815},"geometry":{"type":"Polygon","coordinates":[[[80.1793408914329,19.698088713851128],[80.17905605259261,19.697816322942728],[80.17915238098485,19.697636038096494],[80.17943721968744,19.6979084288518],[80.1793408914329,19.698088713851128]]]},"id":"1029"},{"type":"Feature","properties":{"id":"1030","metrics:area":5100,"metrics:perimeter":289.95713564338087},"geometry":{"type":"Polygon","coordinates":[[[80.18830780153745,19.698400582276143],[80.18802476948426,19.697766761770946],[80.1888838887502,19.697680283757197],[80.18888115705394,19.69822244879073],[80.18830780153745,19.698400582276143]]]},"id":"1030"},{"type":"Feature","properties":{"id":"1031","metrics:area":850,"metrics:perimeter":159.27446638338975},"geometry":{"type":"Polygon","coordinates":[[[80.17962711269121,19.698090022452167],[80.17962849412262,19.69781894056225],[80.1794386014248,19.69763734696934],[80.17991517523343,19.697729888049174],[80.17962711269121,19.698090022452167]]]},"id":"1031"},{"type":"Feature","properties":{"id":"1032","metrics:area":700,"metrics:perimeter":120.6449510224598},"geometry":{"type":"Polygon","coordinates":[[[80.27169773053583,19.698125821159458],[80.27169936573698,19.69776437074749],[80.2718905923892,19.69767478238439],[80.27188936631975,19.697945870209008],[80.27169773053583,19.698125821159458]]]},"id":"1032"},{"type":"Feature","properties":{"id":"1033","metrics:area":750,"metrics:perimeter":117.67828935632369},"geometry":{"type":"Polygon","coordinates":[[[80.17781668590156,19.697629923989183],[80.17781807034635,19.697358842208818],[80.17810475151335,19.697269792590035],[80.17810382887902,19.697450513792703],[80.17781668590156,19.697629923989183]]]},"id":"1033"},{"type":"Feature","properties":{"id":"1034","metrics:area":800,"metrics:perimeter":120},"geometry":{"type":"Polygon","coordinates":[[[80.28515125175497,19.69799918389509],[80.28515285674032,19.697637732403443],[80.2853436751221,19.697638492341433],[80.2853420705651,19.697999943848146],[80.28515125175497,19.69799918389509]]]},"id":"1034"},{"type":"Feature","properties":{"id":"1035","metrics:area":750,"metrics:perimeter":115.2145126328583},"geometry":{"type":"Polygon","coordinates":[[[80.1848777091709,19.69748140734058],[80.1847832174568,19.697300252490276],[80.18516530180916,19.697211624789343],[80.18516438710319,19.697392346312974],[80.1848777091709,19.69748140734058]]]},"id":"1035"},{"type":"Feature","properties":{"id":"1036","metrics:area":1550,"metrics:perimeter":158.8062486640328},"geometry":{"type":"Polygon","coordinates":[[[80.17896202821265,19.697544804642547],[80.17886846501858,19.69718292567635],[80.17925055184406,19.697094310674352],[80.17934457648401,19.697365828844845],[80.17896202821265,19.697544804642547]]]},"id":"1036"},{"type":"Feature","properties":{"id":"1037","metrics:area":1200,"metrics:perimeter":146.0555127546399},"geometry":{"type":"Polygon","coordinates":[[[80.26311256671833,19.69772931973498],[80.26311463476218,19.697277507568025],[80.26340086029583,19.697278682523685],[80.26339961995826,19.69754976984408],[80.26311256671833,19.69772931973498]]]},"id":"1037"},{"type":"Feature","properties":{"id":"1038","metrics:area":600,"metrics:perimeter":100},"geometry":{"type":"Polygon","coordinates":[[[80.1988084858546,19.697273048485457],[80.1988098349279,19.69700196527978],[80.19900064873201,19.697002816987457],[80.19899929997995,19.69727390020579],[80.1988084858546,19.697273048485457]]]},"id":"1038"},{"type":"Feature","properties":{"id":"1039","metrics:area":550,"metrics:perimeter":112.26772762414359},"geometry":{"type":"Polygon","coordinates":[[[80.14995992637762,19.69713869605922],[80.14977006920185,19.696957072312312],[80.14967561803313,19.696775900419173],[80.14996135768743,19.696867616197668],[80.14995992637762,19.69713869605922]]]},"id":"1039"},{"type":"Feature","properties":{"id":"1040","metrics:area":2250,"metrics:perimeter":209.61752684910215},"geometry":{"type":"Polygon","coordinates":[[[80.2258083477671,19.697481912399198],[80.22514223285305,19.69711758365195],[80.2254297598284,19.696847734201278],[80.22580965139487,19.697210827434212],[80.2258083477671,19.697481912399198]]]},"id":"1040"},{"type":"Feature","properties":{"id":"1041","metrics:area":650,"metrics:perimeter":103.98345637668169},"geometry":{"type":"Polygon","coordinates":[[[80.18278242847045,19.696748976343148],[80.18278380448753,19.696477894198285],[80.18306956462006,19.696569557928992],[80.18297324121694,19.696749845079026],[80.18278242847045,19.696748976343148]]]},"id":"1041"},{"type":"Feature","properties":{"id":"1042","metrics:area":550,"metrics:perimeter":96.34413615167959},"geometry":{"type":"Polygon","coordinates":[[[80.19098829383624,19.69660542704542],[80.19098920196566,19.696424705244254],[80.19118046867163,19.696335204335753],[80.19127496719472,19.696516356072223],[80.19098829383624,19.69660542704542]]]},"id":"1042"},{"type":"Feature","properties":{"id":"1043","metrics:area":550,"metrics:perimeter":96.34413615167959},"geometry":{"type":"Polygon","coordinates":[[[80.27322998898542,19.696866932635256],[80.273230804814,19.696686207344076],[80.27342202936978,19.69659661727062],[80.27351662219273,19.696777728785804],[80.27322998898542,19.696866932635256]]]},"id":"1043"},{"type":"Feature","properties":{"id":"1044","metrics:area":550,"metrics:perimeter":96.34413615167959},"geometry":{"type":"Polygon","coordinates":[[[80.15988733079142,19.696191454654105],[80.15988827380832,19.696010734263943],[80.16007955596892,19.69592126710544],[80.16017401861036,19.696102433953644],[80.15988733079142,19.696191454654105]]]},"id":"1044"},{"type":"Feature","properties":{"id":"1045","metrics:area":750,"metrics:perimeter":117.67828935632369},"geometry":{"type":"Polygon","coordinates":[[[80.21589255049419,19.69608341392672],[80.21589387071623,19.695812329560926],[80.21618053040665,19.69572321826733],[80.21617965058712,19.695903941193006],[80.21589255049419,19.69608341392672]]]},"id":"1045"},{"type":"Feature","properties":{"id":"1046","metrics:area":600,"metrics:perimeter":100},"geometry":{"type":"Polygon","coordinates":[[[80.19795657478355,19.69591379740806],[80.19795792519032,19.69564271421807],[80.1981487373437,19.695643566775047],[80.19814738725809,19.695914649977713],[80.19795657478355,19.69591379740806]]]},"id":"1046"},{"type":"Feature","properties":{"id":"1047","metrics:area":750,"metrics:perimeter":115.2145126328583},"geometry":{"type":"Polygon","coordinates":[[[80.15912644665067,19.695736079527414],[80.15903198540883,19.695554912171723],[80.15941407754018,19.695466339644614],[80.15941313401927,19.69564706002367],[80.15912644665067,19.695736079527414]]]},"id":"1047"},{"type":"Feature","properties":{"id":"1048","metrics:area":650,"metrics:perimeter":103.98345637668169},"geometry":{"type":"Polygon","coordinates":[[[80.15340261464382,19.695618809968863],[80.15340356490933,19.695438089869867],[80.15359484969602,19.695348629725412],[80.15368882961639,19.69562015977251],[80.15340261464382,19.695618809968863]]]},"id":"1048"},{"type":"Feature","properties":{"id":"1049","metrics:area":650,"metrics:perimeter":123.10122064520763},"geometry":{"type":"Polygon","coordinates":[[[80.19127995998808,19.695522386039897],[80.19099283438291,19.69570181800284],[80.1908033849336,19.695429875118517],[80.19127995998808,19.695522386039897]]]},"id":"1049"},{"type":"Feature","properties":{"id":"1050","metrics:area":550,"metrics:perimeter":96.34413615167958},"geometry":{"type":"Polygon","coordinates":[[[80.22304980786501,19.69575308529425],[80.22295527335606,19.695571949053036],[80.2232419291336,19.69548282633006],[80.22324105725137,19.695663549565527],[80.22304980786501,19.69575308529425]]]},"id":"1050"},{"type":"Feature","properties":{"id":"1051","metrics:area":3850,"metrics:perimeter":296.0637704258172},"geometry":{"type":"Polygon","coordinates":[[[80.19681124936241,19.69599903876725],[80.19652548154185,19.695907396671107],[80.19652683435756,19.6956363135763],[80.19633557124575,19.69572582032376],[80.19614521023017,19.695634604811843],[80.19700566722163,19.69527700420949],[80.19709927062341,19.695638875201947],[80.19681124936241,19.69599903876725]]]},"id":"1051"},{"type":"Feature","properties":{"id":"1052","metrics:area":1400,"metrics:perimeter":157.7269903474535},"geometry":{"type":"Polygon","coordinates":[[[80.13995053773719,19.695554854501548],[80.13976069408969,19.695373220625985],[80.13976262520652,19.69501178170315],[80.1401432772515,19.695194329766675],[80.13995053773719,19.695554854501548]]]},"id":"1052"},{"type":"Feature","properties":{"id":"1053","metrics:area":2000,"metrics:perimeter":181.9803902718557},"geometry":{"type":"Polygon","coordinates":[[[80.15235363566966,19.695523496760494],[80.15226060960904,19.69507124604404],[80.15273715731732,19.695163858476263],[80.15273525530858,19.695525298619124],[80.15235363566966,19.695523496760494]]]},"id":"1053"},{"type":"Feature","properties":{"id":"1054","metrics:area":600,"metrics:perimeter":111.2310562561766},"geometry":{"type":"Polygon","coordinates":[[[80.15407187388674,19.695350878604224],[80.15407377287694,19.69498943832909],[80.15416917750885,19.694989887943844],[80.1542626835814,19.695351777800862],[80.15407187388674,19.695350878604224]]]},"id":"1054"},{"type":"Feature","properties":{"id":"1055","metrics:area":500,"metrics:perimeter":92.36067977499789},"geometry":{"type":"Polygon","coordinates":[[[80.15493099186507,19.695264563304633],[80.15493241465856,19.694993483036754],[80.15512322397221,19.694994381303005],[80.15512227565995,19.695175101491415],[80.15493099186507,19.695264563304633]]]},"id":"1055"},{"type":"Feature","properties":{"id":"1056","metrics:area":500,"metrics:perimeter":92.36067977499789},"geometry":{"type":"Polygon","coordinates":[[[80.22390933956582,19.69557607692918],[80.22391064625414,19.69530499202889],[80.22410145920381,19.695305816983424],[80.22410058829479,19.69548654025938],[80.22390933956582,19.69557607692918]]]},"id":"1056"},{"type":"Feature","properties":{"id":"1057","metrics:area":1200,"metrics:perimeter":142.4621125123532},"geometry":{"type":"Polygon","coordinates":[[[80.16027366559538,19.69528963847767],[80.16037095540642,19.694928643938674],[80.1605617649109,19.694929536420958],[80.1606552854608,19.695291423477634],[80.16027366559538,19.69528963847767]]]},"id":"1057"},{"type":"Feature","properties":{"id":"1058","metrics:area":1500,"metrics:perimeter":165.5721263030302},"geometry":{"type":"Polygon","coordinates":[[[80.16094150038721,19.695292761695267],[80.16103878871769,19.694931766739458],[80.16151534202363,19.695024356034686],[80.16141899594385,19.69520463080482],[80.16094150038721,19.695292761695267]]]},"id":"1058"},{"type":"Feature","properties":{"id":"1059","metrics:area":500,"metrics:perimeter":92.36067977499789},"geometry":{"type":"Polygon","coordinates":[[[80.19624242062001,19.695273587965143],[80.19633872849532,19.69509329310646],[80.19652953992166,19.695094147361882],[80.19652863807693,19.69527486943703],[80.19624242062001,19.695273587965143]]]},"id":"1059"},{"type":"Feature","properties":{"id":"1060","metrics:area":600,"metrics:perimeter":100},"geometry":{"type":"Polygon","coordinates":[[[80.19099510456212,19.695250013447094],[80.19099646663953,19.694978930702618],[80.19118727767864,19.694979790632143],[80.19118591592242,19.695250873389405],[80.19099510456212,19.695250013447094]]]},"id":"1060"},{"type":"Feature","properties":{"id":"1061","metrics:area":1500,"metrics:perimeter":163.85164807134504},"geometry":{"type":"Polygon","coordinates":[[[80.19147167921848,19.69534252384626],[80.19147349425613,19.69498108014618],[80.19194961495693,19.695163950195425],[80.19194870796838,19.695344672064927],[80.19147167921848,19.69534252384626]]]},"id":"1061"},{"type":"Feature","properties":{"id":"1062","metrics:area":500,"metrics:perimeter":124.7213595499958},"geometry":{"type":"Polygon","coordinates":[[[80.22257495587631,19.695299211668576],[80.22257626479124,19.695028126845987],[80.22267079857005,19.695209263272364],[80.2228620474944,19.69511972792736],[80.2228611752032,19.695300451153795],[80.22257495587631,19.695299211668576]]]},"id":"1062"},{"type":"Feature","properties":{"id":"1063","metrics:area":1550,"metrics:perimeter":158.8062486640328},"geometry":{"type":"Polygon","coordinates":[[[80.14958928088339,19.695058609214147],[80.14949530825498,19.69478707727225],[80.14987788004412,19.694608165192914],[80.14997137619152,19.694970056934952],[80.14958928088339,19.695058609214147]]]},"id":"1063"},{"type":"Feature","properties":{"id":"1064","metrics:area":1700,"metrics:perimeter":185.57900792370611},"geometry":{"type":"Polygon","coordinates":[[[80.14386453154273,19.695121756281058],[80.1436766060817,19.6945786870786],[80.14396329888379,19.694489692484584],[80.14405534045832,19.695122666318092],[80.14386453154273,19.695121756281058]]]},"id":"1064"},{"type":"Feature","properties":{"id":"1065","metrics:area":1000,"metrics:perimeter":144.72135954999578},"geometry":{"type":"Polygon","coordinates":[[[80.20063198799538,19.695112464801205],[80.20091999928451,19.694752294713997],[80.20111081052126,19.69475314408537],[80.20091820547425,19.695113739263785],[80.20063198799538,19.695112464801205]]]},"id":"1065"},{"type":"Feature","properties":{"id":"1066","metrics:area":600,"metrics:perimeter":100},"geometry":{"type":"Polygon","coordinates":[[[80.27982005096884,19.695357302277134],[80.27982126351192,19.695086213897632],[80.2800120786463,19.69508697940897],[80.28001086642442,19.695358067799855],[80.27982005096884,19.695357302277134]]]},"id":"1066"},{"type":"Feature","properties":{"id":"1067","metrics:area":500,"metrics:perimeter":92.36067977499789},"geometry":{"type":"Polygon","coordinates":[[[80.15665111873815,19.6947304797363],[80.15674746974642,19.694550207702328],[80.15693827862432,19.694551104019858],[80.15693733237224,19.694731824301964],[80.15665111873815,19.6947304797363]]]},"id":"1067"},{"type":"Feature","properties":{"id":"1068","metrics:area":1550,"metrics:perimeter":161.52993742766873},"geometry":{"type":"Polygon","coordinates":[[[80.1556961258071,19.69490671477609],[80.15550673836762,19.694634736803675],[80.15598470799684,19.69445626028416],[80.15598281335166,19.694817700759472],[80.1556961258071,19.69490671477609]]]},"id":"1068"},{"type":"Feature","properties":{"id":"1069","metrics:area":1700,"metrics:perimeter":170.94884934605767},"geometry":{"type":"Polygon","coordinates":[[[80.18326908637542,19.694853572388773],[80.18279297735167,19.694670679687803],[80.18288975817401,19.694400031816826],[80.18336586652981,19.694582924241846],[80.18326908637542,19.694853572388773]]]},"id":"1069"},{"type":"Feature","properties":{"id":"1070","metrics:area":900,"metrics:perimeter":123.59173603117449},"geometry":{"type":"Polygon","coordinates":[[[80.15913258147157,19.694561397096173],[80.15894224447159,19.694470142921663],[80.1589436604502,19.694199062349067],[80.15922987330893,19.69420040322467],[80.15913258147157,19.694561397096173]]]},"id":"1070"},{"type":"Feature","properties":{"id":"1071","metrics:area":700,"metrics:perimeter":114.47660945954419},"geometry":{"type":"Polygon","coordinates":[[[80.20387802135394,19.694675075976203],[80.20397476717984,19.694404415486996],[80.20426053706836,19.694496045791762],[80.20426009050041,19.69458640700688],[80.20387802135394,19.694675075976203]]]},"id":"1071"},{"type":"Feature","properties":{"id":"1072","metrics:area":600,"metrics:perimeter":104.72135954999578},"geometry":{"type":"Polygon","coordinates":[[[80.19061666151595,19.69461576659714],[80.19061802418297,19.694344683858954],[80.19080928856287,19.694255183245385],[80.19080792622455,19.694526265999126],[80.19061666151595,19.69461576659714]]]},"id":"1072"},{"type":"Feature","properties":{"id":"1073","metrics:area":700,"metrics:perimeter":107.96691275336337},"geometry":{"type":"Polygon","coordinates":[[[80.14014810276907,19.694290732322933],[80.14005366407937,19.694109555776315],[80.14034035779574,19.694020567008923],[80.1404347967664,19.69420174341663],[80.14014810276907,19.694290732322933]]]},"id":"1073"},{"type":"Feature","properties":{"id":"1074","metrics:area":4250,"metrics:perimeter":322.9191294408374},"geometry":{"type":"Polygon","coordinates":[[[80.18985250993951,19.69479304508371],[80.18975892339232,19.694431170870196],[80.1905239818569,19.69407317089022],[80.19061575305871,19.694796488418003],[80.19023549480342,19.694523684449376],[80.19013872609037,19.69479433671431],[80.18985250993951,19.69479304508371]]]},"id":"1074"},{"type":"Feature","properties":{"id":"1075","metrics:area":600,"metrics:perimeter":100},"geometry":{"type":"Polygon","coordinates":[[[80.15627234156891,19.694186525508297],[80.15627376202002,19.693915445113866],[80.15646457012242,19.693916341907237],[80.15646314999245,19.694187422315004],[80.15627234156891,19.694186525508297]]]},"id":"1075"},{"type":"Feature","properties":{"id":"1076","metrics:area":550,"metrics:perimeter":96.34413615167959},"geometry":{"type":"Polygon","coordinates":[[[80.18355805128718,19.694312710003313],[80.18355896764112,19.694131988490255],[80.18375023538957,19.694042495527906],[80.18384472415327,19.69422365087743],[80.18355805128718,19.694312710003313]]]},"id":"1076"},{"type":"Feature","properties":{"id":"1077","metrics:area":1100,"metrics:perimeter":142.61297173761164},"geometry":{"type":"Polygon","coordinates":[[[80.14100866590901,19.693933404419166],[80.14091470851757,19.693661868516656],[80.14139124430694,19.693754510690443],[80.14139028064835,19.693935230256454],[80.14100866590901,19.693933404419166]]]},"id":"1077"},{"type":"Feature","properties":{"id":"1078","metrics:area":550,"metrics:perimeter":103.98345637668169},"geometry":{"type":"Polygon","coordinates":[[[80.15818184351478,19.69392440392254],[80.15827819232334,19.693744130969876],[80.15856393213309,19.69383583306433],[80.15856345993917,19.693926193250928],[80.15818184351478,19.69392440392254]]]},"id":"1078"},{"type":"Feature","properties":{"id":"1079","metrics:area":2500,"metrics:perimeter":213.56451097651515},"geometry":{"type":"Polygon","coordinates":[[[80.15569944255104,19.694274193987773],[80.15560735529563,19.69364122438418],[80.15598944442651,19.6935526590315],[80.15598612895323,19.694185179918016],[80.15569944255104,19.694274193987773]]]},"id":"1079"},{"type":"Feature","properties":{"id":"1080","metrics:area":600,"metrics:perimeter":100},"geometry":{"type":"Polygon","coordinates":[[[80.1562742354985,19.69382508498055],[80.15627565591821,19.693554004575084],[80.15646646359242,19.693554901350677],[80.15646504349385,19.693825981769475],[80.1562742354985,19.69382508498055]]]},"id":"1080"},{"type":"Feature","properties":{"id":"1081","metrics:area":800,"metrics:perimeter":115.60623297836548},"geometry":{"type":"Polygon","coordinates":[[[80.15713287156001,19.693829118933845],[80.15703888667788,19.6935575904608],[80.15732509825591,19.69355893433149],[80.15741955646116,19.69374010251155],[80.15713287156001,19.693829118933845]]]},"id":"1081"},{"type":"Feature","properties":{"id":"1082","metrics:area":650,"metrics:perimeter":103.98345637668169},"geometry":{"type":"Polygon","coordinates":[[[80.18947498219954,19.693978074207457],[80.1893809420145,19.6937065607047],[80.18966715620071,19.693707853018903],[80.18966624672319,19.693888574815468],[80.18947498219954,19.693978074207457]]]},"id":"1082"},{"type":"Feature","properties":{"id":"1083","metrics:area":700,"metrics:perimeter":112.36067977499789},"geometry":{"type":"Polygon","coordinates":[[[80.18604040786131,19.69396253244262],[80.18604223495203,19.693601089174745],[80.18623304412355,19.69360195431264],[80.18623167413045,19.693873036777795],[80.18604040786131,19.69396253244262]]]},"id":"1083"},{"type":"Feature","properties":{"id":"1084","metrics:area":1150,"metrics:perimeter":143.9834563766817},"geometry":{"type":"Polygon","coordinates":[[[80.18985614713388,19.694070157914762],[80.18976165156401,19.693889005489748],[80.19014463436203,19.693619644951667],[80.19014281647752,19.69398108858748],[80.18985614713388,19.694070157914762]]]},"id":"1084"},{"type":"Feature","properties":{"id":"1085","metrics:area":800,"metrics:perimeter":124.7213595499958},"geometry":{"type":"Polygon","coordinates":[[[80.14454004405759,19.69367918289143],[80.14454148421892,19.6934081033092],[80.14492213839053,19.69359064133012],[80.14492165854818,19.69368100119895],[80.14454004405759,19.69367918289143]]]},"id":"1085"},{"type":"Feature","properties":{"id":"1086","metrics:area":600,"metrics:perimeter":100},"geometry":{"type":"Polygon","coordinates":[[[80.20264177548923,19.693856319938387],[80.20264267040301,19.693675597563892],[80.20292888546858,19.69367686873154],[80.20292799087595,19.693857591118636],[80.20264177548923,19.693856319938387]]]},"id":"1086"},{"type":"Feature","properties":{"id":"1087","metrics:area":2400,"metrics:perimeter":206.5522006754247},"geometry":{"type":"Polygon","coordinates":[[[80.18231824608152,19.694216703577283],[80.1822246769086,19.6938548260272],[80.18241732141504,19.693494252288794],[80.18279710480967,19.693857433038147],[80.18231824608152,19.694216703577283]]]},"id":"1087"},{"type":"Feature","properties":{"id":"1088","metrics:area":500,"metrics:perimeter":89.44271909999159},"geometry":{"type":"Polygon","coordinates":[[[80.14072438368763,19.693570595436583],[80.14062994472515,19.693389419170334],[80.14082123356168,19.693299972794268],[80.14091567269537,19.693481148967752],[80.14072438368763,19.693570595436583]]]},"id":"1088"},{"type":"Feature","properties":{"id":"1089","metrics:area":1100,"metrics:perimeter":134.4766094595442},"geometry":{"type":"Polygon","coordinates":[[[80.15904236821795,19.693566987974545],[80.15894885217088,19.69320510017875],[80.15923506326337,19.69320644098124],[80.15932905171582,19.693477968443535],[80.15904236821795,19.693566987974545]]]},"id":"1089"},{"type":"Feature","properties":{"id":"1090","metrics:area":600,"metrics:perimeter":100},"geometry":{"type":"Polygon","coordinates":[[[80.18279939775314,19.693405629311727],[80.1828003149128,19.693224907814727],[80.18308652777355,19.693226210590602],[80.18308561093505,19.69340693210052],[80.18279939775314,19.693405629311727]]]},"id":"1090"},{"type":"Feature","properties":{"id":"1091","metrics:area":1400,"metrics:perimeter":155.9524158061724},"geometry":{"type":"Polygon","coordinates":[[[80.19644134946252,19.6936479435599],[80.19644270225183,19.69337686040254],[80.19682522247531,19.69319784622047],[80.19682341962756,19.69355929046967],[80.19644134946252,19.6936479435599]]]},"id":"1091"},{"type":"Feature","properties":{"id":"1092","metrics:area":500,"metrics:perimeter":89.44271909999159},"geometry":{"type":"Polygon","coordinates":[[[80.2468162993975,19.693685658105817],[80.24672173881052,19.693504533489353],[80.24691297325359,19.69341497198476],[80.24700753401048,19.69359609650762],[80.2468162993975,19.693685658105817]]]},"id":"1092"},{"type":"Feature","properties":{"id":"1093","metrics:area":500,"metrics:perimeter":123.85164807134504},"geometry":{"type":"Polygon","coordinates":[[[80.14158542345038,19.693122904754187],[80.14110937134643,19.69293990337059],[80.14158638684697,19.692942185162565],[80.14158542345038,19.693122904754187]]]},"id":"1093"},{"type":"Feature","properties":{"id":"1094","metrics:area":650,"metrics:perimeter":103.98345637668169},"geometry":{"type":"Polygon","coordinates":[[[80.19825539192853,19.693384965914234],[80.19816133706293,19.693113456484774],[80.19844755081537,19.693114734762542],[80.19844665122125,19.69329545696269],[80.19825539192853,19.693384965914234]]]},"id":"1094"},{"type":"Feature","properties":{"id":"1095","metrics:area":650,"metrics:perimeter":103.98345637668169},"geometry":{"type":"Polygon","coordinates":[[[80.20102302724283,19.693216579888674],[80.20102392394175,19.693035857572827],[80.20121518138818,19.692946345599307],[80.20130924137928,19.693217853610246],[80.20102302724283,19.693216579888674]]]},"id":"1095"},{"type":"Feature","properties":{"id":"1096","metrics:area":600,"metrics:perimeter":100},"geometry":{"type":"Polygon","coordinates":[[[80.28106882435496,19.693464655202103],[80.28106963123368,19.69328392952889],[80.28135585081382,19.69328507562876],[80.28135504425627,19.69346580131334],[80.28106882435496,19.693464655202103]]]},"id":"1096"},{"type":"Feature","properties":{"id":"1097","metrics:area":1650,"metrics:perimeter":170.42054445773277},"geometry":{"type":"Polygon","coordinates":[[[80.14454340439688,19.69304666385336],[80.14435403834351,19.692774674838972],[80.14464120753604,19.69259531913872],[80.14492501738889,19.693048482097787],[80.14454340439688,19.69304666385336]]]},"id":"1097"},{"type":"Feature","properties":{"id":"1098","metrics:area":500,"metrics:perimeter":92.36067977499789},"geometry":{"type":"Polygon","coordinates":[[[80.22182174875297,19.693217587336516],[80.22182305878609,19.692946502499762],[80.22201386884625,19.692947329578562],[80.22201299570736,19.69312805281218],[80.22182174875297,19.693217587336516]]]},"id":"1098"},{"type":"Feature","properties":{"id":"1099","metrics:area":750,"metrics:perimeter":111.6227766016838},"geometry":{"type":"Polygon","coordinates":[[[80.14111033526756,19.692759183797914],[80.14111178112923,19.692488104432],[80.14130258678625,19.692489017278238],[80.14139654423876,19.692760553011603],[80.14111033526756,19.692759183797914]]]},"id":"1099"},{"type":"Feature","properties":{"id":"1100","metrics:area":900,"metrics:perimeter":123.24555320336759},"geometry":{"type":"Polygon","coordinates":[[[80.19176968931318,19.692994428450124],[80.19148392994374,19.692902778585417],[80.19158069516176,19.692632125418545],[80.1917715034477,19.692632984628922],[80.19176968931318,19.692994428450124]]]},"id":"1100"},{"type":"Feature","properties":{"id":"1101","metrics:area":600,"metrics:perimeter":103.24555320336759},"geometry":{"type":"Polygon","coordinates":[[[80.21810182578307,19.69302069546559],[80.21819854689134,19.692750026401523],[80.21838935655354,19.692750857324896],[80.21838847935656,19.692931580406047],[80.21810182578307,19.69302069546559]]]},"id":"1101"},{"type":"Feature","properties":{"id":"1102","metrics:area":1150,"metrics:perimeter":142.8538328578604},"geometry":{"type":"Polygon","coordinates":[[[80.18967079401017,19.692984965795905],[80.18957720876557,19.692623091467258],[80.18986387563784,19.692534022485482],[80.18986160262384,19.692985827051068],[80.18967079401017,19.692984965795905]]]},"id":"1102"},{"type":"Feature","properties":{"id":"1103","metrics:area":650,"metrics:perimeter":103.98345637668169},"geometry":{"type":"Polygon","coordinates":[[[80.22144143869471,19.692944847733827],[80.22144231246621,19.69276412452114],[80.22163355906807,19.69267459038547],[80.22172765375961,19.69294608888432],[80.22144143869471,19.692944847733827]]]},"id":"1103"},{"type":"Feature","properties":{"id":"1104","metrics:area":1450,"metrics:perimeter":154.084889114037},"geometry":{"type":"Polygon","coordinates":[[[80.19816223696824,19.69293273429362],[80.19816403674902,19.6925712899003],[80.19845069931648,19.692482207033084],[80.19854430461648,19.692844077440295],[80.19816223696824,19.69293273429362]]]},"id":"1104"},{"type":"Feature","properties":{"id":"1105","metrics:area":1000,"metrics:perimeter":143.85164807134504},"geometry":{"type":"Polygon","coordinates":[[[80.14473709043267,19.69250541383854],[80.14473853016939,19.692234334206912],[80.14521458474758,19.69241732605529],[80.14521410510028,19.692507685942847],[80.14473709043267,19.69250541383854]]]},"id":"1105"},{"type":"Feature","properties":{"id":"1106","metrics:area":600,"metrics:perimeter":100},"geometry":{"type":"Polygon","coordinates":[[[80.22201474197549,19.692766606341262],[80.22201561509506,19.692585883100303],[80.22230182956115,19.692587123313686],[80.22230095676271,19.69276784656695],[80.22201474197549,19.692766606341262]]]},"id":"1106"},{"type":"Feature","properties":{"id":"1107","metrics:area":1700,"metrics:perimeter":176.10786503203545},"geometry":{"type":"Polygon","coordinates":[[[80.19196140489551,19.69281456555749],[80.19186781453959,19.692452692237705],[80.19215538659098,19.692182897601626],[80.19224807094415,19.692725492735075],[80.19196140489551,19.69281456555749]]]},"id":"1107"},{"type":"Feature","properties":{"id":"1108","metrics:area":600,"metrics:perimeter":108.2842712474619},"geometry":{"type":"Polygon","coordinates":[[[80.27267631469162,19.69270793156707],[80.27267794720947,19.692346480858312],[80.27286875879535,19.692347253860184],[80.27286794275506,19.692527979224064],[80.27267631469162,19.69270793156707]]]},"id":"1108"},{"type":"Feature","properties":{"id":"1109","metrics:area":750,"metrics:perimeter":111.6227766016838},"geometry":{"type":"Polygon","coordinates":[[[80.21638805415448,19.692290315013548],[80.21638937326719,19.69201923050108],[80.21667558634122,19.692020479650132],[80.2166747072563,19.69220120267175],[80.21638805415448,19.692290315013548]]]},"id":"1109"},{"type":"Feature","properties":{"id":"1110","metrics:area":1000,"metrics:perimeter":140},"geometry":{"type":"Polygon","coordinates":[[[80.19234574117559,19.692274117156458],[80.1923480071316,19.69182231227705],[80.19253881449428,19.691823170638052],[80.19253654907347,19.69227497553873],[80.19234574117559,19.692274117156458]]]},"id":"1110"},{"type":"Feature","properties":{"id":"1111","metrics:area":600,"metrics:perimeter":111.2310562561766},"geometry":{"type":"Polygon","coordinates":[[[80.15943247411295,19.69194229151788],[80.15943436071666,19.69158085060528],[80.15952976346126,19.691581297296807],[80.15962328003287,19.69194318486796],[80.15943247411295,19.69194229151788]]]},"id":"1111"},{"type":"Feature","properties":{"id":"1112","metrics:area":650,"metrics:perimeter":103.98345637668169},"geometry":{"type":"Polygon","coordinates":[[[80.29423971296093,19.692432546852704],[80.29424090103629,19.692161457531455],[80.29443171330568,19.692162207607495],[80.29452632771677,19.69234330879571],[80.29423971296093,19.692432546852704]]]},"id":"1112"},{"type":"Feature","properties":{"id":"1113","metrics:area":2550,"metrics:perimeter":248.5059146593059},"geometry":{"type":"Polygon","coordinates":[[[80.1917733175421,19.692271540793037],[80.19177513159639,19.691910096942436],[80.19148846678534,19.69199916905958],[80.19149028145176,19.691637725223522],[80.19206224945061,19.69173066338313],[80.1920604360586,19.692092107266625],[80.1917733175421,19.692271540793037]]]},"id":"1113"},{"type":"Feature","properties":{"id":"1114","metrics:area":1400,"metrics:perimeter":181.4213562373095},"geometry":{"type":"Polygon","coordinates":[[[80.13978048601273,19.691668470969006],[80.13978193402608,19.691397391665088],[80.1404492668219,19.69149095030189],[80.14044878452539,19.691581310085727],[80.13978048601273,19.691668470969006]]]},"id":"1114"},{"type":"Feature","properties":{"id":"1115","metrics:area":600,"metrics:perimeter":100},"geometry":{"type":"Polygon","coordinates":[[[80.19740395527208,19.691935351425162],[80.19740530631374,19.691664268151968],[80.19759611372707,19.691665121131294],[80.19759476300652,19.69193620441718],[80.19740395527208,19.691935351425162]]]},"id":"1115"},{"type":"Feature","properties":{"id":"1116","metrics:area":1150,"metrics:perimeter":142.8538328578604},"geometry":{"type":"Polygon","coordinates":[[[80.22287643890672,19.692137794161056],[80.22287861919469,19.691685985927435],[80.22306942780935,19.691686811833616],[80.22316308853696,19.692048671323963],[80.22287643890672,19.692137794161056]]]},"id":"1116"},{"type":"Feature","properties":{"id":"1117","metrics:area":1100,"metrics:perimeter":134.4766094595442},"geometry":{"type":"Polygon","coordinates":[[[80.29490834836926,19.692254445031434],[80.29490953530745,19.691983355665656],[80.29519614892078,19.691894116498585],[80.29529036862634,19.692165580440232],[80.29490834836926,19.692254445031434]]]},"id":"1117"},{"type":"Feature","properties":{"id":"1118","metrics:area":800,"metrics:perimeter":116.83238505927558},"geometry":{"type":"Polygon","coordinates":[[[80.22220947982991,19.69195417855893],[80.22211494835163,19.691773041907226],[80.22240203401823,19.691593558635642],[80.22249656572748,19.691774695147142],[80.22220947982991,19.69195417855893]]]},"id":"1118"},{"type":"Feature","properties":{"id":"1119","metrics:area":900,"metrics:perimeter":126.05551275463989},"geometry":{"type":"Polygon","coordinates":[[[80.1643003729245,19.691513206902403],[80.16430177965428,19.691242125867685],[80.16468339032237,19.691243901953992],[80.16449117857445,19.691514095060146],[80.1643003729245,19.691513206902403]]]},"id":"1119"},{"type":"Feature","properties":{"id":"1120","metrics:area":900,"metrics:perimeter":123.24555320336759},"geometry":{"type":"Polygon","coordinates":[[[80.18462214745071,19.69142593503364],[80.18433639534861,19.691334274017333],[80.18433776834058,19.691063191603792],[80.18462351996864,19.691154852603514],[80.18462214745071,19.69142593503364]]]},"id":"1120"},{"type":"Feature","properties":{"id":"1121","metrics:area":500,"metrics:perimeter":92.36067977499789},"geometry":{"type":"Polygon","coordinates":[[[80.1397843473283,19.690945592806823],[80.13978579527762,19.690674513480825],[80.1399765987194,19.69067542765573],[80.13997563363658,19.690856147216387],[80.1397843473283,19.690945592806823]]]},"id":"1121"},{"type":"Feature","properties":{"id":"1122","metrics:area":600,"metrics:perimeter":108.2842712474619},"geometry":{"type":"Polygon","coordinates":[[[80.18567295422493,19.6911596160796],[80.1854830620098,19.69097802878591],[80.18548397603573,19.690797307118913],[80.18567478185876,19.690798172732116],[80.18567295422493,19.6911596160796]]]},"id":"1122"},{"type":"Feature","properties":{"id":"1123","metrics:area":800,"metrics:perimeter":115.60623297836548},"geometry":{"type":"Polygon","coordinates":[[[80.19654982879196,19.691027899699517],[80.19645577805849,19.69075638945515],[80.19674243819397,19.69066730921802],[80.19674108611065,19.690938392477108],[80.19654982879196,19.691027899699517]]]},"id":"1123"},{"type":"Feature","properties":{"id":"1124","metrics:area":1100,"metrics:perimeter":134.4766094595442},"geometry":{"type":"Polygon","coordinates":[[[80.20294185595012,19.69105639370582],[80.20284779429369,19.690784886433732],[80.20322985460821,19.690696219317577],[80.20322851344201,19.690967303006662],[80.20294185595012,19.69105639370582]]]},"id":"1124"},{"type":"Feature","properties":{"id":"1125","metrics:area":1400,"metrics:perimeter":151.2310562561766},"geometry":{"type":"Polygon","coordinates":[[[80.18452948952532,19.69088333682416],[80.18453131969753,19.690521893568707],[80.18481752787842,19.69052319341376],[80.18491110129446,19.690885069883898],[80.18452948952532,19.69088333682416]]]},"id":"1125"},{"type":"Feature","properties":{"id":"1126","metrics:area":600,"metrics:perimeter":103.24555320336759},"geometry":{"type":"Polygon","coordinates":[[[80.19387944177737,19.690835202297972],[80.19397620164044,19.690564547592007],[80.19407160461385,19.690564975906383],[80.19416565117923,19.690836487260206],[80.19387944177737,19.690835202297972]]]},"id":"1126"},{"type":"Feature","properties":{"id":"1127","metrics:area":600,"metrics:perimeter":111.2310562561766},"geometry":{"type":"Polygon","coordinates":[[[80.16029769702236,19.690681266459183],[80.1602995815536,19.690319825415408],[80.16039498357246,19.690320271619772],[80.16048850149078,19.690682158834914],[80.16029769702236,19.690681266459183]]]},"id":"1127"},{"type":"Feature","properties":{"id":"1128","metrics:area":900,"metrics:perimeter":123.24555320336759},"geometry":{"type":"Polygon","coordinates":[[[80.19693279381018,19.690758523951963],[80.19702954855471,19.69048786741563],[80.19731575756147,19.690489147334365],[80.19721900329107,19.690759804041807],[80.19693279381018,19.690758523951963]]]},"id":"1128"},{"type":"Feature","properties":{"id":"1129","metrics:area":900,"metrics:perimeter":123.59173603117449},"geometry":{"type":"Polygon","coordinates":[[[80.18510327886389,19.690614853630763],[80.18510465051082,19.690343771143624],[80.18548580405725,19.690435863773892],[80.18538948725083,19.690616152569905],[80.18510327886389,19.690614853630763]]]},"id":"1129"},{"type":"Feature","properties":{"id":"1130","metrics:area":500,"metrics:perimeter":89.44271909999159},"geometry":{"type":"Polygon","coordinates":[[[80.198078981689,19.690492558220768],[80.19798447863944,19.690311409801396],[80.19817573435397,19.69022190098546],[80.19827023757401,19.690403049311627],[80.198078981689,19.690492558220768]]]},"id":"1130"},{"type":"Feature","properties":{"id":"1131","metrics:area":950,"metrics:perimeter":130.03896913132158},"geometry":{"type":"Polygon","coordinates":[[[80.1964575814535,19.690394945125917],[80.1966497395176,19.690124715790496],[80.19693549728231,19.69021635738911],[80.19683919319364,19.690396652790884],[80.1964575814535,19.690394945125917]]]},"id":"1131"},{"type":"Feature","properties":{"id":"1132","metrics:area":1950,"metrics:perimeter":222.91780877554837},"geometry":{"type":"Polygon","coordinates":[[[80.21114789162974,19.690821550412885],[80.21105337343334,19.6906404083627],[80.2113400261886,19.690551304524508],[80.21124639300747,19.690189439745872],[80.211437199317,19.690190277954223],[80.21162579396741,19.690642923050092],[80.21114789162974,19.690821550412885]]]},"id":"1132"},{"type":"Feature","properties":{"id":"1133","metrics:area":500,"metrics:perimeter":92.36067977499789},"geometry":{"type":"Polygon","coordinates":[[[80.19092512360325,19.690189370925584],[80.19092648541957,19.68991828803315],[80.1911172904594,19.689919147825343],[80.19111638279841,19.690099869763074],[80.19092512360325,19.690189370925584]]]},"id":"1133"},{"type":"Feature","properties":{"id":"1134","metrics:area":750,"metrics:perimeter":111.6227766016838},"geometry":{"type":"Polygon","coordinates":[[[80.20523555336477,19.69025329368177],[80.20523689110033,19.689982209838554],[80.2055230997831,19.689983476642276],[80.20552220828294,19.69016419921791],[80.20523555336477,19.69025329368177]]]},"id":"1134"},{"type":"Feature","properties":{"id":"1135","metrics:area":1200,"metrics:perimeter":140.53212221418408},"geometry":{"type":"Polygon","coordinates":[[[80.16964992349855,19.690182591578196],[80.16955638504203,19.68982070837516],[80.16984305665663,19.689731671558704],[80.16993706143369,19.69000319414926],[80.16964992349855,19.690182591578196]]]},"id":"1135"},{"type":"Feature","properties":{"id":"1136","metrics:area":850,"metrics:perimeter":159.27446638338975},"geometry":{"type":"Polygon","coordinates":[[[80.21172252424647,19.690372257729614],[80.21172385107259,19.690101173463713],[80.211533929608,19.689919612723422],[80.21201050252668,19.69001206850364],[80.21172252424647,19.690372257729614]]]},"id":"1136"},{"type":"Feature","properties":{"id":"1137","metrics:area":1050,"metrics:perimeter":135.2145126328583},"geometry":{"type":"Polygon","coordinates":[[[80.18615544946645,19.690077449053202],[80.18625222164131,19.689806798932256],[80.18644348277373,19.689717302820863],[80.18653705948093,19.690079178589002],[80.18615544946645,19.690077449053202]]]},"id":"1137"},{"type":"Feature","properties":{"id":"1138","metrics:area":600,"metrics:perimeter":103.24555320336759},"geometry":{"type":"Polygon","coordinates":[[[80.19598327345756,19.68985064294639],[80.19598417564532,19.68966992078641],[80.19627083405457,19.689580841232917],[80.19626993219289,19.689761563407433],[80.19598327345756,19.68985064294639]]]},"id":"1138"},{"type":"Feature","properties":{"id":"1139","metrics:area":900,"metrics:perimeter":121.66174573300538},"geometry":{"type":"Polygon","coordinates":[[[80.28299103903267,19.690309586189993],[80.28270522709028,19.690218079962424],[80.2828018390168,19.689947372407918],[80.28308724831032,19.690129241380845],[80.28299103903267,19.690309586189993]]]},"id":"1139"},{"type":"Feature","properties":{"id":"1140","metrics:area":600,"metrics:perimeter":103.24555320336759},"geometry":{"type":"Polygon","coordinates":[[[80.28537656072295,19.690228733221613],[80.28537736262454,19.690048007312427],[80.28566397751135,19.689958783403053],[80.2856631759353,19.69013950932536],[80.28537656072295,19.690228733221613]]]},"id":"1140"},{"type":"Feature","properties":{"id":"1141","metrics:area":550,"metrics:perimeter":96.34413615167959},"geometry":{"type":"Polygon","coordinates":[[[80.19102279569618,19.689737996017445],[80.19102370344412,19.68955727407663],[80.19121496182404,19.689467772774343],[80.19130945666085,19.689648924488516],[80.19102279569618,19.689737996017445]]]},"id":"1141"},{"type":"Feature","properties":{"id":"1142","metrics:area":1150,"metrics:perimeter":143.75869592049074},"geometry":{"type":"Polygon","coordinates":[[[80.21201094463419,19.689921707072696],[80.21172517787673,19.68983008918955],[80.21172650465886,19.68955900490712],[80.2122026346554,19.68974182158464],[80.21201094463419,19.689921707072696]]]},"id":"1142"},{"type":"Feature","properties":{"id":"1143","metrics:area":3000,"metrics:perimeter":241.8536337391621},"geometry":{"type":"Polygon","coordinates":[[[80.20485617179727,19.689799797507334],[80.20476255368824,19.6894379298369],[80.20562117680252,19.68944173104734],[80.2056198397535,19.68971281493221],[80.20485617179727,19.689799797507334]]]},"id":"1143"},{"type":"Feature","properties":{"id":"1144","metrics:area":700,"metrics:perimeter":111.5298244508295},"geometry":{"type":"Polygon","coordinates":[[[80.20619270160154,19.689624985522766],[80.20609863514059,19.68935347974971],[80.20638528801366,19.689264383826536],[80.20638439751615,19.689445106454514],[80.20619270160154,19.689624985522766]]]},"id":"1144"},{"type":"Feature","properties":{"id":"1145","metrics:area":1050,"metrics:perimeter":181.17900879551712},"geometry":{"type":"Polygon","coordinates":[[[80.20666837984015,19.689898177981142],[80.20666971513808,19.68962709403276],[80.20648069050694,19.689264805520168],[80.20695592328953,19.689628358530534],[80.20666837984015,19.689898177981142]]]},"id":"1145"},{"type":"Feature","properties":{"id":"1146","metrics:area":750,"metrics:perimeter":134.8418432072729},"geometry":{"type":"Polygon","coordinates":[[[80.28595099271672,19.68977919605617],[80.2854743708848,19.6896869352103],[80.28595219456925,19.68950810714339],[80.28595099271672,19.68977919605617]]]},"id":"1146"},{"type":"Feature","properties":{"id":"1147","metrics:area":900,"metrics:perimeter":132.3606797749979},"geometry":{"type":"Polygon","coordinates":[[[80.21124949073959,19.68955690983911],[80.2112512608184,19.6891954641579],[80.21144250835725,19.68910594089379],[80.21144029629995,19.689557748018373],[80.21124949073959,19.68955690983911]]]},"id":"1147"},{"type":"Feature","properties":{"id":"1148","metrics:area":800,"metrics:perimeter":122.4621125123532},"geometry":{"type":"Polygon","coordinates":[[[80.17938602208095,19.689233368470816],[80.17938694286,19.68905264704462],[80.17976900997188,19.68896403015679],[80.17976808962598,19.689144751602115],[80.17938602208095,19.689233368470816]]]},"id":"1148"},{"type":"Feature","properties":{"id":"1149","metrics:area":900,"metrics:perimeter":144.87680877585885},"geometry":{"type":"Polygon","coordinates":[[[80.28604679783342,19.689689212509265],[80.28633421254133,19.68941926153635],[80.28662002534536,19.68951076201434],[80.28661962510468,19.68960112499934],[80.28604679783342,19.689689212509265]]]},"id":"1149"},{"type":"Feature","properties":{"id":"1150","metrics:area":1850,"metrics:perimeter":206.0421379358405},"geometry":{"type":"Polygon","coordinates":[[[80.287095447489,19.689874108802183],[80.28681083415846,19.689511520092697],[80.28738366046119,19.68942343011031],[80.28728705649554,19.689694140396956],[80.2874774657902,19.68978526077327],[80.287095447489,19.689874108802183]]]},"id":"1150"},{"type":"Feature","properties":{"id":"1151","metrics:area":2050,"metrics:perimeter":219.4223753527842},"geometry":{"type":"Polygon","coordinates":[[[80.22575160982466,19.6894393101845],[80.22517919163265,19.689436840679974],[80.22518049574286,19.689165755512732],[80.22546713888451,19.689076628744342],[80.22565707566075,19.689258175262815],[80.22584875017557,19.689078274642572],[80.22575160982466,19.6894393101845]]]},"id":"1151"},{"type":"Feature","properties":{"id":"1152","metrics:area":600,"metrics:perimeter":111.2310562561766},"geometry":{"type":"Polygon","coordinates":[[[80.13979544765927,19.688867317762583],[80.13979641283873,19.688686598170516],[80.14017753264989,19.688778785923752],[80.14017705027284,19.688869145728383],[80.13979544765927,19.688867317762583]]]},"id":"1152"},{"type":"Feature","properties":{"id":"1153","metrics:area":500,"metrics:perimeter":92.36067977499789},"geometry":{"type":"Polygon","coordinates":[[[80.1978949260155,19.68913628897562],[80.19799122813544,19.68895599291448],[80.19818203236782,19.68895684515875],[80.19818113268141,19.689137567430727],[80.1978949260155,19.68913628897562]]]},"id":"1153"},{"type":"Feature","properties":{"id":"1154","metrics:area":600,"metrics:perimeter":100},"geometry":{"type":"Polygon","coordinates":[[[80.19455584990321,19.68912133996172],[80.19455720552915,19.688850256793753],[80.19474800947503,19.688851112682933],[80.19474665417015,19.68912219586363],[80.19455584990321,19.68912133996172]]]},"id":"1154"},{"type":"Feature","properties":{"id":"1155","metrics:area":900,"metrics:perimeter":150.8276253029822},"geometry":{"type":"Polygon","coordinates":[[[80.20524090417383,19.68916895825931],[80.20524179594082,19.68898823567604],[80.20581420979681,19.688990768689166],[80.20581376423561,19.68908112999382],[80.20524090417383,19.68916895825931]]]},"id":"1155"},{"type":"Feature","properties":{"id":"1156","metrics:area":800,"metrics:perimeter":115.60623297836548},"geometry":{"type":"Polygon","coordinates":[[[80.22794631351515,19.68935839793433],[80.22785221008353,19.689086902303586],[80.22813885176546,19.688997771213614],[80.2281375526462,19.689268856575847],[80.22794631351515,19.68935839793433]]]},"id":"1156"},{"type":"Feature","properties":{"id":"1157","metrics:area":650,"metrics:perimeter":103.98345637668169},"geometry":{"type":"Polygon","coordinates":[[[80.24149399487588,19.689325782375168],[80.24149527152025,19.689054696166174],[80.24168607785282,19.689055502182534],[80.24178063024979,19.689236629266922],[80.24149399487588,19.689325782375168]]]},"id":"1157"},{"type":"Feature","properties":{"id":"1158","metrics:area":900,"metrics:perimeter":132.3606797749979},"geometry":{"type":"Polygon","coordinates":[[[80.18501656380303,19.68889756469891],[80.18511287991468,19.688717276047104],[80.18549448660742,19.68871900768427],[80.18549357269772,19.68889972939353],[80.18501656380303,19.68889756469891]]]},"id":"1158"},{"type":"Feature","properties":{"id":"1159","metrics:area":1200,"metrics:perimeter":147.44338410251953},"geometry":{"type":"Polygon","coordinates":[[[80.22956903003698,19.689184641469204],[80.2290928802012,19.68900187022665],[80.22918914794823,19.688821556225065],[80.22957032674107,19.68891355601278],[80.22956903003698,19.689184641469204]]]},"id":"1159"},{"type":"Feature","properties":{"id":"1160","metrics:area":800,"metrics:perimeter":115.60623297836548},"geometry":{"type":"Polygon","coordinates":[[[80.28538057014222,19.689325103639028],[80.28528636881792,19.689053634981637],[80.28557258114515,19.689054774123814],[80.28566718372693,19.689235879677142],[80.28538057014222,19.689325103639028]]]},"id":"1160"},{"type":"Feature","properties":{"id":"1161","metrics:area":900,"metrics:perimeter":133.84402799378825},"geometry":{"type":"Polygon","coordinates":[[[80.16116667102354,19.68869735419277],[80.16126348372792,19.688426718992723],[80.16164461710328,19.68851886160565],[80.16164414677556,19.688609221917304],[80.16116667102354,19.68869735419277]]]},"id":"1161"},{"type":"Feature","properties":{"id":"1162","metrics:area":2500,"metrics:perimeter":238.02249483046234},"geometry":{"type":"Polygon","coordinates":[[[80.20438228259312,19.689165155280794],[80.2039066105844,19.688891956952766],[80.20409875456802,19.688621719099032],[80.20438362168468,19.688894071461085],[80.20476523060933,19.688895762155447],[80.20476433831216,19.689076484719603],[80.20438228259312,19.689165155280794]]]},"id":"1162"},{"type":"Feature","properties":{"id":"1163","metrics:area":550,"metrics:perimeter":96.34413615167958},"geometry":{"type":"Polygon","coordinates":[[[80.16603212937048,19.68872002070446],[80.16584179493141,19.688628773897307],[80.16584273087574,19.68844805307919],[80.16612846621041,19.688539742998696],[80.16603212937048,19.68872002070446]]]},"id":"1163"},{"type":"Feature","properties":{"id":"1164","metrics:area":600,"metrics:perimeter":108.9292222699217},"geometry":{"type":"Polygon","coordinates":[[[80.19961396249897,19.6887825081897],[80.19951811136339,19.688872444025208],[80.1992332528124,19.688600084230515],[80.19951945861955,19.688601360518945],[80.19961396249897,19.6887825081897]]]},"id":"1164"},{"type":"Feature","properties":{"id":"1165","metrics:area":750,"metrics:perimeter":117.67828935632369},"geometry":{"type":"Polygon","coordinates":[[[80.22537217065694,19.68898585541383],[80.22537303982807,19.688805131952584],[80.22566011664442,19.6886256431088],[80.22565881338012,19.68889672832317],[80.22537217065694,19.68898585541383]]]},"id":"1165"},{"type":"Feature","properties":{"id":"1166","metrics:area":1750,"metrics:perimeter":197.85158706303477},"geometry":{"type":"Polygon","coordinates":[[[80.20495603508644,19.688896607198526],[80.20486197111336,19.68862510084292],[80.20562563347247,19.68853811803808],[80.20552934000816,19.68871841851005],[80.20495603508644,19.688896607198526]]]},"id":"1166"},{"type":"Feature","properties":{"id":"1167","metrics:area":600,"metrics:perimeter":104.72135954999578},"geometry":{"type":"Polygon","coordinates":[[[80.2956850343063,19.68918509416135],[80.29568621973705,19.68891400465755],[80.29587742325089,19.688824389905637],[80.29587623814777,19.68909547942332],[80.2956850343063,19.68918509416135]]]},"id":"1167"},{"type":"Feature","properties":{"id":"1168","metrics:area":650,"metrics:perimeter":103.98345637668169},"geometry":{"type":"Polygon","coordinates":[[[80.20467072076877,19.68871461699424],[80.20457665737688,19.688443110504124],[80.20486286327883,19.688444378265388],[80.20486197111336,19.68862510084292],[80.20467072076877,19.68871461699424]]]},"id":"1168"},{"type":"Feature","properties":{"id":"1169","metrics:area":700,"metrics:perimeter":111.5298244508295},"geometry":{"type":"Polygon","coordinates":[[[80.29454018167354,19.689180599307402],[80.2943501647198,19.68899912317251],[80.29435095649879,19.68881839688591],[80.29463677324429,19.688909884714835],[80.29454018167354,19.689180599307402]]]},"id":"1169"},{"type":"Feature","properties":{"id":"1170","metrics:area":1350,"metrics:perimeter":155.71155468592366},"geometry":{"type":"Polygon","coordinates":[[[80.28910253481855,19.689068786035573],[80.28910373132008,19.68879769691496],[80.28958115007782,19.688709222014914],[80.28938874741108,19.689069919095303],[80.28910253481855,19.689068786035573]]]},"id":"1170"},{"type":"Feature","properties":{"id":"1171","metrics:area":500,"metrics:perimeter":92.36067977499789},"geometry":{"type":"Polygon","coordinates":[[[80.20390839707542,19.688530511888896],[80.20400469220019,19.6883502123419],[80.20419549599573,19.688351058170753],[80.20419460308608,19.688531780720766],[80.20390839707542,19.688530511888896]]]},"id":"1171"},{"type":"Feature","properties":{"id":"1172","metrics:area":600,"metrics:perimeter":118.41619252963778},"geometry":{"type":"Polygon","coordinates":[[[80.19894794582805,19.688418085169154],[80.19923504976127,19.68823863956794],[80.19942540407568,19.688329851631945],[80.19942495494674,19.68842021280226],[80.19894794582805,19.688418085169154]]]},"id":"1172"},{"type":"Feature","properties":{"id":"1173","metrics:area":600,"metrics:perimeter":100},"geometry":{"type":"Polygon","coordinates":[[[80.18406529271772,19.688351066562987],[80.18406666594078,19.68807998407783],[80.18425746847736,19.688080851082685],[80.18425609557535,19.688351933580734],[80.18406529271772,19.688351066562987]]]},"id":"1173"},{"type":"Feature","properties":{"id":"1174","metrics:area":550,"metrics:perimeter":96.34413615167958},"geometry":{"type":"Polygon","coordinates":[[[80.16212303221992,19.68825000737823],[80.16202857158892,19.688068841487716],[80.16231524371831,19.687979816713572],[80.16231430384053,19.688160537377914],[80.16212303221992,19.68825000737823]]]},"id":"1174"},{"type":"Feature","properties":{"id":"1175","metrics:area":600,"metrics:perimeter":133.00563079745768},"geometry":{"type":"Polygon","coordinates":[[[80.16183588929425,19.688429392139174],[80.16164696870291,19.688067060033568],[80.16183871054835,19.6878872302179],[80.16183588929425,19.688429392139174]]]},"id":"1175"},{"type":"Feature","properties":{"id":"1176","metrics:area":700,"metrics:perimeter":112.36067977499789},"geometry":{"type":"Polygon","coordinates":[[[80.22947665304764,19.688551699315056],[80.22947794986207,19.68828061384546],[80.22966918690058,19.688191070772795],[80.22966745824753,19.68855251808368],[80.22947665304764,19.688551699315056]]]},"id":"1176"},{"type":"Feature","properties":{"id":"1177","metrics:area":1550,"metrics:perimeter":177.04570789056774},"geometry":{"type":"Polygon","coordinates":[[[80.15639993324781,19.688042482813117],[80.15659215383434,19.68777229861416],[80.1570686830797,19.687864898914324],[80.15706773732168,19.688045619336968],[80.15639993324781,19.688042482813117]]]},"id":"1177"},{"type":"Feature","properties":{"id":"1178","metrics:area":1500,"metrics:perimeter":176.619037896906},"geometry":{"type":"Polygon","coordinates":[[[80.14084919287588,19.688059104299878],[80.14037363866002,19.687785741636514],[80.140852084707,19.687516945313483],[80.14084919287588,19.688059104299878]]]},"id":"1178"},{"type":"Feature","properties":{"id":"1179","metrics:area":900,"metrics:perimeter":132.3606797749979},"geometry":{"type":"Polygon","coordinates":[[[80.13980075601422,19.687873359960705],[80.1398031687961,19.687421560923056],[80.13999396838545,19.687422474934802],[80.13999203859329,19.687783914184887],[80.13980075601422,19.687873359960705]]]},"id":"1179"},{"type":"Feature","properties":{"id":"1180","metrics:area":1400,"metrics:perimeter":155.9524158061724},"geometry":{"type":"Polygon","coordinates":[[[80.20600946884159,19.688087999482537],[80.20610665210897,19.687726976062095],[80.20648736812188,19.68790938566191],[80.20648647780523,19.688090108321614],[80.20600946884159,19.688087999482537]]]},"id":"1180"},{"type":"Feature","properties":{"id":"1181","metrics:area":650,"metrics:perimeter":123.10122064520763},"geometry":{"type":"Polygon","coordinates":[[[80.1705201771954,19.687927548064234],[80.17023490563797,19.687745504559533],[80.17042710324395,19.68747530467653],[80.1705201771954,19.687927548064234]]]},"id":"1181"},{"type":"Feature","properties":{"id":"1182","metrics:area":500,"metrics:perimeter":124.47170528427768},"geometry":{"type":"Polygon","coordinates":[[[80.15869049168745,19.687872505772717],[80.1586919075762,19.687601425018702],[80.15859745122927,19.68742025746567],[80.15888270831748,19.687602318967034],[80.15869049168745,19.687872505772717]]]},"id":"1182"},{"type":"Feature","properties":{"id":"1183","metrics:area":700,"metrics:perimeter":112.36067977499789},"geometry":{"type":"Polygon","coordinates":[[[80.17195304833133,19.687572711343744],[80.17204937793392,19.687392430172054],[80.1723355796554,19.687393749714314],[80.17233465104952,19.687574470852226],[80.17195304833133,19.687572711343744]]]},"id":"1183"},{"type":"Feature","properties":{"id":"1184","metrics:area":800,"metrics:perimeter":122.46211251235322},"geometry":{"type":"Polygon","coordinates":[[[80.27031204541102,19.688089756553936],[80.2704090858255,19.687728693545726],[80.27059989184428,19.68772946878492],[80.27050285185334,19.688090531909875],[80.27031204541102,19.688089756553936]]]},"id":"1184"},{"type":"Feature","properties":{"id":"1185","metrics:area":750,"metrics:perimeter":111.6227766016838},"geometry":{"type":"Polygon","coordinates":[[[80.16060085723097,19.68742963478434],[80.1606022698705,19.68715855388369],[80.16088847034015,19.687159891656375],[80.1608875289041,19.687340612270994],[80.16060085723097,19.68742963478434]]]},"id":"1185"},{"type":"Feature","properties":{"id":"1186","metrics:area":1000,"metrics:perimeter":126.49110640673517},"geometry":{"type":"Polygon","coordinates":[[[80.29511735340851,19.688098489715745],[80.29502313614151,19.687827025643728],[80.29530974222197,19.687737786024275],[80.29540395993017,19.68800924996184],[80.29511735340851,19.688098489715745]]]},"id":"1186"},{"type":"Feature","properties":{"id":"1187","metrics:area":600,"metrics:perimeter":111.2310562561766},"geometry":{"type":"Polygon","coordinates":[[[80.17357532377596,19.687489823058087],[80.17357717818506,19.687128380661598],[80.17367257863685,19.68712881974232],[80.17376612511015,19.68749070118628],[80.17357532377596,19.687489823058087]]]},"id":"1187"},{"type":"Feature","properties":{"id":"1188","metrics:area":700,"metrics:perimeter":112.36067977499789},"geometry":{"type":"Polygon","coordinates":[[[80.16107832944424,19.687341503874915],[80.16107974127341,19.68707042293834],[80.16127101200047,19.68698095400785],[80.16126912999478,19.68734239527613],[80.16107832944424,19.687341503874915]]]},"id":"1188"},{"type":"Feature","properties":{"id":"1189","metrics:area":1100,"metrics:perimeter":137.2865690108165},"geometry":{"type":"Polygon","coordinates":[[[80.17004596653115,19.687383180605558],[80.17004689769487,19.68720245956878],[80.17033402976578,19.68702306123702],[80.17042756861566,19.687384944150768],[80.17004596653115,19.687383180605558]]]},"id":"1189"},{"type":"Feature","properties":{"id":"1190","metrics:area":600,"metrics:perimeter":100},"geometry":{"type":"Polygon","coordinates":[[[80.16165120141841,19.687253817145912],[80.16165261227675,19.686982736166804],[80.16184341243051,19.68698362694223],[80.16184200189316,19.68725470793459],[80.16165120141841,19.687253817145912]]]},"id":"1190"},{"type":"Feature","properties":{"id":"1191","metrics:area":1200,"metrics:perimeter":144.72135954999578},"geometry":{"type":"Polygon","coordinates":[[[80.2156477018977,19.687588183143017],[80.21564946191631,19.687226736999705],[80.21603106793084,19.687228403614526],[80.21603018835444,19.68740912670454],[80.2156477018977,19.687588183143017]]]},"id":"1191"},{"type":"Feature","properties":{"id":"1192","metrics:area":900,"metrics:perimeter":132.3606797749979},"geometry":{"type":"Polygon","coordinates":[[[80.17309878435897,19.687397266263876],[80.17310063982785,19.687035823907266],[80.17329190435518,19.68694634192465],[80.17328958556052,19.687398144894495],[80.17309878435897,19.687397266263876]]]},"id":"1192"},{"type":"Feature","properties":{"id":"1193","metrics:area":700,"metrics:perimeter":112.36067977499789},"geometry":{"type":"Polygon","coordinates":[[[80.18931828719599,19.687200143323093],[80.1894145974932,19.687019852122383],[80.18970079979948,19.68702114396254],[80.18969989069402,19.687201865895073],[80.18931828719599,19.687200143323093]]]},"id":"1193"},{"type":"Feature","properties":{"id":"1194","metrics:area":600,"metrics:perimeter":118.41619252963778},"geometry":{"type":"Polygon","coordinates":[[[80.29511933058973,19.68764667387221],[80.29492852364139,19.68764592469167],[80.29464310462754,19.687464074215477],[80.29502471807865,19.687465572967174],[80.29511933058973,19.68764667387221]]]},"id":"1194"},{"type":"Feature","properties":{"id":"1195","metrics:area":900,"metrics:perimeter":150.8276253029822},"geometry":{"type":"Polygon","coordinates":[[[80.17071377020606,19.687386266277567],[80.17071656141924,19.686844103064413],[80.1708119616335,19.686844543658886],[80.1709045712792,19.687387147442045],[80.17071377020606,19.687386266277567]]]},"id":"1195"},{"type":"Feature","properties":{"id":"1196","metrics:area":600,"metrics:perimeter":100},"geometry":{"type":"Polygon","coordinates":[[[80.16050781157281,19.686977387257503],[80.16050875341605,19.68679666665322],[80.1607949532359,19.6867980045514],[80.16079401171366,19.68697872516895],[80.16050781157281,19.686977387257503]]]},"id":"1196"},{"type":"Feature","properties":{"id":"1197","metrics:area":750,"metrics:perimeter":111.6227766016838},"geometry":{"type":"Polygon","coordinates":[[[80.14400460370334,19.686718743053092],[80.14400604421465,19.68644766329896],[80.14429224218848,19.686449027476932],[80.14429128217125,19.686629747327466],[80.14400460370334,19.686718743053092]]]},"id":"1197"},{"type":"Feature","properties":{"id":"1198","metrics:area":4400,"metrics:perimeter":273.0846899953387},"geometry":{"type":"Polygon","coordinates":[[[80.19647245794059,19.687413028848994],[80.19609220621886,19.687140237330475],[80.19609491198224,19.686598070661507],[80.19685721638898,19.686782208351616],[80.19647245794059,19.687413028848994]]]},"id":"1198"},{"type":"Feature","properties":{"id":"1199","metrics:area":900,"metrics:perimeter":132.11102550927978},"geometry":{"type":"Polygon","coordinates":[[[80.1590782263887,19.686699610050873],[80.15927044090482,19.686429422719737],[80.15955569708866,19.686611483135042],[80.15955522563856,19.686701843417353],[80.1590782263887,19.686699610050873]]]},"id":"1199"},{"type":"Feature","properties":{"id":"1200","metrics:area":900,"metrics:perimeter":126.05551275463989},"geometry":{"type":"Polygon","coordinates":[[[80.14629467090343,19.68663928389818],[80.14629562867373,19.686458563953074],[80.14658278427714,19.68627920452028],[80.14658086938914,19.68664064444117],[80.14629467090343,19.68663928389818]]]},"id":"1200"},{"type":"Feature","properties":{"id":"1201","metrics:area":1200,"metrics:perimeter":143.2455532033676},"geometry":{"type":"Polygon","coordinates":[[[80.15879155498936,19.686788629686564],[80.15850582737495,19.686696928338844],[80.1585077155137,19.686335487301577],[80.15879344249656,19.686427188626375],[80.15879155498936,19.686788629686564]]]},"id":"1201"},{"type":"Feature","properties":{"id":"1202","metrics:area":650,"metrics:perimeter":103.98345637668169},"geometry":{"type":"Polygon","coordinates":[[[80.19141937486215,19.686757802404635],[80.19142028201644,19.686577080386144],[80.19161153658827,19.68648757849897],[80.1917055768451,19.686759091032958],[80.19141937486215,19.686757802404635]]]},"id":"1202"},{"type":"Feature","properties":{"id":"1203","metrics:area":1000,"metrics:perimeter":131.2310562561766},"geometry":{"type":"Polygon","coordinates":[[[80.18073497662468,19.686619006490414],[80.18073589575809,19.68643828495043],[80.1811179559831,19.686349664917184],[80.1811165779288,19.686620747254427],[80.18073497662468,19.686619006490414]]]},"id":"1203"},{"type":"Feature","properties":{"id":"1204","metrics:area":3850,"metrics:perimeter":266.58516540523533},"geometry":{"type":"Polygon","coordinates":[[[80.17672677992968,19.686871761546207],[80.17663276517727,19.686600242069716],[80.17739827412706,19.686151936740956],[80.17729918222237,19.686874385197413],[80.17672677992968,19.686871761546207]]]},"id":"1204"},{"type":"Feature","properties":{"id":"1205","metrics:area":1300,"metrics:perimeter":166.39192214932638},"geometry":{"type":"Polygon","coordinates":[[[80.18874861252075,19.686655392264363],[80.1891324889488,19.6862053111996],[80.18932283476285,19.686296533709108],[80.1890348141322,19.686656685143085],[80.18874861252075,19.686655392264363]]]},"id":"1205"},{"type":"Feature","properties":{"id":"1206","metrics:area":600,"metrics:perimeter":100},"geometry":{"type":"Polygon","coordinates":[[[80.15087575478756,19.686299557533417],[80.15087718370366,19.68602847728032],[80.15106798219601,19.686029379463626],[80.1510665536009,19.686300459730145],[80.15087575478756,19.686299557533417]]]},"id":"1206"},{"type":"Feature","properties":{"id":"1207","metrics:area":600,"metrics:perimeter":100},"geometry":{"type":"Polygon","coordinates":[[[80.15698132202719,19.686328327292767],[80.15698274067174,19.686057246611682],[80.15717353949998,19.686058142308887],[80.15717212117643,19.686329223003302],[80.15698132202719,19.686328327292767]]]},"id":"1207"},{"type":"Feature","properties":{"id":"1208","metrics:area":8600,"metrics:perimeter":409.17396311223496},"geometry":{"type":"Polygon","coordinates":[[[80.172050771305,19.687121348477916],[80.17147790411894,19.68720906861692],[80.17157609286103,19.686667345472603],[80.17138529260794,19.68666646505253],[80.17119728184984,19.68612342110696],[80.17196001583513,19.686217302850643],[80.17233975825475,19.686580504548203],[80.172050771305,19.687121348477916]]]},"id":"1208"},{"type":"Feature","properties":{"id":"1209","metrics:area":600,"metrics:perimeter":104.72135954999578},"geometry":{"type":"Polygon","coordinates":[[[80.18674657046,19.68637524662512],[80.18674793902206,19.68610416389905],[80.18693919542133,19.68601466705674],[80.18693782718785,19.686285749798426],[80.18674657046,19.68637524662512]]]},"id":"1209"},{"type":"Feature","properties":{"id":"1210","metrics:area":900,"metrics:perimeter":138.1379615571165},"geometry":{"type":"Polygon","coordinates":[[[80.20964227586867,19.68656785098751],[80.20926155913668,19.686385448037157],[80.20954909190333,19.686115623960877],[80.20964227586867,19.68656785098751]]]},"id":"1210"},{"type":"Feature","properties":{"id":"1211","metrics:area":750,"metrics:perimeter":117.67828935632369},"geometry":{"type":"Polygon","coordinates":[[[80.29598151641974,19.68683677394942],[80.29598230627445,19.686656047555694],[80.29626930453152,19.686476443108212],[80.29626812024085,19.68674753271961],[80.29598151641974,19.68683677394942]]]},"id":"1211"},{"type":"Feature","properties":{"id":"1212","metrics:area":600,"metrics:perimeter":103.24555320336759},"geometry":{"type":"Polygon","coordinates":[[[80.15736386567377,19.68614939804023],[80.15736481100097,19.685968677565654],[80.15765148161732,19.68587966017539],[80.15765053661633,19.686060380665136],[80.15736386567377,19.68614939804023]]]},"id":"1212"},{"type":"Feature","properties":{"id":"1213","metrics:area":2550,"metrics:perimeter":290.50010596109746},"geometry":{"type":"Polygon","coordinates":[[[80.1610816236759,19.68670898167671],[80.16070284891369,19.686165036461095],[80.16099045951387,19.685895293043],[80.16117984678002,19.686167265453896],[80.16089270667361,19.68634664884508],[80.16136876424673,19.68652959800652],[80.1613678233821,19.686710318656107],[80.1610816236759,19.68670898167671]]]},"id":"1213"},{"type":"Feature","properties":{"id":"1214","metrics:area":850,"metrics:perimeter":141.52993742766873},"geometry":{"type":"Polygon","coordinates":[[[80.17262735089356,19.6863107418173],[80.17234161534327,19.68621906222826],[80.17215220869448,19.68594710090428],[80.17262827910656,19.686130020640576],[80.17262735089356,19.6863107418173]]]},"id":"1214"},{"type":"Feature","properties":{"id":"1215","metrics:area":1000,"metrics:perimeter":141.9803902718557},"geometry":{"type":"Polygon","coordinates":[[[80.18627002534912,19.686282724627837],[80.1863677075857,19.685831352437315],[80.1865585075685,19.68583221690236],[80.18646082586184,19.686283589215662],[80.18627002534912,19.686282724627837]]]},"id":"1215"},{"type":"Feature","properties":{"id":"1216","metrics:area":1100,"metrics:perimeter":137.2865690108165},"geometry":{"type":"Polygon","coordinates":[[[80.19275770124759,19.686221645856097],[80.1927586068738,19.686040923766985],[80.19304571297316,19.685861488110312],[80.19313930275281,19.686223361036934],[80.19275770124759,19.686221645856097]]]},"id":"1216"},{"type":"Feature","properties":{"id":"1217","metrics:area":700,"metrics:perimeter":112.36067977499789},"geometry":{"type":"Polygon","coordinates":[[[80.24713715516424,19.686277160136953],[80.24723340132724,19.686096835678857],[80.24751960595425,19.686098035307705],[80.24751876175694,19.6862787597593],[80.24713715516424,19.686277160136953]]]},"id":"1217"},{"type":"Feature","properties":{"id":"1218","metrics:area":1700,"metrics:perimeter":179.80406387751745},"geometry":{"type":"Polygon","coordinates":[[[80.19876792959627,19.68624856577449],[80.19896052799069,19.68588797234842],[80.19934257840124,19.685799313126022],[80.19914953173,19.68625026818518],[80.19876792959627,19.68624856577449]]]},"id":"1218"},{"type":"Feature","properties":{"id":"1219","metrics:area":1450,"metrics:perimeter":156.3441361516796},"geometry":{"type":"Polygon","coordinates":[[[80.22090091846972,19.686345965320918],[80.22080682862207,19.68607446637005],[80.22118930610355,19.68589539859158],[80.22118712177189,19.68634720693445],[80.22090091846972,19.686345965320918]]]},"id":"1219"},{"type":"Feature","properties":{"id":"1220","metrics:area":500,"metrics:perimeter":92.36067977499789},"geometry":{"type":"Polygon","coordinates":[[[80.13990773553577,19.68570518135842],[80.13990918286032,19.685434101865567],[80.1400999801011,19.685435015676266],[80.14009901543473,19.68561573534815],[80.13990773553577,19.68570518135842]]]},"id":"1220"},{"type":"Feature","properties":{"id":"1221","metrics:area":800,"metrics:perimeter":119.5153275036385},"geometry":{"type":"Polygon","coordinates":[[[80.1925678063502,19.686040065881027],[80.19247421795652,19.68567819269831],[80.19276041809616,19.685679479577733],[80.19275951248999,19.685860201674195],[80.1925678063502,19.686040065881027]]]},"id":"1221"},{"type":"Feature","properties":{"id":"1222","metrics:area":500,"metrics:perimeter":92.36067977499789},"geometry":{"type":"Polygon","coordinates":[[[80.16404417991714,19.68572881083988],[80.16414051701325,19.685548534157448],[80.16433131559008,19.68554942222728],[80.16433037809944,19.685730143033837],[80.16404417991714,19.68572881083988]]]},"id":"1222"},{"type":"Feature","properties":{"id":"1223","metrics:area":650,"metrics:perimeter":103.98345637668169},"geometry":{"type":"Polygon","coordinates":[[[80.17081707802866,19.68585057765813],[80.17072307388986,19.68557905543837],[80.17100927229343,19.685580376978006],[80.17100834229234,19.685761098091575],[80.17081707802866,19.68585057765813]]]},"id":"1223"},{"type":"Feature","properties":{"id":"1224","metrics:area":4050,"metrics:perimeter":360.4329142359194},"geometry":{"type":"Polygon","coordinates":[[[80.16661715956657,19.68628294688192],[80.1665240974194,19.685830701822315],[80.1660470998966,19.685828487062018],[80.16604850324761,19.685557405734787],[80.1670978961177,19.685562276462775],[80.16709649453207,19.685833357862464],[80.16690616278896,19.685742112257188],[80.16661715956657,19.68628294688192]]]},"id":"1224"},{"type":"Feature","properties":{"id":"1225","metrics:area":3450,"metrics:perimeter":251.75146786267345},"geometry":{"type":"Polygon","coordinates":[[[80.15889120123079,19.685975834189392],[80.15879863292608,19.68543322563502],[80.15965581071566,19.685708326758295],[80.15946359773922,19.685978514578903],[80.15889120123079,19.685975834189392]]]},"id":"1225"},{"type":"Feature","properties":{"id":"1226","metrics:area":500,"metrics:perimeter":92.36067977499789},"geometry":{"type":"Polygon","coordinates":[[[80.19218711159125,19.685857627433762],[80.19218847095974,19.685586544325986],[80.1923792709283,19.68558740259606],[80.19237836489914,19.68576812467734],[80.19218711159125,19.685857627433762]]]},"id":"1226"},{"type":"Feature","properties":{"id":"1227","metrics:area":2150,"metrics:perimeter":206.8271442154461},"geometry":{"type":"Polygon","coordinates":[[[80.15841373213834,19.68606395940013],[80.1582243497768,19.6857919842445],[80.15851290767989,19.68534152437325],[80.15869993050217,19.686065300589657],[80.15841373213834,19.68606395940013]]]},"id":"1227"},{"type":"Feature","properties":{"id":"1228","metrics:area":500,"metrics:perimeter":92.36067977499789},"geometry":{"type":"Polygon","coordinates":[[[80.1466820127847,19.685556778020363],[80.14668344869891,19.685285698041227],[80.14687424610301,19.68528660464773],[80.1468732890435,19.68546732464373],[80.1466820127847,19.685556778020363]]]},"id":"1228"},{"type":"Feature","properties":{"id":"1229","metrics:area":1350,"metrics:perimeter":199.7369709154825},"geometry":{"type":"Polygon","coordinates":[[[80.16452164554022,19.685640670502558],[80.16452305144352,19.685369589275364],[80.16490417980313,19.685461724802764],[80.16519131408607,19.685282334757087],[80.16509451000096,19.68555297247971],[80.16452164554022,19.685640670502558]]]},"id":"1229"},{"type":"Feature","properties":{"id":"1230","metrics:area":500,"metrics:perimeter":107.96691275336339},"geometry":{"type":"Polygon","coordinates":[[[80.17768816409793,19.685430362013285],[80.1773074888614,19.685247892656577],[80.1775941484485,19.685158842969074],[80.17768816409793,19.685430362013285]]]},"id":"1230"},{"type":"Feature","properties":{"id":"1231","metrics:area":600,"metrics:perimeter":111.2310562561766},"geometry":{"type":"Polygon","coordinates":[[[80.14124572714164,19.685259774554243],[80.14124765385337,19.68489833508341],[80.14134305218879,19.68489879129114],[80.14143652424308,19.68526068693713],[80.14124572714164,19.685259774554243]]]},"id":"1231"},{"type":"Feature","properties":{"id":"1232","metrics:area":750,"metrics:perimeter":123.07135789365265},"geometry":{"type":"Polygon","coordinates":[[[80.14057745531144,19.68534693946763],[80.14048302095232,19.685165763147708],[80.14048446726596,19.684894683597527],[80.14076921638404,19.685167132855316],[80.14057745531144,19.68534693946763]]]},"id":"1232"},{"type":"Feature","properties":{"id":"1233","metrics:area":600,"metrics:perimeter":100},"geometry":{"type":"Polygon","coordinates":[[[80.16252013879512,19.685269896289334],[80.1625215480375,19.684998815189964],[80.16271234588413,19.68499970495615],[80.16271093696274,19.685270786068763],[80.16252013879512,19.685269896289334]]]},"id":"1233"},{"type":"Feature","properties":{"id":"1234","metrics:area":650,"metrics:perimeter":103.98345637668169},"geometry":{"type":"Polygon","coordinates":[[[80.17034287216022,19.68530621104476],[80.17034426824283,19.685035129405126],[80.17053506651345,19.685036010861367],[80.17062953525442,19.685217172620607],[80.17034287216022,19.68530621104476]]]},"id":"1234"},{"type":"Feature","properties":{"id":"1235","metrics:area":500,"metrics:perimeter":107.96691275336339},"geometry":{"type":"Polygon","coordinates":[[[80.18436659591194,19.685370459009313],[80.18398591268341,19.68518800354537],[80.1842725688964,19.685098943058378],[80.18436659591194,19.685370459009313]]]},"id":"1235"},{"type":"Feature","properties":{"id":"1236","metrics:area":600,"metrics:perimeter":111.2310562561766},"geometry":{"type":"Polygon","coordinates":[[[80.16003976356268,19.685258310712598],[80.16004164811075,19.684896869474734],[80.16013704691164,19.684897315698368],[80.16023056159503,19.685259203126904],[80.16003976356268,19.685258310712598]]]},"id":"1236"},{"type":"Feature","properties":{"id":"1237","metrics:area":1050,"metrics:perimeter":135.2145126328583},"geometry":{"type":"Polygon","coordinates":[[[80.19839082396904,19.68534325082023],[80.19848757268484,19.68507259313643],[80.1988687226463,19.685164657236154],[80.19877242392305,19.68534495395727],[80.19839082396904,19.68534325082023]]]},"id":"1237"},{"type":"Feature","properties":{"id":"1238","metrics:area":500,"metrics:perimeter":92.36067977499789},"geometry":{"type":"Polygon","coordinates":[[[80.1530765926231,19.685044878586826],[80.15307801773753,19.684773798140945],[80.15326881485302,19.68477469793084],[80.15326786499332,19.684955418237934],[80.1530765926231,19.685044878586826]]]},"id":"1238"},{"type":"Feature","properties":{"id":"1239","metrics:area":600,"metrics:perimeter":100},"geometry":{"type":"Polygon","coordinates":[[[80.1865621577517,19.685109329604657],[80.18656307027226,19.68492860777104],[80.18684926866047,19.684929904024276],[80.18684835646087,19.685110625870742],[80.1865621577517,19.685109329604657]]]},"id":"1239"},{"type":"Feature","properties":{"id":"1240","metrics:area":900,"metrics:perimeter":123.24555320336759},"geometry":{"type":"Polygon","coordinates":[[[80.19896367322697,19.68525544403075],[80.19886962136489,19.684983934853793],[80.199155820722,19.68498521149716],[80.199249873073,19.68525672054109],[80.19896367322697,19.68525544403075]]]},"id":"1240"},{"type":"Feature","properties":{"id":"1241","metrics:area":900,"metrics:perimeter":123.5917360311745},"geometry":{"type":"Polygon","coordinates":[[[80.16299807319618,19.685091399603817],[80.16299948162056,19.68482031846584],[80.16319074864181,19.684730847330933],[80.16328427016947,19.68509273342366],[80.16299807319618,19.685091399603817]]]},"id":"1241"},{"type":"Feature","properties":{"id":"1242","metrics:area":1350,"metrics:perimeter":154.58193116710234},"geometry":{"type":"Polygon","coordinates":[[[80.16452492594497,19.68500814762625],[80.16452680040497,19.684646705962425],[80.16500332589987,19.684739285061827],[80.16490699027143,19.684919562276274],[80.16452492594497,19.68500814762625]]]},"id":"1242"},{"type":"Feature","properties":{"id":"1243","metrics:area":1100,"metrics:perimeter":166.5008380450606},"geometry":{"type":"Polygon","coordinates":[[[80.20459138197958,19.685461187652034],[80.20430741296508,19.685008113093616],[80.2043083055752,19.68482739046777],[80.20468812048536,19.68519052626914],[80.20459138197958,19.685461187652034]]]},"id":"1243"},{"type":"Feature","properties":{"id":"1244","metrics:area":1300,"metrics:perimeter":165.85852494097924},"geometry":{"type":"Polygon","coordinates":[[[80.16357140547636,19.68491334600328],[80.16357234377622,19.68473262521542],[80.16414567420325,19.684554569704087],[80.16404886887146,19.684825206836365],[80.16357140547636,19.68491334600328]]]},"id":"1244"},{"type":"Feature","properties":{"id":"1245","metrics:area":900,"metrics:perimeter":123.24555320336759},"geometry":{"type":"Polygon","coordinates":[[[80.15975639430306,19.684714809888636],[80.15966240962955,19.68444328254974],[80.15994860520638,19.68444462164348],[80.16004259036914,19.68471614885029],[80.15975639430306,19.684714809888636]]]},"id":"1245"},{"type":"Feature","properties":{"id":"1246","metrics:area":2250,"metrics:perimeter":199.28368573999558},"geometry":{"type":"Polygon","coordinates":[[[80.19343183783835,19.684959591981173],[80.19276449320002,19.68486623009819],[80.19295710300689,19.684505643472136],[80.19343319504534,19.6846885087629],[80.19343183783835,19.684959591981173]]]},"id":"1246"},{"type":"Feature","properties":{"id":"1247","metrics:area":1250,"metrics:perimeter":152.55646399802254},"geometry":{"type":"Polygon","coordinates":[[[80.17731025755737,19.68470572841013],[80.1772162429268,19.68443420918453],[80.17740750219674,19.68434472259795],[80.17778817546169,19.68452719168802],[80.17731025755737,19.68470572841013]]]},"id":"1247"},{"type":"Feature","properties":{"id":"1248","metrics:area":1150,"metrics:perimeter":154.17850021390794},"geometry":{"type":"Polygon","coordinates":[[[80.19934662030582,19.684986062339377],[80.19925346619577,19.684533830929436],[80.19944471427178,19.684444320439404],[80.19953741989957,19.684986912978907],[80.19934662030582,19.684986062339377]]]},"id":"1248"},{"type":"Feature","properties":{"id":"1249","metrics:area":1050,"metrics:perimeter":137.6782893563237},"geometry":{"type":"Polygon","coordinates":[[[80.14115514582926,19.684355719604742],[80.14096579525295,19.684083727354125],[80.14144278450961,19.684086008544277],[80.14144182142097,19.684266728307144],[80.14115514582926,19.684355719604742]]]},"id":"1249"},{"type":"Feature","properties":{"id":"1250","metrics:area":1000,"metrics:perimeter":131.2310562561766},"geometry":{"type":"Polygon","coordinates":[[[80.14611632489559,19.684289017159763],[80.14611728274214,19.684108297175825],[80.14649935342115,19.684019751282936],[80.14649791729717,19.684290831287207],[80.14611632489559,19.684289017159763]]]},"id":"1250"},{"type":"Feature","properties":{"id":"1251","metrics:area":1200,"metrics:perimeter":146.0555127546399},"geometry":{"type":"Polygon","coordinates":[[[80.2225310233777,19.684636122730083],[80.22253233159941,19.684365037588698],[80.22300933143542,19.68436710215842],[80.22281722375352,19.684637361642363],[80.2225310233777,19.684636122730083]]]},"id":"1251"},{"type":"Feature","properties":{"id":"1252","metrics:area":600,"metrics:perimeter":103.24555320336759},"geometry":{"type":"Polygon","coordinates":[[[80.28969328943131,19.684914350426386],[80.28978988625224,19.684643638487056],[80.28998068943224,19.684644393017916],[80.2898840929279,19.684915105069816],[80.28969328943131,19.684914350426386]]]},"id":"1252"},{"type":"Feature","properties":{"id":"1253","metrics:area":1000,"metrics:perimeter":135.95241580617238},"geometry":{"type":"Polygon","coordinates":[[[80.19982586338708,19.684536382480722],[80.19992305793157,19.68417536267501],[80.20020925592625,19.6841766375893],[80.20020835875022,19.684357360047237],[80.19982586338708,19.684536382480722]]]},"id":"1253"},{"type":"Feature","properties":{"id":"1254","metrics:area":650,"metrics:perimeter":103.98345637668169},"geometry":{"type":"Polygon","coordinates":[[[80.1405837218712,19.684172261351524],[80.14058468591732,19.68399154162756],[80.14077596339578,19.683902094788532],[80.14086991554568,19.684173630832408],[80.1405837218712,19.684172261351524]]]},"id":"1254"},{"type":"Feature","properties":{"id":"1255","metrics:area":500,"metrics:perimeter":92.36067977499789},"geometry":{"type":"Polygon","coordinates":[[[80.14449551732706,19.68410057816664],[80.14449695680503,19.683829498298685],[80.1446877523755,19.683830407163892],[80.14468679294012,19.684011127085796],[80.14449551732706,19.68410057816664]]]},"id":"1255"},{"type":"Feature","properties":{"id":"1256","metrics:area":600,"metrics:perimeter":103.24555320336759},"geometry":{"type":"Polygon","coordinates":[[[80.19190861669387,19.684320202017982],[80.19190997641599,19.684049118882523],[80.19219572054406,19.684140767611584],[80.19219526746383,19.68423112866312],[80.19190861669387,19.684320202017982]]]},"id":"1256"},{"type":"Feature","properties":{"id":"1257","metrics:area":950,"metrics:perimeter":136.34413615167958},"geometry":{"type":"Polygon","coordinates":[[[80.1770263682302,19.684252613437216],[80.17702867614523,19.683800809882808],[80.17712407470975,19.68380124705895],[80.17731302616144,19.684163564130625],[80.1770263682302,19.684252613437216]]]},"id":"1257"},{"type":"Feature","properties":{"id":"1258","metrics:area":500,"metrics:perimeter":92.36067977499789},"geometry":{"type":"Polygon","coordinates":[[[80.14964796399065,19.683944326602315],[80.1496493947874,19.6836732463648],[80.1498401904296,19.683674149749105],[80.1498392367817,19.683854869917322],[80.14964796399065,19.683944326602315]]]},"id":"1258"},{"type":"Feature","properties":{"id":"1259","metrics:area":500,"metrics:perimeter":92.36067977499789},"geometry":{"type":"Polygon","coordinates":[[[80.1398224686498,19.68380716779404],[80.13982391596673,19.683536088250037],[80.14001471095554,19.683537002066902],[80.1400137462942,19.683717721772894],[80.1398224686498,19.68380716779404]]]},"id":"1259"},{"type":"Feature","properties":{"id":"1260","metrics:area":500,"metrics:perimeter":124.7213595499958},"geometry":{"type":"Polygon","coordinates":[[[80.14869446180306,19.683849446517783],[80.14869541673471,19.683668726403354],[80.1488857349666,19.683759990863134],[80.14898208742422,19.68357972285846],[80.14898065551209,19.68385080305166],[80.14869446180306,19.683849446517783]]]},"id":"1260"},{"type":"Feature","properties":{"id":"1261","metrics:area":800,"metrics:perimeter":120},"geometry":{"type":"Polygon","coordinates":[[[80.14144471065492,19.68372456900752],[80.1414456737116,19.683543849233615],[80.14182726388111,19.683545673219474],[80.14182630125234,19.683726393011465],[80.14144471065492,19.68372456900752]]]},"id":"1261"},{"type":"Feature","properties":{"id":"1262","metrics:area":1900,"metrics:perimeter":193.16108002332075},"geometry":{"type":"Polygon","coordinates":[[[80.1900015413128,19.68413088372149],[80.18933420257986,19.684037509272276],[80.18933556661229,19.683766426301283],[80.18990750532302,19.683859370372435],[80.1900015413128,19.68413088372149]]]},"id":"1262"},{"type":"Feature","properties":{"id":"1263","metrics:area":1650,"metrics:perimeter":166.25129697766454},"geometry":{"type":"Polygon","coordinates":[[[80.19105093121433,19.684135614143518],[80.19086149450015,19.683863671452148],[80.19133939628361,19.683685098018923],[80.19143343462628,19.68395661070515],[80.19105093121433,19.684135614143518]]]},"id":"1263"},{"type":"Feature","properties":{"id":"1264","metrics:area":500,"metrics:perimeter":117.0820393249937},"geometry":{"type":"Polygon","coordinates":[[[80.15832966302416,19.68389486574337],[80.15814075537185,19.683532530252993],[80.1583320233214,19.683443064324177],[80.15832966302416,19.68389486574337]]]},"id":"1264"},{"type":"Feature","properties":{"id":"1265","metrics:area":750,"metrics:perimeter":111.6227766016838},"geometry":{"type":"Polygon","coordinates":[[[80.19963820666757,19.683903003648837],[80.19963955335356,19.683631919984727],[80.19983035135739,19.683632770256974],[80.19992440415847,19.683904279000178],[80.19963820666757,19.683903003648837]]]},"id":"1265"},{"type":"Feature","properties":{"id":"1266","metrics:area":700,"metrics:perimeter":120.6449510224598},"geometry":{"type":"Polygon","coordinates":[[[80.15775869123478,19.683621101202718],[80.15776010836025,19.683350020385618],[80.15795184854403,19.683170194580725],[80.15794995948697,19.683531635693466],[80.15775869123478,19.683621101202718]]]},"id":"1266"},{"type":"Feature","properties":{"id":"1267","metrics:area":900,"metrics:perimeter":123.24555320336759},"geometry":{"type":"Polygon","coordinates":[[[80.2183378045554,19.683714283355616],[80.21843451908687,19.683443613682034],[80.21872027887751,19.683535220692445],[80.21871940249609,19.683715943973194],[80.2183378045554,19.683714283355616]]]},"id":"1267"},{"type":"Feature","properties":{"id":"1268","metrics:area":500,"metrics:perimeter":89.44271909999159},"geometry":{"type":"Polygon","coordinates":[[[80.16529607672325,19.683475569490295],[80.16520161503621,19.68329440514589],[80.16539287908364,19.68320493153914],[80.1654873409415,19.68338609579065],[80.16529607672325,19.683475569490295]]]},"id":"1268"},{"type":"Feature","properties":{"id":"1269","metrics:area":1350,"metrics:perimeter":148.4551616609594},"geometry":{"type":"Polygon","coordinates":[[[80.17655260704396,19.683617901835557],[80.17645859426764,19.683346382249603],[80.17674571256411,19.683166973081136],[80.1769351240833,19.683438929804595],[80.17655260704396,19.683617901835557]]]},"id":"1269"},{"type":"Feature","properties":{"id":"1270","metrics:area":600,"metrics:perimeter":114.04918347287665},"geometry":{"type":"Polygon","coordinates":[[[80.17101996656679,19.68350208390777],[80.17073516714058,19.683229680797865],[80.17102182630157,19.68314064158506],[80.17101996656679,19.68350208390777]]]},"id":"1270"},{"type":"Feature","properties":{"id":"1271","metrics:area":600,"metrics:perimeter":100},"geometry":{"type":"Polygon","coordinates":[[[80.20841671573821,19.683580461325175],[80.20841804763081,19.683309377071243],[80.20860884566093,19.68331021800382],[80.20860751408928,19.683581302270273],[80.20841671573821,19.683580461325175]]]},"id":"1271"},{"type":"Feature","properties":{"id":"1272","metrics:area":600,"metrics:perimeter":111.2310562561766},"geometry":{"type":"Polygon","coordinates":[[[80.1644384313031,19.68329085573892],[80.16443936854677,19.683110134878323],[80.1648204915581,19.683202270409083],[80.16482002314892,19.68329263084773],[80.1644384313031,19.68329085573892]]]},"id":"1272"},{"type":"Feature","properties":{"id":"1273","metrics:area":1000,"metrics:perimeter":129.64724878581438},"geometry":{"type":"Polygon","coordinates":[[[80.19916255838743,19.68362979341742],[80.19897310820532,19.683357858807742],[80.19935515255489,19.683269199323316],[80.19935380541726,19.683540282979468],[80.19916255838743,19.68362979341742]]]},"id":"1273"},{"type":"Feature","properties":{"id":"1274","metrics:area":1550,"metrics:perimeter":161.76706744056355},"geometry":{"type":"Polygon","coordinates":[[[80.18990886837751,19.6835882873575],[80.18971943424602,19.68331634353595],[80.19010193704423,19.683137342901375],[80.19019506462286,19.683589578194223],[80.18990886837751,19.6835882873575]]]},"id":"1274"},{"type":"Feature","properties":{"id":"1275","metrics:area":600,"metrics:perimeter":115.95241580617241},"geometry":{"type":"Polygon","coordinates":[[[80.17788956876196,19.683352938969186],[80.17750889809506,19.683170470166225],[80.17789095199784,19.683081856753212],[80.17788956876196,19.683352938969186]]]},"id":"1275"},{"type":"Feature","properties":{"id":"1276","metrics:area":2300,"metrics:perimeter":186.61252877835113},"geometry":{"type":"Polygon","coordinates":[[[80.18227697686883,19.683553696829108],[80.18218341302904,19.683191819057516],[80.18237512680821,19.68301196617376],[80.18266086309349,19.68310362982835],[80.18275488632815,19.68337514654425],[80.18227697686883,19.683553696829108]]]},"id":"1276"},{"type":"Feature","properties":{"id":"1277","metrics:area":900,"metrics:perimeter":123.24555320336759},"geometry":{"type":"Polygon","coordinates":[[[80.19992709654525,19.683362111625737],[80.19983304402045,19.68309060287865],[80.20021463877413,19.683092302764543],[80.20021374165762,19.683273025244517],[80.19992709654525,19.683362111625737]]]},"id":"1277"},{"type":"Feature","properties":{"id":"1278","metrics:area":600,"metrics:perimeter":106.05551275463989},"geometry":{"type":"Polygon","coordinates":[[[80.20278951017058,19.68328447838387],[80.2027908515089,19.683013394492132],[80.2030770476403,19.683014664764244],[80.20307660069047,19.683105026068706],[80.20278951017058,19.68328447838387]]]},"id":"1278"},{"type":"Feature","properties":{"id":"1279","metrics:area":1150,"metrics:perimeter":139.9358721828541},"geometry":{"type":"Polygon","coordinates":[[[80.20898999810983,19.683402260692375],[80.20889593010574,19.683130756161287],[80.20927796926993,19.68304207535335],[80.20937248130397,19.683223218266782],[80.20898999810983,19.683402260692375]]]},"id":"1279"},{"type":"Feature","properties":{"id":"1280","metrics:area":900,"metrics:perimeter":133.84402799378825},"geometry":{"type":"Polygon","coordinates":[[[80.16071885439797,19.68309278525653],[80.16062486891586,19.682821258348117],[80.16110138638825,19.682913847541585],[80.16110091590082,19.683004207896982],[80.16071885439797,19.68309278525653]]]},"id":"1280"},{"type":"Feature","properties":{"id":"1281","metrics:area":650,"metrics:perimeter":103.98345637668169},"geometry":{"type":"Polygon","coordinates":[[[80.16844608049948,19.68312873290525],[80.16835208180997,19.682857209565793],[80.16863827520612,19.68285853470867],[80.1686373426849,19.683039255768012],[80.16844608049948,19.68312873290525]]]},"id":"1281"},{"type":"Feature","properties":{"id":"1282","metrics:area":950,"metrics:perimeter":128.7048159266775},"geometry":{"type":"Polygon","coordinates":[[[80.17054530139134,19.683048078488522],[80.17054669696002,19.682776996766858],[80.17083335539736,19.682687957825042],[80.17092782320998,19.682869119436365],[80.17054530139134,19.683048078488522]]]},"id":"1282"},{"type":"Feature","properties":{"id":"1283","metrics:area":1250,"metrics:perimeter":165.02143751025633},"geometry":{"type":"Polygon","coordinates":[[[80.21958106192693,19.683087145770298],[80.21910362830691,19.683175433877405],[80.21910581809978,19.68272362559995],[80.21958106192693,19.683087145770298]]]},"id":"1283"},{"type":"Feature","properties":{"id":"1284","metrics:area":1550,"metrics:perimeter":162.8538328578604},"geometry":{"type":"Polygon","coordinates":[[[80.1726454491954,19.68278667820809],[80.17264730521079,19.682425235707612],[80.17312429345877,19.682427432571735],[80.1730275044382,19.68269807520312],[80.1726454491954,19.68278667820809]]]},"id":"1284"},{"type":"Feature","properties":{"id":"1285","metrics:area":1050,"metrics:perimeter":137.6782893563237},"geometry":{"type":"Polygon","coordinates":[[[80.22005805764405,19.683089218050153],[80.21977229779309,19.682997613165263],[80.21977404811513,19.68263616648022],[80.22005936991505,19.682818133021993],[80.22005805764405,19.683089218050153]]]},"id":"1285"},{"type":"Feature","properties":{"id":"1286","metrics:area":800,"metrics:perimeter":128.2842712474619},"geometry":{"type":"Polygon","coordinates":[[[80.14994178601361,19.68249992015308],[80.14994273947545,19.682319199952804],[80.15041972462875,19.68232145710565],[80.1502279774186,19.68250127461021],[80.14994178601361,19.68249992015308]]]},"id":"1286"},{"type":"Feature","properties":{"id":"1287","metrics:area":500,"metrics:perimeter":92.36067977499789},"geometry":{"type":"Polygon","coordinates":[[[80.20221980159174,19.682739768717717],[80.20231609485768,19.682559469906533],[80.20250689171651,19.682560317290925],[80.20250599719722,19.68274103988291],[80.20221980159174,19.682739768717717]]]},"id":"1287"},{"type":"Feature","properties":{"id":"1288","metrics:area":1400,"metrics:perimeter":163.1883050779801},"geometry":{"type":"Polygon","coordinates":[[[80.16367900007157,19.682564419765857],[80.1635845407302,19.68238325463864],[80.16415739392296,19.6822955591692],[80.16415598764216,19.682566640463715],[80.16367900007157,19.682564419765857]]]},"id":"1288"},{"type":"Feature","properties":{"id":"1289","metrics:area":700,"metrics:perimeter":112.36067977499789},"geometry":{"type":"Polygon","coordinates":[[[80.18161377701934,19.68264704648656],[80.1816156129032,19.682285603163578],[80.18180640846053,19.68228647252781],[80.18180503187236,19.682557555034357],[80.18161377701934,19.68264704648656]]]},"id":"1289"},{"type":"Feature","properties":{"id":"1290","metrics:area":500,"metrics:perimeter":92.36067977499789},"geometry":{"type":"Polygon","coordinates":[[[80.21881962137677,19.682722380888702],[80.21882093570483,19.682451295929738],[80.21901173319681,19.68245212577555],[80.21901085719449,19.68263284909068],[80.21881962137677,19.682722380888702]]]},"id":"1290"},{"type":"Feature","properties":{"id":"1291","metrics:area":500,"metrics:perimeter":92.36067977499789},"geometry":{"type":"Polygon","coordinates":[[[80.19993113495794,19.68254886050209],[80.19993248105082,19.68227777677769],[80.20012327746487,19.6822786266827],[80.20012238028603,19.682459349174984],[80.19993113495794,19.68254886050209]]]},"id":"1291"},{"type":"Feature","properties":{"id":"1292","metrics:area":600,"metrics:perimeter":111.2310562561766},"geometry":{"type":"Polygon","coordinates":[[[80.21195223246659,19.68242128650728],[80.21195400027463,19.682059840477827],[80.21204939863024,19.682060259065683],[80.21214302960816,19.682422123648934],[80.21195223246659,19.68242128650728]]]},"id":"1292"},{"type":"Feature","properties":{"id":"1293","metrics:area":1450,"metrics:perimeter":225.03880705926107},"geometry":{"type":"Polygon","coordinates":[[[80.19707008573293,19.68235536506274],[80.19697558825476,19.68217421615744],[80.19745392889085,19.681905264811608],[80.19735763070494,19.682085560851483],[80.19764292485728,19.682267562110333],[80.19726088210481,19.682356218011844],[80.19716638440771,19.6821750691994],[80.19707008573293,19.68235536506274]]]},"id":"1293"},{"type":"Feature","properties":{"id":"1294","metrics:area":1000,"metrics:perimeter":131.2310562561766},"geometry":{"type":"Polygon","coordinates":[[[80.23771207158802,19.682080657244608],[80.23771335408632,19.68180957105587],[80.23809494926365,19.6818111903529],[80.23809409469506,19.68199191449571],[80.23771207158802,19.682080657244608]]]},"id":"1294"},{"type":"Feature","properties":{"id":"1295","metrics:area":2150,"metrics:perimeter":193.04887669508665},"geometry":{"type":"Polygon","coordinates":[[[80.15347575434922,19.681703351583096],[80.15290384896485,19.68161029249128],[80.15290574914076,19.681248851773052],[80.15338225672025,19.68134146113148],[80.15347575434922,19.681703351583096]]]},"id":"1295"},{"type":"Feature","properties":{"id":"1296","metrics:area":1800,"metrics:perimeter":174.2955328423773},"geometry":{"type":"Polygon","coordinates":[[[80.2058494013475,19.681852222720245],[80.20546870015936,19.68166981216854],[80.20566127796135,19.68130921065864],[80.20604108804507,19.68167234355644],[80.2058494013475,19.681852222720245]]]},"id":"1296"},{"type":"Feature","properties":{"id":"1297","metrics:area":1850,"metrics:perimeter":181.76706744056355},"geometry":{"type":"Polygon","coordinates":[[[80.2041317897905,19.681934982525153],[80.20403862358174,19.68148275303818],[80.20442110723049,19.681303721154126],[80.20441887643538,19.681755527901345],[80.2041317897905,19.681934982525153]]]},"id":"1297"},{"type":"Feature","properties":{"id":"1298","metrics:area":500,"metrics:perimeter":89.44271909999159},"geometry":{"type":"Polygon","coordinates":[[[80.20489675825642,19.68157691759777],[80.20480225224006,19.681395772504015],[80.20499349366987,19.681306255835494],[80.20508799985654,19.681487400836044],[80.20489675825642,19.68157691759777]]]},"id":"1298"},{"type":"Feature","properties":{"id":"1299","metrics:area":650,"metrics:perimeter":103.98345637668169},"geometry":{"type":"Polygon","coordinates":[[[80.28818003650734,19.681926324428876],[80.28798963592456,19.681835204995743],[80.28799043452541,19.681654478814632],[80.28827663387706,19.681655613237695],[80.28818003650734,19.681926324428876]]]},"id":"1299"},{"type":"Feature","properties":{"id":"1300","metrics:area":1150,"metrics:perimeter":142.8538328578604},"geometry":{"type":"Polygon","coordinates":[[[80.14222136173596,19.681198138528988],[80.14174438093048,19.68119585972718],[80.14174534351714,19.681015139888213],[80.1421274088038,19.680926603082984],[80.14222136173596,19.681198138528988]]]},"id":"1300"},{"type":"Feature","properties":{"id":"1301","metrics:area":1300,"metrics:perimeter":155.49823185463148},"geometry":{"type":"Polygon","coordinates":[[[80.1768489586951,19.681631278101687],[80.17665954932774,19.681359321315032],[80.17666093448116,19.68108823912297],[80.17704159929013,19.681270709553626],[80.1768489586951,19.681631278101687]]]},"id":"1301"},{"type":"Feature","properties":{"id":"1302","metrics:area":3800,"metrics:perimeter":284.60449776779467},"geometry":{"type":"Polygon","coordinates":[[[80.19058483076438,19.68196480006849],[80.19106635627439,19.681063338713727],[80.19125715083375,19.681064197986846],[80.19125352252455,19.681787086452882],[80.19058483076438,19.68196480006849]]]},"id":"1302"},{"type":"Feature","properties":{"id":"1303","metrics:area":800,"metrics:perimeter":124.7213595499958},"geometry":{"type":"Polygon","coordinates":[[[80.19478549732887,19.68135114140566],[80.19478685198935,19.681080057988012],[80.19516753883188,19.681262490724873],[80.19516708748985,19.681352851871655],[80.19478549732887,19.68135114140566]]]},"id":"1303"},{"type":"Feature","properties":{"id":"1304","metrics:area":2050,"metrics:perimeter":226.099386061228},"geometry":{"type":"Polygon","coordinates":[[[80.23065385014911,19.68177946784256],[80.23056017754718,19.681417611483297],[80.23113343032433,19.68123933901589],[80.23113213679694,19.681510424803616],[80.23084594141177,19.681509199329525],[80.23094004600135,19.68178069363887],[80.23065385014911,19.68177946784256]]]},"id":"1304"},{"type":"Feature","properties":{"id":"1305","metrics:area":600,"metrics:perimeter":100},"geometry":{"type":"Polygon","coordinates":[[[80.17895046197836,19.681098720670654],[80.17895138283407,19.68091799910071],[80.17923757355355,19.68091930722946],[80.17923665301872,19.68110002881238],[80.17895046197836,19.681098720670654]]]},"id":"1305"},{"type":"Feature","properties":{"id":"1306","metrics:area":700,"metrics:perimeter":120.6449510224598},"geometry":{"type":"Polygon","coordinates":[[[80.20795038084424,19.68140968406326],[80.20795171336235,19.681138599774528],[80.20814339691968,19.680958718241538],[80.20814162067151,19.681320163982054],[80.20795038084424,19.68140968406326]]]},"id":"1306"},{"type":"Feature","properties":{"id":"1307","metrics:area":1750,"metrics:perimeter":170.99019513592785},"geometry":{"type":"Polygon","coordinates":[[[80.2940006250718,19.681678205938937],[80.294001812847,19.68140711630735],[80.29447920732085,19.681318627549565],[80.29447762469475,19.6816800804307],[80.2940006250718,19.681678205938937]]]},"id":"1307"},{"type":"Feature","properties":{"id":"1308","metrics:area":3250,"metrics:perimeter":269.4288261470183},"geometry":{"type":"Polygon","coordinates":[[[80.14231723887883,19.681108234204785],[80.14222328582908,19.68083669880216],[80.14184122080184,19.680925235822247],[80.14184266449347,19.68065415604736],[80.14260631206581,19.680567441063722],[80.14269978487958,19.6809293362367],[80.14231723887883,19.681108234204785]]]},"id":"1308"},{"type":"Feature","properties":{"id":"1309","metrics:area":750,"metrics:perimeter":111.6227766016838},"geometry":{"type":"Polygon","coordinates":[[[80.20404040904889,19.681121307664775],[80.20404174812336,19.68085022362508],[80.2042325430387,19.68085106910584],[80.20432660190697,19.68112257582879],[80.20404040904889,19.681121307664775]]]},"id":"1309"},{"type":"Feature","properties":{"id":"1310","metrics:area":600,"metrics:perimeter":100},"geometry":{"type":"Polygon","coordinates":[[[80.21090948626642,19.681061256262264],[80.21091037127864,19.680880533267544],[80.21119656418621,19.680881790469968],[80.21119567949489,19.68106251347716],[80.21090948626642,19.681061256262264]]]},"id":"1310"},{"type":"Feature","properties":{"id":"1311","metrics:area":1400,"metrics:perimeter":153.84402799378825},"geometry":{"type":"Polygon","coordinates":[[[80.22769909289758,19.681224603451913],[80.22760499412273,19.680953107622816],[80.2280824173078,19.68086479650921],[80.2280811186745,19.68113588211309],[80.22769909289758,19.681224603451913]]]},"id":"1311"},{"type":"Feature","properties":{"id":"1312","metrics:area":600,"metrics:perimeter":100},"geometry":{"type":"Polygon","coordinates":[[[80.2287489059574,19.681138751071128],[80.22875020346753,19.68086766542456],[80.2289409995347,19.680868484658703],[80.22893970234549,19.681139570317463],[80.2287489059574,19.681138751071128]]]},"id":"1312"},{"type":"Feature","properties":{"id":"1313","metrics:area":800,"metrics:perimeter":167.82359378457355},"geometry":{"type":"Polygon","coordinates":[[[80.14288961562828,19.681110966777712],[80.1427971036792,19.68056835179295],[80.14270218861243,19.680477536505606],[80.14289298012417,19.680478447129],[80.1429869341336,19.680749982226452],[80.14288961562828,19.681110966777712]]]},"id":"1313"},{"type":"Feature","properties":{"id":"1314","metrics:area":1400,"metrics:perimeter":162.61297173761164},"geometry":{"type":"Polygon","coordinates":[[[80.26862678588301,19.68103448055952],[80.26872341514733,19.680763780882007],[80.26919999959466,19.680856085144587],[80.26919917995528,19.681036810591486],[80.26862678588301,19.68103448055952]]]},"id":"1314"},{"type":"Feature","properties":{"id":"1315","metrics:area":900,"metrics:perimeter":123.24555320336759},"geometry":{"type":"Polygon","coordinates":[[[80.17284737782404,19.68061890179515],[80.17284923316525,19.680257459189033],[80.17304002589984,19.680258337779424],[80.17313403125024,19.68052985897421],[80.17284737782404,19.68061890179515]]]},"id":"1315"},{"type":"Feature","properties":{"id":"1316","metrics:area":700,"metrics:perimeter":112.36067977499789},"geometry":{"type":"Polygon","coordinates":[[[80.18916113941924,19.68051256873068],[80.18925744559486,19.680332277345858],[80.18954363601097,19.680333569015954],[80.18954272706354,19.68051429107588],[80.18916113941924,19.68051256873068]]]},"id":"1316"},{"type":"Feature","properties":{"id":"1317","metrics:area":800,"metrics:perimeter":115.60623297836548},"geometry":{"type":"Polygon","coordinates":[[[80.21663555147748,19.680634505813707],[80.21654147187226,19.680363004816886],[80.21682810342061,19.680273891382484],[80.21682678589762,19.680544976277695],[80.21663555147748,19.680634505813707]]]},"id":"1317"},{"type":"Feature","properties":{"id":"1318","metrics:area":600,"metrics:perimeter":112.11102550927978},"geometry":{"type":"Polygon","coordinates":[[[80.2823654733221,19.680818808965373],[80.28208008101159,19.680636939201754],[80.28236708304051,19.68045735700365],[80.2823654733221,19.680818808965373]]]},"id":"1318"},{"type":"Feature","properties":{"id":"1319","metrics:area":1150,"metrics:perimeter":142.8538328578604},"geometry":{"type":"Polygon","coordinates":[[[80.21138957062082,19.68043082079679],[80.21129550006654,19.68015931735401],[80.21177248616769,19.680161411341768],[80.21177160215728,19.680342134388578],[80.21138957062082,19.68043082079679]]]},"id":"1319"},{"type":"Feature","properties":{"id":"1320","metrics:area":1200,"metrics:perimeter":144.23668705363428},"geometry":{"type":"Polygon","coordinates":[[[80.2233142617588,19.680482784987195],[80.22312433768933,19.680301236255698],[80.22312564460115,19.68003015094532],[80.22350679883229,19.680122162872664],[80.2233142617588,19.680482784987195]]]},"id":"1320"},{"type":"Feature","properties":{"id":"1321","metrics:area":700,"metrics:perimeter":112.36067977499789},"geometry":{"type":"Polygon","coordinates":[[[80.27578456049986,19.680430934859768],[80.27588077142092,19.680250593783864],[80.27616696751728,19.680251747424904],[80.27616615571839,19.68043247316441],[80.27578456049986,19.680430934859768]]]},"id":"1321"},{"type":"Feature","properties":{"id":"1322","metrics:area":800,"metrics:perimeter":122.4621125123532},"geometry":{"type":"Polygon","coordinates":[[[80.27912311563372,19.680534730468242],[80.27912432836132,19.68026364168337],[80.27950551943928,19.680355535816847],[80.27950511541069,19.68044589875273],[80.27912311563372,19.680534730468242]]]},"id":"1322"},{"type":"Feature","properties":{"id":"1323","metrics:area":600,"metrics:perimeter":100},"geometry":{"type":"Polygon","coordinates":[[[80.27626196037572,19.680342494742714],[80.27626277206316,19.680161768997568],[80.27654896802599,19.680162922024945],[80.27654815665947,19.68034364778153],[80.27626196037572,19.680342494742714]]]},"id":"1323"},{"type":"Feature","properties":{"id":"1324","metrics:area":1150,"metrics:perimeter":147.5751924078562},"geometry":{"type":"Polygon","coordinates":[[[80.21129594233548,19.680068955839626],[80.21148850528509,19.679708347499172],[80.21177469615091,19.679709603708694],[80.21167797305014,19.679980269599213],[80.21129594233548,19.680068955839626]]]},"id":"1324"},{"type":"Feature","properties":{"id":"1325","metrics:area":1000,"metrics:perimeter":140},"geometry":{"type":"Polygon","coordinates":[[[80.18964085047213,19.679972555331933],[80.18964312247905,19.679520750137012],[80.18983391514476,19.679521610857375],[80.18983164367263,19.67997341607364],[80.18964085047213,19.679972555331933]]]},"id":"1325"},{"type":"Feature","properties":{"id":"1326","metrics:area":600,"metrics:perimeter":111.2310562561766},"geometry":{"type":"Polygon","coordinates":[[[80.22865869832006,19.680053998760524],[80.22875582576262,19.679692960860663],[80.22885122309974,19.679693370476663],[80.22884949341976,19.68005481805941],[80.22865869832006,19.680053998760524]]]},"id":"1326"},{"type":"Feature","properties":{"id":"1327","metrics:area":700,"metrics:perimeter":124.72135954999578},"geometry":{"type":"Polygon","coordinates":[[[80.21205956153746,19.679981944063577],[80.21196504818889,19.679800802461024],[80.21196637383595,19.679529717860458],[80.21225079752502,19.679892419454816],[80.21205956153746,19.679981944063577]]]},"id":"1327"},{"type":"Feature","properties":{"id":"1328","metrics:area":1000,"metrics:perimeter":135.95241580617238},"geometry":{"type":"Polygon","coordinates":[[[80.2111073598619,19.679616310329116],[80.21110868693823,19.679345225779134],[80.21149071600938,19.67925653987431],[80.21148983172701,19.67943726292701],[80.2111073598619,19.679616310329116]]]},"id":"1328"},{"type":"Feature","properties":{"id":"1329","metrics:area":500,"metrics:perimeter":92.36067977499789},"geometry":{"type":"Polygon","coordinates":[[[80.2688237341814,19.679679816613948],[80.26882496417683,19.679408728424093],[80.2690157602755,19.679409505032076],[80.26901494049474,19.679590230500597],[80.2688237341814,19.679679816613948]]]},"id":"1329"},{"type":"Feature","properties":{"id":"1330","metrics:area":550,"metrics:perimeter":137.04570789056774},"geometry":{"type":"Polygon","coordinates":[[[80.16207368915506,19.679394245999504],[80.16207462884967,19.679213525170095],[80.16188524772869,19.67894155373938],[80.16217143369765,19.678942888932966],[80.16207368915506,19.679394245999504]]]},"id":"1330"},{"type":"Feature","properties":{"id":"1331","metrics:area":650,"metrics:perimeter":103.98345637668169},"geometry":{"type":"Polygon","coordinates":[[[80.22742112972425,19.679506497181805],[80.22732703231753,19.679235001205427],[80.22761322342615,19.67923623215052],[80.2276123572244,19.67941695590004],[80.22742112972425,19.679506497181805]]]},"id":"1331"},{"type":"Feature","properties":{"id":"1332","metrics:area":900,"metrics:perimeter":120},"geometry":{"type":"Polygon","coordinates":[[[80.1871646418624,19.679148098383386],[80.18716600917735,19.678877015411175],[80.18745219686038,19.67887831032195],[80.1874508300267,19.67914939331343],[80.1871646418624,19.679148098383386]]]},"id":"1332"},{"type":"Feature","properties":{"id":"1333","metrics:area":750,"metrics:perimeter":130.99019513592785},"geometry":{"type":"Polygon","coordinates":[[[80.21406598667748,19.679358190649673],[80.21406819013339,19.678906382726467],[80.21416358667082,19.678906800127237],[80.21425678028959,19.679359025421263],[80.21406598667748,19.679358190649673]]]},"id":"1333"},{"type":"Feature","properties":{"id":"1334","metrics:area":1800,"metrics:perimeter":222.93865081226198},"geometry":{"type":"Polygon","coordinates":[[[80.14929213435802,19.67906307414171],[80.14919960159845,19.67852046157127],[80.14938896029045,19.67879244558128],[80.14986593493624,19.678794703817115],[80.14967371470051,19.679064881061183],[80.14929213435802,19.67906307414171]]]},"id":"1334"},{"type":"Feature","properties":{"id":"1335","metrics:area":1450,"metrics:perimeter":205.46680459547204},"geometry":{"type":"Polygon","coordinates":[[[80.29153016020632,19.67940935885915],[80.29143674824321,19.67895716661798],[80.29172294301907,19.678958295401063],[80.2916263531493,19.67922900875673],[80.2919129454644,19.67913977405929],[80.29191215137273,19.67932050044509],[80.29153016020632,19.67940935885915]]]},"id":"1335"},{"type":"Feature","properties":{"id":"1336","metrics:area":700,"metrics:perimeter":112.36067977499789},"geometry":{"type":"Polygon","coordinates":[[[80.17810387183856,19.678745413320378],[80.17810525436347,19.678474330950866],[80.17829650596987,19.67838484308631],[80.17829466303617,19.678746286264815],[80.17810387183856,19.678745413320378]]]},"id":"1336"},{"type":"Feature","properties":{"id":"1337","metrics:area":600,"metrics:perimeter":100},"geometry":{"type":"Polygon","coordinates":[[[80.21883845799526,19.678836829021],[80.21883977201077,19.67856574394366],[80.21903056490326,19.678566573612496],[80.21902925120861,19.67883765870219],[80.21883845799526,19.678836829021]]]},"id":"1337"},{"type":"Feature","properties":{"id":"1338","metrics:area":500,"metrics:perimeter":92.36067977499789},"geometry":{"type":"Polygon","coordinates":[[[80.22885511473974,19.678880113361785],[80.22885641191003,19.678609027640313],[80.22904720530795,19.678609846671566],[80.22904634074406,19.678790570494918],[80.22885511473974,19.678880113361785]]]},"id":"1338"},{"type":"Feature","properties":{"id":"1339","metrics:area":2400,"metrics:perimeter":245.7076657157208},"geometry":{"type":"Polygon","coordinates":[[[80.22732789883055,19.67905427746444],[80.22723423511731,19.678692419567348],[80.22761538888858,19.678784422760657],[80.22761668813729,19.67851333711573],[80.227902877984,19.678514567556082],[80.22770948655234,19.67905591860697],[80.22732789883055,19.67905427746444]]]},"id":"1339"},{"type":"Feature","properties":{"id":"1340","metrics:area":1050,"metrics:perimeter":135.2145126328583},"geometry":{"type":"Polygon","coordinates":[[[80.17257093155214,19.678720009794677],[80.1724773920868,19.67835812766016],[80.17276404162124,19.678269085269385],[80.17276218629189,19.678630527947636],[80.17257093155214,19.678720009794677]]]},"id":"1340"},{"type":"Feature","properties":{"id":"1341","metrics:area":1050,"metrics:perimeter":131.6227766016838},"geometry":{"type":"Polygon","coordinates":[[[80.16713432918303,19.67851415716761],[80.16723112517602,19.678243517856302],[80.16751731029682,19.67824484448747],[80.1675159099806,19.678515926136793],[80.16713432918303,19.67851415716761]]]},"id":"1341"},{"type":"Feature","properties":{"id":"1342","metrics:area":600,"metrics:perimeter":111.2310562561766},"geometry":{"type":"Polygon","coordinates":[[[80.22828359906508,19.678696931226725],[80.22828446447981,19.678516207434043],[80.22866561852166,19.678608208406445],[80.228665186027,19.678698570310456],[80.22828359906508,19.678696931226725]]]},"id":"1342"},{"type":"Feature","properties":{"id":"1343","metrics:area":600,"metrics:perimeter":103.24555320336759},"geometry":{"type":"Polygon","coordinates":[[[80.17543418316014,19.678462088636426],[80.17543510782518,19.678281367173614],[80.17572175577719,19.678192319997304],[80.1757208314381,19.67837304147498],[80.17543418316014,19.678462088636426]]]},"id":"1343"},{"type":"Feature","properties":{"id":"1344","metrics:area":700,"metrics:perimeter":110.77687230463567},"geometry":{"type":"Polygon","coordinates":[[[80.20376627141512,19.678680282560013],[80.20367176826532,19.678499136917015],[80.2039588491236,19.678319682765217],[80.20395751009609,19.678590766875732],[80.20376627141512,19.678680282560013]]]},"id":"1344"},{"type":"Feature","properties":{"id":"1345","metrics:area":600,"metrics:perimeter":104.7213595499958},"geometry":{"type":"Polygon","coordinates":[[[80.27913079590203,19.678817834691454],[80.27922700211442,19.678637491641947],[80.27951319555798,19.678638639860935],[80.27941698965975,19.678818983073803],[80.27913079590203,19.678817834691454]]]},"id":"1345"},{"type":"Feature","properties":{"id":"1346","metrics:area":1400,"metrics:perimeter":155.95241580617238},"geometry":{"type":"Polygon","coordinates":[[[80.14920007864247,19.678430101449067],[80.14920198679212,19.678068660951045],[80.14958404158821,19.67798010783876],[80.1495826111295,19.678251188243305],[80.14920007864247,19.678430101449067]]]},"id":"1346"},{"type":"Feature","properties":{"id":"1347","metrics:area":850,"metrics:perimeter":122.8538328578604},"geometry":{"type":"Polygon","coordinates":[[[80.15129923862023,19.678349670074084],[80.15130066619939,19.678078589551433],[80.15158732554775,19.677989581369335],[80.15149002804128,19.67835057147192],[80.15129923862023,19.678349670074084]]]},"id":"1347"},{"type":"Feature","properties":{"id":"1348","metrics:area":600,"metrics:perimeter":103.24555320336759},"geometry":{"type":"Polygon","coordinates":[[[80.20443538285846,19.678412157428514],[80.204532116931,19.678141495781244],[80.20472290866232,19.678142340629673],[80.2046261749057,19.678413002390826],[80.20443538285846,19.678412157428514]]]},"id":"1348"},{"type":"Feature","properties":{"id":"1349","metrics:area":800,"metrics:perimeter":115.60623297836548},"geometry":{"type":"Polygon","coordinates":[[[80.20157350333564,19.678399458680094],[80.20157484635892,19.678128374721606],[80.20176608549954,19.678038861384977],[80.20186013870425,19.67831036928152],[80.20157350333564,19.678399458680094]]]},"id":"1349"},{"type":"Feature","properties":{"id":"1350","metrics:area":500,"metrics:perimeter":92.36067977499789},"geometry":{"type":"Polygon","coordinates":[[[80.27293156680601,19.67843138983065],[80.27293278980756,19.678160301354506],[80.27312358460325,19.678161073552133],[80.27312276948506,19.67834179921147],[80.27293156680601,19.67843138983065]]]},"id":"1350"},{"type":"Feature","properties":{"id":"1351","metrics:area":1200,"metrics:perimeter":142.4621125123532},"geometry":{"type":"Polygon","coordinates":[[[80.21817375044748,19.678201391782107],[80.21817506553508,19.677930306728733],[80.21855708790838,19.67784160552995],[80.21855577346973,19.67811269061078],[80.21817375044748,19.678201391782107]]]},"id":"1351"},{"type":"Feature","properties":{"id":"1352","metrics:area":700,"metrics:perimeter":181.9803902718557},"geometry":{"type":"Polygon","coordinates":[[[80.17562728500269,19.67801116071879],[80.17572499088352,19.67755979479649],[80.17620150321896,19.677652343724844],[80.1759153185198,19.67765103096722],[80.17562728500269,19.67801116071879]]]},"id":"1352"},{"type":"Feature","properties":{"id":"1353","metrics:area":650,"metrics:perimeter":103.98345637668169},"geometry":{"type":"Polygon","coordinates":[[[80.27197840776473,19.678246800134122],[80.27197963235707,19.677975711709976],[80.27217042689374,19.67797648491306],[80.27226500809368,19.678157597067134],[80.27197840776473,19.678246800134122]]]},"id":"1353"},{"type":"Feature","properties":{"id":"1354","metrics:area":550,"metrics:perimeter":103.98345637668169},"geometry":{"type":"Polygon","coordinates":[[[80.24698520482156,19.67796303254639],[80.2470814458432,19.677782707846337],[80.24736721370363,19.677874269538496],[80.24736679171157,19.677964631844233],[80.24698520482156,19.67796303254639]]]},"id":"1354"},{"type":"Feature","properties":{"id":"1355","metrics:area":750,"metrics:perimeter":111.6227766016838},"geometry":{"type":"Polygon","coordinates":[[[80.1962344888432,19.677743103953826],[80.19623584079777,19.67747202033063],[80.19642663134903,19.677472873963012],[80.19652067515506,19.677744384345473],[80.1962344888432,19.677743103953826]]]},"id":"1355"},{"type":"Feature","properties":{"id":"1356","metrics:area":3550,"metrics:perimeter":326.302049976011},"geometry":{"type":"Polygon","coordinates":[[[80.2196996526531,19.678298390716677],[80.21922354671334,19.67811559455698],[80.21922529779606,19.67775414772308],[80.21979767367306,19.67775663479499],[80.21979898599716,19.677485549622915],[80.21998977765467,19.677486378229332],[80.21989175747557,19.678028134299666],[80.21960556903764,19.67802689112511],[80.2196996526531,19.678298390716677]]]},"id":"1356"},{"type":"Feature","properties":{"id":"1357","metrics:area":750,"metrics:perimeter":117.67828935632369},"geometry":{"type":"Polygon","coordinates":[[[80.20033694314117,19.67767105137601],[80.20024289286508,19.677399542765524],[80.20062447418131,19.67740124130989],[80.20062402599446,19.6774916026166],[80.20033694314117,19.67767105137601]]]},"id":"1357"},{"type":"Feature","properties":{"id":"1358","metrics:area":1100,"metrics:perimeter":137.0820393249937},"geometry":{"type":"Polygon","coordinates":[[[80.13985671537714,19.677391616366073],[80.13985864437008,19.677030176711078],[80.14023925489344,19.67721272333711],[80.14014289695481,19.677392986553162],[80.13985671537714,19.677391616366073]]]},"id":"1358"},{"type":"Feature","properties":{"id":"1359","metrics:area":600,"metrics:perimeter":103.24555320336759},"geometry":{"type":"Polygon","coordinates":[[[80.15092289650352,19.677353904812172],[80.15101971858756,19.677083275181563],[80.15111511254031,19.677083726026446],[80.15120907884297,19.677355257366962],[80.15092289650352,19.677353904812172]]]},"id":"1359"},{"type":"Feature","properties":{"id":"1360","metrics:area":750,"metrics:perimeter":111.6227766016838},"geometry":{"type":"Polygon","coordinates":[[[80.21140372053718,19.677539251902626],[80.21140504696343,19.677268167270622],[80.21159583797896,19.677269004783426],[80.21168990754539,19.677540508114554],[80.21140372053718,19.677539251902626]]]},"id":"1360"},{"type":"Feature","properties":{"id":"1361","metrics:area":1200,"metrics:perimeter":144.72135954999578},"geometry":{"type":"Polygon","coordinates":[[[80.19919309546123,19.677485228864914],[80.1991939934366,19.677304506313817],[80.19957647196742,19.677125484506732],[80.19957467688215,19.677486929646353],[80.19919309546123,19.677485228864914]]]},"id":"1361"},{"type":"Feature","properties":{"id":"1362","metrics:area":900,"metrics:perimeter":123.24555320336759},"geometry":{"type":"Polygon","coordinates":[[[80.24221707136019,19.677581524141214],[80.24231374219166,19.67731083995176],[80.24259950623667,19.677402409117178],[80.24259865692616,19.677583133537997],[80.24221707136019,19.677581524141214]]]},"id":"1362"},{"type":"Feature","properties":{"id":"1363","metrics:area":900,"metrics:perimeter":123.24555320336759},"geometry":{"type":"Polygon","coordinates":[[[80.27226664022821,19.677796145806433],[80.27217246730109,19.677524670835318],[80.27255405533198,19.67752621659527],[80.27255323960361,19.677706942244452],[80.27226664022821,19.677796145806433]]]},"id":"1363"},{"type":"Feature","properties":{"id":"1364","metrics:area":550,"metrics:perimeter":96.34413615167959},"geometry":{"type":"Polygon","coordinates":[[[80.17572683945946,19.677198351804385],[80.1757277637321,19.677017630302824],[80.17591901479572,19.676928144940927],[80.17601348531842,19.67710930407651],[80.17572683945946,19.677198351804385]]]},"id":"1364"},{"type":"Feature","properties":{"id":"1365","metrics:area":850,"metrics:perimeter":128.9093456125003},"geometry":{"type":"Polygon","coordinates":[[[80.15607560170383,19.677107100168126],[80.15588481352796,19.677106203695068],[80.15559957812009,19.676924138031644],[80.15598162722351,19.676835571067897],[80.15607560170383,19.677107100168126]]]},"id":"1365"},{"type":"Feature","properties":{"id":"1366","metrics:area":500,"metrics:perimeter":89.44271909999159},"geometry":{"type":"Polygon","coordinates":[[[80.20396375870105,19.67732570762267],[80.20386925606044,19.677144562076503],[80.20406049283282,19.6770550462019],[80.2041549956437,19.67723619165489],[80.20396375870105,19.67732570762267]]]},"id":"1366"},{"type":"Feature","properties":{"id":"1367","metrics:area":750,"metrics:perimeter":115.2145126328583},"geometry":{"type":"Polygon","coordinates":[[[80.26291855539009,19.677577300657084],[80.26282398518765,19.677396183917644],[80.2632059852134,19.677307386888394],[80.26320515901301,19.677488112163182],[80.26291855539009,19.677577300657084]]]},"id":"1367"},{"type":"Feature","properties":{"id":"1368","metrics:area":1000,"metrics:perimeter":135.9524158061724},"geometry":{"type":"Polygon","coordinates":[[[80.21827309137772,19.677388551784773],[80.21827396795462,19.67720782839614],[80.21865642662213,19.677028765214605],[80.21865511240935,19.67729985032639],[80.21827309137772,19.677388551784773]]]},"id":"1368"},{"type":"Feature","properties":{"id":"1369","metrics:area":1900,"metrics:perimeter":177.69567606513328},"geometry":{"type":"Polygon","coordinates":[[[80.24698689363137,19.677601583349663],[80.24689276387188,19.677330096505283],[80.24737058955604,19.677151371059573],[80.24746429810946,19.677513219994275],[80.24698689363137,19.677601583349663]]]},"id":"1369"},{"type":"Feature","properties":{"id":"1370","metrics:area":750,"metrics:perimeter":115.2145126328583},"geometry":{"type":"Polygon","coordinates":[[[80.29020254089065,19.677596822422597],[80.29010793950752,19.677415719080106],[80.29048992658966,19.677326863548988],[80.29048913098156,19.677507589915407],[80.29020254089065,19.677596822422597]]]},"id":"1370"},{"type":"Feature","properties":{"id":"1371","metrics:area":600,"metrics:perimeter":103.24555320336759},"geometry":{"type":"Polygon","coordinates":[[[80.14796806888259,19.67688810118684],[80.14796902426312,19.67670738096673],[80.14825568276036,19.676618378066518],[80.14825472770593,19.676799098301924],[80.14796806888259,19.67688810118684]]]},"id":"1371"},{"type":"Feature","properties":{"id":"1372","metrics:area":600,"metrics:perimeter":100},"geometry":{"type":"Polygon","coordinates":[[[80.16304078500788,19.676868601405243],[80.16304172348761,19.676687880480255],[80.16332790553975,19.676689213684984],[80.16332696738081,19.6768699346232],[80.16304078500788,19.676868601405243]]]},"id":"1372"},{"type":"Feature","properties":{"id":"1373","metrics:area":1650,"metrics:perimeter":171.6227766016838},"geometry":{"type":"Polygon","coordinates":[[[80.27198126511527,19.67761426046496],[80.2716009021113,19.677341625061267],[80.27169752400103,19.67707092344296],[80.27198371418483,19.677072083569946],[80.27198126511527,19.67761426046496]]]},"id":"1373"},{"type":"Feature","properties":{"id":"1374","metrics:area":500,"metrics:perimeter":123.85164807134504},"geometry":{"type":"Polygon","coordinates":[[[80.2612992945073,19.677028462977262],[80.26082231215298,19.67702650081346],[80.26082314100418,19.676845775626717],[80.2612992945073,19.677028462977262]]]},"id":"1374"},{"type":"Feature","properties":{"id":"1375","metrics:area":1650,"metrics:perimeter":168.07223446092155},"geometry":{"type":"Polygon","coordinates":[[[80.22800476731608,19.67715954913104],[80.22791153588273,19.676707329590204],[80.22810275974976,19.67661778763715],[80.22838721583945,19.676980464856438],[80.22800476731608,19.67715954913104]]]},"id":"1375"},{"type":"Feature","properties":{"id":"1376","metrics:area":900,"metrics:perimeter":121.66174573300538},"geometry":{"type":"Polygon","coordinates":[[[80.1428182514263,19.676592513109195],[80.14272381921694,19.676411337891338],[80.14301096018431,19.676231983450418],[80.1431049122184,19.676503518527515],[80.1428182514263,19.676592513109195]]]},"id":"1376"},{"type":"Feature","properties":{"id":"1377","metrics:area":1100,"metrics:perimeter":134.4766094595442},"geometry":{"type":"Polygon","coordinates":[[[80.19843307860327,19.676849296044075],[80.19833948144458,19.67648742527608],[80.19862566567497,19.67648870223602],[80.19871971272164,19.67676021160645],[80.19843307860327,19.676849296044075]]]},"id":"1377"},{"type":"Feature","properties":{"id":"1378","metrics:area":600,"metrics:perimeter":100},"geometry":{"type":"Polygon","coordinates":[[[80.22151916653044,19.676860467427776],[80.22152047589456,19.676589382117303],[80.22171126656966,19.676590208859228],[80.22170995752636,19.676861294182007],[80.22151916653044,19.676860467427776]]]},"id":"1378"},{"type":"Feature","properties":{"id":"1379","metrics:area":900,"metrics:perimeter":137.0820393249937},"geometry":{"type":"Polygon","coordinates":[[[80.1998640032242,19.676855675652345],[80.19986490041623,19.676674953058868],[80.1997704028201,19.676493805517477],[80.20015108508663,19.67667622760034],[80.20015018821542,19.676856950206467],[80.1998640032242,19.676855675652345]]]},"id":"1379"},{"type":"Feature","properties":{"id":"1380","metrics:area":800,"metrics:perimeter":121.2899020449196},"geometry":{"type":"Polygon","coordinates":[[[80.20034097822196,19.676857799655963],[80.20015108508663,19.67667622760034],[80.20015198194793,19.676495504990545],[80.20053266468189,19.67667792627989],[80.20034097822196,19.676857799655963]]]},"id":"1380"},{"type":"Feature","properties":{"id":"1381","metrics:area":600,"metrics:perimeter":103.24555320336759},"geometry":{"type":"Polygon","coordinates":[[[80.1950951592036,19.67665364359139],[80.19509606173256,19.676472921205676],[80.19538269680922,19.67638384213113],[80.19538179460606,19.676564564531404],[80.1950951592036,19.67665364359139]]]},"id":"1381"},{"type":"Feature","properties":{"id":"1382","metrics:area":1900,"metrics:perimeter":226.02827605440302},"geometry":{"type":"Polygon","coordinates":[[[80.146822865616,19.676973027784683],[80.14663447024499,19.676520321095172],[80.1466368623662,19.676068520676882],[80.14692256384518,19.676160240067016],[80.146822865616,19.676973027784683]]]},"id":"1382"},{"type":"Feature","properties":{"id":"1383","metrics:area":500,"metrics:perimeter":100.6449510224598},"geometry":{"type":"Polygon","coordinates":[[[80.28724761950893,19.677042933366668],[80.28724841873127,19.676862207118496],[80.28744001159204,19.676682237803487],[80.28743881308931,19.676953327191136],[80.28724761950893,19.677042933366668]]]},"id":"1383"},{"type":"Feature","properties":{"id":"1384","metrics:area":650,"metrics:perimeter":103.98345637668169},"geometry":{"type":"Polygon","coordinates":[[[80.19767126850778,19.676574805180667],[80.19767261795909,19.676303721426464],[80.19786340719483,19.676304573484362],[80.19795790250554,19.676485721953746],[80.19767126850778,19.676574805180667]]]},"id":"1384"},{"type":"Feature","properties":{"id":"1385","metrics:area":500,"metrics:perimeter":92.36067977499789},"geometry":{"type":"Polygon","coordinates":[[[80.22371413401812,19.67668923923579],[80.22371543967836,19.6764181537785],[80.22390623025045,19.676418978182365],[80.22390536002659,19.67659970182965],[80.22371413401812,19.67668923923579]]]},"id":"1385"},{"type":"Feature","properties":{"id":"1386","metrics:area":550,"metrics:perimeter":96.34413615167958},"geometry":{"type":"Polygon","coordinates":[[[80.24851702997836,19.676794714519705],[80.24842247666422,19.67661359072499],[80.24870908573534,19.676524425558586],[80.24870824331613,19.676705150252122],[80.24851702997836,19.676794714519705]]]},"id":"1386"},{"type":"Feature","properties":{"id":"1387","metrics:area":2350,"metrics:perimeter":265.3815854990138},"geometry":{"type":"Polygon","coordinates":[[[80.14634541813412,19.677061121738895],[80.14625146028328,19.67678958815695],[80.14625576805,19.67597634749325],[80.14663255650039,19.67688176141326],[80.14634541813412,19.677061121738895]]]},"id":"1387"},{"type":"Feature","properties":{"id":"1388","metrics:area":3200,"metrics:perimeter":261.9810807856168},"geometry":{"type":"Polygon","coordinates":[[[80.14615510920804,19.676969854868666],[80.145679577349,19.676696506813734],[80.14577880219396,19.675974079982232],[80.14606354548044,19.67624652085679],[80.14615510920804,19.676969854868666]]]},"id":"1388"},{"type":"Feature","properties":{"id":"1389","metrics:area":2300,"metrics:perimeter":205.85852494097924},"geometry":{"type":"Polygon","coordinates":[[[80.19891095167624,19.6766707012951],[80.19900859188179,19.67621932029455],[80.19958095950685,19.676221871593413],[80.1994842185003,19.676492530380862],[80.19891095167624,19.6766707012951]]]},"id":"1389"},{"type":"Feature","properties":{"id":"1390","metrics:area":1950,"metrics:perimeter":219.30329071709815},"geometry":{"type":"Polygon","coordinates":[[[80.14711095965923,19.676612946486763],[80.14701795714979,19.67616069306727],[80.14740048637447,19.67598178435397],[80.147493967829,19.676343677517554],[80.14730365903212,19.676252411864475],[80.14730174681632,19.676613852256516],[80.14711095965923,19.676612946486763]]]},"id":"1390"},{"type":"Feature","properties":{"id":"1391","metrics:area":900,"metrics:perimeter":123.24555320336759},"geometry":{"type":"Polygon","coordinates":[[[80.28534048060646,19.67685462653142],[80.2853420833025,19.67649317417451],[80.28553287664734,19.676493933129912],[80.28562707178564,19.676765401817637],[80.28534048060646,19.67685462653142]]]},"id":"1391"},{"type":"Feature","properties":{"id":"1392","metrics:area":750,"metrics:perimeter":111.6227766016838},"geometry":{"type":"Polygon","coordinates":[[[80.2187544501926,19.676487009879978],[80.21875576417956,19.676215924737246],[80.21904194934382,19.676217169155976],[80.21904107367574,19.67639789259773],[80.2187544501926,19.676487009879978]]]},"id":"1392"},{"type":"Feature","properties":{"id":"1393","metrics:area":550,"metrics:perimeter":96.34413615167959},"geometry":{"type":"Polygon","coordinates":[[[80.23048807944613,19.676537658014944],[80.23029771996455,19.676446478636095],[80.23039397835721,19.676266163440676],[80.230584769051,19.676266980745524],[80.23048807944613,19.676537658014944]]]},"id":"1393"},{"type":"Feature","properties":{"id":"1394","metrics:area":1850,"metrics:perimeter":231.72612095557372},"geometry":{"type":"Polygon","coordinates":[[[80.14787458608816,19.676526208240162],[80.14759079491725,19.67607304989729],[80.14759222855432,19.675801969567882],[80.14778301477547,19.675802874790755],[80.14787601928367,19.67625512790433],[80.14816219944512,19.676256485240547],[80.14787458608816,19.676526208240162]]]},"id":"1394"},{"type":"Feature","properties":{"id":"1395","metrics:area":750,"metrics:perimeter":115.2145126328583},"geometry":{"type":"Polygon","coordinates":[[[80.19824498569619,19.676306276992392],[80.1981504901542,19.676125128662832],[80.19853251758359,19.676036470272102],[80.19853161892921,19.676217192819358],[80.19824498569619,19.676306276992392]]]},"id":"1395"},{"type":"Feature","properties":{"id":"1396","metrics:area":5050,"metrics:perimeter":324.32358299744544},"geometry":{"type":"Polygon","coordinates":[[[80.2724598820569,19.677254741756364],[80.27217450765198,19.677072856734668],[80.27227316840523,19.676350340617027],[80.27275055770951,19.676261909470767],[80.27255854167662,19.67653222545925],[80.27293849687986,19.676895221690106],[80.2724598820569,19.677254741756364]]]},"id":"1396"},{"type":"Feature","properties":{"id":"1397","metrics:area":500,"metrics:perimeter":92.36067977499789},"geometry":{"type":"Polygon","coordinates":[[[80.28620025323463,19.67658695098582],[80.28620145379625,19.676315861660456],[80.28639224696708,19.676316619696596],[80.28639144680876,19.676497345921945],[80.28620025323463,19.67658695098582]]]},"id":"1397"},{"type":"Feature","properties":{"id":"1398","metrics:area":550,"metrics:perimeter":103.98345637668169},"geometry":{"type":"Polygon","coordinates":[[[80.21761102374066,19.67621094250398],[80.21770729591937,19.676030634580886],[80.21799304226671,19.676122242359174],[80.21799260384815,19.67621260405878],[80.21761102374066,19.67621094250398]]]},"id":"1398"},{"type":"Feature","properties":{"id":"1399","metrics:area":500,"metrics:perimeter":92.36067977499789},"geometry":{"type":"Polygon","coordinates":[[[80.28944414216635,19.67650944706582],[80.28944533726718,19.676238357546325],[80.28963613048121,19.67623911213441],[80.28963533396342,19.676419838489146],[80.28944414216635,19.67650944706582]]]},"id":"1399"},{"type":"Feature","properties":{"id":"1400","metrics:area":600,"metrics:perimeter":100},"geometry":{"type":"Polygon","coordinates":[[[80.14081932457108,19.67576970291269],[80.14082028790762,19.675588983008637],[80.14110646635737,19.6755903515405],[80.1411055033416,19.67577107145813],[80.14081932457108,19.67576970291269]]]},"id":"1400"},{"type":"Feature","properties":{"id":"1401","metrics:area":900,"metrics:perimeter":123.24555320336759},"geometry":{"type":"Polygon","coordinates":[[[80.2854378805888,19.67640319058413],[80.28543908242048,19.67613210129844],[80.28572567225177,19.6760428763783],[80.28572447090797,19.676313965683693],[80.2854378805888,19.67640319058413]]]},"id":"1401"},{"type":"Feature","properties":{"id":"1402","metrics:area":700,"metrics:perimeter":112.36067977499789},"geometry":{"type":"Polygon","coordinates":[[[80.21770773449349,19.675940272885637],[80.21770861163441,19.675759549492362],[80.21809019068228,19.67576121080335],[80.21799391909654,19.675941518957213],[80.21770773449349,19.675940272885637]]]},"id":"1402"},{"type":"Feature","properties":{"id":"1403","metrics:area":750,"metrics:perimeter":117.67828935632369},"geometry":{"type":"Polygon","coordinates":[[[80.14225118039597,19.675595821110083],[80.142252622975,19.675324741145328],[80.14253928175732,19.675235747381056],[80.14253832036673,19.675416467373868],[80.14225118039597,19.675595821110083]]]},"id":"1403"},{"type":"Feature","properties":{"id":"1404","metrics:area":1050,"metrics:perimeter":131.6227766016838},"geometry":{"type":"Polygon","coordinates":[[[80.14082076957189,19.67549862305523],[80.1408222145487,19.6752275431895],[80.14120378496497,19.675229367761148],[80.14110694786125,19.675499991580306],[80.14082076957189,19.67549862305523]]]},"id":"1404"},{"type":"Feature","properties":{"id":"1405","metrics:area":1800,"metrics:perimeter":176.8831380576221},"geometry":{"type":"Polygon","coordinates":[[[80.20025051529821,19.675863400554245],[80.20006107185456,19.675591467115275],[80.2006338855326,19.67550365365693],[80.20063209297855,19.67586509895537],[80.20025051529821,19.675863400554245]]]},"id":"1405"},{"type":"Feature","properties":{"id":"1406","metrics:area":1750,"metrics:perimeter":190.71067811865476},"geometry":{"type":"Polygon","coordinates":[[[80.14129628920193,19.675771983568538],[80.14139505152191,19.67513991977247],[80.14158583664977,19.675140831547356],[80.1415824680124,19.675773351354334],[80.14129628920193,19.675771983568538]]]},"id":"1406"},{"type":"Feature","properties":{"id":"1407","metrics:area":600,"metrics:perimeter":111.2310562561766},"geometry":{"type":"Polygon","coordinates":[[[80.20072793549359,19.675775162103694],[80.20072972782388,19.675413716793166],[80.2008251219853,19.675414141205657],[80.20091872424666,19.675776010894875],[80.20072793549359,19.675775162103694]]]},"id":"1407"},{"type":"Feature","properties":{"id":"1408","metrics:area":2200,"metrics:perimeter":192.8080155748379},"geometry":{"type":"Polygon","coordinates":[[[80.27208360007883,19.67607847909667],[80.27218103639566,19.67562705145866],[80.27265760806311,19.675719346176898],[80.27265638476297,19.675990434710016],[80.27208360007883,19.67607847909667]]]},"id":"1408"},{"type":"Feature","properties":{"id":"1409","metrics:area":800,"metrics:perimeter":129.4427190999916},"geometry":{"type":"Polygon","coordinates":[[[80.21437067749744,19.67556425520225],[80.21398821795498,19.67574330924269],[80.21398998054845,19.675381862767427],[80.21437067749744,19.67556425520225]]]},"id":"1409"},{"type":"Feature","properties":{"id":"1410","metrics:area":2800,"metrics:perimeter":307.66001036225776},"geometry":{"type":"Polygon","coordinates":[[[80.14005521709771,19.67594677109402],[80.1400566633976,19.675675691296423],[80.13986587771349,19.67567477787382],[80.13986973525125,19.67495189840936],[80.14044016230496,19.67531607775468],[80.14034380580958,19.675496341167257],[80.14015350235915,19.675405068119094],[80.14005521709771,19.67594677109402]]]},"id":"1410"},{"type":"Feature","properties":{"id":"1411","metrics:area":600,"metrics:perimeter":100},"geometry":{"type":"Polygon","coordinates":[[[80.28954232709611,19.675877282152722],[80.28954352199025,19.675606192608377],[80.2897343144601,19.67560694706896],[80.28973311988679,19.675878036624532],[80.28954232709611,19.675877282152722]]]},"id":"1411"},{"type":"Feature","properties":{"id":"1412","metrics:area":600,"metrics:perimeter":100},"geometry":{"type":"Polygon","coordinates":[[[80.21875926803816,19.675493030982928],[80.21876014397859,19.675312307535172],[80.21904632753883,19.675313551892163],[80.2190454519192,19.675494275352268],[80.21875926803816,19.675493030982928]]]},"id":"1412"},{"type":"Feature","properties":{"id":"1413","metrics:area":850,"metrics:perimeter":134.58193116710234},"geometry":{"type":"Polygon","coordinates":[[[80.20025275705389,19.675411593971035],[80.2002536537388,19.675230871331323],[80.20073107204556,19.675142632800625],[80.20063478179475,19.675322931002206],[80.20025275705389,19.675411593971035]]]},"id":"1413"},{"type":"Feature","properties":{"id":"1414","metrics:area":900,"metrics:perimeter":123.24555320336759},"geometry":{"type":"Polygon","coordinates":[[[80.28782559163963,19.67578011964254],[80.28782639015844,19.675599393346193],[80.28811297784313,19.675510164541002],[80.28820717685713,19.675781632022886],[80.28782559163963,19.67578011964254]]]},"id":"1414"},{"type":"Feature","properties":{"id":"1415","metrics:area":600,"metrics:perimeter":103.24555320336759},"geometry":{"type":"Polygon","coordinates":[[[80.14101396284222,19.67504773565247],[80.14101492592226,19.674867015724654],[80.14130158448059,19.674778023926272],[80.14130062172661,19.67495874386951],[80.14101396284222,19.67504773565247]]]},"id":"1415"},{"type":"Feature","properties":{"id":"1416","metrics:area":600,"metrics:perimeter":108.2842712474619},"geometry":{"type":"Polygon","coordinates":[[[80.22391058122538,19.67551535989086],[80.2237206621026,19.67533381186676],[80.22372153247294,19.67515308820196],[80.22391232154796,19.67515391254857],[80.22391058122538,19.67551535989086]]]},"id":"1416"},{"type":"Feature","properties":{"id":"1417","metrics:area":500,"metrics:perimeter":100.6449510224598},"geometry":{"type":"Polygon","coordinates":[[[80.15207951035597,19.675100306988437],[80.15208141169987,19.674738866085868],[80.15217680429149,19.674739316315556],[80.1522712464329,19.674920486956662],[80.15207951035597,19.675100306988437]]]},"id":"1417"},{"type":"Feature","properties":{"id":"1418","metrics:area":850,"metrics:perimeter":123.49878388032019},"geometry":{"type":"Polygon","coordinates":[[[80.17487800241,19.675296834443465],[80.17468814080134,19.67511523652487],[80.1747849220008,19.67484459250706],[80.17497524592001,19.674935829566195],[80.17487800241,19.675296834443465]]]},"id":"1418"},{"type":"Feature","properties":{"id":"1419","metrics:area":600,"metrics:perimeter":112.11102550927978},"geometry":{"type":"Polygon","coordinates":[[[80.23077987218448,19.675364178072282],[80.2307807346419,19.67518345410618],[80.23106778091702,19.675003955324822],[80.23106691878995,19.675184679306746],[80.23077987218448,19.675364178072282]]]},"id":"1419"},{"type":"Feature","properties":{"id":"1420","metrics:area":500,"metrics:perimeter":92.36067977499789},"geometry":{"type":"Polygon","coordinates":[[[80.16028424268751,19.67495812158059],[80.1602856548908,19.674687040325992],[80.16047644041979,19.67468793201998],[80.16047549916738,19.674868652866145],[80.16028424268751,19.67495812158059]]]},"id":"1420"},{"type":"Feature","properties":{"id":"1421","metrics:area":750,"metrics:perimeter":117.67828935632369},"geometry":{"type":"Polygon","coordinates":[[[80.20015870809138,19.675140085300054],[80.20025544707887,19.674869426040893],[80.20054162857106,19.67487069984819],[80.20034949606618,19.675140934669486],[80.20015870809138,19.675140085300054]]]},"id":"1421"},{"type":"Feature","properties":{"id":"1422","metrics:area":1500,"metrics:perimeter":217.0820393249937},"geometry":{"type":"Polygon","coordinates":[[[80.2014915382239,19.675688194709803],[80.20130254058523,19.67532590116587],[80.20130522706673,19.674783733091246],[80.20149556703952,19.67487494258066],[80.2014915382239,19.675688194709803]]]},"id":"1422"},{"type":"Feature","properties":{"id":"1423","metrics:area":1700,"metrics:perimeter":174.02242550800327},"geometry":{"type":"Polygon","coordinates":[[[80.14044257162888,19.67486427800995],[80.14025323276888,19.674592285188968],[80.14082654933527,19.674414303542648],[80.14082510443039,19.674685383433204],[80.14044257162888,19.67486427800995]]]},"id":"1423"},{"type":"Feature","properties":{"id":"1424","metrics:area":1300,"metrics:perimeter":157.2865690108165},"geometry":{"type":"Polygon","coordinates":[[[80.14187441964926,19.67469039890624],[80.14206664708911,19.674420230173336],[80.14244773499573,19.674512412033135],[80.14244677354077,19.674693132036143],[80.14187441964926,19.67469039890624]]]},"id":"1424"},{"type":"Feature","properties":{"id":"1425","metrics:area":800,"metrics:perimeter":119.8140956982914},"geometry":{"type":"Polygon","coordinates":[[[80.17783658415968,19.67503931069139],[80.1776467193834,19.67485771578563],[80.17774349550673,19.674587069981293],[80.17793336008954,19.674768664782604],[80.17783658415968,19.67503931069139]]]},"id":"1425"},{"type":"Feature","properties":{"id":"1426","metrics:area":750,"metrics:perimeter":111.6227766016838},"geometry":{"type":"Polygon","coordinates":[[[80.1795550455134,19.674776078455835],[80.17955642529614,19.674504995867732],[80.17984260467205,19.674506302624284],[80.1798416851402,19.674687024363564],[80.1795550455134,19.674776078455835]]]},"id":"1426"},{"type":"Feature","properties":{"id":"1427","metrics:area":850,"metrics:perimeter":118.32324037878348},"geometry":{"type":"Polygon","coordinates":[[[80.28830456811075,19.675330194196725],[80.28811457420379,19.675148711911145],[80.28821076819733,19.674968363592956],[80.28849655682139,19.67505986046394],[80.28830456811075,19.675330194196725]]]},"id":"1427"},{"type":"Feature","properties":{"id":"1428","metrics:area":1250,"metrics:perimeter":150.99019513592785},"geometry":{"type":"Polygon","coordinates":[[[80.1995881390536,19.674776090741183],[80.19958948514788,19.67450500680523],[80.20006600472958,19.674597492617988],[80.20006510786554,19.674778215262116],[80.1995881390536,19.674776090741183]]]},"id":"1428"},{"type":"Feature","properties":{"id":"1429","metrics:area":1200,"metrics:perimeter":147.44338410251953},"geometry":{"type":"Polygon","coordinates":[[[80.21303824204655,19.674925878264116],[80.21294461274918,19.67456401392958],[80.21313584173637,19.674474488086442],[80.2133244245276,19.674927131712455],[80.21303824204655,19.674925878264116]]]},"id":"1429"},{"type":"Feature","properties":{"id":"1430","metrics:area":850,"metrics:perimeter":118.32324037878348},"geometry":{"type":"Polygon","coordinates":[[[80.2876375945699,19.675146821121494],[80.28744760164746,19.674965338156944],[80.28754379625832,19.674784990212146],[80.28782958414536,19.674876488124177],[80.2876375945699,19.675146821121494]]]},"id":"1430"},{"type":"Feature","properties":{"id":"1431","metrics:area":600,"metrics:perimeter":127.7995987511004},"geometry":{"type":"Polygon","coordinates":[[[80.25071954133674,19.674996632270002],[80.25052959155208,19.674815111595013],[80.25033964219516,19.674633590729584],[80.25062582666858,19.674634784741023],[80.25071954133674,19.674996632270002]]]},"id":"1431"},{"type":"Feature","properties":{"id":"1432","metrics:area":1000,"metrics:perimeter":131.2310562561766},"geometry":{"type":"Polygon","coordinates":[[[80.22057526189626,19.674778010164975],[80.22048161560011,19.67441614917605],[80.22076779768709,19.674417390736565],[80.22076605038436,19.674778837837763],[80.22057526189626,19.674778010164975]]]},"id":"1432"},{"type":"Feature","properties":{"id":"1433","metrics:area":500,"metrics:perimeter":92.36067977499789},"geometry":{"type":"Polygon","coordinates":[[[80.14082799421617,19.67414322364382],[80.14092434930843,19.673962959893856],[80.14111513301971,19.673963872116314],[80.14111417009984,19.674144592067048],[80.14082799421617,19.67414322364382]]]},"id":"1433"},{"type":"Feature","properties":{"id":"1434","metrics:area":850,"metrics:perimeter":122.8538328578604},"geometry":{"type":"Polygon","coordinates":[[[80.28706681776008,19.6747830979406],[80.28697262121267,19.674511629908924],[80.28735380385729,19.674603507157745],[80.28735300485239,19.67478423345547],[80.28706681776008,19.6747830979406]]]},"id":"1434"},{"type":"Feature","properties":{"id":"1435","metrics:area":1850,"metrics:perimeter":209.0263393187578},"geometry":{"type":"Polygon","coordinates":[[[80.23116360653736,19.674914001625297],[80.23106950514256,19.67464250734995],[80.23164402520264,19.674193146260777],[80.2314506519179,19.674734502196248],[80.23116360653736,19.674914001625297]]]},"id":"1435"},{"type":"Feature","properties":{"id":"1436","metrics:area":900,"metrics:perimeter":123.24555320336759},"geometry":{"type":"Polygon","coordinates":[[[80.17946241209614,19.674233477591056],[80.17946379199346,19.673962394992913],[80.17975043019975,19.673873340988116],[80.1797490507912,19.674144423608464],[80.17946241209614,19.674233477591056]]]},"id":"1436"},{"type":"Feature","properties":{"id":"1437","metrics:area":600,"metrics:perimeter":120},"geometry":{"type":"Polygon","coordinates":[[[80.18270577415593,19.674248262312133],[80.18241959503263,19.67424696013273],[80.18242142826166,19.673885516399135],[80.18270577415593,19.674248262312133]]]},"id":"1437"},{"type":"Feature","properties":{"id":"1438","metrics:area":550,"metrics:perimeter":96.34413615167958},"geometry":{"type":"Polygon","coordinates":[[[80.22067284052878,19.67432661515816],[80.22057832039913,19.674145477756984],[80.22086493877113,19.674056357364694],[80.22086406525085,19.674237080928574],[80.22067284052878,19.67432661515816]]]},"id":"1438"},{"type":"Feature","properties":{"id":"1439","metrics:area":2550,"metrics:perimeter":217.81298166460348},"geometry":{"type":"Polygon","coordinates":[[[80.18213295745818,19.674336018422203],[80.18146658247527,19.674061894421204],[80.18146750015389,19.67388117259567],[80.18204031550287,19.673793418558354],[80.18213295745818,19.674336018422203]]]},"id":"1439"},{"type":"Feature","properties":{"id":"1440","metrics:area":600,"metrics:perimeter":106.05551275463989},"geometry":{"type":"Polygon","coordinates":[[[80.19625251305963,19.674128654965227],[80.19625386471509,19.673857571231874],[80.19634925785085,19.673857997988687],[80.19653869295553,19.674129935102812],[80.19625251305963,19.674128654965227]]]},"id":"1440"},{"type":"Feature","properties":{"id":"1441","metrics:area":600,"metrics:perimeter":111.2310562561766},"geometry":{"type":"Polygon","coordinates":[[[80.14130639809066,19.673874424154963],[80.14130832346014,19.673512984220693],[80.14140371505782,19.673513440143388],[80.14149718171635,19.6738753359678],[80.14130639809066,19.673874424154963]]]},"id":"1441"},{"type":"Feature","properties":{"id":"1442","metrics:area":600,"metrics:perimeter":103.24555320336759},"geometry":{"type":"Polygon","coordinates":[[[80.23097626624052,19.674190289033476],[80.23097712842205,19.674009565035426],[80.23126374142613,19.673920427846635],[80.23126287957014,19.67410115185868],[80.23097626624052,19.674190289033476]]]},"id":"1442"},{"type":"Feature","properties":{"id":"1443","metrics:area":1600,"metrics:perimeter":165.2259434752233},"geometry":{"type":"Polygon","coordinates":[[[80.14082943907309,19.673872143736716],[80.14073645558643,19.673419887648908],[80.14102311167255,19.67333089618974],[80.14111609592891,19.673783152161917],[80.14082943907309,19.673872143736716]]]},"id":"1443"},{"type":"Feature","properties":{"id":"1444","metrics:area":900,"metrics:perimeter":123.59173603117449},"geometry":{"type":"Polygon","coordinates":[[[80.22229628231521,19.673972195633613],[80.22229759016452,19.673701110185878],[80.22267872902451,19.673793123409183],[80.22258246373787,19.67397343427672],[80.22229628231521,19.673972195633613]]]},"id":"1444"},{"type":"Feature","properties":{"id":"1445","metrics:area":4700,"metrics:perimeter":263.9803393323347},"geometry":{"type":"Polygon","coordinates":[[[80.1591447128286,19.673958802734628],[80.15866869457818,19.673775848883164],[80.1585747173849,19.673504320950613],[80.15886183644848,19.673324940265374],[80.1594337168471,19.673417979510994],[80.15952769546156,19.67368950704816],[80.1591447128286,19.673958802734628]]]},"id":"1445"},{"type":"Feature","properties":{"id":"1446","metrics:area":1350,"metrics:perimeter":162.450401904666},"geometry":{"type":"Polygon","coordinates":[[[80.16391573725237,19.67370998227947],[80.16401253536573,19.67343934465174],[80.16448949597212,19.6734415634777],[80.16448855928297,19.673622284534936],[80.16391573725237,19.67370998227947]]]},"id":"1446"},{"type":"Feature","properties":{"id":"1447","metrics:area":900,"metrics:perimeter":123.24555320336759},"geometry":{"type":"Polygon","coordinates":[[[80.19730318934549,19.673862262771635],[80.19720914621408,19.67359075271612],[80.19759071823017,19.67359245738854],[80.19758981864082,19.67377317994311],[80.19730318934549,19.673862262771635]]]},"id":"1447"},{"type":"Feature","properties":{"id":"1448","metrics:area":650,"metrics:perimeter":103.98345637668169},"geometry":{"type":"Polygon","coordinates":[[[80.19902071565943,19.673779565311843],[80.19902161364499,19.673598842693913],[80.19921284862468,19.67350933189252],[80.19930689513023,19.673780841018292],[80.19902071565943,19.673779565311843]]]},"id":"1448"},{"type":"Feature","properties":{"id":"1449","metrics:area":550,"metrics:perimeter":96.34413615167958},"geometry":{"type":"Polygon","coordinates":[[[80.17956056450694,19.673691748053855],[80.17946609177142,19.673510590644312],[80.17975272916313,19.673421536602508],[80.17975180958541,19.673602258359512],[80.17956056450694,19.673691748053855]]]},"id":"1449"},{"type":"Feature","properties":{"id":"1450","metrics:area":4850,"metrics:perimeter":417.9671288735176},"geometry":{"type":"Polygon","coordinates":[[[80.13987407477717,19.67413865894152],[80.13987600338601,19.673777219154125],[80.14035344388131,19.673689142132485],[80.14035440762984,19.67350842220878],[80.13987696767443,19.673596499254916],[80.13987889621924,19.67323505944546],[80.14035633509489,19.673146982350342],[80.14054278191784,19.673961134841264],[80.13987407477717,19.67413865894152]]]},"id":"1450"},{"type":"Feature","properties":{"id":"1451","metrics:area":500,"metrics:perimeter":95.60623297836548},"geometry":{"type":"Polygon","coordinates":[[[80.14722308556135,19.673450795546568],[80.14731991115826,19.673180167938327],[80.14741530270929,19.673180620661874],[80.14750973855396,19.673361793604133],[80.14722308556135,19.673450795546568]]]},"id":"1451"},{"type":"Feature","properties":{"id":"1452","metrics:area":700,"metrics:perimeter":107.96691275336337},"geometry":{"type":"Polygon","coordinates":[[[80.17803428258722,19.673684771299573],[80.17794027240637,19.673413252311185],[80.17813151797864,19.6733237643596],[80.17822552843954,19.673595283260305],[80.17803428258722,19.673684771299573]]]},"id":"1452"},{"type":"Feature","properties":{"id":"1453","metrics:area":2950,"metrics:perimeter":231.76396403700457},"geometry":{"type":"Polygon","coordinates":[[[80.16744525311005,19.67372637373138],[80.16763883731933,19.67318509416867],[80.16783008789191,19.673095617379676],[80.16811299975144,19.673729467018475],[80.16744525311005,19.67372637373138]]]},"id":"1453"},{"type":"Feature","properties":{"id":"1454","metrics:area":750,"metrics:perimeter":111.6227766016838},"geometry":{"type":"Polygon","coordinates":[[[80.14064202747265,19.673238711431217],[80.14064299087379,19.673057991484736],[80.14092964635327,19.672969000148903],[80.14092820173666,19.673240080090377],[80.14064202747265,19.673238711431217]]]},"id":"1454"},{"type":"Feature","properties":{"id":"1455","metrics:area":500,"metrics:perimeter":100.6449510224598},"geometry":{"type":"Polygon","coordinates":[[[80.25444621895815,19.67365667394535],[80.25463784325953,19.673476740604567],[80.254828214017,19.67356789455825],[80.25482779630697,19.673658257061884],[80.25444621895815,19.67365667394535]]]},"id":"1455"},{"type":"Feature","properties":{"id":"1456","metrics:area":1200,"metrics:perimeter":149.64724878581438},"geometry":{"type":"Polygon","coordinates":[[[80.14684151875285,19.673448983916494],[80.14674804018586,19.67308709041559],[80.14703517086654,19.672907729086642],[80.14703278027756,19.67335952971074],[80.14684151875285,19.673448983916494]]]},"id":"1456"},{"type":"Feature","properties":{"id":"1457","metrics:area":750,"metrics:perimeter":130.99019513592785},"geometry":{"type":"Polygon","coordinates":[[[80.18032462465244,19.67351450978851],[80.18032692196122,19.673062705319733],[80.180422314249,19.673063140516202],[80.18051540976506,19.673515380152416],[80.18032462465244,19.67351450978851]]]},"id":"1457"},{"type":"Feature","properties":{"id":"1458","metrics:area":1400,"metrics:perimeter":155.95241580617238},"geometry":{"type":"Polygon","coordinates":[[[80.23784721311957,19.673677386274985],[80.23794431578591,19.673316342333163],[80.23832589087598,19.67331796047015],[80.23813339506802,19.673678600129705],[80.23784721311957,19.673677386274985]]]},"id":"1458"},{"type":"Feature","properties":{"id":"1459","metrics:area":650,"metrics:perimeter":103.98345637668169},"geometry":{"type":"Polygon","coordinates":[[[80.22868983440469,19.673547940317945],[80.22869113147244,19.67327685444632],[80.22888191855158,19.67327767344043],[80.22897644770605,19.673458806789053],[80.22868983440469,19.673547940317945]]]},"id":"1459"},{"type":"Feature","properties":{"id":"1460","metrics:area":500,"metrics:perimeter":92.36067977499789},"geometry":{"type":"Polygon","coordinates":[[[80.24271273363162,19.67360759756764],[80.24271400712341,19.673336510808024],[80.24290479489927,19.67333731491367],[80.24290394612093,19.67351803942897],[80.24271273363162,19.67360759756764]]]},"id":"1460"},{"type":"Feature","properties":{"id":"1461","metrics:area":900,"metrics:perimeter":132.11102550927978},"geometry":{"type":"Polygon","coordinates":[[[80.15686002452047,19.6730444689306],[80.15705222542873,19.672774283104395],[80.15733745542119,19.67295634633347],[80.15733698308175,19.67304670670135],[80.15686002452047,19.6730444689306]]]},"id":"1461"},{"type":"Feature","properties":{"id":"1462","metrics:area":700,"metrics:perimeter":130.89724298507355},"geometry":{"type":"Polygon","coordinates":[[[80.18109006033448,19.67306618547367],[80.18080434261232,19.67297451988842],[80.18061447670583,19.672792928045517],[80.18109097838492,19.67288546364519],[80.18109006033448,19.67306618547367]]]},"id":"1462"},{"type":"Feature","properties":{"id":"1463","metrics:area":750,"metrics:perimeter":124.88851938354605},"geometry":{"type":"Polygon","coordinates":[[[80.14655821399262,19.67290546398352],[80.14627347550456,19.672633023982478],[80.14665551864094,19.672544476625557],[80.14655821399262,19.67290546398352]]]},"id":"1463"},{"type":"Feature","properties":{"id":"1464","metrics:area":800,"metrics:perimeter":123.1375520796336},"geometry":{"type":"Polygon","coordinates":[[[80.16783102080812,19.672914896157653],[80.16754577835376,19.67273284915792],[80.16754671157004,19.672552127941703],[80.1679273455059,19.67273461675535],[80.16783102080812,19.672914896157653]]]},"id":"1464"},{"type":"Feature","properties":{"id":"1465","metrics:area":700,"metrics:perimeter":107.96691275336337},"geometry":{"type":"Polygon","coordinates":[[[80.20474832130184,19.672991739900013],[80.20465382011547,19.672810594737985],[80.2049404439126,19.67272149996292],[80.20503494537859,19.67290264498535],[80.20474832130184,19.672991739900013]]]},"id":"1465"},{"type":"Feature","properties":{"id":"1466","metrics:area":900,"metrics:perimeter":126.05551275463989},"geometry":{"type":"Polygon","coordinates":[[[80.14083569984265,19.67269746404365],[80.14083666299801,19.67251674407709],[80.14112379881911,19.67233739239429],[80.14112187316049,19.672698832358257],[80.14083569984265,19.67269746404365]]]},"id":"1466"},{"type":"Feature","properties":{"id":"1467","metrics:area":900,"metrics:perimeter":123.24555320336759},"geometry":{"type":"Polygon","coordinates":[[[80.19759431648801,19.672869567133557],[80.19750027337392,19.672598057203906],[80.19778645064056,19.67259933525867],[80.19788049424324,19.67287084505543],[80.19759431648801,19.672869567133557]]]},"id":"1467"},{"type":"Feature","properties":{"id":"1468","metrics:area":1200,"metrics:perimeter":151.2310562561766},"geometry":{"type":"Polygon","coordinates":[[[80.26484627534019,19.67324771051505],[80.26484709950815,19.673066985088195],[80.26522991195411,19.672797457899716],[80.26522826449181,19.673158908791738],[80.26484627534019,19.67324771051505]]]},"id":"1468"},{"type":"Feature","properties":{"id":"1469","metrics:area":500,"metrics:perimeter":114.3397840021018},"geometry":{"type":"Polygon","coordinates":[[[80.21037650199852,19.673016564757113],[80.21018704421654,19.6727446414344],[80.21037871502547,19.672564756917456],[80.21037650199852,19.673016564757113]]]},"id":"1469"},{"type":"Feature","properties":{"id":"1470","metrics:area":500,"metrics:perimeter":92.36067977499789},"geometry":{"type":"Polygon","coordinates":[[[80.255880054012,19.67303006875855],[80.25588130532245,19.6727589811609],[80.2560720929923,19.672759771261962],[80.25607125900147,19.67294049633582],[80.255880054012,19.67303006875855]]]},"id":"1470"},{"type":"Feature","properties":{"id":"1471","metrics:area":1800,"metrics:perimeter":195.35657871264738},"geometry":{"type":"Polygon","coordinates":[[[80.26436930379106,19.673245758128843],[80.26437095318703,19.67288430731022],[80.26494414181259,19.67270592453718],[80.26494331776979,19.672886649975244],[80.26436930379106,19.673245758128843]]]},"id":"1471"},{"type":"Feature","properties":{"id":"1472","metrics:area":1500,"metrics:perimeter":163.2455532033676},"geometry":{"type":"Polygon","coordinates":[[[80.25359018045403,19.67311093408822],[80.25359227238657,19.672659121661084],[80.25387887178728,19.672569947882845],[80.25397301096149,19.67284143150359],[80.25359018045403,19.67311093408822]]]},"id":"1472"},{"type":"Feature","properties":{"id":"1473","metrics:area":2300,"metrics:perimeter":235.93382550672675},"geometry":{"type":"Polygon","coordinates":[[[80.16029601033208,19.672699110872898],[80.15943889961629,19.672424014917656],[80.15953570428701,19.672153379911727],[80.16029695167332,19.67251838999147],[80.16029601033208,19.672699110872898]]]},"id":"1473"},{"type":"Feature","properties":{"id":"1474","metrics:area":1050,"metrics:perimeter":137.6782893563237},"geometry":{"type":"Polygon","coordinates":[[[80.2486309595647,19.67281916960647],[80.24882301015349,19.67254888024292],[80.24910919082639,19.672550076548816],[80.24901253442276,19.67282076500857],[80.2486309595647,19.67281916960647]]]},"id":"1474"},{"type":"Feature","properties":{"id":"1475","metrics:area":700,"metrics:perimeter":114.47660945954419},"geometry":{"type":"Polygon","coordinates":[[[80.2240194608158,19.672714554646397],[80.22392537273984,19.67244305701362],[80.22430650971246,19.672535066726443],[80.22430607491904,19.672625428598167],[80.2240194608158,19.672714554646397]]]},"id":"1475"},{"type":"Feature","properties":{"id":"1476","metrics:area":900,"metrics:perimeter":123.24555320336759},"geometry":{"type":"Polygon","coordinates":[[[80.24786780996043,19.67281597637152],[80.24777368119894,19.672544489888747],[80.24805986179491,19.67254568786574],[80.24815399104453,19.672817174214426],[80.24786780996043,19.67281597637152]]]},"id":"1476"},{"type":"Feature","properties":{"id":"1477","metrics:area":1700,"metrics:perimeter":173.84402799378825},"geometry":{"type":"Polygon","coordinates":[[[80.15877115986596,19.672420889590754],[80.15886796564095,19.672150254985784],[80.15934539299451,19.672062126905278],[80.15924811681744,19.672423122220287],[80.15877115986596,19.672420889590754]]]},"id":"1477"},{"type":"Feature","properties":{"id":"1478","metrics:area":650,"metrics:perimeter":103.98345637668169},"geometry":{"type":"Polygon","coordinates":[[[80.16592598847525,19.672363885543433],[80.1659273909909,19.672092803818657],[80.16611817372564,19.672093689409515],[80.16621263040973,19.67227485329295],[80.16592598847525,19.672363885543433]]]},"id":"1478"},{"type":"Feature","properties":{"id":"1479","metrics:area":750,"metrics:perimeter":111.6227766016838},"geometry":{"type":"Polygon","coordinates":[[[80.20398830210767,19.672355830244125],[80.2039891944545,19.672175107378052],[80.20427581743418,19.672086013630604],[80.20427447939875,19.67235709794996],[80.20398830210767,19.672355830244125]]]},"id":"1479"},{"type":"Feature","properties":{"id":"1480","metrics:area":1000,"metrics:perimeter":135.95241580617238},"geometry":{"type":"Polygon","coordinates":[[[80.19826476096209,19.672330380423787],[80.19826610910039,19.672059296502127],[80.19864812675156,19.67197063748529],[80.19864722842777,19.67215136011938],[80.19826476096209,19.672330380423787]]]},"id":"1480"},{"type":"Feature","properties":{"id":"1481","metrics:area":1650,"metrics:perimeter":171.6227766016838},"geometry":{"type":"Polygon","coordinates":[[[80.16049008740943,19.67206747933754],[80.16049149904202,19.67179639798146],[80.16106384542798,19.671799071423553],[80.16096704352633,19.6720697073657],[80.16049008740943,19.67206747933754]]]},"id":"1481"},{"type":"Feature","properties":{"id":"1482","metrics:area":1200,"metrics:perimeter":140},"geometry":{"type":"Polygon","coordinates":[[[80.14074560655258,19.671703048000797],[80.14074705135405,19.671431968026024],[80.14112861277926,19.671433792420032],[80.14112716861918,19.67170487242196],[80.14074560655258,19.671703048000797]]]},"id":"1482"},{"type":"Feature","properties":{"id":"1483","metrics:area":750,"metrics:perimeter":111.6227766016838},"geometry":{"type":"Polygon","coordinates":[[[80.16354495183634,19.671629914225864],[80.1635458894805,19.671449193172258],[80.1638325309276,19.671360164699117],[80.16383112494631,19.67163124630073],[80.16354495183634,19.671629914225864]]]},"id":"1483"},{"type":"Feature","properties":{"id":"1484","metrics:area":1600,"metrics:perimeter":209.41271489650302},"geometry":{"type":"Polygon","coordinates":[[[80.19740847985081,19.67187474078245],[80.19731443756828,19.67160323075718],[80.19702781204353,19.6716923132979],[80.1972208455291,19.67124135939255],[80.19760016331735,19.671694870343927],[80.19740847985081,19.67187474078245]]]},"id":"1484"},{"type":"Feature","properties":{"id":"1485","metrics:area":1000,"metrics:perimeter":140},"geometry":{"type":"Polygon","coordinates":[[[80.23127365208472,19.6718421014445],[80.23127580640886,19.671390291292887],[80.23146659137174,19.671391107467354],[80.23146443758216,19.671842917639214],[80.23127365208472,19.6718421014445]]]},"id":"1485"},{"type":"Feature","properties":{"id":"1486","metrics:area":550,"metrics:perimeter":96.34413615167959},"geometry":{"type":"Polygon","coordinates":[[[80.1427512102543,19.67126081697412],[80.14275217118649,19.671080096887696],[80.14294343193315,19.67099064699228],[80.14303786147322,19.671171822092724],[80.1427512102543,19.67126081697412]]]},"id":"1486"},{"type":"Feature","properties":{"id":"1487","metrics:area":650,"metrics:perimeter":103.98345637668169},"geometry":{"type":"Polygon","coordinates":[[[80.17070114581081,19.671301636618836],[80.17070207541681,19.671120915228755],[80.17089332192575,19.67103143500732],[80.17098731886037,19.67130295727501],[80.17070114581081,19.671301636618836]]]},"id":"1487"},{"type":"Feature","properties":{"id":"1488","metrics:area":1100,"metrics:perimeter":137.2865690108165},"geometry":{"type":"Polygon","coordinates":[[[80.20275266935411,19.671446717491687],[80.2024673877931,19.671264724601045],[80.20246828179111,19.671084001780113],[80.20284984836603,19.671085695076417],[80.20275266935411,19.671446717491687]]]},"id":"1488"},{"type":"Feature","properties":{"id":"1489","metrics:area":600,"metrics:perimeter":100},"geometry":{"type":"Polygon","coordinates":[[[80.15572573509522,19.671051165641337],[80.15572715465909,19.67078008458763],[80.15591793534043,19.67078098095193],[80.15591651609724,19.671052062018973],[80.15572573509522,19.671051165641337]]]},"id":"1489"},{"type":"Feature","properties":{"id":"1490","metrics:area":900,"metrics:perimeter":123.24555320336759},"geometry":{"type":"Polygon","coordinates":[[[80.21763470641963,19.671331409857615],[80.21763646041072,19.670969962888517],[80.21782724425829,19.670970793528138],[80.21792132117709,19.671242294018757],[80.21763470641963,19.671331409857615]]]},"id":"1490"},{"type":"Feature","properties":{"id":"1491","metrics:area":650,"metrics:perimeter":103.98345637668169},"geometry":{"type":"Polygon","coordinates":[[[80.21095770516196,19.67121184769845],[80.21095858964073,19.671031124503685],[80.21114981538295,19.670941600633252],[80.21124388090647,19.671213104233686],[80.21095770516196,19.67121184769845]]]},"id":"1491"},{"type":"Feature","properties":{"id":"1492","metrics:area":550,"metrics:perimeter":96.34413615167958},"geometry":{"type":"Polygon","coordinates":[[[80.16707768968733,19.67101378702779],[80.16698323269381,19.670832623565556],[80.16726987135571,19.67074358949244],[80.167268937922,19.670924310732236],[80.16707768968733,19.67101378702779]]]},"id":"1492"},{"type":"Feature","properties":{"id":"1493","metrics:area":800,"metrics:perimeter":120},"geometry":{"type":"Polygon","coordinates":[[[80.15000373909908,19.67075309948681],[80.15000469187552,19.670572379047545],[80.1503862521908,19.670574183706925],[80.15038529984193,19.6707549041641],[80.15000373909908,19.67075309948681]]]},"id":"1493"},{"type":"Feature","properties":{"id":"1494","metrics:area":500,"metrics:perimeter":92.36067977499789},"geometry":{"type":"Polygon","coordinates":[[[80.28164456826902,19.671327640565934],[80.28164577614304,19.671056551352873],[80.28183656289895,19.671057314032044],[80.28183575786565,19.671238040182573],[80.28164456826902,19.671327640565934]]]},"id":"1494"},{"type":"Feature","properties":{"id":"1495","metrics:area":850,"metrics:perimeter":122.8538328578604},"geometry":{"type":"Polygon","coordinates":[[[80.1974129782445,19.67097112782244],[80.19741432771407,19.670700043916543],[80.19770095126363,19.670610960679884],[80.19760376115717,19.67097197993475],[80.1974129782445,19.67097112782244]]]},"id":"1495"},{"type":"Feature","properties":{"id":"1496","metrics:area":1000,"metrics:perimeter":131.2310562561766},"geometry":{"type":"Polygon","coordinates":[[[80.23118170665721,19.671118797033806],[80.2310880381575,19.670756940693465],[80.23137421446862,19.670758165140494],[80.23137249129464,19.671119613297392],[80.23118170665721,19.671118797033806]]]},"id":"1496"},{"type":"Feature","properties":{"id":"1497","metrics:area":500,"metrics:perimeter":92.36067977499789},"geometry":{"type":"Polygon","coordinates":[[[80.14494998011774,19.670367670630345],[80.1450463282593,19.670187404336932],[80.14523710770922,19.670188312015302],[80.14523614960935,19.670369032237364],[80.14494998011774,19.670367670630345]]]},"id":"1497"},{"type":"Feature","properties":{"id":"1498","metrics:area":750,"metrics:perimeter":123.73380211096358},"geometry":{"type":"Polygon","coordinates":[[[80.17299331194518,19.670770024613404],[80.17280392127444,19.670498064132264],[80.1728048484825,19.67031734262965],[80.17309009305036,19.670499381387863],[80.17299331194518,19.670770024613404]]]},"id":"1498"},{"type":"Feature","properties":{"id":"1499","metrics:area":650,"metrics:perimeter":103.98345637668169},"geometry":{"type":"Polygon","coordinates":[[[80.23595261013408,19.670868056454566],[80.23585850268647,19.670596564375373],[80.23614467903334,19.670597781215235],[80.23614382280576,19.67077850550105],[80.23595261013408,19.670868056454566]]]},"id":"1499"},{"type":"Feature","properties":{"id":"1500","metrics:area":1500,"metrics:perimeter":160},"geometry":{"type":"Polygon","coordinates":[[[80.14294583366936,19.67053884673298],[80.14294823533912,19.6700870464507],[80.14323440418251,19.670088411227],[80.14323200331441,19.670540211543145],[80.14294583366936,19.67053884673298]]]},"id":"1500"},{"type":"Feature","properties":{"id":"1501","metrics:area":1900,"metrics:perimeter":187.03995314932513},"geometry":{"type":"Polygon","coordinates":[[[80.14342278309107,19.670541121163435],[80.14342518342471,19.670089320824726],[80.14399704147431,19.670182408485957],[80.14390069218615,19.670362674172882],[80.14342278309107,19.670541121163435]]]},"id":"1501"},{"type":"Feature","properties":{"id":"1502","metrics:area":1000,"metrics:perimeter":129.64724878581438},"geometry":{"type":"Polygon","coordinates":[[[80.17366197354458,19.670592375301574],[80.17356843558703,19.670230493493673],[80.17385460694345,19.670231809514554],[80.17394907148051,19.670412969643632],[80.17366197354458,19.670592375301574]]]},"id":"1502"},{"type":"Feature","properties":{"id":"1503","metrics:area":1450,"metrics:perimeter":160.19578422302465},"geometry":{"type":"Polygon","coordinates":[[[80.2329954507553,19.67085545714088],[80.23290134835224,19.6705839636796],[80.2333791678926,19.6704052751685],[80.23337787891165,19.670676361425958],[80.2329954507553,19.67085545714088]]]},"id":"1503"},{"type":"Feature","properties":{"id":"1504","metrics:area":750,"metrics:perimeter":111.6227766016838},"geometry":{"type":"Polygon","coordinates":[[[80.23194699762202,19.670670250613764],[80.23194828900823,19.670399164447275],[80.23223446474226,19.670400387502916],[80.2322336041412,19.670581111626962],[80.23194699762202,19.670670250613764]]]},"id":"1504"},{"type":"Feature","properties":{"id":"1505","metrics:area":1050,"metrics:perimeter":131.6227766016838},"geometry":{"type":"Polygon","coordinates":[[[80.1912148054899,19.6704915180951],[80.19121616534451,19.670220434589332],[80.19150279106692,19.670131361327265],[80.19150097857383,19.670492806029028],[80.1912148054899,19.6704915180951]]]},"id":"1505"},{"type":"Feature","properties":{"id":"1506","metrics:area":1300,"metrics:perimeter":157.2865690108165},"geometry":{"type":"Polygon","coordinates":[[[80.29376194021172,19.670833489613045],[80.29338076228443,19.670741626086546],[80.29338155435526,19.67056089947084],[80.29395391435524,19.670563149463554],[80.29376194021172,19.670833489613045]]]},"id":"1506"},{"type":"Feature","properties":{"id":"1507","metrics:area":2250,"metrics:perimeter":238.92067453252784},"geometry":{"type":"Polygon","coordinates":[[[80.16688877590633,19.67065146005779],[80.16670126400399,19.67001805106483],[80.16708329144842,19.669929459597547],[80.16698603391053,19.670290459869108],[80.16727080477911,19.670562868248968],[80.16688877590633,19.67065146005779]]]},"id":"1507"},{"type":"Feature","properties":{"id":"1508","metrics:area":1200,"metrics:perimeter":169.7056274847714},"geometry":{"type":"Polygon","coordinates":[[[80.29242524175125,19.67109932515647],[80.29204525442799,19.67073636896235],[80.29233262451368,19.67046640646101],[80.29242524175125,19.67109932515647]]]},"id":"1508"},{"type":"Feature","properties":{"id":"1509","metrics:area":1200,"metrics:perimeter":149.64724878581438},"geometry":{"type":"Polygon","coordinates":[[[80.18587291207513,19.670467393019326],[80.18577934651358,19.67010551658265],[80.18606643085035,19.66992609103599],[80.18616090920175,19.670107245236185],[80.18587291207513,19.670467393019326]]]},"id":"1509"},{"type":"Feature","properties":{"id":"1510","metrics:area":650,"metrics:perimeter":103.98345637668169},"geometry":{"type":"Polygon","coordinates":[[[80.16250363027231,19.67008889739216],[80.16250503836608,19.669817815836293],[80.1626958182418,19.669818704962516],[80.16279026977766,19.66999987050109],[80.16250363027231,19.67008889739216]]]},"id":"1510"},{"type":"Feature","properties":{"id":"1511","metrics:area":1300,"metrics:perimeter":148.66848449225154},"geometry":{"type":"Polygon","coordinates":[[[80.14762280714412,19.670018920569813],[80.14733711596024,19.669927202623168],[80.14733854953906,19.66965612212648],[80.1478150193083,19.669748744977664],[80.14762280714412,19.670018920569813]]]},"id":"1511"},{"type":"Feature","properties":{"id":"1512","metrics:area":900,"metrics:perimeter":130.89724298507355},"geometry":{"type":"Polygon","coordinates":[[[80.14428464929894,19.66991269132591],[80.14409482957875,19.66973106247133],[80.14457225616157,19.669642973661364],[80.14457129734528,19.669823693862917],[80.14428464929894,19.66991269132591]]]},"id":"1512"},{"type":"Feature","properties":{"id":"1513","metrics:area":600,"metrics:perimeter":100},"geometry":{"type":"Polygon","coordinates":[[[80.14705142511816,19.669835484233438],[80.14705285917006,19.66956440375421],[80.14724363798297,19.66956530927475],[80.14724220425174,19.669836389767454],[80.14705142511816,19.669835484233438]]]},"id":"1513"},{"type":"Feature","properties":{"id":"1514","metrics:area":1500,"metrics:perimeter":166.0555127546399},"geometry":{"type":"Polygon","coordinates":[[[80.2340477701155,19.670227398735193],[80.23423984132879,19.669957125594625],[80.23462140813818,19.669958751333112],[80.23462012127742,19.670229837683024],[80.2340477701155,19.670227398735193]]]},"id":"1514"},{"type":"Feature","properties":{"id":"1515","metrics:area":600,"metrics:perimeter":100},"geometry":{"type":"Polygon","coordinates":[[[80.15640008784021,19.669789256871084],[80.15640103339723,19.669608536112676],[80.15668720239373,19.66960987943327],[80.15668625715736,19.669790600205012],[80.15640008784021,19.669789256871084]]]},"id":"1515"},{"type":"Feature","properties":{"id":"1516","metrics:area":600,"metrics:perimeter":100},"geometry":{"type":"Polygon","coordinates":[[[80.29347773963828,19.670380547973128],[80.29347853158468,19.670199821346372],[80.29376471093994,19.670200946396353],[80.29376391931426,19.670381673034274],[80.29347773963828,19.670380547973128]]]},"id":"1516"},{"type":"Feature","properties":{"id":"1517","metrics:area":1100,"metrics:perimeter":152.3606797749979},"geometry":{"type":"Polygon","coordinates":[[[80.16059771060876,19.669718552959594],[80.16050326173587,19.669537386359295],[80.16107560010474,19.669540059469757],[80.16107465979042,19.669720780447186],[80.16059771060876,19.669718552959594]]]},"id":"1517"},{"type":"Feature","properties":{"id":"1518","metrics:area":2000,"metrics:perimeter":181.9803902718557},"geometry":{"type":"Polygon","coordinates":[[[80.14256811852977,19.669814145886885],[80.14257004064095,19.66945270566962],[80.14304746705682,19.66936462090926],[80.14304554602514,19.669726061175364],[80.14256811852977,19.669814145886885]]]},"id":"1518"},{"type":"Feature","properties":{"id":"1519","metrics:area":800,"metrics:perimeter":120},"geometry":{"type":"Polygon","coordinates":[[[80.16708375824504,19.669839098972393],[80.16708562540576,19.669477656462583],[80.16727640510253,19.66947854071096],[80.16727453836937,19.66983998323833],[80.16708375824504,19.669839098972393]]]},"id":"1519"},{"type":"Feature","properties":{"id":"1520","metrics:area":650,"metrics:perimeter":103.98345637668169},"geometry":{"type":"Polygon","coordinates":[[[80.16002537167665,19.66971587830377],[80.16002678390785,19.669444796909218],[80.16021756322081,19.669445688650395],[80.160312011717,19.66962685538894],[80.16002537167665,19.66971587830377]]]},"id":"1520"},{"type":"Feature","properties":{"id":"1521","metrics:area":650,"metrics:perimeter":103.98345637668169},"geometry":{"type":"Polygon","coordinates":[[[80.1932211826531,19.66986799555746],[80.19322253908797,19.669596911898342],[80.19350825874413,19.669688557805745],[80.19341196406346,19.669868852074437],[80.1932211826531,19.66986799555746]]]},"id":"1521"},{"type":"Feature","properties":{"id":"1522","metrics:area":1300,"metrics:perimeter":148.66848449225154},"geometry":{"type":"Polygon","coordinates":[[[80.14066081187232,19.66971467181162],[80.14047147831859,19.669442679280536],[80.14094890561745,19.669354600138746],[80.14094746132047,19.669625680190524],[80.14066081187232,19.66971467181162]]]},"id":"1522"},{"type":"Feature","properties":{"id":"1523","metrics:area":500,"metrics:perimeter":92.36067977499789},"geometry":{"type":"Polygon","coordinates":[[[80.22136198391162,19.669901781871232],[80.22136329303879,19.66963069636118],[80.22155407547163,19.669631522989825],[80.22155320293639,19.669812246672322],[80.22136198391162,19.669901781871232]]]},"id":"1523"},{"type":"Feature","properties":{"id":"1524","metrics:area":550,"metrics:perimeter":108.90934561250029},"geometry":{"type":"Polygon","coordinates":[[[80.21802328729034,19.669887282870945],[80.21773799024812,19.669705313697335],[80.21811999316,19.669616612688422],[80.21802328729034,19.669887282870945]]]},"id":"1524"},{"type":"Feature","properties":{"id":"1525","metrics:area":1950,"metrics:perimeter":192.76935967781355},"geometry":{"type":"Polygon","coordinates":[[[80.14790993130252,19.669839557541756],[80.14800866323482,19.669207488590168],[80.14819944167304,19.66920839308022],[80.14829196700056,19.669751006396694],[80.14790993130252,19.669839557541756]]]},"id":"1525"},{"type":"Feature","properties":{"id":"1526","metrics:area":500,"metrics:perimeter":105.5708402582784},"geometry":{"type":"Polygon","coordinates":[[[80.23080617284295,19.669852095455845],[80.23061625211096,19.669670554571518],[80.23099824889002,19.669581825937268],[80.23080617284295,19.669852095455845]]]},"id":"1526"},{"type":"Feature","properties":{"id":"1527","metrics:area":500,"metrics:perimeter":89.44271909999159},"geometry":{"type":"Polygon","coordinates":[[[80.15678306462526,19.66951996671608],[80.15668862022865,19.669338798268775],[80.1568798717516,19.66924933315493],[80.156974316319,19.66943050150948],[80.15678306462526,19.66951996671608]]]},"id":"1527"},{"type":"Feature","properties":{"id":"1528","metrics:area":700,"metrics:perimeter":107.96691275336337},"geometry":{"type":"Polygon","coordinates":[[[80.19064654177205,19.66967569043322],[80.19055205852052,19.66949453841311],[80.19083868326159,19.669405466170687],[80.1909331667929,19.669586618051405],[80.19064654177205,19.66967569043322]]]},"id":"1528"},{"type":"Feature","properties":{"id":"1529","metrics:area":600,"metrics:perimeter":104.72135954999578},"geometry":{"type":"Polygon","coordinates":[[[80.14848417773496,19.6694808300269],[80.14848560935022,19.669209749435613],[80.14867686490776,19.669120293215993],[80.1486754336211,19.66939137382349],[80.14848417773496,19.6694808300269]]]},"id":"1529"},{"type":"Feature","properties":{"id":"1530","metrics:area":750,"metrics:perimeter":111.6227766016838},"geometry":{"type":"Polygon","coordinates":[[[80.17071044140809,19.66949442255273],[80.17071183565896,19.66922334041113],[80.17099800502072,19.669224660916584],[80.17099707584336,19.66940538235834],[80.17071044140809,19.66949442255273]]]},"id":"1530"},{"type":"Feature","properties":{"id":"1531","metrics:area":500,"metrics:perimeter":92.36067977499789},"geometry":{"type":"Polygon","coordinates":[[[80.20419291391802,19.66955547046535],[80.20428919656698,19.669375169982786],[80.20447997791233,19.669376014728492],[80.204479086253,19.66955673767242],[80.20419291391802,19.66955547046535]]]},"id":"1531"},{"type":"Feature","properties":{"id":"1532","metrics:area":1400,"metrics:perimeter":153.84402799378825},"geometry":{"type":"Polygon","coordinates":[[[80.14753028396694,19.66947630700305],[80.14743680577119,19.669114413730753],[80.14772345084931,19.669025411112518],[80.14781645206962,19.66947766444177],[80.14753028396694,19.66947630700305]]]},"id":"1532"},{"type":"Feature","properties":{"id":"1533","metrics:area":1000,"metrics:perimeter":143.85164807134504},"geometry":{"type":"Polygon","coordinates":[[[80.15039291833786,19.669309140403808],[80.15039434673076,19.669038059672562],[80.15087034091651,19.669221034678216],[80.15086986505013,19.669311394932233],[80.15039291833786,19.669309140403808]]]},"id":"1533"},{"type":"Feature","properties":{"id":"1534","metrics:area":1200,"metrics:perimeter":142.4621125123532},"geometry":{"type":"Polygon","coordinates":[[[80.2223167694607,19.669725189337342],[80.22193564036628,19.66963317563958],[80.2219365124643,19.669452451937012],[80.22231851280158,19.669363741899428],[80.2223167694607,19.669725189337342]]]},"id":"1534"},{"type":"Feature","properties":{"id":"1535","metrics:area":600,"metrics:perimeter":100},"geometry":{"type":"Polygon","coordinates":[[[80.29214421833576,19.66992347521884],[80.29214540846415,19.669652385341855],[80.292336193996,19.669653136821214],[80.2923350041883,19.669924226709384],[80.29214421833576,19.66992347521884]]]},"id":"1535"},{"type":"Feature","properties":{"id":"1536","metrics:area":1300,"metrics:perimeter":155.08270432752164},"geometry":{"type":"Polygon","coordinates":[[[80.19007510645822,19.669492389189177],[80.18998153185653,19.669130514586804],[80.19045757547524,19.66931338634723],[80.19045666810304,19.669494108669582],[80.19007510645822,19.669492389189177]]]},"id":"1536"},{"type":"Feature","properties":{"id":"1537","metrics:area":900,"metrics:perimeter":138.2165667975987},"geometry":{"type":"Polygon","coordinates":[[[80.16813538006159,19.669392156668753],[80.16794553302297,19.669210552034315],[80.16794646561037,19.66902983072892],[80.16842201556837,19.669303120626747],[80.16813538006159,19.669392156668753]]]},"id":"1537"},{"type":"Feature","properties":{"id":"1538","metrics:area":1500,"metrics:perimeter":163.85164807134504},"geometry":{"type":"Polygon","coordinates":[[[80.22069555459991,19.66962780156604],[80.22088852016543,19.669176819753037],[80.22107930203966,19.669177646867475],[80.22107711940764,19.66962945603847],[80.22069555459991,19.66962780156604]]]},"id":"1538"},{"type":"Feature","properties":{"id":"1539","metrics:area":600,"metrics:perimeter":111.2310562561766},"geometry":{"type":"Polygon","coordinates":[[[80.26514852167294,19.669724734627742],[80.26515016900271,19.6693632836042],[80.26524556102767,19.669363673694345],[80.26533930615273,19.669725514772885],[80.26514852167294,19.669724734627742]]]},"id":"1539"},{"type":"Feature","properties":{"id":"1540","metrics:area":1200,"metrics:perimeter":140},"geometry":{"type":"Polygon","coordinates":[[[80.14333507489042,19.669094905249963],[80.1433365151314,19.668823825012147],[80.14371807064428,19.66882564367623],[80.1437166310446,19.669096723941117],[80.14333507489042,19.669094905249963]]]},"id":"1540"},{"type":"Feature","properties":{"id":"1541","metrics:area":500,"metrics:perimeter":92.36067977499789},"geometry":{"type":"Polygon","coordinates":[[[80.1597420276467,19.66917237753486],[80.159743440312,19.668901296143694],[80.15993421896802,19.668902188162072],[80.15993327740752,19.669082909099288],[80.1597420276467,19.66917237753486]]]},"id":"1541"},{"type":"Feature","properties":{"id":"1542","metrics:area":600,"metrics:perimeter":100},"geometry":{"type":"Polygon","coordinates":[[[80.16060053312377,19.669176390082594],[80.16060194434614,19.668905308631693],[80.16079272304903,19.668906199738814],[80.16079131214731,19.66917728120298],[80.16060053312377,19.669176390082594]]]},"id":"1542"},{"type":"Feature","properties":{"id":"1543","metrics:area":1700,"metrics:perimeter":164.92422502470643},"geometry":{"type":"Polygon","coordinates":[[[80.21640339233174,19.669518771200018],[80.21630975808831,19.669156908252084],[80.216691760359,19.669068210256867],[80.21678539542353,19.669430073036914],[80.21640339233174,19.669518771200018]]]},"id":"1543"},{"type":"Feature","properties":{"id":"1544","metrics:area":2900,"metrics:perimeter":279.9415720048323},"geometry":{"type":"Polygon","coordinates":[[[80.14028214539282,19.669170686565852],[80.139902999429,19.66871706058633],[80.14037897961464,19.668900062912027],[80.14095179413948,19.668812440010385],[80.14085447944994,19.6691734240324],[80.14028214539282,19.669170686565852]]]},"id":"1544"},{"type":"Feature","properties":{"id":"1545","metrics:area":1000,"metrics:perimeter":140},"geometry":{"type":"Polygon","coordinates":[[[80.26562630602443,19.669545959081567],[80.26562836382195,19.6690941452423],[80.26581914757622,19.669094924854036],[80.26581709031318,19.669546738712647],[80.26562630602443,19.669545959081567]]]},"id":"1545"},{"type":"Feature","properties":{"id":"1546","metrics:area":1100,"metrics:perimeter":134.4766094595442},"geometry":{"type":"Polygon","coordinates":[[[80.29290894692166,19.669565026735008],[80.29281474317453,19.669293561399197],[80.29310131704204,19.669204324140164],[80.293195125115,19.669566152657303],[80.29290894692166,19.669565026735008]]]},"id":"1546"},{"type":"Feature","properties":{"id":"1547","metrics:area":1350,"metrics:perimeter":148.4551616609594},"geometry":{"type":"Polygon","coordinates":[[[80.29405326417728,19.66965989102141],[80.29376787735508,19.66947803980806],[80.29395984979651,19.66920769956156],[80.29424563190032,19.669299187129432],[80.29405326417728,19.66965989102141]]]},"id":"1547"},{"type":"Feature","properties":{"id":"1548","metrics:area":1900,"metrics:perimeter":188.45060370848518},"geometry":{"type":"Polygon","coordinates":[[[80.14791470657309,19.668935955710037],[80.14772440609076,19.668844690745964],[80.14782170532432,19.66848370240609],[80.1483935608391,19.668576775971648],[80.14791470657309,19.668935955710037]]]},"id":"1548"},{"type":"Feature","properties":{"id":"1549","metrics:area":2300,"metrics:perimeter":212.95603220332404},"geometry":{"type":"Polygon","coordinates":[[[80.14266975398165,19.668639920269445],[80.14190616321335,19.668726637760674],[80.14190760582723,19.66845555761347],[80.14257580671924,19.668368384929604],[80.14266975398165,19.668639920269445]]]},"id":"1549"},{"type":"Feature","properties":{"id":"1550","metrics:area":500,"metrics:perimeter":92.36067977499789},"geometry":{"type":"Polygon","coordinates":[[[80.14085736826064,19.668631263906583],[80.14085881263004,19.66836018383127],[80.14104958970846,19.66836109587438],[80.14104862701197,19.668541815934564],[80.14085736826064,19.668631263906583]]]},"id":"1550"},{"type":"Feature","properties":{"id":"1551","metrics:area":650,"metrics:perimeter":103.98345637668169},"geometry":{"type":"Polygon","coordinates":[[[80.26963441526077,19.66920083740972],[80.2696352338788,19.669020111707358],[80.26982642691563,19.668930524205866],[80.26992059134201,19.669202000377673],[80.26963441526077,19.66920083740972]]]},"id":"1551"},{"type":"Feature","properties":{"id":"1552","metrics:area":550,"metrics:perimeter":96.34413615167959},"geometry":{"type":"Polygon","coordinates":[[[80.14524525113023,19.66865218997936],[80.14505495260515,19.668560922254024],[80.14515129946757,19.668380655823665],[80.14534207678513,19.668381563310717],[80.14524525113023,19.66865218997936]]]},"id":"1552"},{"type":"Feature","properties":{"id":"1553","metrics:area":900,"metrics:perimeter":137.0820393249937},"geometry":{"type":"Polygon","coordinates":[[[80.22546772186928,19.66910625267395],[80.22546858998341,19.66892552880904],[80.22537406730602,19.6687443937477],[80.22575476266415,19.668926762095804],[80.22575389487069,19.66910748597295],[80.22546772186928,19.66910625267395]]]},"id":"1553"},{"type":"Feature","properties":{"id":"1554","metrics:area":1100,"metrics:perimeter":134.4766094595442},"geometry":{"type":"Polygon","coordinates":[[[80.2169783715088,19.66897909577998],[80.21697968793886,19.66870801052628],[80.21726629829917,19.66861889555914],[80.21736037304095,19.668890396334394],[80.2169783715088,19.66897909577998]]]},"id":"1554"},{"type":"Feature","properties":{"id":"1555","metrics:area":500,"metrics:perimeter":92.36067977499789},"geometry":{"type":"Polygon","coordinates":[[[80.18798061373207,19.668669667587594],[80.18807691360232,19.668489376396117],[80.18826769313834,19.66849023831692],[80.18826678335301,19.668670960557552],[80.18798061373207,19.668669667587594]]]},"id":"1555"},{"type":"Feature","properties":{"id":"1556","metrics:area":1550,"metrics:perimeter":166.0728994634495},"geometry":{"type":"Polygon","coordinates":[[[80.15821815491314,19.668713431845518],[80.15841129137678,19.668262523283936],[80.15860206921163,19.668263416688784],[80.15869557229561,19.668625305096583],[80.15821815491314,19.668713431845518]]]},"id":"1556"},{"type":"Feature","properties":{"id":"1557","metrics:area":800,"metrics:perimeter":122.46211251235322},"geometry":{"type":"Polygon","coordinates":[[[80.22241651849886,19.66882198352994],[80.22251365207647,19.66846094880323],[80.22270443317764,19.668461774163507],[80.22260730002277,19.668822809007864],[80.22241651849886,19.66882198352994]]]},"id":"1557"},{"type":"Feature","properties":{"id":"1558","metrics:area":550,"metrics:perimeter":96.34413615167959},"geometry":{"type":"Polygon","coordinates":[[[80.14734523925897,19.66839107969923],[80.14734619489094,19.668210359337774],[80.14753744982164,19.66812090430058],[80.14763188307889,19.668302077173863],[80.14734523925897,19.66839107969923]]]},"id":"1558"},{"type":"Feature","properties":{"id":"1559","metrics:area":500,"metrics:perimeter":89.44271909999159},"geometry":{"type":"Polygon","coordinates":[[[80.21917367164858,19.668717557621477],[80.21907915628223,19.668536419489595],[80.21927037483401,19.668446886694788],[80.21936489037039,19.66862802473342],[80.21917367164858,19.668717557621477]]]},"id":"1559"},{"type":"Feature","properties":{"id":"1560","metrics:area":1400,"metrics:perimeter":155.96267358062482},"geometry":{"type":"Polygon","coordinates":[[[80.1484894268747,19.668486867818416],[80.14820421515547,19.668304791116842],[80.1482056471487,19.668033710509913],[80.14868163569177,19.668216691131256],[80.1484894268747,19.668486867818416]]]},"id":"1560"},{"type":"Feature","properties":{"id":"1561","metrics:area":500,"metrics:perimeter":95.60623297836548},"geometry":{"type":"Polygon","coordinates":[[[80.29377025207445,19.668935859828377],[80.29386683161873,19.668665144709955],[80.29396222383508,19.668665519543083],[80.29405682482307,19.668846621005788],[80.29377025207445,19.668935859828377]]]},"id":"1561"},{"type":"Feature","properties":{"id":"1562","metrics:area":1350,"metrics:perimeter":154.58193116710234},"geometry":{"type":"Polygon","coordinates":[[[80.22146261102412,19.668817853102663],[80.22136940201159,19.668365630538442],[80.22175096389401,19.668367283478382],[80.22165382868859,19.668728317740214],[80.22146261102412,19.668817853102663]]]},"id":"1562"},{"type":"Feature","properties":{"id":"1563","metrics:area":2650,"metrics:perimeter":220.47938824912887},"geometry":{"type":"Polygon","coordinates":[[[80.1436241214982,19.66855410881975],[80.1436265210053,19.668102308357387],[80.14381873726911,19.667832137148853],[80.14410490217615,19.667833500389065],[80.14391076741825,19.668465112320426],[80.1436241214982,19.66855410881975]]]},"id":"1563"},{"type":"Feature","properties":{"id":"1564","metrics:area":600,"metrics:perimeter":111.2310562561766},"geometry":{"type":"Polygon","coordinates":[[[80.14324448710323,19.6681908496483],[80.14324640752673,19.667829409301646],[80.14334179581049,19.6678298640694],[80.1434352641009,19.66819175915125],[80.14324448710323,19.6681908496483]]]},"id":"1564"},{"type":"Feature","properties":{"id":"1565","metrics:area":1500,"metrics:perimeter":181.16335180631341},"geometry":{"type":"Polygon","coordinates":[[[80.29214778866167,19.669110205563168],[80.29205398318798,19.668748376562085],[80.29234174617073,19.668388050567458],[80.2924359486365,19.668659516137303],[80.29214778866167,19.669110205563168]]]},"id":"1565"},{"type":"Feature","properties":{"id":"1566","metrics:area":2600,"metrics:perimeter":198.77054302287243},"geometry":{"type":"Polygon","coordinates":[[[80.2030531376227,19.66855642118953],[80.20276830745225,19.66828406743919],[80.20296087402679,19.667923467945943],[80.2033410938706,19.668196244318736],[80.20333975455021,19.668467328693545],[80.2030531376227,19.66855642118953]]]},"id":"1566"},{"type":"Feature","properties":{"id":"1567","metrics:area":500,"metrics:perimeter":92.36067977499789},"geometry":{"type":"Polygon","coordinates":[[[80.22890568843265,19.668307764107777],[80.2289069847636,19.668036678064404],[80.22909776565199,19.66803749662033],[80.22909690164752,19.668218220658286],[80.22890568843265,19.668307764107777]]]},"id":"1567"},{"type":"Feature","properties":{"id":"1568","metrics:area":550,"metrics:perimeter":96.34413615167958},"geometry":{"type":"Polygon","coordinates":[[[80.15764959625584,19.667987866367167],[80.1575551516934,19.667806698342023],[80.15784178949826,19.66771767927465],[80.15784084565423,19.66789840013825],[80.15764959625584,19.667987866367167]]]},"id":"1568"},{"type":"Feature","properties":{"id":"1569","metrics:area":1200,"metrics:perimeter":147.33433128760743},"geometry":{"type":"Polygon","coordinates":[[[80.15249765861138,19.668144366994056],[80.15259542163682,19.66769301531809],[80.15278619851101,19.667693914872178],[80.1528801628458,19.66796544552021],[80.15249765861138,19.668144366994056]]]},"id":"1569"},{"type":"Feature","properties":{"id":"1570","metrics:area":1400,"metrics:perimeter":167.7995987511004},"geometry":{"type":"Polygon","coordinates":[[[80.19303808923637,19.66833099806604],[80.19303899365748,19.668150275604845],[80.19342236036367,19.66779054371239],[80.19342010041095,19.668242349919353],[80.19303808923637,19.66833099806604]]]},"id":"1570"},{"type":"Feature","properties":{"id":"1571","metrics:area":900,"metrics:perimeter":123.24555320336759},"geometry":{"type":"Polygon","coordinates":[[[80.20248347824375,19.66801171326276],[80.2023894293099,19.66774020555798],[80.20277098796501,19.6677418987459],[80.20277009447065,19.66792262164733],[80.20248347824375,19.66801171326276]]]},"id":"1571"},{"type":"Feature","properties":{"id":"1572","metrics:area":500,"metrics:perimeter":92.36067977499789},"geometry":{"type":"Polygon","coordinates":[[[80.26429741298199,19.668094692060723],[80.26439362868068,19.66791435706749],[80.26458441098613,19.667915137945247],[80.2645835867574,19.66809586346492],[80.26429741298199,19.668094692060723]]]},"id":"1572"},{"type":"Feature","properties":{"id":"1573","metrics:area":800,"metrics:perimeter":115.60623297836548},"geometry":{"type":"Polygon","coordinates":[[[80.16251630227475,19.66764916309169],[80.16261309865185,19.66737852599028],[80.1628987950703,19.667470219826306],[80.1628024682445,19.66765049654627],[80.16251630227475,19.66764916309169]]]},"id":"1573"},{"type":"Feature","properties":{"id":"1574","metrics:area":2300,"metrics:perimeter":193.29436717133663},"geometry":{"type":"Polygon","coordinates":[[[80.15917628750564,19.66790465384803],[80.15898786645126,19.66745195876947],[80.1593703623782,19.667273023138247],[80.15955925529072,19.667635357383386],[80.15917628750564,19.66790465384803]]]},"id":"1574"},{"type":"Feature","properties":{"id":"1575","metrics:area":1200,"metrics:perimeter":142.4621125123532},"geometry":{"type":"Polygon","coordinates":[[[80.21574356616964,19.66788934692614],[80.21574488459646,19.667618261719937],[80.21612688345405,19.667529564796148],[80.21612556567581,19.66780065002989],[80.21574356616964,19.66788934692614]]]},"id":"1575"},{"type":"Feature","properties":{"id":"1576","metrics:area":500,"metrics:perimeter":105.5708402582784},"geometry":{"type":"Polygon","coordinates":[[[80.22347060377442,19.667832540291727],[80.22328069388807,19.667650991973535],[80.2235677343332,19.667471504855197],[80.22347060377442,19.667832540291727]]]},"id":"1576"},{"type":"Feature","properties":{"id":"1577","metrics:area":600,"metrics:perimeter":103.24555320336759},"geometry":{"type":"Polygon","coordinates":[[[80.15240654461343,19.667330674330735],[80.1524074945178,19.66714995370984],[80.15269413364335,19.667060942910076],[80.15269318406483,19.667241663546204],[80.15240654461343,19.667330674330735]]]},"id":"1577"},{"type":"Feature","properties":{"id":"1578","metrics:area":1200,"metrics:perimeter":140.53212221418408},"geometry":{"type":"Polygon","coordinates":[[[80.15135679885844,19.6674160824329],[80.1510711098546,19.667324370490196],[80.15116840061143,19.666963379964283],[80.15145361356332,19.66714545202369],[80.15135679885844,19.6674160824329]]]},"id":"1578"},{"type":"Feature","properties":{"id":"1579","metrics:area":850,"metrics:perimeter":122.8538328578604},"geometry":{"type":"Polygon","coordinates":[[[80.15813031400843,19.667267217968917],[80.1581312574953,19.667086497079147],[80.15851328189117,19.666997923723393],[80.1584164789777,19.667268558382688],[80.15813031400843,19.667267217968917]]]},"id":"1579"},{"type":"Feature","properties":{"id":"1580","metrics:area":600,"metrics:perimeter":100},"geometry":{"type":"Polygon","coordinates":[[[80.2899593337499,19.667836463574226],[80.2899605274145,19.66756537376294],[80.29015131038666,19.66756612748539],[80.29015011704273,19.6678372173079],[80.2899593337499,19.667836463574226]]]},"id":"1580"},{"type":"Feature","properties":{"id":"1581","metrics:area":800,"metrics:perimeter":123.13755207963358},"geometry":{"type":"Polygon","coordinates":[[[80.21603237221727,19.667348425179103],[80.21603325082111,19.667167701685816],[80.2163202980117,19.666988226382095],[80.2164148093821,19.667169365858733],[80.21603237221727,19.667348425179103]]]},"id":"1581"},{"type":"Feature","properties":{"id":"1582","metrics:area":650,"metrics:perimeter":103.98345637668169},"geometry":{"type":"Polygon","coordinates":[[[80.23997569920684,19.667360921539565],[80.23997655097921,19.66718019702349],[80.2401677571252,19.66709064153064],[80.24026187008636,19.66736213163149],[80.23997569920684,19.667360921539565]]]},"id":"1582"},{"type":"Feature","properties":{"id":"1583","metrics:area":800,"metrics:perimeter":115.60623297836548},"geometry":{"type":"Polygon","coordinates":[[[80.24064300577638,19.667454106649302],[80.24054889211816,19.66718261672769],[80.24083548812112,19.66709346361894],[80.24083421190899,19.667364550448458],[80.24064300577638,19.667454106649302]]]},"id":"1583"},{"type":"Feature","properties":{"id":"1584","metrics:area":1350,"metrics:perimeter":163.88035920673138},"geometry":{"type":"Polygon","coordinates":[[[80.15173930249713,19.66723716335632],[80.15154947707609,19.66705554212838],[80.15145599094998,19.66669365056708],[80.1519315044359,19.666966982897282],[80.15173930249713,19.66723716335632]]]},"id":"1584"},{"type":"Feature","properties":{"id":"1585","metrics:area":550,"metrics:perimeter":96.34413615167958},"geometry":{"type":"Polygon","coordinates":[[[80.1592763873291,19.667001495474658],[80.15918194143588,19.666820328238877],[80.1594685766733,19.666731306468897],[80.15946763470349,19.66691202742807],[80.1592763873291,19.667001495474658]]]},"id":"1585"},{"type":"Feature","properties":{"id":"1586","metrics:area":1200,"metrics:perimeter":144.72135954999578},"geometry":{"type":"Polygon","coordinates":[[[80.16137445822048,19.667101661607575],[80.16099384530806,19.66691915955633],[80.16099478556798,19.66673843852637],[80.16137633789575,19.666740219515965],[80.16137445822048,19.667101661607575]]]},"id":"1586"},{"type":"Feature","properties":{"id":"1587","metrics:area":700,"metrics:perimeter":112.36067977499789},"geometry":{"type":"Polygon","coordinates":[[[80.15193197964606,19.66687662259478],[80.1519338804604,19.666515181375615],[80.1521246559085,19.66651608158033],[80.15212323062228,19.66678716250949],[80.15193197964606,19.66687662259478]]]},"id":"1587"},{"type":"Feature","properties":{"id":"1588","metrics:area":2250,"metrics:perimeter":190.99019513592785},"geometry":{"type":"Polygon","coordinates":[[[80.21441162737105,19.667160619914714],[80.21441382838034,19.66670881134118],[80.21489033511513,19.666801257408892],[80.21488857537159,19.667162704307263],[80.21441162737105,19.667160619914714]]]},"id":"1588"},{"type":"Feature","properties":{"id":"1589","metrics:area":1500,"metrics:perimeter":168.9292222699217},"geometry":{"type":"Polygon","coordinates":[[[80.21364895133111,19.667066920557946],[80.21403227109252,19.666707142957332],[80.2142226094277,19.666798338962906],[80.21422128850149,19.667069424094606],[80.21364895133111,19.667066920557946]]]},"id":"1589"},{"type":"Feature","properties":{"id":"1590","metrics:area":650,"metrics:perimeter":103.98345637668169},"geometry":{"type":"Polygon","coordinates":[[[80.16023215159083,19.66664451361878],[80.1601381753949,19.66637298634721],[80.16042433892538,19.666374323505504],[80.16042339804508,19.666555044516294],[80.16023215159083,19.66664451361878]]]},"id":"1590"},{"type":"Feature","properties":{"id":"1591","metrics:area":1100,"metrics:perimeter":142.00792856081227},"geometry":{"type":"Polygon","coordinates":[[[80.2164165657056,19.66680791882812],[80.2162271043855,19.666536001589222],[80.21622798273185,19.66635527807117],[80.21660910043032,19.666447303532525],[80.2164165657056,19.66680791882812]]]},"id":"1591"},{"type":"Feature","properties":{"id":"1592","metrics:area":1550,"metrics:perimeter":167.17176145466178},"geometry":{"type":"Polygon","coordinates":[[[80.16242795360829,19.666293310304653],[80.16223905557445,19.665930978842624],[80.16281091230896,19.666024006521514],[80.16271411716563,19.666294643811824],[80.16242795360829,19.666293310304653]]]},"id":"1592"},{"type":"Feature","properties":{"id":"1593","metrics:area":1150,"metrics:perimeter":142.3996489063195},"geometry":{"type":"Polygon","coordinates":[[[80.15164914337205,19.66624274978499],[80.15165056941244,19.665971668872803],[80.15193768196289,19.665792298893173],[80.15203164387475,19.666063829947475],[80.15164914337205,19.66624274978499]]]},"id":"1593"},{"type":"Feature","properties":{"id":"1594","metrics:area":900,"metrics:perimeter":132.3606797749979},"geometry":{"type":"Polygon","coordinates":[[[80.22071040257505,19.666555499030277],[80.22071258586521,19.666103689744432],[80.22090336409583,19.666104516921788],[80.22090161789602,19.666465964368726],[80.22071040257505,19.666555499030277]]]},"id":"1594"},{"type":"Feature","properties":{"id":"1595","metrics:area":600,"metrics:perimeter":100},"geometry":{"type":"Polygon","coordinates":[[[80.21823159366011,19.666273641623107],[80.21823290778768,19.666002556206482],[80.2184236857856,19.66600338601198],[80.21842237197863,19.66627447144096],[80.21823159366011,19.666273641623107]]]},"id":"1595"},{"type":"Feature","properties":{"id":"1596","metrics:area":1250,"metrics:perimeter":152.33356769717778},"geometry":{"type":"Polygon","coordinates":[[[80.21756299277635,19.666451459243724],[80.21727814079225,19.666179127712585],[80.21727901794357,19.665998404141796],[80.21775508621833,19.666181204398292],[80.21756299277635,19.666451459243724]]]},"id":"1596"},{"type":"Feature","properties":{"id":"1597","metrics:area":2400,"metrics:perimeter":215.7321156289111},"geometry":{"type":"Polygon","coordinates":[[[80.22013762935221,19.66664337806379],[80.22013894030266,19.666372292534753],[80.22052268115716,19.665922138652036],[80.22061501319618,19.6665550853554],[80.22013762935221,19.66664337806379]]]},"id":"1597"},{"type":"Feature","properties":{"id":"1598","metrics:area":1000,"metrics:perimeter":152.68827230335918},"geometry":{"type":"Polygon","coordinates":[[[80.21928087453195,19.66627820311557],[80.21937757592053,19.666007532002265],[80.21976000640531,19.665828465299512],[80.21956747939014,19.666189084262502],[80.21928087453195,19.66627820311557]]]},"id":"1598"},{"type":"Feature","properties":{"id":"1599","metrics:area":1150,"metrics:perimeter":143.35087491092574},"geometry":{"type":"Polygon","coordinates":[[[80.21861315030687,19.66627530105633],[80.21851995054051,19.665823077210767],[80.21880611724222,19.66582432137516],[80.21880436636911,19.66618576865224],[80.21861315030687,19.66627530105633]]]},"id":"1599"},{"type":"Feature","properties":{"id":"1600","metrics:area":1100,"metrics:perimeter":142.61297173761164},"geometry":{"type":"Polygon","coordinates":[[[80.22118996784349,19.66601539543799],[80.22109588806978,19.665743896418643],[80.2215723964814,19.665836324810098],[80.22157152414893,19.666017048569625],[80.22118996784349,19.66601539543799]]]},"id":"1600"},{"type":"Feature","properties":{"id":"1601","metrics:area":900,"metrics:perimeter":121.66174573300538},"geometry":{"type":"Polygon","coordinates":[[[80.2154670674959,19.665900139525583],[80.21527672944713,19.665808944841455],[80.21537343716298,19.665538276089908],[80.21565916367278,19.66562988700236],[80.2154670674959,19.665900139525583]]]},"id":"1601"},{"type":"Feature","properties":{"id":"1602","metrics:area":900,"metrics:perimeter":123.24555320336759},"geometry":{"type":"Polygon","coordinates":[[[80.22052311790998,19.665831776794395],[80.2206198169426,19.66556110491885],[80.22090554679124,19.66565270759249],[80.22090467372031,19.66583343132696],[80.22052311790998,19.665831776794395]]]},"id":"1602"},{"type":"Feature","properties":{"id":"1603","metrics:area":900,"metrics:perimeter":123.24555320336759},"geometry":{"type":"Polygon","coordinates":[[[80.21251045485431,19.66579684452103],[80.21241638998141,19.66552534145722],[80.21279794432479,19.665527013175474],[80.21279706217497,19.665707736561053],[80.21251045485431,19.66579684452103]]]},"id":"1603"},{"type":"Feature","properties":{"id":"1604","metrics:area":550,"metrics:perimeter":96.34413615167959},"geometry":{"type":"Polygon","coordinates":[[[80.29301979067746,19.666041232252603],[80.29302058294793,19.66586050555658],[80.293211760055,19.665770892614997],[80.29330635860039,19.66595199445199],[80.29301979067746,19.666041232252603]]]},"id":"1604"},{"type":"Feature","properties":{"id":"1605","metrics:area":1050,"metrics:perimeter":137.6782893563237},"geometry":{"type":"Polygon","coordinates":[[[80.21747067282088,19.665818511376994],[80.21747286509813,19.665366702404192],[80.21766364230916,19.665367532990754],[80.21775771604015,19.66563903361309],[80.21747067282088,19.665818511376994]]]},"id":"1605"},{"type":"Feature","properties":{"id":"1606","metrics:area":500,"metrics:perimeter":92.36067977499789},"geometry":{"type":"Polygon","coordinates":[[[80.17044519013581,19.66542686887515],[80.17044658452043,19.665155786629242],[80.17063735926767,19.665156667123938],[80.17063642989422,19.665337388630867],[80.17044519013581,19.66542686887515]]]},"id":"1606"},{"type":"Feature","properties":{"id":"1607","metrics:area":600,"metrics:perimeter":115.95241580617241},"geometry":{"type":"Polygon","coordinates":[[[80.21966549193833,19.665647327453804],[80.21928481155919,19.66546494663718],[80.21966680361048,19.665376241925326],[80.21966549193833,19.665647327453804]]]},"id":"1607"},{"type":"Feature","properties":{"id":"1608","metrics:area":850,"metrics:perimeter":134.58193116710234},"geometry":{"type":"Polygon","coordinates":[[[80.18761453197239,19.665595664837927],[80.18771219563615,19.66514429030795],[80.18790297119777,19.665145152475418],[80.18780576313881,19.66550616598765],[80.18761453197239,19.665595664837927]]]},"id":"1608"},{"type":"Feature","properties":{"id":"1609","metrics:area":1400,"metrics:perimeter":151.2310562561766},"geometry":{"type":"Polygon","coordinates":[[[80.1619557100682,19.665387481308617],[80.16195711871859,19.665116399649175],[80.16233913663449,19.665027817891275],[80.162337259294,19.665389260141],[80.1619557100682,19.665387481308617]]]},"id":"1609"},{"type":"Feature","properties":{"id":"1610","metrics:area":600,"metrics:perimeter":109.6472487858144},"geometry":{"type":"Polygon","coordinates":[[[80.21670931747296,19.665453739813127],[80.2166148066976,19.665272600480332],[80.2169967995412,19.665183901477057],[80.2169963608283,19.665274263264976],[80.21670931747296,19.665453739813127]]]},"id":"1610"},{"type":"Feature","properties":{"id":"1611","metrics:area":3400,"metrics:perimeter":244.64988111678224},"geometry":{"type":"Polygon","coordinates":[[[80.22014243606418,19.665649397750293],[80.22004835826513,19.665377898239093],[80.22024000940178,19.665198002377373],[80.22090816594603,19.665110536367063],[80.22081103111002,19.665471570305346],[80.22014243606418,19.665649397750293]]]},"id":"1611"},{"type":"Feature","properties":{"id":"1612","metrics:area":800,"metrics:perimeter":115.60623297836548},"geometry":{"type":"Polygon","coordinates":[[[80.21709087204083,19.6654554024118],[80.21709218802653,19.665184317044613],[80.2172834035546,19.665094786232846],[80.21737747649624,19.66536628703498],[80.21709087204083,19.6654554024118]]]},"id":"1612"},{"type":"Feature","properties":{"id":"1613","metrics:area":600,"metrics:perimeter":103.24555320336759},"geometry":{"type":"Polygon","coordinates":[[[80.15528002523358,19.665085139453765],[80.15528097180086,19.664904418653194],[80.1555676054866,19.66481540304093],[80.15556665924512,19.664996123856692],[80.15528002523358,19.665085139453765]]]},"id":"1613"},{"type":"Feature","properties":{"id":"1614","metrics:area":500,"metrics:perimeter":95.60623297836548},"geometry":{"type":"Polygon","coordinates":[[[80.22510396108454,19.665399767937462],[80.22520065223509,19.66512909331343],[80.22529604087464,19.6651295045258],[80.22539056149733,19.665310639625414],[80.22510396108454,19.665399767937462]]]},"id":"1614"},{"type":"Feature","properties":{"id":"1615","metrics:area":700,"metrics:perimeter":112.36067977499789},"geometry":{"type":"Polygon","coordinates":[[[80.16195805780588,19.664935678538296],[80.16205438381132,19.664755402192313],[80.16234054461255,19.66475673619433],[80.1623396059631,19.664937457326545],[80.16195805780588,19.664935678538296]]]},"id":"1615"},{"type":"Feature","properties":{"id":"1616","metrics:area":500,"metrics:perimeter":92.36067977499789},"geometry":{"type":"Polygon","coordinates":[[[80.21079699540047,19.665066419357295],[80.21079832193644,19.664795334389108],[80.21098909816524,19.66479617203724],[80.21098821402408,19.664976895358592],[80.21079699540047,19.665066419357295]]]},"id":"1616"},{"type":"Feature","properties":{"id":"1617","metrics:area":700,"metrics:perimeter":117.28656901081649},"geometry":{"type":"Polygon","coordinates":[[[80.15471007153197,19.66463064652679],[80.15490226533703,19.66436046251282],[80.15509303838321,19.664361359472352],[80.15509209163365,19.664542080275044],[80.15471007153197,19.66463064652679]]]},"id":"1617"},{"type":"Feature","properties":{"id":"1618","metrics:area":500,"metrics:perimeter":92.36067977499789},"geometry":{"type":"Polygon","coordinates":[[[80.17712601200063,19.66473467895533],[80.17712739510364,19.66446359623032],[80.17731816935459,19.66446446960415],[80.17731724750217,19.664645191430413],[80.17712601200063,19.66473467895533]]]},"id":"1618"},{"type":"Feature","properties":{"id":"1619","metrics:area":7100,"metrics:perimeter":423.3963233805183},"geometry":{"type":"Polygon","coordinates":[[[80.14154336856478,19.665200773052142],[80.14116711487338,19.664204989317145],[80.1420246283783,19.66438980980348],[80.14221684256854,19.664119640132892],[80.14240473181619,19.664662711164766],[80.14211857266295,19.664661345428254],[80.14154336856478,19.665200773052142]]]},"id":"1619"},{"type":"Feature","properties":{"id":"1620","metrics:area":600,"metrics:perimeter":100},"geometry":{"type":"Polygon","coordinates":[[[80.2921656376245,19.665043856172467],[80.29216682739734,19.66477276614718],[80.29235760715738,19.664773517425157],[80.29235641770516,19.665044607461635],[80.2921656376245,19.665043856172467]]]},"id":"1620"},{"type":"Feature","properties":{"id":"1621","metrics:area":700,"metrics:perimeter":107.96691275336337},"geometry":{"type":"Polygon","coordinates":[[[80.21518661738601,19.664724187319035],[80.21509210874794,19.66454304724432],[80.21537871254509,19.664453935028614],[80.21547322146247,19.66463507496365],[80.21518661738601,19.664724187319035]]]},"id":"1621"},{"type":"Feature","properties":{"id":"1622","metrics:area":1200,"metrics:perimeter":144.72135954999578},"geometry":{"type":"Polygon","coordinates":[[[80.22195918362546,19.664753634382816],[80.22196092729072,19.66439218677594],[80.22234160842588,19.66457456196185],[80.22234073701586,19.664755285779847],[80.22195918362546,19.664753634382816]]]},"id":"1622"},{"type":"Feature","properties":{"id":"1623","metrics:area":700,"metrics:perimeter":107.96691275336337},"geometry":{"type":"Polygon","coordinates":[[[80.21690360485361,19.664731676915856],[80.21680953304863,19.664460175886745],[80.21700074784813,19.664370645344526],[80.2170948199324,19.66464214628547],[80.21690360485361,19.664731676915856]]]},"id":"1623"},{"type":"Feature","properties":{"id":"1624","metrics:area":900,"metrics:perimeter":130.89724298507355},"geometry":{"type":"Polygon","coordinates":[[[80.2203380189753,19.66465624504491],[80.22005229122743,19.66456464153016],[80.22005316519247,19.664383917806976],[80.22052966891229,19.664476348819626],[80.2203380189753,19.66465624504491]]]},"id":"1624"},{"type":"Feature","properties":{"id":"1625","metrics:area":4300,"metrics:perimeter":330.9143804319506},"geometry":{"type":"Polygon","coordinates":[[[80.1399232409728,19.664921939768917],[80.1399285415522,19.663927979286946],[80.1402146992395,19.663929348461355],[80.14021325413975,19.66420042862422],[80.14050037541381,19.664021077242275],[80.14040209985559,19.664562781390096],[80.1399232409728,19.664921939768917]]]},"id":"1625"},{"type":"Feature","properties":{"id":"1626","metrics:area":1350,"metrics:perimeter":154.084889114037},"geometry":{"type":"Polygon","coordinates":[[[80.20507548501416,19.66467974926656],[80.20517265420654,19.66431872500246],[80.20545926247094,19.664229628780713],[80.20545748184198,19.66459107495785],[80.20507548501416,19.66467974926656]]]},"id":"1626"},{"type":"Feature","properties":{"id":"1627","metrics:area":1450,"metrics:perimeter":160.19578422302465},"geometry":{"type":"Polygon","coordinates":[[[80.14297849068609,19.66439436092544],[80.14288454507137,19.66412282569369],[80.1433624353814,19.663944379317215],[80.14336099557069,19.664215459703897],[80.14297849068609,19.66439436092544]]]},"id":"1627"},{"type":"Feature","properties":{"id":"1628","metrics:area":650,"metrics:perimeter":103.98345637668169},"geometry":{"type":"Polygon","coordinates":[[[80.15929051906582,19.664290680861754],[80.15929193211046,19.664019599354997],[80.15948270496962,19.664020491640457],[80.1595771496965,19.664201658725982],[80.15929051906582,19.664290680861754]]]},"id":"1628"},{"type":"Feature","properties":{"id":"1629","metrics:area":1200,"metrics:perimeter":143.1375520796336},"geometry":{"type":"Polygon","coordinates":[[[80.16825593774345,19.664513121468094],[80.16806656218749,19.664241156363996],[80.16844904106698,19.66406220069648],[80.16844717751793,19.664423643549465],[80.16825593774345,19.664513121468094]]]},"id":"1629"},{"type":"Feature","properties":{"id":"1630","metrics:area":900,"metrics:perimeter":123.24555320336759},"geometry":{"type":"Polygon","coordinates":[[[80.17560166334768,19.664366241075808],[80.17569843585422,19.664095595957285],[80.17598413481576,19.664187269080575],[80.17598321148269,19.664367990851613],[80.17560166334768,19.664366241075808]]]},"id":"1630"},{"type":"Feature","properties":{"id":"1631","metrics:area":600,"metrics:perimeter":104.72135954999578},"geometry":{"type":"Polygon","coordinates":[[[80.1561432358881,19.66418556827567],[80.15614465421403,19.66391448698582],[80.15633589945723,19.663825022170975],[80.1563344814597,19.66409610347691],[80.1561432358881,19.66418556827567]]]},"id":"1631"},{"type":"Feature","properties":{"id":"1632","metrics:area":1050,"metrics:perimeter":131.6227766016838},"geometry":{"type":"Polygon","coordinates":[[[80.21576026462589,19.66445560037099],[80.21576202215387,19.664094153288147],[80.21604818559886,19.664095401738678],[80.21604686793738,19.664366487070776],[80.21576026462589,19.66445560037099]]]},"id":"1632"},{"type":"Feature","properties":{"id":"1633","metrics:area":900,"metrics:perimeter":127.18347206234901},"geometry":{"type":"Polygon","coordinates":[[[80.16873426965726,19.664244245913984],[80.16864074596914,19.66388236182369],[80.16883198478453,19.66379288345431],[80.16892550886209,19.66415476746238],[80.16873426965726,19.664244245913984]]]},"id":"1633"},{"type":"Feature","properties":{"id":"1634","metrics:area":1200,"metrics:perimeter":147.44338410251953},"geometry":{"type":"Polygon","coordinates":[[[80.2430413380841,19.664572573303495],[80.24294764599458,19.66421072212284],[80.24313884702558,19.66412116326749],[80.24332750421978,19.66457377835001],[80.2430413380841,19.664572573303495]]]},"id":"1634"},{"type":"Feature","properties":{"id":"1635","metrics:area":700,"metrics:perimeter":117.28656901081649},"geometry":{"type":"Polygon","coordinates":[[[80.16739978778885,19.664057342953882],[80.16759196016613,19.663787144545115],[80.16778273315596,19.66378802801095],[80.16778180065413,19.663968749414103],[80.16739978778885,19.664057342953882]]]},"id":"1635"},{"type":"Feature","properties":{"id":"1636","metrics:area":1650,"metrics:perimeter":168.27676414674434},"geometry":{"type":"Polygon","coordinates":[[[80.14088240060315,19.663932541430277],[80.14097971157568,19.66357155706379],[80.1414561591538,19.663664196027575],[80.14126394429812,19.663934364870517],[80.14088240060315,19.663932541430277]]]},"id":"1636"},{"type":"Feature","properties":{"id":"1637","metrics:area":1600,"metrics:perimeter":162.61297173761164},"geometry":{"type":"Polygon","coordinates":[[[80.24351870549265,19.66448421910137],[80.24342543624589,19.66403200576976],[80.24380698985335,19.664033611539516],[80.24380529517795,19.664395061015856],[80.24351870549265,19.66448421910137]]]},"id":"1637"},{"type":"Feature","properties":{"id":"1638","metrics:area":1350,"metrics:perimeter":151.6227766016838},"geometry":{"type":"Polygon","coordinates":[[[80.13992902340705,19.66383761923761],[80.14002585463501,19.66356699551713],[80.1404073973793,19.663568820743105],[80.1404059526321,19.66383990093059],[80.13992902340705,19.66383761923761]]]},"id":"1638"},{"type":"Feature","properties":{"id":"1639","metrics:area":500,"metrics:perimeter":92.36067977499789},"geometry":{"type":"Polygon","coordinates":[[[80.22024525196763,19.66411366001098],[80.2203415135144,19.663933350088197],[80.22053228916096,19.663934177571946],[80.22053141575441,19.66411490132484],[80.22024525196763,19.66411366001098]]]},"id":"1639"},{"type":"Feature","properties":{"id":"1640","metrics:area":800,"metrics:perimeter":115.60623297836548},"geometry":{"type":"Polygon","coordinates":[[[80.28205671948065,19.66446156923141],[80.28196253688382,19.664190098717626],[80.28224870485599,19.664191241773484],[80.28234329002396,19.664372348999493],[80.28205671948065,19.66446156923141]]]},"id":"1640"},{"type":"Feature","properties":{"id":"1641","metrics:area":1000,"metrics:perimeter":142.61297173761164},"geometry":{"type":"Polygon","coordinates":[[[80.21890938363529,19.664198223029906],[80.21881530869027,19.66392672292977],[80.21929268502548,19.663838433457567],[80.21929224763127,19.663928795308667],[80.21890938363529,19.664198223029906]]]},"id":"1641"},{"type":"Feature","properties":{"id":"1642","metrics:area":800,"metrics:perimeter":115.60623297836548},"geometry":{"type":"Polygon","coordinates":[[[80.29598360760407,19.664516662979093],[80.29588940128171,19.664245199035168],[80.29617596454852,19.664155956493126],[80.29617478155434,19.66442704677193],[80.29598360760407,19.664516662979093]]]},"id":"1642"},{"type":"Feature","properties":{"id":"1643","metrics:area":600,"metrics:perimeter":100},"geometry":{"type":"Polygon","coordinates":[[[80.22196267091742,19.6640307391544],[80.22196397861212,19.663759653428613],[80.22215475412705,19.663760479183278],[80.22215344675293,19.66403156492136],[80.22196267091742,19.6640307391544]]]},"id":"1643"},{"type":"Feature","properties":{"id":"1644","metrics:area":600,"metrics:perimeter":100},"geometry":{"type":"Polygon","coordinates":[[[80.28262986026448,19.664283128299747],[80.28263106601435,19.664012038815674],[80.28282184447765,19.664012800187322],[80.28282063904837,19.664283889682732],[80.28262986026448,19.664283128299747]]]},"id":"1644"},{"type":"Feature","properties":{"id":"1645","metrics:area":600,"metrics:perimeter":100},"geometry":{"type":"Polygon","coordinates":[[[80.18428509258389,19.663773320591506],[80.1842860065852,19.663592598431812],[80.18457216693407,19.663593896964045],[80.18457125325332,19.663774619136632],[80.18428509258389,19.663773320591506]]]},"id":"1645"},{"type":"Feature","properties":{"id":"1646","metrics:area":900,"metrics:perimeter":126.05551275463989},"geometry":{"type":"Polygon","coordinates":[[[80.16806889266009,19.663789352830115],[80.16807075699174,19.663427909986474],[80.16835691587798,19.66342923432384],[80.16835598403786,19.66360995576064],[80.16806889266009,19.663789352830115]]]},"id":"1646"},{"type":"Feature","properties":{"id":"1647","metrics:area":750,"metrics:perimeter":111.6227766016838},"geometry":{"type":"Polygon","coordinates":[[[80.2716605032926,19.664148645305573],[80.27166131941287,19.663967919419935],[80.27194789423457,19.663878715914375],[80.27194667053841,19.66414980476147],[80.2716605032926,19.664148645305573]]]},"id":"1647"},{"type":"Feature","properties":{"id":"1648","metrics:area":500,"metrics:perimeter":89.44271909999159},"geometry":{"type":"Polygon","coordinates":[[[80.26011844140619,19.664101500856134],[80.26002388176163,19.663920382731234],[80.2602150736226,19.663830805383032],[80.26030963343665,19.66401192341437],[80.26011844140619,19.664101500856134]]]},"id":"1648"},{"type":"Feature","properties":{"id":"1649","metrics:area":600,"metrics:perimeter":104.72135954999578},"geometry":{"type":"Polygon","coordinates":[[[80.23064341220254,19.663977744493195],[80.23064470530407,19.663706658208234],[80.23083591207089,19.663617112646193],[80.23083461929707,19.66388819894607],[80.23064341220254,19.663977744493195]]]},"id":"1649"},{"type":"Feature","properties":{"id":"1650","metrics:area":600,"metrics:perimeter":100},"geometry":{"type":"Polygon","coordinates":[[[80.18171010602859,19.663671252166218],[80.1817114813466,19.663400169096874],[80.18190225455953,19.663401037560046],[80.18190087956208,19.66367212064232],[80.18171010602859,19.663671252166218]]]},"id":"1650"},{"type":"Feature","properties":{"id":"1651","metrics:area":500,"metrics:perimeter":105.5708402582784},"geometry":{"type":"Polygon","coordinates":[[[80.18552603492796,19.663598222115056],[80.18524078742594,19.66341620289486],[80.18543247352505,19.663236345394232],[80.18552603492796,19.663598222115056]]]},"id":"1651"},{"type":"Feature","properties":{"id":"1652","metrics:area":500,"metrics:perimeter":92.36067977499789},"geometry":{"type":"Polygon","coordinates":[[[80.23589147258934,19.663638677048084],[80.23598771665485,19.66345835813441],[80.23617849244508,19.663459168992368],[80.23617763659169,19.66363989342302],[80.23589147258934,19.663638677048084]]]},"id":"1652"},{"type":"Feature","properties":{"id":"1653","metrics:area":800,"metrics:perimeter":122.4621125123532},"geometry":{"type":"Polygon","coordinates":[[[80.15195146099879,19.66317184940146],[80.15195241119562,19.66299112871838],[80.1523344286484,19.662902568225057],[80.1523334788842,19.663083288927837],[80.15195146099879,19.66317184940146]]]},"id":"1653"},{"type":"Feature","properties":{"id":"1654","metrics:area":600,"metrics:perimeter":111.2310562561766},"geometry":{"type":"Polygon","coordinates":[[[80.2220611097138,19.663398618675842],[80.22206198137206,19.66321789484263],[80.22244309552475,19.66330990782313],[80.22244265990814,19.66340026974747],[80.2220611097138,19.663398618675842]]]},"id":"1654"},{"type":"Feature","properties":{"id":"1655","metrics:area":650,"metrics:perimeter":103.98345637668169},"geometry":{"type":"Polygon","coordinates":[[[80.15166625429421,19.662989778293106],[80.15157229458225,19.662718247045433],[80.15185845099498,19.662719597602425],[80.15185750070708,19.662900318286546],[80.15166625429421,19.662989778293106]]]},"id":"1655"},{"type":"Feature","properties":{"id":"1656","metrics:area":900,"metrics:perimeter":120},"geometry":{"type":"Polygon","coordinates":[[[80.29598794635291,19.66352266530074],[80.2959891296022,19.663251575005606],[80.29627529678311,19.663252695677702],[80.29627411401468,19.663523785989522],[80.29598794635291,19.66352266530074]]]},"id":"1656"},{"type":"Feature","properties":{"id":"1657","metrics:area":1000,"metrics:perimeter":131.2310562561766},"geometry":{"type":"Polygon","coordinates":[[[80.15758064033096,19.662927234044933],[80.15767791360176,19.662566239182148],[80.15786868466269,19.66256713311741],[80.15786679755949,19.66292857505036],[80.15758064033096,19.662927234044933]]]},"id":"1657"},{"type":"Feature","properties":{"id":"1658","metrics:area":900,"metrics:perimeter":123.24555320336759},"geometry":{"type":"Polygon","coordinates":[[[80.16330378935704,19.6629539676126],[80.16330566428017,19.66259252517548],[80.16349643564818,19.66259341313902],[80.1635904156284,19.66286493889394],[80.16330378935704,19.6629539676126]]]},"id":"1658"},{"type":"Feature","properties":{"id":"1659","metrics:area":650,"metrics:perimeter":103.98345637668169},"geometry":{"type":"Polygon","coordinates":[[[80.2263548518916,19.66314606051413],[80.22635615214121,19.66287497447879],[80.22654692680888,19.662875795536205],[80.2266414476362,19.663056930025693],[80.2263548518916,19.66314606051413]]]},"id":"1659"},{"type":"Feature","properties":{"id":"1660","metrics:area":1000,"metrics:perimeter":144.72135954999578},"geometry":{"type":"Polygon","coordinates":[[[80.22015467001079,19.663119265542534],[80.22044257893802,19.662759059398873],[80.22063335320033,19.662759886728],[80.2204408320272,19.66312050694046],[80.22015467001079,19.663119265542534]]]},"id":"1660"},{"type":"Feature","properties":{"id":"1661","metrics:area":1000,"metrics:perimeter":131.2310562561766},"geometry":{"type":"Polygon","coordinates":[[[80.21939200872573,19.66302559105971],[80.21939332066825,19.662754505469966],[80.21977443199808,19.66284652402506],[80.21977355779471,19.663027247767086],[80.21939200872573,19.66302559105971]]]},"id":"1661"},{"type":"Feature","properties":{"id":"1662","metrics:area":600,"metrics:perimeter":100},"geometry":{"type":"Polygon","coordinates":[[[80.21033067215242,19.66289564459296],[80.21033199931358,19.66262455958994],[80.21052277295341,19.662625397644387],[80.21052144611279,19.66289648265989],[80.21033067215242,19.66289564459296]]]},"id":"1662"},{"type":"Feature","properties":{"id":"1663","metrics:area":650,"metrics:perimeter":103.98345637668169},"geometry":{"type":"Polygon","coordinates":[[[80.22130019070553,19.662943504595283],[80.2213014994353,19.662672418879552],[80.22149227363423,19.662673245293576],[80.22158678857376,19.662854382248383],[80.22130019070553,19.662943504595283]]]},"id":"1663"},{"type":"Feature","properties":{"id":"1664","metrics:area":550,"metrics:perimeter":103.98345637668169},"geometry":{"type":"Polygon","coordinates":[[[80.23017164731434,19.662891357162223],[80.23026789718291,19.662711041496927],[80.23055362810304,19.66280262887368],[80.230553197042,19.662892990976733],[80.23017164731434,19.662891357162223]]]},"id":"1664"},{"type":"Feature","properties":{"id":"1665","metrics:area":1700,"metrics:perimeter":214.4766094595442},"geometry":{"type":"Polygon","coordinates":[[[80.2217758190722,19.66321665601977],[80.22177843495072,19.662674484535042],[80.22206503209996,19.66258536139752],[80.22215867611918,19.662947221919527],[80.22187251429291,19.66294598326695],[80.22196659393636,19.663217481952287],[80.2217758190722,19.66321665601977]]]},"id":"1665"},{"type":"Feature","properties":{"id":"1666","metrics:area":750,"metrics:perimeter":111.6227766016838},"geometry":{"type":"Polygon","coordinates":[[[80.16597646437545,19.66260493824385],[80.16597786605324,19.662333856221505],[80.16626402284587,19.662335183820076],[80.16626308871713,19.6625159051824],[80.16597646437545,19.66260493824385]]]},"id":"1666"},{"type":"Feature","properties":{"id":"1667","metrics:area":650,"metrics:perimeter":103.98345637668169},"geometry":{"type":"Polygon","coordinates":[[[80.22750080029105,19.66287989778659],[80.22750166582993,19.662699173709566],[80.22769287300042,19.662609631500203],[80.22778696238242,19.662881127474776],[80.22750080029105,19.66287989778659]]]},"id":"1667"},{"type":"Feature","properties":{"id":"1668","metrics:area":2550,"metrics:perimeter":205.46680459547204},"geometry":{"type":"Polygon","coordinates":[[[80.16435397065146,19.662778127738754],[80.16435631133481,19.662326324559714],[80.1648337069773,19.662238180623014],[80.16492722123877,19.662600066413116],[80.16435397065146,19.662778127738754]]]},"id":"1668"},{"type":"Feature","properties":{"id":"1669","metrics:area":2050,"metrics:perimeter":222.2453540846693},"geometry":{"type":"Polygon","coordinates":[[[80.16387563635757,19.66304699156904],[80.16378165579748,19.662775465947217],[80.16378446653287,19.662233302208897],[80.16416273077182,19.66286760130599],[80.16416179426147,19.66304832256053],[80.16387563635757,19.66304699156904]]]},"id":"1669"},{"type":"Feature","properties":{"id":"1670","metrics:area":500,"metrics:perimeter":92.36067977499789},"geometry":{"type":"Polygon","coordinates":[[[80.22568930844898,19.662691375183964],[80.22569060978451,19.662420289177692],[80.22588138388434,19.662421110923272],[80.22588051654341,19.662601834936524],[80.22568930844898,19.662691375183964]]]},"id":"1670"},{"type":"Feature","properties":{"id":"1671","metrics:area":700,"metrics:perimeter":107.96691275336337},"geometry":{"type":"Polygon","coordinates":[[[80.22072917689647,19.662669938422805],[80.22063466303752,19.662488801049868],[80.22092126041557,19.662399679744798],[80.22101577455373,19.662580816978004],[80.22072917689647,19.662669938422805]]]},"id":"1671"},{"type":"Feature","properties":{"id":"1672","metrics:area":600,"metrics:perimeter":100},"geometry":{"type":"Polygon","coordinates":[[[80.21109553588636,19.662537548906936],[80.21109686173601,19.662266463843007],[80.21128763498757,19.662267301071065],[80.21128630945847,19.66253838614747],[80.21109553588636,19.662537548906936]]]},"id":"1672"},{"type":"Feature","properties":{"id":"1673","metrics:area":1000,"metrics:perimeter":135.9524158061724},"geometry":{"type":"Polygon","coordinates":[[[80.22473543649116,19.6626872633582],[80.22435475683062,19.662504893264682],[80.22435562587631,19.662324169314907],[80.22473673942942,19.66241617741316],[80.22473543649116,19.6626872633582]]]},"id":"1673"},{"type":"Feature","properties":{"id":"1674","metrics:area":1350,"metrics:perimeter":159.30954492881494},"geometry":{"type":"Polygon","coordinates":[[[80.21968035628122,19.662575024314492],[80.21939506989104,19.662393058004138],[80.21939594448791,19.662212334265718],[80.21996782824431,19.6623051807941],[80.21968035628122,19.662575024314492]]]},"id":"1674"},{"type":"Feature","properties":{"id":"1675","metrics:area":2500,"metrics:perimeter":252.4791464830646},"geometry":{"type":"Polygon","coordinates":[[[80.20451429929408,19.662418178596784],[80.20451519056368,19.662237455507906],[80.20546994541706,19.662060951409664],[80.20546861012639,19.662332036109945],[80.20451429929408,19.662418178596784]]]},"id":"1675"},{"type":"Feature","properties":{"id":"1676","metrics:area":1250,"metrics:perimeter":150.99019513592785},"geometry":{"type":"Polygon","coordinates":[[[80.23007841650531,19.66243913810837],[80.23007971044683,19.662168051813147],[80.23055664546347,19.662170094126704],[80.2305557833724,19.662350818344713],[80.23007841650531,19.66243913810837]]]},"id":"1676"},{"type":"Feature","properties":{"id":"1677","metrics:area":1100,"metrics:perimeter":148.3484880797746},"geometry":{"type":"Polygon","coordinates":[[[80.22530862762385,19.662509007074046],[80.22511915572873,19.66223709874201],[80.22521584475706,19.66196642395027],[80.22549983569428,19.662419467229665],[80.22530862762385,19.662509007074046]]]},"id":"1677"},{"type":"Feature","properties":{"id":"1678","metrics:area":850,"metrics:perimeter":134.58193116710234},"geometry":{"type":"Polygon","coordinates":[[[80.22988850503859,19.66225759662872],[80.22998604888627,19.661806194800256],[80.23017682245363,19.661807011962498],[80.23007971044683,19.662168051813147],[80.22988850503859,19.66225759662872]]]},"id":"1678"},{"type":"Feature","properties":{"id":"1679","metrics:area":900,"metrics:perimeter":123.24555320336759},"geometry":{"type":"Polygon","coordinates":[[[80.22283030556261,19.662136852870404],[80.2228320470249,19.66177540508343],[80.22311777163827,19.661867004092084],[80.22302107919762,19.66213767764032],[80.22283030556261,19.662136852870404]]]},"id":"1679"},{"type":"Feature","properties":{"id":"1680","metrics:area":850,"metrics:perimeter":146.30204997601103},"geometry":{"type":"Polygon","coordinates":[[[80.22187643753216,19.662132725984264],[80.221400375946,19.661949936813166],[80.22197313186709,19.66186205311707],[80.22187643753216,19.662132725984264]]]},"id":"1680"},{"type":"Feature","properties":{"id":"1681","metrics:area":1050,"metrics:perimeter":131.6227766016838},"geometry":{"type":"Polygon","coordinates":[[[80.22330767477028,19.66204855246002],[80.2234043666767,19.661777878736743],[80.22369052653512,19.66177911488019],[80.22368922188441,19.662050200777042],[80.22330767477028,19.66204855246002]]]},"id":"1681"},{"type":"Feature","properties":{"id":"1682","metrics:area":550,"metrics:perimeter":112.26772762414359},"geometry":{"type":"Polygon","coordinates":[[[80.21672555434384,19.66211035334627],[80.21653565881579,19.661928798275632],[80.21644115015322,19.661747658858822],[80.21672687070117,19.66183926790205],[80.21672555434384,19.66211035334627]]]},"id":"1682"},{"type":"Feature","properties":{"id":"1683","metrics:area":750,"metrics:perimeter":137.73387165490544},"geometry":{"type":"Polygon","coordinates":[[[80.225500703453,19.66223874322906],[80.2255024389416,19.661877295216843],[80.2254074861402,19.661786522175856],[80.22559825947772,19.66178734419653],[80.22569191109844,19.662149203163167],[80.225500703453,19.66223874322906]]]},"id":"1683"},{"type":"Feature","properties":{"id":"1684","metrics:area":750,"metrics:perimeter":117.67828935632369},"geometry":{"type":"Polygon","coordinates":[[[80.22483386345779,19.66205514086963],[80.22483516618531,19.661784054899208],[80.22512176022937,19.661694926767172],[80.2251208920721,19.66187565076245],[80.22483386345779,19.66205514086963]]]},"id":"1684"},{"type":"Feature","properties":{"id":"1685","metrics:area":2400,"metrics:perimeter":271.46534252073684},"geometry":{"type":"Polygon","coordinates":[[[80.22607215799378,19.66242193246642],[80.22597850537723,19.662060073674475],[80.2264563062834,19.661881402810213],[80.22655299285913,19.66161072720513],[80.2268387195214,19.661702320361822],[80.22607215799378,19.66242193246642]]]},"id":"1685"},{"type":"Feature","properties":{"id":"1686","metrics:area":600,"metrics:perimeter":103.24555320336759},"geometry":{"type":"Polygon","coordinates":[[[80.15072001043448,19.661539508454066],[80.15072096192549,19.661358787796043],[80.15100759144464,19.66126977928169],[80.15100664027939,19.66145049995497],[80.15072001043448,19.661539508454066]]]},"id":"1686"},{"type":"Feature","properties":{"id":"1687","metrics:area":850,"metrics:perimeter":123.49878388032019},"geometry":{"type":"Polygon","coordinates":[[[80.21548684640618,19.661833859936866],[80.21529695263624,19.661652303610992],[80.21567893744627,19.661563607103865],[80.21577344513754,19.661744746892023],[80.21548684640618,19.661833859936866]]]},"id":"1687"},{"type":"Feature","properties":{"id":"1688","metrics:area":1000,"metrics:perimeter":134.4766094595442},"geometry":{"type":"Polygon","coordinates":[[[80.2212100388792,19.661858748418375],[80.22130673413712,19.661588075934105],[80.22159332956511,19.661498953481164],[80.22159202141027,19.661770039251106],[80.2212100388792,19.661858748418375]]]},"id":"1688"},{"type":"Feature","properties":{"id":"1689","metrics:area":2000,"metrics:perimeter":188.37231242118207},"geometry":{"type":"Polygon","coordinates":[[[80.2243569294268,19.662053083383377],[80.22426371543098,19.6616008618403],[80.22474108240073,19.66151255753676],[80.224835600423,19.661693692907235],[80.2243569294268,19.662053083383377]]]},"id":"1689"},{"type":"Feature","properties":{"id":"1690","metrics:area":800,"metrics:perimeter":122.4621125123532},"geometry":{"type":"Polygon","coordinates":[[[80.2161549908462,19.6617464111767],[80.21615586904181,19.66156568756557],[80.21653785324247,19.661476989208804],[80.21653697547909,19.661657712838288],[80.2161549908462,19.6617464111767]]]},"id":"1690"},{"type":"Feature","properties":{"id":"1691","metrics:area":650,"metrics:perimeter":103.98345637668169},"geometry":{"type":"Polygon","coordinates":[[[80.22302282023253,19.66177622983697],[80.22302412598341,19.66150514397483],[80.22321489888017,19.66150596851365],[80.2233094151545,19.66168710462845],[80.22302282023253,19.66177622983697]]]},"id":"1691"},{"type":"Feature","properties":{"id":"1692","metrics:area":1600,"metrics:perimeter":185.5996645919868},"geometry":{"type":"Polygon","coordinates":[[[80.2225454517093,19.661864529515537],[80.2222601631399,19.661682567671466],[80.22206895429075,19.66177210404494],[80.22226147016565,19.661411481855726],[80.22264258021883,19.66150349428988],[80.2225454517093,19.661864529515537]]]},"id":"1692"},{"type":"Feature","properties":{"id":"1693","metrics:area":650,"metrics:perimeter":103.98345637668169},"geometry":{"type":"Polygon","coordinates":[[[80.27195686738567,19.66189073078384],[80.27186270332432,19.661619255487082],[80.27214886609578,19.661620414478175],[80.27214805062714,19.661801140430615],[80.27195686738567,19.66189073078384]]]},"id":"1693"},{"type":"Feature","properties":{"id":"1694","metrics:area":1700,"metrics:perimeter":186.83728923454208},"geometry":{"type":"Polygon","coordinates":[[[80.22607562640673,19.66169903634409],[80.22550330667151,19.66169657120524],[80.22540965570205,19.661334712145578],[80.22598110696428,19.66151790157846],[80.22607562640673,19.66169903634409]]]},"id":"1694"},{"type":"Feature","properties":{"id":"1695","metrics:area":1600,"metrics:perimeter":179.70609457455737},"geometry":{"type":"Polygon","coordinates":[[[80.220924315479,19.6617671464142],[80.22073485197468,19.661495233719346],[80.22130847896045,19.661226628256284],[80.22130760655361,19.661407352097026],[80.220924315479,19.6617671464142]]]},"id":"1695"},{"type":"Feature","properties":{"id":"1696","metrics:area":500,"metrics:perimeter":92.36067977499789},"geometry":{"type":"Polygon","coordinates":[[[80.16655578229407,19.661252182633067],[80.16655718289401,19.660981100529884],[80.16674795251497,19.660981984973056],[80.16674701899794,19.661162706384882],[80.16655578229407,19.661252182633067]]]},"id":"1696"},{"type":"Feature","properties":{"id":"1697","metrics:area":500,"metrics:perimeter":89.44271909999159},"geometry":{"type":"Polygon","coordinates":[[[80.1521526817295,19.66118482162665],[80.15205824713051,19.66100365095343],[80.1522494909425,19.66091419041459],[80.15234392571223,19.66109536099515],[80.1521526817295,19.66118482162665]]]},"id":"1697"},{"type":"Feature","properties":{"id":"1698","metrics:area":1050,"metrics:perimeter":132.01807335842548},"geometry":{"type":"Polygon","coordinates":[[[80.22683915263484,19.6616119583261],[80.22674506552677,19.66134046189651],[80.22693670449574,19.66116055839602],[80.22712617833132,19.6614324649052],[80.22683915263484,19.6616119583261]]]},"id":"1698"},{"type":"Feature","properties":{"id":"1699","metrics:area":600,"metrics:perimeter":100},"geometry":{"type":"Polygon","coordinates":[[[80.16722394362972,19.66116491662919],[80.16722534310018,19.660893834477164],[80.16741611265047,19.660894718207498],[80.16741471350052,19.66116580037269],[80.16722394362972,19.66116491662919]]]},"id":"1699"},{"type":"Feature","properties":{"id":"1700","metrics:area":800,"metrics:perimeter":115.60623297836548},"geometry":{"type":"Polygon","coordinates":[[[80.20346995560013,19.66141955498502],[80.20337590839785,19.661148047675773],[80.20366251184089,19.661058954126457],[80.20366117358664,19.661330038737557],[80.20346995560013,19.66141955498502]]]},"id":"1700"},{"type":"Feature","properties":{"id":"1701","metrics:area":1100,"metrics:perimeter":135.70276154045428},"geometry":{"type":"Polygon","coordinates":[[[80.21854096568872,19.661485709037798],[80.21844645497438,19.66130457059831],[80.21873348894144,19.661125090874158],[80.21892294858034,19.661397005559596],[80.21854096568872,19.661485709037798]]]},"id":"1701"},{"type":"Feature","properties":{"id":"1702","metrics:area":2550,"metrics:perimeter":254.86832980505136},"geometry":{"type":"Polygon","coordinates":[[[80.22359600977518,19.661597978951256],[80.22359687962752,19.66141725501586],[80.22331072041737,19.66141601874514],[80.22331202565859,19.66114493285358],[80.22416919811278,19.6614197261909],[80.2241683289015,19.66160045015083],[80.22359600977518,19.661597978951256]]]},"id":"1702"},{"type":"Feature","properties":{"id":"1703","metrics:area":1500,"metrics:perimeter":177.68186576755818},"geometry":{"type":"Polygon","coordinates":[[[80.22016165998635,19.661673475386767],[80.21997176094747,19.661491923823082],[80.21987812259883,19.661130062300018],[80.22044869282136,19.661493992887802],[80.22016165998635,19.661673475386767]]]},"id":"1703"},{"type":"Feature","properties":{"id":"1704","metrics:area":800,"metrics:perimeter":120},"geometry":{"type":"Polygon","coordinates":[[[80.28865135183695,19.6615961158328],[80.2886521488076,19.661415389218956],[80.28903370010346,19.661416898786875],[80.2890329035602,19.661597625415705],[80.28865135183695,19.6615961158328]]]},"id":"1704"},{"type":"Feature","properties":{"id":"1705","metrics:area":1100,"metrics:perimeter":142.61297173761164},"geometry":{"type":"Polygon","coordinates":[[[80.22502724187936,19.661513791536265],[80.22512479870416,19.661062392754808],[80.22531557117254,19.661063215046486],[80.225313835343,19.661424663075376],[80.22502724187936,19.661513791536265]]]},"id":"1705"},{"type":"Feature","properties":{"id":"1706","metrics:area":600,"metrics:perimeter":104.72135954999578},"geometry":{"type":"Polygon","coordinates":[[[80.22645847291909,19.661429592672363],[80.22645977287172,19.661158506578655],[80.22665097872006,19.661068965420277],[80.22664967909513,19.661340051528963],[80.22645847291909,19.661429592672363]]]},"id":"1706"},{"type":"Feature","properties":{"id":"1707","metrics:area":600,"metrics:perimeter":100},"geometry":{"type":"Polygon","coordinates":[[[80.18496604203209,19.661155877710645],[80.18496741168846,19.660884794344778],[80.18515818208199,19.66088565924617],[80.18515681274611,19.66115674262492],[80.18496604203209,19.661155877710645]]]},"id":"1707"},{"type":"Feature","properties":{"id":"1708","metrics:area":1100,"metrics:perimeter":134.4766094595442},"geometry":{"type":"Polygon","coordinates":[[[80.222643015678,19.661413132342194],[80.22254893581957,19.661141633954063],[80.2228355298338,19.66105250946548],[80.22292917483756,19.661414369675672],[80.222643015678,19.661413132342194]]]},"id":"1708"},{"type":"Feature","properties":{"id":"1709","metrics:area":800,"metrics:perimeter":115.60623297836548},"geometry":{"type":"Polygon","coordinates":[[[80.22073572502741,19.661314509905058],[80.22064164846859,19.661043010627118],[80.22092780683512,19.661044251124217],[80.22102232024443,19.661225388354143],[80.22073572502741,19.661314509905058]]]},"id":"1709"},{"type":"Feature","properties":{"id":"1710","metrics:area":600,"metrics:perimeter":100},"geometry":{"type":"Polygon","coordinates":[[[80.1916434758351,19.661095667999458],[80.19164483426636,19.660824584181803],[80.19183560490528,19.660825441994326],[80.19183424679454,19.661096525824753],[80.1916434758351,19.661095667999458]]]},"id":"1710"},{"type":"Feature","properties":{"id":"1711","metrics:area":500,"metrics:perimeter":92.36067977499789},"geometry":{"type":"Polygon","coordinates":[[[80.22483777157545,19.661241882933613],[80.22483907423809,19.66097079693844],[80.22502984658522,19.66097161952967],[80.22502897835955,19.661152343535537],[80.22483777157545,19.661241882933613]]]},"id":"1711"},{"type":"Feature","properties":{"id":"1712","metrics:area":500,"metrics:perimeter":92.36067977499789},"geometry":{"type":"Polygon","coordinates":[[[80.26442330253514,19.661408236197833],[80.26442453868918,19.66113714772522],[80.26461531297976,19.661137928312332],[80.26461448909303,19.661318653969403],[80.26442330253514,19.661408236197833]]]},"id":"1712"},{"type":"Feature","properties":{"id":"1713","metrics:area":800,"metrics:perimeter":120},"geometry":{"type":"Polygon","coordinates":[[[80.27176853956544,19.66134778014299],[80.27176935543888,19.661167054196735],[80.27215090472787,19.66116859958106],[80.2721500892818,19.661349325542655],[80.27176853956544,19.66134778014299]]]},"id":"1713"},{"type":"Feature","properties":{"id":"1714","metrics:area":750,"metrics:perimeter":111.6227766016838},"geometry":{"type":"Polygon","coordinates":[[[80.19193008493069,19.661006593383473],[80.19193144287367,19.660735509543905],[80.19212221342082,19.660736367048546],[80.19221624123591,19.661007879583682],[80.19193008493069,19.661006593383473]]]},"id":"1714"},{"type":"Feature","properties":{"id":"1715","metrics:area":1250,"metrics:perimeter":142.8538328578604},"geometry":{"type":"Polygon","coordinates":[[[80.22436127443879,19.66114946355202],[80.22445839842977,19.660788427163677],[80.22474412233763,19.66088002356873],[80.22474281952194,19.661151109560524],[80.22436127443879,19.66114946355202]]]},"id":"1715"},{"type":"Feature","properties":{"id":"1716","metrics:area":1400,"metrics:perimeter":158.32825753088923},"geometry":{"type":"Polygon","coordinates":[[[80.22617318045069,19.661247636906992],[80.22607909466613,19.66097614016309],[80.22655689221466,19.660797468897414],[80.22645977287172,19.661158506578655],[80.22617318045069,19.661247636906992]]]},"id":"1716"},{"type":"Feature","properties":{"id":"1717","metrics:area":650,"metrics:perimeter":104.6284073991415},"geometry":{"type":"Polygon","coordinates":[[[80.21882887506624,19.66112550543798],[80.21863897820288,19.660943952528548],[80.21873523948571,19.660763643399907],[80.21892557378479,19.66085483433454],[80.21882887506624,19.66112550543798]]]},"id":"1717"},{"type":"Feature","properties":{"id":"1718","metrics:area":1400,"metrics:perimeter":178.75260192432427},"geometry":{"type":"Polygon","coordinates":[[[80.22035461665823,19.661222493477908],[80.2198794335876,19.66085897662167],[80.22054713559348,19.66086187321163],[80.22035461665823,19.661222493477908]]]},"id":"1718"},{"type":"Feature","properties":{"id":"1719","metrics:area":2000,"metrics:perimeter":184.67165329677044},"geometry":{"type":"Polygon","coordinates":[[[80.22760397619592,19.66125379087143],[80.22751118612537,19.660711208620317],[80.22798768409723,19.66080361967275],[80.2278905679235,19.661164658235233],[80.22760397619592,19.66125379087143]]]},"id":"1719"},{"type":"Feature","properties":{"id":"1720","metrics:area":700,"metrics:perimeter":117.28656901081649},"geometry":{"type":"Polygon","coordinates":[[[80.21940162913167,19.6610376298766],[80.2194987640452,19.66067659654038],[80.21968953580176,19.66067742478716],[80.21968866160768,19.66085814856909],[80.21940162913167,19.6610376298766]]]},"id":"1720"},{"type":"Feature","properties":{"id":"1721","metrics:area":1000,"metrics:perimeter":126.49110640673517},"geometry":{"type":"Polygon","coordinates":[[[80.2269371375414,19.661070196352764],[80.22684305054806,19.660798699963387],[80.22712964183224,19.660709568522915],[80.22722372926731,19.660981064779516],[80.2269371375414,19.661070196352764]]]},"id":"1721"},{"type":"Feature","properties":{"id":"1722","metrics:area":1500,"metrics:perimeter":169.29971408438087},"geometry":{"type":"Polygon","coordinates":[[[80.22378939169471,19.661056631045152],[80.22407772350499,19.660606056608245],[80.22426849538631,19.660606879992823],[80.2242667572544,19.660968327950197],[80.22378939169471,19.661056631045152]]]},"id":"1722"},{"type":"Feature","properties":{"id":"1723","metrics:area":1300,"metrics:perimeter":155.08270432752164},"geometry":{"type":"Polygon","coordinates":[[[80.1929802289493,19.66083058461869],[80.19288665202747,19.660468711131283],[80.1933626740627,19.660651574581202],[80.19336177037738,19.660832297207474],[80.1929802289493,19.66083058461869]]]},"id":"1723"},{"type":"Feature","properties":{"id":"1724","metrics:area":2300,"metrics:perimeter":186.40986324787454},"geometry":{"type":"Polygon","coordinates":[[[80.22550590980359,19.66115439914841],[80.22522105294435,19.66088207991009],[80.22531774090544,19.660611404989744],[80.22569928480263,19.660613048925004],[80.22569711613812,19.66106485902256],[80.22550590980359,19.66115439914841]]]},"id":"1724"},{"type":"Feature","properties":{"id":"1725","metrics:area":500,"metrics:perimeter":92.36067977499789},"geometry":{"type":"Polygon","coordinates":[[[80.22054757221098,19.660771511302627],[80.22064383128895,19.66059120107187],[80.22083460299672,19.660592028100016],[80.2208337300895,19.660772751933077],[80.22054757221098,19.660771511302627]]]},"id":"1725"},{"type":"Feature","properties":{"id":"1726","metrics:area":700,"metrics:perimeter":107.96691275336337},"geometry":{"type":"Polygon","coordinates":[[[80.29590360152879,19.660992115280262],[80.29580939719719,19.66072065125655],[80.296000566666,19.66063103506131],[80.29609477127563,19.66090249899583],[80.29590360152879,19.660992115280262]]]},"id":"1726"},{"type":"Feature","properties":{"id":"1727","metrics:area":600,"metrics:perimeter":100},"geometry":{"type":"Polygon","coordinates":[[[80.20786303643037,19.660354605801437],[80.20786392384744,19.660173882523985],[80.20815007979265,19.66017514330834],[80.20814919269607,19.660355866598305],[80.20786303643037,19.660354605801437]]]},"id":"1727"},{"type":"Feature","properties":{"id":"1728","metrics:area":1500,"metrics:perimeter":170.8276253029822},"geometry":{"type":"Polygon","coordinates":[[[80.2160657523284,19.660480929855417],[80.21606706967636,19.660209844405028],[80.21663894405592,19.66030270123698],[80.21663806646252,19.660483424894426],[80.2160657523284,19.660480929855417]]]},"id":"1728"},{"type":"Feature","properties":{"id":"1729","metrics:area":950,"metrics:perimeter":137.04570789056774},"geometry":{"type":"Polygon","coordinates":[[[80.21968997289518,19.66058706289482],[80.21969128416092,19.660315977212306],[80.21997831501747,19.660136495373013],[80.21988074455459,19.660587890935073],[80.21968997289518,19.66058706289482]]]},"id":"1729"},{"type":"Feature","properties":{"id":"1730","metrics:area":850,"metrics:perimeter":135.47442467302884},"geometry":{"type":"Polygon","coordinates":[[[80.22722546077534,19.660619616569225],[80.22741839661204,19.660168626310014],[80.22751378236842,19.66016903624625],[80.2275120515493,19.66053048449929],[80.22722546077534,19.660619616569225]]]},"id":"1730"},{"type":"Feature","properties":{"id":"1731","metrics:area":550,"metrics:perimeter":96.34413615167959},"geometry":{"type":"Polygon","coordinates":[[[80.19269678617391,19.660287131845227],[80.192697690577,19.660106409237702],[80.19288891250737,19.66001690459352],[80.19298339329977,19.660198055470204],[80.19269678617391,19.660287131845227]]]},"id":"1731"},{"type":"Feature","properties":{"id":"1732","metrics:area":600,"metrics:perimeter":100},"geometry":{"type":"Polygon","coordinates":[[[80.22341089200921,19.66042244922076],[80.2234121970107,19.66015136329281],[80.22360296832416,19.660152187365412],[80.22360166364317,19.660423273305636],[80.22341089200921,19.66042244922076]]]},"id":"1732"},{"type":"Feature","properties":{"id":"1733","metrics:area":900,"metrics:perimeter":125.5708402582784},"geometry":{"type":"Polygon","coordinates":[[[80.21930886691004,19.66049504432203],[80.21911897020225,19.660313491914053],[80.21911984500831,19.6601327681458],[80.21950095002225,19.660224787090076],[80.21930886691004,19.66049504432203]]]},"id":"1733"},{"type":"Feature","properties":{"id":"1734","metrics:area":1650,"metrics:perimeter":166.94261094210026},"geometry":{"type":"Polygon","coordinates":[[[80.19212402354906,19.660374921899248],[80.19193506394474,19.660012619264688],[80.1923170557487,19.659923972705904],[80.19241017874755,19.66037620775114],[80.19212402354906,19.660374921899248]]]},"id":"1734"},{"type":"Feature","properties":{"id":"1735","metrics:area":750,"metrics:perimeter":115.2145126328583},"geometry":{"type":"Polygon","coordinates":[[[80.18945415082474,19.66018217619241],[80.18935967407778,19.660001023601115],[80.18974166705299,19.659912382564887],[80.18974075934823,19.66009310504398],[80.18945415082474,19.66018217619241]]]},"id":"1735"},{"type":"Feature","properties":{"id":"1736","metrics:area":3700,"metrics:perimeter":287.7475253507554},"geometry":{"type":"Polygon","coordinates":[[[80.22503158300773,19.66061017150693],[80.22493749949855,19.660338674224242],[80.22522495885782,19.660068821793317],[80.22541486240554,19.66025036797941],[80.22551154962656,19.659979692912078],[80.22579770643851,19.659980925592972],[80.22570015225163,19.660432324879576],[80.22503158300773,19.66061017150693]]]},"id":"1736"},{"type":"Feature","properties":{"id":"1737","metrics:area":850,"metrics:perimeter":134.58193116710237},"geometry":{"type":"Polygon","coordinates":[[[80.2226478055697,19.660419150857088],[80.22274493285903,19.660058115481206],[80.2229361392923,19.659968578289664],[80.22283857716512,19.66041997575164],[80.2226478055697,19.660419150857088]]]},"id":"1737"},{"type":"Feature","properties":{"id":"1738","metrics:area":750,"metrics:perimeter":111.6227766016838},"geometry":{"type":"Polygon","coordinates":[[[80.22598717699815,19.660252833226096],[80.22598804410744,19.66007210916109],[80.22627463450644,19.659982979049044],[80.22627333432683,19.660254065166278],[80.22598717699815,19.660252833226096]]]},"id":"1738"},{"type":"Feature","properties":{"id":"1739","metrics:area":600,"metrics:perimeter":100},"geometry":{"type":"Polygon","coordinates":[[[80.22446143935383,19.66015589318721],[80.22446230816766,19.659975169185678],[80.22474846490033,19.65997640353649],[80.22474759640701,19.66015712755027],[80.22446143935383,19.66015589318721]]]},"id":"1739"},{"type":"Feature","properties":{"id":"1740","metrics:area":950,"metrics:perimeter":135.2145126328583},"geometry":{"type":"Polygon","coordinates":[[[80.16656185139252,19.660077493459585],[80.16656371871959,19.659716050605763],[80.1668503375766,19.65962701638008],[80.16675308667402,19.659988017142382],[80.16656185139252,19.660077493459585]]]},"id":"1740"},{"type":"Feature","properties":{"id":"1741","metrics:area":1600,"metrics:perimeter":164.2366870536343},"geometry":{"type":"Polygon","coordinates":[[[80.19489064238766,19.660296971372265],[80.19460629167746,19.659934244085143],[80.19498873295808,19.659755230431184],[80.19508231428803,19.66011710300454],[80.19489064238766,19.660296971372265]]]},"id":"1741"},{"type":"Feature","properties":{"id":"1742","metrics:area":850,"metrics:perimeter":122.8538328578604},"geometry":{"type":"Polygon","coordinates":[[[80.2195013872104,19.660134425197263],[80.21959852128172,19.659773391744984],[80.21978929197482,19.659774219849442],[80.21978798091287,19.66004530555463],[80.2195013872104,19.660134425197263]]]},"id":"1742"},{"type":"Feature","properties":{"id":"1743","metrics:area":900,"metrics:perimeter":125.5708402582784},"geometry":{"type":"Polygon","coordinates":[[[80.22837225428353,19.66017272339515],[80.22837311871723,19.659991999226516],[80.22856475427704,19.659812093847734],[80.2287542294235,19.660083998720296],[80.22837225428353,19.66017272339515]]]},"id":"1743"},{"type":"Feature","properties":{"id":"1744","metrics:area":1050,"metrics:perimeter":131.6227766016838},"geometry":{"type":"Polygon","coordinates":[[[80.18420935679481,19.65988736049189],[80.18411534320204,19.65961584423768],[80.184496880917,19.659617575539468],[80.18449551056555,19.65988865891167],[80.18420935679481,19.65988736049189]]]},"id":"1744"},{"type":"Feature","properties":{"id":"1745","metrics:area":650,"metrics:perimeter":103.98345637668169},"geometry":{"type":"Polygon","coordinates":[[[80.19546520616552,19.659847726969428],[80.19546655808195,19.65957664285832],[80.19565732742525,19.65957749656315],[80.19575181114601,19.659758646094033],[80.19546520616552,19.659847726969428]]]},"id":"1745"},{"type":"Feature","properties":{"id":"1746","metrics:area":500,"metrics:perimeter":92.36067977499789},"geometry":{"type":"Polygon","coordinates":[[[80.22293700980579,19.65978785434991],[80.22303326563264,19.659607542708834],[80.22322403628584,19.659608367161702],[80.22322316610249,19.659789091117396],[80.22293700980579,19.65978785434991]]]},"id":"1746"},{"type":"Feature","properties":{"id":"1747","metrics:area":3200,"metrics:perimeter":253.46297307837418},"geometry":{"type":"Polygon","coordinates":[[[80.22722805796552,19.6600774442263],[80.22637045346221,19.6598930275455],[80.22627593466447,19.659711892923564],[80.22703945136979,19.65962481371305],[80.22722935652827,19.65980635804245],[80.22722805796552,19.6600774442263]]]},"id":"1747"},{"type":"Feature","properties":{"id":"1748","metrics:area":600,"metrics:perimeter":112.11102550927978},"geometry":{"type":"Polygon","coordinates":[[[80.19193732703273,19.65956081281036],[80.19165026776582,19.659740248828616],[80.19165207885213,19.65937880368152],[80.19193732703273,19.65956081281036]]]},"id":"1748"},{"type":"Feature","properties":{"id":"1749","metrics:area":850,"metrics:perimeter":122.8538328578604},"geometry":{"type":"Polygon","coordinates":[[[80.22455856244018,19.659794856677273],[80.22465525077868,19.659524182096533],[80.22494140672455,19.659525416113084],[80.22494053846894,19.659706140144205],[80.22455856244018,19.659794856677273]]]},"id":"1749"},{"type":"Feature","properties":{"id":"1750","metrics:area":600,"metrics:perimeter":100},"geometry":{"type":"Polygon","coordinates":[[[80.27406393800413,19.66000159501902],[80.27406515786325,19.659730505919153],[80.27425593090197,19.659731276222118],[80.27425471136337,19.660002365333455],[80.27406393800413,19.66000159501902]]]},"id":"1750"},{"type":"Feature","properties":{"id":"1751","metrics:area":1550,"metrics:perimeter":171.63514615838764},"geometry":{"type":"Polygon","coordinates":[[[80.22064601404891,19.660139391493704],[80.22055150165964,19.65995825408041],[80.22055368460211,19.65950644448042],[80.22074445502307,19.659507271560507],[80.22083765809592,19.659959494655432],[80.22064601404891,19.660139391493704]]]},"id":"1751"},{"type":"Feature","properties":{"id":"1752","metrics:area":1100,"metrics:perimeter":134.4766094595442},"geometry":{"type":"Polygon","coordinates":[[[80.22570318824752,19.65979979069167],[80.22580030833541,19.659438753394923],[80.22608603072426,19.65953034762509],[80.22598934475339,19.659801023056705],[80.22570318824752,19.65979979069167]]]},"id":"1752"},{"type":"Feature","properties":{"id":"1753","metrics:area":600,"metrics:perimeter":106.05551275463989},"geometry":{"type":"Polygon","coordinates":[[[80.19479886545895,19.659573653297482],[80.19480021847458,19.659302569222632],[80.19508637196019,19.659303850747513],[80.19508592111771,19.65939421211307],[80.19479886545895,19.659573653297482]]]},"id":"1753"},{"type":"Feature","properties":{"id":"1754","metrics:area":1200,"metrics:perimeter":140},"geometry":{"type":"Polygon","coordinates":[[[80.20204810617506,19.65960597871036],[80.20204944701263,19.659334894154078],[80.20243098575367,19.659336587370174],[80.20242964555703,19.659607671951683],[80.20204810617506,19.65960597871036]]]},"id":"1754"},{"type":"Feature","properties":{"id":"1755","metrics:area":700,"metrics:perimeter":112.36067977499789},"geometry":{"type":"Polygon","coordinates":[[[80.13995311275013,19.659319615599596],[80.13995455789876,19.659048535308276],[80.14014580552275,19.658959087793683],[80.14014387909053,19.65932052820208],[80.13995311275013,19.659319615599596]]]},"id":"1755"},{"type":"Feature","properties":{"id":"1756","metrics:area":750,"metrics:perimeter":111.6227766016838},"geometry":{"type":"Polygon","coordinates":[[[80.17200246944188,19.659379732801177],[80.17200386074587,19.65910865026595],[80.17219462841706,19.659109528848692],[80.17228862143318,19.659381050619032],[80.17200246944188,19.659379732801177]]]},"id":"1756"},{"type":"Feature","properties":{"id":"1757","metrics:area":850,"metrics:perimeter":123.49878388032019},"geometry":{"type":"Polygon","coordinates":[[[80.22732474206617,19.65980676807175],[80.22713483679608,19.659625223839484],[80.2272315207516,19.65935454771772],[80.22742185856264,19.65944572977621],[80.22732474206617,19.65980676807175]]]},"id":"1757"},{"type":"Feature","properties":{"id":"1758","metrics:area":500,"metrics:perimeter":89.44271909999159},"geometry":{"type":"Polygon","coordinates":[[[80.23753186256285,19.659669624256658],[80.23743733113334,19.659488495082368],[80.23762852931121,19.659398941957978],[80.23772306091043,19.659580071038924],[80.23753186256285,19.659669624256658]]]},"id":"1758"},{"type":"Feature","properties":{"id":"1759","metrics:area":750,"metrics:perimeter":128.48191962583275},"geometry":{"type":"Polygon","coordinates":[[[80.22436822595783,19.659703671631167],[80.22408337355675,19.659431350698625],[80.22437039818129,19.65925186160778],[80.22436822595783,19.659703671631167]]]},"id":"1759"},{"type":"Feature","properties":{"id":"1760","metrics:area":600,"metrics:perimeter":100},"geometry":{"type":"Polygon","coordinates":[[[80.1723849325467,19.65920076808377],[80.17238585964773,19.659020046373417],[80.17267201102891,19.65902136355792],[80.17267108424834,19.65920208528135],[80.1723849325467,19.65920076808377]]]},"id":"1760"},{"type":"Feature","properties":{"id":"1761","metrics:area":800,"metrics:perimeter":119.5153275036385},"geometry":{"type":"Polygon","coordinates":[[[80.22761176396352,19.659627273712605],[80.22751810924858,19.65926541554948],[80.22780426492962,19.659266644993505],[80.22780339989322,19.659447369152403],[80.22761176396352,19.659627273712605]]]},"id":"1761"},{"type":"Feature","properties":{"id":"1762","metrics:area":500,"metrics:perimeter":92.36067977499789},"geometry":{"type":"Polygon","coordinates":[[[80.15264052133443,19.659108781692403],[80.15264194514924,19.658837700495514],[80.1528327115526,19.658838599612135],[80.15283176255899,19.659019320419905],[80.15264052133443,19.659108781692403]]]},"id":"1762"},{"type":"Feature","properties":{"id":"1763","metrics:area":750,"metrics:perimeter":111.6227766016838},"geometry":{"type":"Polygon","coordinates":[[[80.18268640829072,19.659247900299736],[80.18268778163349,19.658976817030858],[80.18297393368037,19.65897811781492],[80.18297301844153,19.659158840008004],[80.18268640829072,19.659247900299736]]]},"id":"1763"},{"type":"Feature","properties":{"id":"1764","metrics:area":600,"metrics:perimeter":103.24555320336759},"geometry":{"type":"Polygon","coordinates":[[[80.22456029980606,19.65943340864772],[80.22456116847457,19.659252684627436],[80.22484775810294,19.659163556759772],[80.2248468897597,19.659344280794137],[80.22456029980606,19.65943340864772]]]},"id":"1764"},{"type":"Feature","properties":{"id":"1765","metrics:area":800,"metrics:perimeter":114.98473502456159},"geometry":{"type":"Polygon","coordinates":[[[80.1841167141717,19.65934476088301],[80.18392685983062,19.659163172708976],[80.18402315804727,19.658982883460375],[80.18430839645711,19.659164904372584],[80.1841167141717,19.65934476088301]]]},"id":"1765"},{"type":"Feature","properties":{"id":"1766","metrics:area":650,"metrics:perimeter":103.98345637668169},"geometry":{"type":"Polygon","coordinates":[[[80.18240025578594,19.65924659904091],[80.18230624560644,19.65897508194373],[80.18259239762293,19.658976383334974],[80.18259148195679,19.659157105510836],[80.18240025578594,19.65924659904091]]]},"id":"1766"},{"type":"Feature","properties":{"id":"1767","metrics:area":500,"metrics:perimeter":92.36067977499789},"geometry":{"type":"Polygon","coordinates":[[[80.15349991992545,19.658932105346466],[80.15350134228248,19.658661024083834],[80.15369210851946,19.65866192228079],[80.1536911604977,19.658842643132385],[80.15349991992545,19.658932105346466]]]},"id":"1767"},{"type":"Feature","properties":{"id":"1768","metrics:area":1650,"metrics:perimeter":166.94261094210026},"geometry":{"type":"Polygon","coordinates":[[[80.27444751675053,19.659551320236215],[80.27435375612068,19.65918948303884],[80.27483109334001,19.6591010445444],[80.27482987481014,19.65937213370936],[80.27444751675053,19.659551320236215]]]},"id":"1768"},{"type":"Feature","properties":{"id":"1769","metrics:area":600,"metrics:perimeter":106.05551275463989},"geometry":{"type":"Polygon","coordinates":[[[80.21483233560825,19.65912009075646],[80.2148336549299,19.658849005345413],[80.21511980900682,19.658850254954544],[80.21511936939561,19.658940616765346],[80.21483233560825,19.65912009075646]]]},"id":"1769"},{"type":"Feature","properties":{"id":"1770","metrics:area":2800,"metrics:perimeter":222.4621125123532},"geometry":{"type":"Polygon","coordinates":[[[80.22551371868119,19.65952788277993],[80.22513261138454,19.659435876516767],[80.22513521543839,19.658893704371412],[80.22551718904376,19.65880498652083],[80.22551371868119,19.65952788277993]]]},"id":"1770"},{"type":"Feature","properties":{"id":"1771","metrics:area":600,"metrics:perimeter":124.7213595499958},"geometry":{"type":"Polygon","coordinates":[[[80.201955850296,19.658973024644066],[80.20195674426239,19.65879230159882],[80.20233917524087,19.658613271901153],[80.2023387284775,19.65870363343447],[80.201955850296,19.658973024644066]]]},"id":"1771"},{"type":"Feature","properties":{"id":"1772","metrics:area":700,"metrics:perimeter":110.77687230463567},"geometry":{"type":"Polygon","coordinates":[[[80.17248217042284,19.65883976376713],[80.17229186665166,19.658748524644853],[80.17229325742109,19.658477442070716],[80.17257848097661,19.658659481097857],[80.17248217042284,19.65883976376713]]]},"id":"1772"},{"type":"Feature","properties":{"id":"1773","metrics:area":600,"metrics:perimeter":108.2842712474619},"geometry":{"type":"Polygon","coordinates":[[[80.19890354871018,19.65895944841973],[80.19871367754372,19.658777875283327],[80.1987145751321,19.658597152377663],[80.19890534346959,19.658598002595184],[80.19890354871018,19.65895944841973]]]},"id":"1773"},{"type":"Feature","properties":{"id":"1774","metrics:area":550,"metrics:perimeter":96.34413615167958},"geometry":{"type":"Polygon","coordinates":[[[80.25880583506978,19.65912604947617],[80.25871127963885,19.658944930703917],[80.25899785185673,19.658855747740443],[80.25899702178114,19.659036473213835],[80.25880583506978,19.65912604947617]]]},"id":"1774"},{"type":"Feature","properties":{"id":"1775","metrics:area":900,"metrics:perimeter":123.24555320336759},"geometry":{"type":"Polygon","coordinates":[[[80.20310135672887,19.65879737927423],[80.20300731151154,19.658525871768834],[80.20329346419568,19.658527140182105],[80.20338750990109,19.658798647554597],[80.20310135672887,19.65879737927423]]]},"id":"1775"},{"type":"Feature","properties":{"id":"1776","metrics:area":850,"metrics:perimeter":155.2145126328583},"geometry":{"type":"Polygon","coordinates":[[[80.16094123327943,19.658695903796755],[80.16103802627624,19.658425267176966],[80.16084772995097,19.658334016188736],[80.16113387927294,19.658335351693914],[80.1612273832501,19.65869723917667],[80.16094123327943,19.658695903796755]]]},"id":"1776"},{"type":"Feature","properties":{"id":"1777","metrics:area":1150,"metrics:perimeter":150.99019513592785},"geometry":{"type":"Polygon","coordinates":[[[80.2236086216915,19.658977481529114],[80.22360949140422,19.65879675754054],[80.22399233476527,19.658527318941555],[80.22389477659658,19.65897871717873],[80.2236086216915,19.658977481529114]]]},"id":"1777"},{"type":"Feature","properties":{"id":"1778","metrics:area":750,"metrics:perimeter":111.6227766016838},"geometry":{"type":"Polygon","coordinates":[[[80.19184646897955,19.65865677105363],[80.19184737425394,19.658476048451387],[80.19213397853814,19.658386973315725],[80.192132621111,19.658658057239624],[80.19184646897955,19.65865677105363]]]},"id":"1778"},{"type":"Feature","properties":{"id":"1779","metrics:area":500,"metrics:perimeter":89.44271909999159},"geometry":{"type":"Polygon","coordinates":[[[80.1528346095083,19.658477157985576],[80.15274017558785,19.65829598764716],[80.15293141577928,19.65820652622281],[80.15302584987046,19.65838769646856],[80.1528346095083,19.658477157985576]]]},"id":"1779"},{"type":"Feature","properties":{"id":"1780","metrics:area":2500,"metrics:perimeter":315.5458808615861},"geometry":{"type":"Polygon","coordinates":[[[80.22408554654534,19.65897954069214],[80.22456507736389,19.65843942649081],[80.22475584670538,19.658440249271298],[80.22465872498698,19.65880128598441],[80.22494487965095,19.65880251995195],[80.22494401143376,19.65898324399774],[80.22446708647172,19.658981187111745],[80.22456334010378,19.658800874560697],[80.22408554654534,19.65897954069214]]]},"id":"1780"},{"type":"Feature","properties":{"id":"1781","metrics:area":800,"metrics:perimeter":115.60623297836548},"geometry":{"type":"Polygon","coordinates":[[[80.16160985572631,19.658518297751243],[80.16161126442526,19.658247215908943],[80.16180250002638,19.65815774486202],[80.1618964748398,19.658429271435566],[80.16160985572631,19.658518297751243]]]},"id":"1781"},{"type":"Feature","properties":{"id":"1782","metrics:area":500,"metrics:perimeter":92.36067977499789},"geometry":{"type":"Polygon","coordinates":[[[80.20176686972273,19.6586107315707],[80.20176821095936,19.658339647003064],[80.20195897913506,19.658340493969664],[80.20195808519341,19.658521217024077],[80.20176686972273,19.6586107315707]]]},"id":"1782"},{"type":"Feature","properties":{"id":"1783","metrics:area":500,"metrics:perimeter":92.36067977499789},"geometry":{"type":"Polygon","coordinates":[[[80.22847498653725,19.65863697724055],[80.22857123555063,19.658456662377667],[80.22876200509349,19.65845748090781],[80.22876114116842,19.65863820512386],[80.22847498653725,19.65863697724055]]]},"id":"1783"},{"type":"Feature","properties":{"id":"1784","metrics:area":6250,"metrics:perimeter":474.19867221698973},"geometry":{"type":"Polygon","coordinates":[[[80.14062223901517,19.659051728483945],[80.14062608963673,19.658328847539824],[80.14024407773124,19.658417383356223],[80.14024552231923,19.658146303016952],[80.14072195349907,19.658238943362868],[80.1410090633511,19.658059590629723],[80.1411034837122,19.65824076663769],[80.14129569164439,19.657970597552058],[80.1413872269311,19.65869393425463],[80.14081444875504,19.658781560003746],[80.14062223901517,19.659051728483945]]]},"id":"1784"},{"type":"Feature","properties":{"id":"1785","metrics:area":600,"metrics:perimeter":104.72135954999578},"geometry":{"type":"Polygon","coordinates":[[[80.22418223512737,19.65870886635192],[80.22418353870978,19.658437780322643],[80.22437474244786,19.658348241492245],[80.22437343919314,19.658619327536524],[80.22418223512737,19.65870886635192]]]},"id":"1785"},{"type":"Feature","properties":{"id":"1786","metrics:area":1800,"metrics:perimeter":183.2455532033676},"geometry":{"type":"Polygon","coordinates":[[[80.165521037759,19.65844613312272],[80.16542705675869,19.658174608220662],[80.16609473866995,19.658177706660027],[80.16599795421104,19.65844834632665],[80.165521037759,19.65844613312272]]]},"id":"1786"},{"type":"Feature","properties":{"id":"1787","metrics:area":900,"metrics:perimeter":123.24555320336759},"geometry":{"type":"Polygon","coordinates":[[[80.2275207052617,19.658723243087415],[80.22723498338434,19.658631651150486],[80.2272362818321,19.658360564922653],[80.22752200323595,19.65845215684401],[80.2275207052617,19.658723243087415]]]},"id":"1787"},{"type":"Feature","properties":{"id":"1788","metrics:area":550,"metrics:perimeter":103.98345637668169},"geometry":{"type":"Polygon","coordinates":[[[80.2152169519109,19.658489224129077],[80.2153132153789,19.65830891686542],[80.21559892920136,19.65840052750499],[80.21559848986936,19.65849088933071],[80.2152169519109,19.658489224129077]]]},"id":"1788"},{"type":"Feature","properties":{"id":"1789","metrics:area":500,"metrics:perimeter":92.36067977499789},"geometry":{"type":"Polygon","coordinates":[[[80.22809387940012,19.65854497726107],[80.2280951763986,19.658273890975554],[80.2282859457039,19.658274710003557],[80.22828508125427,19.658455434202953],[80.22809387940012,19.65854497726107]]]},"id":"1789"},{"type":"Feature","properties":{"id":"1790","metrics:area":700,"metrics:perimeter":115.60623297836548},"geometry":{"type":"Polygon","coordinates":[[[80.2040569839257,19.658440158818237],[80.20405832130203,19.658169074093927],[80.20434491905365,19.658079979229395],[80.20424819801455,19.65835064178228],[80.2040569839257,19.658440158818237]]]},"id":"1790"},{"type":"Feature","properties":{"id":"1791","metrics:area":2200,"metrics:perimeter":198.17304010254168},"geometry":{"type":"Polygon","coordinates":[[[80.22332290182587,19.658885883436398],[80.22323012729964,19.65834329936914],[80.22351715084005,19.65816381158569],[80.22370618065413,19.658526083474403],[80.22332290182587,19.658885883436398]]]},"id":"1791"},{"type":"Feature","properties":{"id":"1792","metrics:area":1000,"metrics:perimeter":131.2310562561766},"geometry":{"type":"Polygon","coordinates":[[[80.203389740768,19.658346839767912],[80.20329614150457,19.657984970831414],[80.20358229324957,19.65798623875153],[80.20358050902774,19.65834768501418],[80.203389740768,19.658346839767912]]]},"id":"1792"},{"type":"Feature","properties":{"id":"1793","metrics:area":600,"metrics:perimeter":103.24555320336759},"geometry":{"type":"Polygon","coordinates":[[[80.16571414065521,19.657995215002728],[80.16571507516637,19.65781449357495],[80.16600169101528,19.65772546057753],[80.16600075682973,19.657906182020316],[80.16571414065521,19.657995215002728]]]},"id":"1793"},{"type":"Feature","properties":{"id":"1794","metrics:area":800,"metrics:perimeter":129.4427190999916},"geometry":{"type":"Polygon","coordinates":[[[80.22208551249818,19.65833834995979],[80.22170484612357,19.65815597461803],[80.22208725526481,19.657976902084354],[80.22208551249818,19.65833834995979]]]},"id":"1794"},{"type":"Feature","properties":{"id":"1795","metrics:area":1200,"metrics:perimeter":143.2455532033676},"geometry":{"type":"Polygon","coordinates":[[[80.2263782530819,19.658266510615693],[80.22628416849726,19.65799501393728],[80.22676109074979,19.65799706590414],[80.22666440691411,19.658267741814143],[80.2263782530819,19.658266510615693]]]},"id":"1795"},{"type":"Feature","properties":{"id":"1796","metrics:area":1200,"metrics:perimeter":140},"geometry":{"type":"Polygon","coordinates":[[[80.22122748780092,19.65824427117217],[80.22122923248062,19.657882823366872],[80.22151538528217,19.657884062737693],[80.22151364124338,19.658245510567603],[80.22122748780092,19.65824427117217]]]},"id":"1796"},{"type":"Feature","properties":{"id":"1797","metrics:area":650,"metrics:perimeter":115.21451263285829},"geometry":{"type":"Polygon","coordinates":[[[80.2282859457039,19.658274710003557],[80.22838305901702,19.65791367102374],[80.2285738279094,19.657914489731894],[80.22847714713316,19.658185166724028],[80.2282859457039,19.658274710003557]]]},"id":"1797"},{"type":"Feature","properties":{"id":"1798","metrics:area":600,"metrics:perimeter":103.24555320336759},"geometry":{"type":"Polygon","coordinates":[[[80.22218176833303,19.65815803874888],[80.2221826396047,19.657977314805233],[80.22246922811085,19.657888190684922],[80.22246835716444,19.6580689146427],[80.22218176833303,19.65815803874888]]]},"id":"1798"},{"type":"Feature","properties":{"id":"1799","metrics:area":900,"metrics:perimeter":123.24555320336759},"geometry":{"type":"Polygon","coordinates":[[[80.25852341527394,19.65831160482415],[80.25862004631598,19.658040910010158],[80.25890578681856,19.65813245262051],[80.2589049566729,19.658313178104653],[80.25852341527394,19.65831160482415]]]},"id":"1799"},{"type":"Feature","properties":{"id":"1800","metrics:area":1600,"metrics:perimeter":162.61297173761164},"geometry":{"type":"Polygon","coordinates":[[[80.2290494548147,19.6581876219743],[80.22905118196657,19.65782617349582],[80.22952767251472,19.657918580236785],[80.22943099331687,19.658189257795833],[80.2290494548147,19.6581876219743]]]},"id":"1800"},{"type":"Feature","properties":{"id":"1801","metrics:area":1900,"metrics:perimeter":195.54898485297798},"geometry":{"type":"Polygon","coordinates":[[[80.22418484227053,19.658166694285114],[80.22418658031789,19.657805246222253],[80.22447447055124,19.657445032779314],[80.22456724888495,19.657987616382822],[80.22418484227053,19.658166694285114]]]},"id":"1801"},{"type":"Feature","properties":{"id":"1802","metrics:area":800,"metrics:perimeter":127.96691275336339},"geometry":{"type":"Polygon","coordinates":[[[80.17391940338042,19.6575812917226],[80.17392032868014,19.657400569909505],[80.17430278504109,19.657221600825192],[80.17420601481197,19.657492245461327],[80.17391940338042,19.6575812917226]]]},"id":"1802"},{"type":"Feature","properties":{"id":"1803","metrics:area":1100,"metrics:perimeter":142.61297173761164},"geometry":{"type":"Polygon","coordinates":[[[80.26844514246193,19.657990795246576],[80.26854175683611,19.65772009454616],[80.26892329769821,19.65772164652046],[80.2689224787917,19.657902372420963],[80.26844514246193,19.657990795246576]]]},"id":"1803"},{"type":"Feature","properties":{"id":"1804","metrics:area":500,"metrics:perimeter":92.36067977499789},"geometry":{"type":"Polygon","coordinates":[[[80.16533541337176,19.657451279736012],[80.1653368157289,19.65718019760283],[80.16552758079625,19.657181083177022],[80.16552664610768,19.65736180460885],[80.16533541337176,19.657451279736012]]]},"id":"1804"},{"type":"Feature","properties":{"id":"1805","metrics:area":600,"metrics:perimeter":117.7269903474535},"geometry":{"type":"Polygon","coordinates":[[[80.21436245179603,19.6576722182428],[80.2141725640566,19.65749066085806],[80.214554979341,19.657311604567944],[80.21436245179603,19.6576722182428]]]},"id":"1805"},{"type":"Feature","properties":{"id":"1806","metrics:area":1200,"metrics:perimeter":182.12829924125015},"geometry":{"type":"Polygon","coordinates":[[[80.22905161374855,19.65773581137391],[80.2289575248879,19.657464315937045],[80.22933863005682,19.657556314026753],[80.22953026158291,19.65737640743617],[80.22952896705957,19.6576474938406],[80.22905161374855,19.65773581137391]]]},"id":"1806"},{"type":"Feature","properties":{"id":"1807","metrics:area":1700,"metrics:perimeter":173.84402799378825},"geometry":{"type":"Polygon","coordinates":[[[80.22313735333007,19.657800715242832],[80.22323491276511,19.65734931740608],[80.22352149962484,19.65726019154415],[80.22351932526253,19.65771200157638],[80.22313735333007,19.657800715242832]]]},"id":"1807"},{"type":"Feature","properties":{"id":"1808","metrics:area":3000,"metrics:perimeter":282.176627983058},"geometry":{"type":"Polygon","coordinates":[[[80.22542527477513,19.658081679251076],[80.22542787765144,19.6575395069865],[80.22514172519463,19.657538273863675],[80.22523841107068,19.657267598822795],[80.22561994705326,19.657269242658494],[80.22571142821491,19.65808291195525],[80.22542527477513,19.658081679251076]]]},"id":"1808"},{"type":"Feature","properties":{"id":"1809","metrics:area":1200,"metrics:perimeter":160},"geometry":{"type":"Polygon","coordinates":[[[80.22132548896394,19.657702512628827],[80.22132810556168,19.657160340870075],[80.22151887324394,19.657161167033877],[80.22151625728709,19.657703338817242],[80.22132548896394,19.657702512628827]]]},"id":"1809"},{"type":"Feature","properties":{"id":"1810","metrics:area":500,"metrics:perimeter":89.44271909999159},"geometry":{"type":"Polygon","coordinates":[[[80.18374569206269,19.6572647230017],[80.18365122342384,19.65708356764151],[80.18384244634191,19.656994072642647],[80.18393691515111,19.65717522790993],[80.18374569206269,19.6572647230017]]]},"id":"1810"},{"type":"Feature","properties":{"id":"1811","metrics:area":850,"metrics:perimeter":122.8538328578604},"geometry":{"type":"Polygon","coordinates":[[[80.22237602140797,19.657435968217644],[80.22237732793356,19.657164882266503],[80.22266391488364,19.65707575777496],[80.22256678946374,19.657436793280635],[80.22237602140797,19.657435968217644]]]},"id":"1811"},{"type":"Feature","properties":{"id":"1812","metrics:area":550,"metrics:perimeter":96.34413615167958},"geometry":{"type":"Polygon","coordinates":[[[80.17201452664249,19.657030350554734],[80.17182422524891,19.656939111006277],[80.1718251528625,19.656758389276202],[80.17211083654674,19.656850068079923],[80.17201452664249,19.657030350554734]]]},"id":"1812"},{"type":"Feature","properties":{"id":"1813","metrics:area":650,"metrics:perimeter":103.98345637668169},"geometry":{"type":"Polygon","coordinates":[[[80.1664828066995,19.656914425791868],[80.16648374029415,19.65673370430692],[80.16667497157617,19.656644227896685],[80.16676895391686,19.656915752236163],[80.1664828066995,19.656914425791868]]]},"id":"1813"},{"type":"Feature","properties":{"id":"1814","metrics:area":600,"metrics:perimeter":112.11102550927978},"geometry":{"type":"Polygon","coordinates":[[[80.21980152750325,19.657244086203153],[80.21951625016793,19.657062120296192],[80.2198032752811,19.656882638480734],[80.21980152750325,19.657244086203153]]]},"id":"1814"},{"type":"Feature","properties":{"id":"1815","metrics:area":1850,"metrics:perimeter":201.9657294083045},"geometry":{"type":"Polygon","coordinates":[[[80.16714955071878,19.657098241632266],[80.16705696705475,19.65655563519888],[80.16743849589058,19.656557402440775],[80.16734171473925,19.65682804299699],[80.16753154706295,19.65700964796012],[80.16714955071878,19.657098241632266]]]},"id":"1815"},{"type":"Feature","properties":{"id":"1816","metrics:area":1100,"metrics:perimeter":135.35657871264738},"geometry":{"type":"Polygon","coordinates":[[[80.14092041672596,19.656794092913515],[80.14082647851131,19.656522556676087],[80.14111358511941,19.656343203622736],[80.14120752373184,19.656614739729743],[80.14092041672596,19.656794092913515]]]},"id":"1816"},{"type":"Feature","properties":{"id":"1817","metrics:area":1500,"metrics:perimeter":165.6504175903333},"geometry":{"type":"Polygon","coordinates":[[[80.14330543980351,19.656715111465303],[80.14321197738077,19.65635321612017],[80.14378378690495,19.65644630276778],[80.14368744623137,19.656626568911477],[80.14330543980351,19.656715111465303]]]},"id":"1817"},{"type":"Feature","properties":{"id":"1818","metrics:area":500,"metrics:perimeter":92.36067977499789},"geometry":{"type":"Polygon","coordinates":[[[80.20864296286281,19.656924223381505],[80.20864429242312,19.656653138309363],[80.20883505892411,19.656653977910626],[80.20883417276664,19.656834701301307],[80.20864296286281,19.656924223381505]]]},"id":"1818"},{"type":"Feature","properties":{"id":"1819","metrics:area":800,"metrics:perimeter":115.60623297836548},"geometry":{"type":"Polygon","coordinates":[[[80.22113821028262,19.656978790585185],[80.22104413528919,19.656707291451518],[80.2213302859934,19.65670853104591],[80.22142479750767,19.656889668079376],[80.22113821028262,19.656978790585185]]]},"id":"1819"},{"type":"Feature","properties":{"id":"1820","metrics:area":1350,"metrics:perimeter":160.5519988716055},"geometry":{"type":"Polygon","coordinates":[[[80.20826142924942,19.656922543546834],[80.20826364623908,19.656470735130377],[80.20855023887474,19.656381633358695],[80.20864473560498,19.65656277661681],[80.20826142924942,19.656922543546834]]]},"id":"1820"},{"type":"Feature","properties":{"id":"1821","metrics:area":500,"metrics:perimeter":100.6449510224598},"geometry":{"type":"Polygon","coordinates":[[[80.25004084907538,19.65683058887069],[80.25004168908113,19.65664986372253],[80.25023329722471,19.656469934239965],[80.25023203754695,19.656741021978178],[80.25004084907538,19.65683058887069]]]},"id":"1821"},{"type":"Feature","properties":{"id":"1822","metrics:area":1750,"metrics:perimeter":227.83510444802673},"geometry":{"type":"Polygon","coordinates":[[[80.16438626636173,19.65654324184075],[80.16391029219483,19.656360303193768],[80.16391169686185,19.656089221126567],[80.16410246056988,19.656090108165696],[80.16410105622326,19.656361190246113],[80.16419784242777,19.656090551609378],[80.1643881381986,19.656181799045953],[80.16438626636173,19.65654324184075]]]},"id":"1822"},{"type":"Feature","properties":{"id":"1823","metrics:area":750,"metrics:perimeter":111.6227766016838},"geometry":{"type":"Polygon","coordinates":[[[80.19672185553621,19.656509900216065],[80.19672320509311,19.656238815920542],[80.19700935328076,19.6562400941936],[80.19700845389907,19.656420817070895],[80.19672185553621,19.656509900216065]]]},"id":"1823"},{"type":"Feature","properties":{"id":"1824","metrics:area":4900,"metrics:perimeter":393.2897378153354},"geometry":{"type":"Polygon","coordinates":[[[80.22399885399096,19.6571718887465],[80.22409684511663,19.656630128288995],[80.2245737630875,19.65663218592137],[80.22467088350461,19.656271149130006],[80.22505198309302,19.656363156141225],[80.22505024712216,19.656724604336276],[80.22447794517177,19.65672213653122],[80.22447577355197,19.657173946693153],[80.22399885399096,19.6571718887465]]]},"id":"1824"},{"type":"Feature","properties":{"id":"1825","metrics:area":600,"metrics:perimeter":100},"geometry":{"type":"Polygon","coordinates":[[[80.22838954113952,19.65655823932594],[80.22839083749943,19.656287152961628],[80.22858160446918,19.65628797159662],[80.22858030842968,19.656559057973116],[80.22838954113952,19.65655823932594]]]},"id":"1825"},{"type":"Feature","properties":{"id":"1826","metrics:area":600,"metrics:perimeter":103.24555320336759},"geometry":{"type":"Polygon","coordinates":[[[80.14073398419089,19.655979939954005],[80.14073494657433,19.655799219656494],[80.14102157093221,19.65571022684826],[80.14102060887447,19.655890947161197],[80.14073398419089,19.655979939954005]]]},"id":"1826"},{"type":"Feature","properties":{"id":"1827","metrics:area":1500,"metrics:perimeter":159.89954074842814},"geometry":{"type":"Polygon","coordinates":[[[80.22161774446877,19.656438684261],[80.2214282856843,19.6561667723113],[80.22190563772708,19.656078474990203],[80.22199971386098,19.65634997372879],[80.22161774446877,19.656438684261]]]},"id":"1827"},{"type":"Feature","properties":{"id":"1828","metrics:area":700,"metrics:perimeter":112.36067977499789},"geometry":{"type":"Polygon","coordinates":[[[80.17707487775535,19.656059591096284],[80.17707579944359,19.655878869108637],[80.17745732764826,19.655880615032707],[80.17736102422542,19.656060900628223],[80.17707487775535,19.656059591096284]]]},"id":"1828"},{"type":"Feature","properties":{"id":"1829","metrics:area":2200,"metrics:perimeter":200},"geometry":{"type":"Polygon","coordinates":[[[80.2278176717692,19.656465420061814],[80.22753325144325,19.656102742388963],[80.22820093498086,19.656105609884946],[80.22819920608809,19.656467058359926],[80.2278176717692,19.656465420061814]]]},"id":"1829"},{"type":"Feature","properties":{"id":"1830","metrics:area":500,"metrics:perimeter":92.36067977499789},"geometry":{"type":"Polygon","coordinates":[[[80.22686513505575,19.656190234505573],[80.22696138427301,19.65600992046757],[80.22715215085053,19.656010740608142],[80.22715128523883,19.656191464804536],[80.22686513505575,19.656190234505573]]]},"id":"1830"},{"type":"Feature","properties":{"id":"1831","metrics:area":600,"metrics:perimeter":104.72135954999578},"geometry":{"type":"Polygon","coordinates":[[[80.14817420390538,19.65592498307756],[80.14817563497351,19.6556539020998],[80.14836687430177,19.655564445483222],[80.14836544356196,19.6558355264772],[80.14817420390538,19.65592498307756]]]},"id":"1831"},{"type":"Feature","properties":{"id":"1832","metrics:area":1400,"metrics:perimeter":153.84402799378825},"geometry":{"type":"Polygon","coordinates":[[[80.18966534404396,19.656116779772955],[80.1895722307827,19.65566454345401],[80.1898583774465,19.655665833071765],[80.1899519451526,19.656027707987235],[80.18966534404396,19.656116779772955]]]},"id":"1832"},{"type":"Feature","properties":{"id":"1833","metrics:area":2900,"metrics:perimeter":231.85970703244948},"geometry":{"type":"Polygon","coordinates":[[[80.14130482888238,19.656253754703368],[80.14111550906387,19.65598176300253],[80.14149991853469,19.655441424229483],[80.14168683512706,19.656165216396747],[80.14130482888238,19.656253754703368]]]},"id":"1833"},{"type":"Feature","properties":{"id":"1834","metrics:area":750,"metrics:perimeter":117.67828935632369},"geometry":{"type":"Polygon","coordinates":[[[80.15666410047858,19.655784282120802],[80.15676089860824,19.65551364791775],[80.15704704262748,19.655514989743246],[80.15685486347063,19.65578517683622],[80.15666410047858,19.655784282120802]]]},"id":"1834"},{"type":"Feature","properties":{"id":"1835","metrics:area":1500,"metrics:perimeter":166.0555127546399},"geometry":{"type":"Polygon","coordinates":[[[80.19844144120573,19.65597539431107],[80.1984427878342,19.6557043098849],[80.19901508257801,19.655706860435785],[80.19882297166582,19.65597709490602],[80.19844144120573,19.65597539431107]]]},"id":"1835"},{"type":"Feature","properties":{"id":"1836","metrics:area":750,"metrics:perimeter":152.34076132278147},"geometry":{"type":"Polygon","coordinates":[[[80.2780871624006,19.656222477601382],[80.27808797096716,19.656041751298634],[80.27856610513467,19.655772576170193],[80.27856570112624,19.655862939334277],[80.2780871624006,19.656222477601382]]]},"id":"1836"},{"type":"Feature","properties":{"id":"1837","metrics:area":1000,"metrics:perimeter":131.2310562561766},"geometry":{"type":"Polygon","coordinates":[[[80.14216710461791,19.655534971292138],[80.14216902611709,19.655173530539376],[80.14245516844585,19.655174895564173],[80.14235786659493,19.655535881377325],[80.14216710461791,19.655534971292138]]]},"id":"1837"},{"type":"Feature","properties":{"id":"1838","metrics:area":650,"metrics:perimeter":103.98345637668169},"geometry":{"type":"Polygon","coordinates":[[[80.22209771105432,19.655808214523717],[80.22209858230741,19.655627490536492],[80.22228978372867,19.655537953822023],[80.22238386023604,19.655809452387036],[80.22209771105432,19.655808214523717]]]},"id":"1838"},{"type":"Feature","properties":{"id":"1839","metrics:area":500,"metrics:perimeter":92.36067977499789},"geometry":{"type":"Polygon","coordinates":[[[80.22429282519292,19.655546607049637],[80.22438907682165,19.655366294460652],[80.22457984252195,19.655367117304618],[80.22457897406017,19.655547841403727],[80.22429282519292,19.655546607049637]]]},"id":"1839"},{"type":"Feature","properties":{"id":"1840","metrics:area":2000,"metrics:perimeter":188.68085404895538},"geometry":{"type":"Polygon","coordinates":[[[80.22839343015468,19.655744980208276],[80.22791694674211,19.65565257067782],[80.22782242848191,19.65547143680983],[80.22829977559641,19.655383122314653],[80.22858506046927,19.655565074552293],[80.22839343015468,19.655744980208276]]]},"id":"1840"},{"type":"Feature","properties":{"id":"1841","metrics:area":1050,"metrics:perimeter":142.86620241456424},"geometry":{"type":"Polygon","coordinates":[[[80.14188192274761,19.65535288542396],[80.1417889447865,19.654900629251014],[80.14198018646167,19.654811179520532],[80.14207364534616,19.655173075429936],[80.14188192274761,19.65535288542396]]]},"id":"1841"},{"type":"Feature","properties":{"id":"1842","metrics:area":1000,"metrics:perimeter":144.72135954999578},"geometry":{"type":"Polygon","coordinates":[[[80.2258193862726,19.65546282293435],[80.22620221799893,19.655193379135785],[80.22639255036658,19.655284562139755],[80.22629630098845,19.655464875880725],[80.2258193862726,19.65546282293435]]]},"id":"1842"},{"type":"Feature","properties":{"id":"1843","metrics:area":1050,"metrics:perimeter":132.01807335842548},"geometry":{"type":"Polygon","coordinates":[[[80.2779933952112,19.655860641972023],[80.27780343545984,19.6556791494812],[80.27790003278875,19.655408443138217],[80.2781853765,19.655590318489637],[80.2779933952112,19.655860641972023]]]},"id":"1843"},{"type":"Feature","properties":{"id":"1844","metrics:area":900,"metrics:perimeter":123.24555320336759},"geometry":{"type":"Polygon","coordinates":[[[80.22000103158113,19.65543767514913],[80.21990695932381,19.65516617547043],[80.22028848985362,19.655167830450587],[80.22028761659543,19.65534855436901],[80.22000103158113,19.65543767514913]]]},"id":"1844"},{"type":"Feature","properties":{"id":"1845","metrics:area":800,"metrics:perimeter":120},"geometry":{"type":"Polygon","coordinates":[[[80.18470956719167,19.655281105602313],[80.18471139337902,19.654919660899854],[80.1849021567077,19.65492052582141],[80.18490033094754,19.655281970541044],[80.18470956719167,19.655281105602313]]]},"id":"1845"},{"type":"Feature","properties":{"id":"1846","metrics:area":800,"metrics:perimeter":122.4621125123532},"geometry":{"type":"Polygon","coordinates":[[[80.27570538918235,19.65558034498545],[80.27570660598708,19.65530925565359],[80.27608773637228,19.655401155361247],[80.2760873309843,19.655491518479494],[80.27570538918235,19.65558034498545]]]},"id":"1846"},{"type":"Feature","properties":{"id":"1847","metrics:area":600,"metrics:perimeter":100},"geometry":{"type":"Polygon","coordinates":[[[80.29277917849157,19.655648315919176],[80.29278036661849,19.655377225574796],[80.29297113529366,19.655377975857864],[80.29296994748717,19.655649066213417],[80.29277917849157,19.655648315919176]]]},"id":"1847"},{"type":"Feature","properties":{"id":"1848","metrics:area":500,"metrics:perimeter":89.44271909999159},"geometry":{"type":"Polygon","coordinates":[[[80.1645845160198,19.65509835705825],[80.16449007047287,19.654917192411805],[80.16468130057993,19.654827718066187],[80.16477574629742,19.6550088826199],[80.1645845160198,19.65509835705825]]]},"id":"1848"},{"type":"Feature","properties":{"id":"1849","metrics:area":700,"metrics:perimeter":112.36067977499789},"geometry":{"type":"Polygon","coordinates":[[[80.14293447205861,19.654725368541794],[80.14293543191135,19.654544648114577],[80.14331695361166,19.654546466364497],[80.14322061365021,19.654726732318657],[80.14293447205861,19.654725368541794]]]},"id":"1849"},{"type":"Feature","properties":{"id":"1850","metrics:area":550,"metrics:perimeter":96.34413615167959},"geometry":{"type":"Polygon","coordinates":[[[80.27828197313693,19.655319611916806],[80.27828278144513,19.65513888558815],[80.27847395327743,19.655049288074455],[80.27856852913825,19.655230397166473],[80.27828197313693,19.655319611916806]]]},"id":"1850"},{"type":"Feature","properties":{"id":"1851","metrics:area":850,"metrics:perimeter":127.14776642118863},"geometry":{"type":"Polygon","coordinates":[[[80.22572530409607,19.65519132596704],[80.22563078859048,19.65501019103017],[80.22591823700046,19.654740336970477],[80.22591650312492,19.655101785304968],[80.22572530409607,19.65519132596704]]]},"id":"1851"},{"type":"Feature","properties":{"id":"1852","metrics:area":1100,"metrics:perimeter":134.4766094595442},"geometry":{"type":"Polygon","coordinates":[[[80.16029377159336,19.654807280352998],[80.16020027162702,19.654445392389928],[80.16048641400567,19.65444672867229],[80.16058038467027,19.654718255883633],[80.16029377159336,19.654807280352998]]]},"id":"1852"},{"type":"Feature","properties":{"id":"1853","metrics:area":900,"metrics:perimeter":126.83728923454208},"geometry":{"type":"Polygon","coordinates":[[[80.21008300389938,19.655032919217472],[80.20998894874005,19.654761414919925],[80.2103709195726,19.654672729162787],[80.21027421078138,19.654943395481578],[80.21008300389938,19.655032919217472]]]},"id":"1853"},{"type":"Feature","properties":{"id":"1854","metrics:area":800,"metrics:perimeter":115.60623297836548},"geometry":{"type":"Polygon","coordinates":[[[80.2223877793572,19.65499619436036],[80.22229370326535,19.654724695789046],[80.22257985053913,19.654725933275074],[80.22267436240448,19.65490706969937],[80.2223877793572,19.65499619436036]]]},"id":"1854"},{"type":"Feature","properties":{"id":"1855","metrics:area":1600,"metrics:perimeter":167.44338410251953},"geometry":{"type":"Polygon","coordinates":[[[80.19644380677923,19.654882115685943],[80.1965409883496,19.65452109616927],[80.19701699762322,19.65470394958847],[80.19692071639544,19.654884246488255],[80.19644380677923,19.654882115685943]]]},"id":"1855"},{"type":"Feature","properties":{"id":"1856","metrics:area":600,"metrics:perimeter":111.2310562561766},"geometry":{"type":"Polygon","coordinates":[[[80.20769889024747,19.654932065348518],[80.20770066490967,19.65457061858657],[80.20779604690618,19.654571038870433],[80.20788965467013,19.654932905882358],[80.20769889024747,19.654932065348518]]]},"id":"1856"},{"type":"Feature","properties":{"id":"1857","metrics:area":1300,"metrics:perimeter":173.1370849898476},"geometry":{"type":"Polygon","coordinates":[[[80.19539505640032,19.65478706205133],[80.19472783453683,19.654693711519112],[80.19472873638699,19.654512988708635],[80.19511026304113,19.654514697060065],[80.19539505640032,19.65478706205133]]]},"id":"1857"},{"type":"Feature","properties":{"id":"1858","metrics:area":500,"metrics:perimeter":95.60623297836548},"geometry":{"type":"Polygon","coordinates":[[[80.17031018522916,19.65458269240849],[80.17040695996613,19.654312049956843],[80.17050234092646,19.65431249001787],[80.17059679302614,19.654493651751196],[80.17031018522916,19.65458269240849]]]},"id":"1858"},{"type":"Feature","properties":{"id":"1859","metrics:area":6450,"metrics:perimeter":437.8353552465851},"geometry":{"type":"Polygon","coordinates":[[[80.22696311589483,19.65564847208007],[80.22734637893409,19.655288663691536],[80.22725186152351,19.655107529545216],[80.22686946462038,19.655286613548025],[80.22706326014372,19.654654899003877],[80.22763642010958,19.654476634083835],[80.22772964026453,19.654928854413754],[80.227440463921,19.655560159901995],[80.22696311589483,19.65564847208007]]]},"id":"1859"},{"type":"Feature","properties":{"id":"1860","metrics:area":2550,"metrics:perimeter":203.41485082861374},"geometry":{"type":"Polygon","coordinates":[[[80.22458114519661,19.65509603114909],[80.22439255142706,19.654643398060255],[80.22487033165316,19.65446473057935],[80.22496354399578,19.654916952080814],[80.22458114519661,19.65509603114909]]]},"id":"1860"},{"type":"Feature","properties":{"id":"1861","metrics:area":600,"metrics:perimeter":104.72135954999578},"geometry":{"type":"Polygon","coordinates":[[[80.2106566239266,19.654764347375004],[80.21065794994625,19.65449326210568],[80.21084915588176,19.654403737719782],[80.21084783018985,19.654674823004335],[80.2106566239266,19.654764347375004]]]},"id":"1861"},{"type":"Feature","properties":{"id":"1862","metrics:area":500,"metrics:perimeter":117.0820393249937},"geometry":{"type":"Polygon","coordinates":[[[80.17555707384167,19.65442610184013],[80.1751764729909,19.65424363007403],[80.17565337819207,19.654245817216136],[80.17555707384167,19.65442610184013]]]},"id":"1862"},{"type":"Feature","properties":{"id":"1863","metrics:area":3350,"metrics:perimeter":319.15522789221495},"geometry":{"type":"Polygon","coordinates":[[[80.14245660906175,19.654903814969618],[80.14245804965373,19.6546327343668],[80.14207652783551,19.654630914286795],[80.14207796904428,19.654359833702824],[80.14265313125013,19.653820402204584],[80.14274659117788,19.65418229783872],[80.14255535065345,19.654271748434684],[80.14245660906175,19.654903814969618]]]},"id":"1863"},{"type":"Feature","properties":{"id":"1864","metrics:area":850,"metrics:perimeter":138.86349517372673},"geometry":{"type":"Polygon","coordinates":[[[80.14284245134525,19.65409239235281],[80.14284389122476,19.653821311698092],[80.14274899124403,19.653730496758808],[80.14312955140961,19.653913035784917],[80.14312859180764,19.65409375623402],[80.14284245134525,19.65409239235281]]]},"id":"1864"},{"type":"Feature","properties":{"id":"1865","metrics:area":700,"metrics:perimeter":115.60623297836548},"geometry":{"type":"Polygon","coordinates":[[[80.17946908155758,19.654172907760326],[80.1794704599209,19.65390182455733],[80.17975706202658,19.653812769063403],[80.17966030310328,19.65408341714085],[80.17946908155758,19.654172907760326]]]},"id":"1865"},{"type":"Feature","properties":{"id":"1866","metrics:area":650,"metrics:perimeter":104.62840739914148},"geometry":{"type":"Polygon","coordinates":[[[80.21037268822487,19.654311282156474],[80.2102781907406,19.654130139740232],[80.21046983852936,19.653950253988345],[80.21056389408741,19.654221758070193],[80.21037268822487,19.654311282156474]]]},"id":"1866"},{"type":"Feature","properties":{"id":"1867","metrics:area":1650,"metrics:perimeter":186.2191835764289},"geometry":{"type":"Polygon","coordinates":[[[80.19749570427649,19.654344632981736],[80.19702014508457,19.654071419379907],[80.19759378175127,19.653802889828647],[80.19749570427649,19.654344632981736]]]},"id":"1867"},{"type":"Feature","properties":{"id":"1868","metrics:area":750,"metrics:perimeter":117.67828935632369},"geometry":{"type":"Polygon","coordinates":[[[80.15839086467157,19.653894755206643],[80.15839180717238,19.653714034036184],[80.15867889029111,19.653534651961262],[80.15867747703217,19.653805733741034],[80.15839086467157,19.653894755206643]]]},"id":"1868"},{"type":"Feature","properties":{"id":"1869","metrics:area":950,"metrics:perimeter":135.2145126328583},"geometry":{"type":"Polygon","coordinates":[[[80.23049961660138,19.65412745453282],[80.23059629133783,19.653856776135328],[80.2309778197394,19.653858408329484],[80.23088157630363,19.654038724755626],[80.23049961660138,19.65412745453282]]]},"id":"1869"},{"type":"Feature","properties":{"id":"1870","metrics:area":2500,"metrics:perimeter":243.21175976232954},"geometry":{"type":"Polygon","coordinates":[[[80.25796772577412,19.654694733787913],[80.25787525151824,19.654061800799358],[80.25816223076973,19.65388225608367],[80.25834967387544,19.654605945203617],[80.25806393989345,19.654514401887106],[80.25796772577412,19.654694733787913]]]},"id":"1870"},{"type":"Feature","properties":{"id":"1871","metrics:area":800,"metrics:perimeter":129.4427190999916},"geometry":{"type":"Polygon","coordinates":[[[80.17918431712728,19.65390051852001],[80.17937691698289,19.653539944987273],[80.17956767842578,19.653540815509775],[80.17956675964658,19.65372153765769],[80.17918431712728,19.65390051852001]]]},"id":"1871"},{"type":"Feature","properties":{"id":"1872","metrics:area":1650,"metrics:perimeter":182.450401904666},"geometry":{"type":"Polygon","coordinates":[[[80.17651272994208,19.65406902888672],[80.17651595765601,19.653436501863663],[80.17670671883926,19.653437375416832],[80.1767993337915,19.653979978179095],[80.17651272994208,19.65406902888672]]]},"id":"1872"},{"type":"Feature","properties":{"id":"1873","metrics:area":500,"metrics:perimeter":100.6449510224598},"geometry":{"type":"Polygon","coordinates":[[[80.17718177894436,19.653801002493942],[80.17718316112143,19.653529919435773],[80.177374383061,19.65344043125955],[80.17737346183084,19.653621153309757],[80.17718177894436,19.653801002493942]]]},"id":"1873"},{"type":"Feature","properties":{"id":"1874","metrics:area":800,"metrics:perimeter":129.4427190999916},"geometry":{"type":"Polygon","coordinates":[[[80.17889863412628,19.653808850970904],[80.17889955365808,19.6536281288551],[80.17928199581122,19.653449148581302],[80.17928107671675,19.653629870718085],[80.17889863412628,19.653808850970904]]]},"id":"1874"},{"type":"Feature","properties":{"id":"1875","metrics:area":650,"metrics:perimeter":103.98345637668169},"geometry":{"type":"Polygon","coordinates":[[[80.17556076700055,19.653703214013117],[80.17556215189296,19.653432131062843],[80.17575291302512,19.65343300562767],[80.17584737065636,19.653614164815004],[80.17556076700055,19.653703214013117]]]},"id":"1875"},{"type":"Feature","properties":{"id":"1876","metrics:area":600,"metrics:perimeter":104.72135954999578},"geometry":{"type":"Polygon","coordinates":[[[80.20789497725734,19.653848565502418],[80.20789630784888,19.653577480386804],[80.20808751409831,19.653487958944485],[80.2080861838345,19.65375904407537],[80.20789497725734,19.653848565502418]]]},"id":"1876"},{"type":"Feature","properties":{"id":"1877","metrics:area":1050,"metrics:perimeter":134.084889114037},"geometry":{"type":"Polygon","coordinates":[[[80.21199638716364,19.65386658696131],[80.21209353356298,19.65350555776321],[80.21237923695945,19.65359717321204],[80.21237835491993,19.65377789681895],[80.21199638716364,19.65386658696131]]]},"id":"1877"},{"type":"Feature","properties":{"id":"1878","metrics:area":1050,"metrics:perimeter":134.084889114037},"geometry":{"type":"Polygon","coordinates":[[[80.25196152117215,19.654037295182555],[80.25205857907777,19.653676241398106],[80.25224934401152,19.653677034820237],[80.25234347054443,19.653948519408985],[80.25196152117215,19.654037295182555]]]},"id":"1878"},{"type":"Feature","properties":{"id":"1879","metrics:area":600,"metrics:perimeter":100},"geometry":{"type":"Polygon","coordinates":[[[80.29001978782759,19.65410123610375],[80.29002098048844,19.653830145875105],[80.29021174722057,19.65383089902902],[80.29021055488012,19.65410198926888],[80.29001978782759,19.65410123610375]]]},"id":"1879"},{"type":"Feature","properties":{"id":"1880","metrics:area":500,"metrics:perimeter":92.36067977499789},"geometry":{"type":"Polygon","coordinates":[[[80.13998490047717,19.65335584728053],[80.13998634509794,19.653084766807314],[80.14017710406931,19.653085679097195],[80.14017614120502,19.653266399422655],[80.13998490047717,19.65335584728053]]]},"id":"1880"},{"type":"Feature","properties":{"id":"1881","metrics:area":700,"metrics:perimeter":111.5298244508295},"geometry":{"type":"Polygon","coordinates":[[[80.22907017811339,19.653850239264813],[80.2289760912407,19.653578743797063],[80.22926266849888,19.653489608411164],[80.22926180537073,19.65367033274833],[80.22907017811339,19.653850239264813]]]},"id":"1881"},{"type":"Feature","properties":{"id":"1882","metrics:area":3900,"metrics:perimeter":263.3497020811512},"geometry":{"type":"Polygon","coordinates":[[[80.22582545555099,19.65419775377933],[80.22592343839673,19.653655991879006],[80.22630626555673,19.65338654765389],[80.22658981236142,19.653929951338345],[80.22582545555099,19.65419775377933]]]},"id":"1882"},{"type":"Feature","properties":{"id":"1883","metrics:area":2450,"metrics:perimeter":293.80268220391804},"geometry":{"type":"Polygon","coordinates":[[[80.19683028165261,19.65388984443348],[80.19692701201339,19.653619186081478],[80.19664041864779,19.653708269297965],[80.19664176813332,19.65343718492349],[80.19711957261346,19.653258592108614],[80.19702239319656,19.653619612060556],[80.19730898621577,19.65353052822134],[80.19730808730378,19.653711251166353],[80.19683028165261,19.65388984443348]]]},"id":"1883"},{"type":"Feature","properties":{"id":"1884","metrics:area":600,"metrics:perimeter":103.24555320336759},"geometry":{"type":"Polygon","coordinates":[[[80.22411118326951,19.65364818088505],[80.2241120521643,19.653467456767878],[80.22439863161627,19.65337832921843],[80.22439776304667,19.65355905334969],[80.22411118326951,19.65364818088505]]]},"id":"1884"},{"type":"Feature","properties":{"id":"1885","metrics:area":900,"metrics:perimeter":120},"geometry":{"type":"Polygon","coordinates":[[[80.23078791696288,19.653676867935168],[80.23078920908858,19.653405781330687],[80.23107535459955,19.653407005218273],[80.23107406295442,19.653678091840995],[80.23078791696288,19.653676867935168]]]},"id":"1885"},{"type":"Feature","properties":{"id":"1886","metrics:area":3450,"metrics:perimeter":339.53244122965964},"geometry":{"type":"Polygon","coordinates":[[[80.17631966190109,19.65451996006809],[80.17632058435693,19.65433923808395],[80.17603444101472,19.65433792700622],[80.1760404388111,19.653163234104444],[80.17632381287196,19.653706711110534],[80.1764164266468,19.654249314013065],[80.17631966190109,19.65451996006809]]]},"id":"1886"},{"type":"Feature","properties":{"id":"1887","metrics:area":19250,"metrics:perimeter":964.5390265715213},"geometry":{"type":"Polygon","coordinates":[[[80.1406438965437,19.65498552240852],[80.14055236601185,19.65426218523752],[80.14007546507976,19.65425990499788],[80.13998152960208,19.653988368352543],[80.14045939230654,19.653809928486787],[80.14027007664521,19.653537935984335],[80.14036738172729,19.65317695135247],[80.14055958447052,19.652906782722752],[80.14084572265918,19.65290815015767],[80.1412219509146,19.653903934734746],[80.14131925414388,19.65354294953028],[80.1417012539014,19.65345441092473],[80.14188816947762,19.654178202988007],[80.14160154829682,19.654267197313377],[80.14141223015551,19.65399520593459],[80.14074553208891,19.653811296141363],[80.14121858478623,19.654536455974185],[80.14093003842436,19.654986889847866],[80.1406438965437,19.65498552240852]]]},"id":"1887"},{"type":"Feature","properties":{"id":"1888","metrics:area":500,"metrics:perimeter":92.36067977499789},"geometry":{"type":"Polygon","coordinates":[[[80.14265649162347,19.653187880676384],[80.14265793174361,19.652916800007656],[80.14284869065044,19.652917709456005],[80.14284773078657,19.65309842991177],[80.14265649162347,19.653187880676384]]]},"id":"1888"},{"type":"Feature","properties":{"id":"1889","metrics:area":650,"metrics:perimeter":103.98345637668169},"geometry":{"type":"Polygon","coordinates":[[[80.19616486282607,19.653435053531712],[80.19616576300454,19.653254330631974],[80.19635697488513,19.653164821876498],[80.19645100600295,19.65343633251853],[80.19616486282607,19.653435053531712]]]},"id":"1889"},{"type":"Feature","properties":{"id":"1890","metrics:area":1200,"metrics:perimeter":147.44338410251953},"geometry":{"type":"Polygon","coordinates":[[[80.22964333321147,19.65367196775911],[80.22954881405548,19.653490834732946],[80.23002658562855,19.653312153217563],[80.23002529222855,19.65358323977615],[80.22964333321147,19.65367196775911]]]},"id":"1890"},{"type":"Feature","properties":{"id":"1891","metrics:area":750,"metrics:perimeter":111.6227766016838},"geometry":{"type":"Polygon","coordinates":[[[80.24337920809992,19.653549564165466],[80.24338047906703,19.653278476759645],[80.24366662519391,19.65327968060328],[80.24366577820523,19.653460405553368],[80.24337920809992,19.653549564165466]]]},"id":"1891"},{"type":"Feature","properties":{"id":"1892","metrics:area":500,"metrics:perimeter":92.36067977499789},"geometry":{"type":"Polygon","coordinates":[[[80.27857539671123,19.65369422314366],[80.2785766085688,19.65342313358276],[80.27876737434138,19.65342389886281],[80.27876656665218,19.65360462524525],[80.27857539671123,19.65369422314366]]]},"id":"1892"},{"type":"Feature","properties":{"id":"1893","metrics:area":1700,"metrics:perimeter":194.4766094595442},"geometry":{"type":"Polygon","coordinates":[[[80.22687769013292,19.653569733476214],[80.22659197767506,19.65347814078703],[80.22668909145204,19.65311710256225],[80.22697523617414,19.65311833295702],[80.22697350482068,19.653479781447157],[80.22716426840788,19.653480601473703],[80.22687769013292,19.653569733476214]]]},"id":"1893"},{"type":"Feature","properties":{"id":"1894","metrics:area":800,"metrics:perimeter":119.8140956982914},"geometry":{"type":"Polygon","coordinates":[[[80.14408718608614,19.653194696708972],[80.14389738548458,19.6530130680586],[80.14399420288649,19.652742441383772],[80.1441840032957,19.65292406992947],[80.14408718608614,19.653194696708972]]]},"id":"1894"},{"type":"Feature","properties":{"id":"1895","metrics:area":550,"metrics:perimeter":96.34413615167959},"geometry":{"type":"Polygon","coordinates":[[[80.19769185849827,19.65326114656659],[80.19769275695826,19.65308042359549],[80.19788396784567,19.652990913177213],[80.1979784505453,19.653172061621266],[80.19769185849827,19.65326114656659]]]},"id":"1895"},{"type":"Feature","properties":{"id":"1896","metrics:area":3000,"metrics:perimeter":307.87753701374356},"geometry":{"type":"Polygon","coordinates":[[[80.14122435521215,19.653452133821876],[80.14132117733108,19.653181508778083],[80.1407508243628,19.652817334217083],[80.14084764683962,19.652546709425003],[80.14113378441161,19.65254807637756],[80.14122724028135,19.65290997269612],[80.14160779669412,19.65309251482231],[80.14122435521215,19.653452133821876]]]},"id":"1896"},{"type":"Feature","properties":{"id":"1897","metrics:area":500,"metrics:perimeter":92.36067977499789},"geometry":{"type":"Polygon","coordinates":[[[80.23727603340132,19.65325268630656],[80.23727731459896,19.652981599276707],[80.23746807805948,19.652982408352614],[80.23746722414366,19.653163133048135],[80.23727603340132,19.65325268630656]]]},"id":"1897"},{"type":"Feature","properties":{"id":"1898","metrics:area":700,"metrics:perimeter":107.96691275336337},"geometry":{"type":"Polygon","coordinates":[[[80.16965088653129,19.65295311493686],[80.16955643634537,19.652771952747393],[80.16984304125278,19.652682913172058],[80.1699374917185,19.65286407522256],[80.16965088653129,19.65295311493686]]]},"id":"1898"},{"type":"Feature","properties":{"id":"1899","metrics:area":1250,"metrics:perimeter":163.10122064520763},"geometry":{"type":"Polygon","coordinates":[[[80.20761105099052,19.65339549620161],[80.20751788833984,19.652943267331928],[80.20780491855989,19.652763804798916],[80.20780314430772,19.65312525164256],[80.20761105099052,19.65339549620161]]]},"id":"1899"},{"type":"Feature","properties":{"id":"1900","metrics:area":600,"metrics:perimeter":103.24555320336759},"geometry":{"type":"Polygon","coordinates":[[[80.22258768614333,19.65309941687579],[80.22258855671782,19.652918692813092],[80.22287513593304,19.652829567682108],[80.22287426568371,19.65301029175892],[80.22258768614333,19.65309941687579]]]},"id":"1900"},{"type":"Feature","properties":{"id":"1901","metrics:area":5000,"metrics:perimeter":311.9696903971943},"geometry":{"type":"Polygon","coordinates":[[[80.17498894465801,19.653610228096063],[80.17489910789011,19.652525458750773],[80.17518524793682,19.65252677151919],[80.17556307514178,19.653251409091403],[80.17498894465801,19.653610228096063]]]},"id":"1901"},{"type":"Feature","properties":{"id":"1902","metrics:area":2200,"metrics:perimeter":200.91529542543356},"geometry":{"type":"Polygon","coordinates":[[[80.14885664850625,19.653126974255404],[80.14866684240272,19.652945350440895],[80.14876508168936,19.65240363977745],[80.14914564612513,19.65258616623322],[80.14885664850625,19.653126974255404]]]},"id":"1902"},{"type":"Feature","properties":{"id":"1903","metrics:area":900,"metrics:perimeter":132.3606797749979},"geometry":{"type":"Polygon","coordinates":[[[80.17690116698697,19.652715360616867],[80.17699746876667,19.652535075147853],[80.1773789890588,19.652536820953493],[80.17737806787963,19.652717543022046],[80.17690116698697,19.652715360616867]]]},"id":"1903"},{"type":"Feature","properties":{"id":"1904","metrics:area":750,"metrics:perimeter":111.6227766016838},"geometry":{"type":"Polygon","coordinates":[[[80.15124399394179,19.652596083172398],[80.15124494437768,19.652415362310172],[80.15153155754857,19.652326352270727],[80.15153013237916,19.65259743358556],[80.15124399394179,19.652596083172398]]]},"id":"1904"},{"type":"Feature","properties":{"id":"1905","metrics:area":600,"metrics:perimeter":106.05551275463989},"geometry":{"type":"Polygon","coordinates":[[[80.22382851460529,19.652924049459283],[80.22382981836667,19.652652963278562],[80.22411596207178,19.652654198195275],[80.22411552764724,19.652744560262562],[80.22382851460529,19.652924049459283]]]},"id":"1905"},{"type":"Feature","properties":{"id":"1906","metrics:area":7650,"metrics:perimeter":543.066375171754},"geometry":{"type":"Polygon","coordinates":[[[80.22544522795106,19.653925024379433],[80.22496918583018,19.653742245181515],[80.2250667372936,19.653290845891167],[80.22525750057126,19.653291667932972],[80.22506890679477,19.652839035470926],[80.22554711454312,19.652570003851277],[80.22602012040444,19.65338531617849],[80.22582849001381,19.653565219134467],[80.22582979046187,19.653294132844344],[80.22544826385854,19.653292489772433],[80.22554191092948,19.653654348976808],[80.22535158096473,19.65356316513752],[80.22544522795106,19.653925024379433]]]},"id":"1906"},{"type":"Feature","properties":{"id":"1907","metrics:area":600,"metrics:perimeter":112.11102550927978},"geometry":{"type":"Polygon","coordinates":[[[80.1501948198741,19.652591127762864],[80.14990963347805,19.652409054425803],[80.1501967230844,19.652229686133186],[80.1501948198741,19.652591127762864]]]},"id":"1907"},{"type":"Feature","properties":{"id":"1908","metrics:area":4000,"metrics:perimeter":314.69620086417143},"geometry":{"type":"Polygon","coordinates":[[[80.14027440904204,19.65272469449528],[80.1399892342675,19.652542605836096],[80.13999116032724,19.65218116517024],[80.14018239963235,19.65209171724153],[80.14027585312634,19.652453613982388],[80.14046853634761,19.65209308522227],[80.14075419200566,19.652184812934685],[80.14084812787806,19.652456349239536],[80.14027440904204,19.65272469449528]]]},"id":"1908"},{"type":"Feature","properties":{"id":"1909","metrics:area":800,"metrics:perimeter":127.96691275336339},"geometry":{"type":"Polygon","coordinates":[[[80.14132502357775,19.652458627229585],[80.14094446897482,19.652276084560498],[80.14094543092632,19.652095364178617],[80.14123108689124,19.65218709114368],[80.14132502357775,19.652458627229585]]]},"id":"1909"},{"type":"Feature","properties":{"id":"1910","metrics:area":1200,"metrics:perimeter":157.0820393249937},"geometry":{"type":"Polygon","coordinates":[[[80.14361364437151,19.652559904231413],[80.14361508283424,19.652288823475697],[80.14352066280063,19.65210764869335],[80.14390122015702,19.652290186007576],[80.14389978217476,19.652561266783604],[80.14361364437151,19.652559904231413]]]},"id":"1910"},{"type":"Feature","properties":{"id":"1911","metrics:area":600,"metrics:perimeter":111.2310562561766},"geometry":{"type":"Polygon","coordinates":[[[80.23355871643534,19.652694695051792],[80.23355957470567,19.652513970512246],[80.23394067127828,19.652605958590833],[80.2339402423555,19.65269632086822],[80.23355871643534,19.652694695051792]]]},"id":"1911"},{"type":"Feature","properties":{"id":"1912","metrics:area":2950,"metrics:perimeter":366.1866961125089},"geometry":{"type":"Polygon","coordinates":[[[80.14227497320103,19.65318606114563],[80.14247197414288,19.652012288113397],[80.14275811088959,19.652013652445767],[80.14285157017834,19.652375548066665],[80.14256591285522,19.652283823630935],[80.14275475113176,19.65264617407336],[80.14256399255056,19.652645264537405],[80.14227497320103,19.65318606114563]]]},"id":"1912"},{"type":"Feature","properties":{"id":"1913","metrics:area":1350,"metrics:perimeter":184.7754906310363},"geometry":{"type":"Polygon","coordinates":[[[80.22468738133615,19.652837390821134],[80.22478406484962,19.65256671581469],[80.22535721955423,19.65238845795337],[80.22516515584232,19.652658722328315],[80.22468738133615,19.652837390821134]]]},"id":"1913"},{"type":"Feature","properties":{"id":"1914","metrics:area":700,"metrics:perimeter":112.36067977499789},"geometry":{"type":"Polygon","coordinates":[[[80.22917073949564,19.65276630216698],[80.22917246586039,19.652404853460446],[80.2293632282762,19.652405671111328],[80.22936193382657,19.652676757654785],[80.22917073949564,19.65276630216698]]]},"id":"1914"},{"type":"Feature","properties":{"id":"1915","metrics:area":1000,"metrics:perimeter":131.2310562561766},"geometry":{"type":"Polygon","coordinates":[[[80.22955226519109,19.652767937298897],[80.22955399070158,19.652406488559887],[80.2297447531365,19.65240730580611],[80.22983840948775,19.65276916311671],[80.22955226519109,19.652767937298897]]]},"id":"1915"},{"type":"Feature","properties":{"id":"1916","metrics:area":700,"metrics:perimeter":107.96691275336337},"geometry":{"type":"Polygon","coordinates":[[[80.1622135890645,19.652466801903493],[80.16211961677261,19.652195275425772],[80.16231084480354,19.652105803504615],[80.16240481737536,19.65237732989497],[80.1622135890645,19.652466801903493]]]},"id":"1916"},{"type":"Feature","properties":{"id":"1917","metrics:area":1400,"metrics:perimeter":167.7995987511004},"geometry":{"type":"Polygon","coordinates":[[[80.22602228724797,19.652933505660826],[80.22564249576561,19.652570414628226],[80.22564336289417,19.652389690423732],[80.2260244540315,19.652481695120255],[80.22602228724797,19.652933505660826]]]},"id":"1917"},{"type":"Feature","properties":{"id":"1918","metrics:area":1900,"metrics:perimeter":202.79460737880464},"geometry":{"type":"Polygon","coordinates":[[[80.24261784691005,19.653184901829693],[80.24252500968467,19.65264232531043],[80.24281242648475,19.652372443080573],[80.24290611237515,19.652734294565306],[80.24261784691005,19.653184901829693]]]},"id":"1918"},{"type":"Feature","properties":{"id":"1919","metrics:area":900,"metrics:perimeter":140.6449510224598},"geometry":{"type":"Polygon","coordinates":[[[80.23012412274267,19.652860750673902],[80.23002960347839,19.652679617882143],[80.23003132791148,19.652318169098887],[80.23031574765066,19.652680842935116],[80.23012412274267,19.652860750673902]]]},"id":"1919"},{"type":"Feature","properties":{"id":"1920","metrics:area":2300,"metrics:perimeter":301.9287439122045},"geometry":{"type":"Polygon","coordinates":[[[80.22287600617271,19.65264884360163],[80.22268698464042,19.65228657090367],[80.2238311221064,19.6523818770896],[80.22363905590862,19.65265213974784],[80.22316345466656,19.65237899388982],[80.22287600617271,19.65264884360163]]]},"id":"1920"},{"type":"Feature","properties":{"id":"1921","metrics:area":10100,"metrics:perimeter":890.2648848364229},"geometry":{"type":"Polygon","coordinates":[[[80.15276721963559,19.653145442894704],[80.1523866494925,19.6529629239144],[80.15238807325197,19.65269184255028],[80.1521958900572,19.652962024582113],[80.1520056054351,19.652870764602643],[80.15229696531024,19.651878148794264],[80.15258215364354,19.65206021842051],[80.15238854783321,19.652601482093736],[80.15267658402324,19.65224138882389],[80.15296272193821,19.65224273693418],[80.15296129917911,19.652513818352254],[80.15315348056133,19.652243635421488],[80.15391556772305,19.652427948338467],[80.15391414654981,19.652699029817928],[80.15334329111859,19.652425254670625],[80.15324601529595,19.65278624745731],[80.15277054024618,19.652512919649247],[80.15267278866514,19.652964272533488],[80.15295940213021,19.652875260230164],[80.15276721963559,19.653145442894704]]]},"id":"1921"},{"type":"Feature","properties":{"id":"1922","metrics:area":900,"metrics:perimeter":123.59173603117449},"geometry":{"type":"Polygon","coordinates":[[[80.22611940191409,19.652572467754236],[80.22602575407284,19.65221060878491],[80.22631189714282,19.652211840180808],[80.22631059758201,19.652482926534493],[80.22611940191409,19.652572467754236]]]},"id":"1922"},{"type":"Feature","properties":{"id":"1923","metrics:area":800,"metrics:perimeter":131.2310562561766},"geometry":{"type":"Polygon","coordinates":[[[80.21868142268794,19.652178847164876],[80.2183935297182,19.652539051419012],[80.2182998993708,19.65217718901636],[80.21868142268794,19.652178847164876]]]},"id":"1923"},{"type":"Feature","properties":{"id":"1924","metrics:area":500,"metrics:perimeter":117.0820393249937},"geometry":{"type":"Polygon","coordinates":[[[80.22049322253187,19.652277074312288],[80.22011257212469,19.65209469602722],[80.22058947624006,19.652096763770896],[80.22049322253187,19.652277074312288]]]},"id":"1924"},{"type":"Feature","properties":{"id":"1925","metrics:area":1400,"metrics:perimeter":168.1141943137987},"geometry":{"type":"Polygon","coordinates":[[[80.1501967230844,19.652229686133186],[80.15029495673448,19.651687974383403],[80.15058109349131,19.65168932624681],[80.15048381206329,19.652050317354828],[80.1501967230844,19.652229686133186]]]},"id":"1925"},{"type":"Feature","properties":{"id":"1926","metrics:area":850,"metrics:perimeter":122.8538328578604},"geometry":{"type":"Polygon","coordinates":[[[80.2272652748813,19.652306303685148],[80.22736195377135,19.6520356271191],[80.22764809662165,19.65203685637835],[80.22764723175467,19.65221758067574],[80.2272652748813,19.652306303685148]]]},"id":"1926"},{"type":"Feature","properties":{"id":"1927","metrics:area":1150,"metrics:perimeter":142.3996489063195},"geometry":{"type":"Polygon","coordinates":[[[80.2724753674416,19.652675633221445],[80.27209465332659,19.65249336303172],[80.27219125802745,19.652222659904893],[80.27247658947697,19.65240454399677],[80.2724753674416,19.652675633221445]]]},"id":"1927"},{"type":"Feature","properties":{"id":"1928","metrics:area":3450,"metrics:perimeter":287.84369801136694},"geometry":{"type":"Polygon","coordinates":[[[80.15162551186354,19.652597883622114],[80.15182006995806,19.651875899965297],[80.15201225239657,19.651605718278237],[80.15229838913528,19.651607067403784],[80.151912125178,19.652508872982025],[80.15162551186354,19.652597883622114]]]},"id":"1928"},{"type":"Feature","properties":{"id":"1929","metrics:area":2500,"metrics:perimeter":287.3983072052954},"geometry":{"type":"Polygon","coordinates":[[[80.14409054072352,19.65256217489883],[80.144283694839,19.652111281468688],[80.14400043334544,19.65156775795589],[80.1442860903288,19.65165948010268],[80.14447445287513,19.652112189156746],[80.14437667856657,19.652563536692323],[80.14409054072352,19.65256217489883]]]},"id":"1929"},{"type":"Feature","properties":{"id":"1930","metrics:area":600,"metrics:perimeter":100},"geometry":{"type":"Polygon","coordinates":[[[80.22154328465197,19.652100895464642],[80.22154415634802,19.65192017142687],[80.22183029859833,19.65192140993635],[80.22182942722262,19.65210213398643],[80.22154328465197,19.652100895464642]]]},"id":"1930"},{"type":"Feature","properties":{"id":"1931","metrics:area":500,"metrics:perimeter":92.36067977499789},"geometry":{"type":"Polygon","coordinates":[[[80.27781839792274,19.65233571229564],[80.27791458873699,19.652155368968977],[80.2781053529832,19.652156134904],[80.27810454460909,19.652336861285463],[80.27781839792274,19.65233571229564]]]},"id":"1931"},{"type":"Feature","properties":{"id":"1932","metrics:area":1600,"metrics:perimeter":164.72135954999578},"geometry":{"type":"Polygon","coordinates":[[[80.23050866464476,19.652229848352125],[80.23051081878576,19.651778037297166],[80.23089234226569,19.651779669507235],[80.2308910504289,19.65205075616728],[80.23050866464476,19.652229848352125]]]},"id":"1932"},{"type":"Feature","properties":{"id":"1933","metrics:area":1200,"metrics:perimeter":147.33433128760743},"geometry":{"type":"Polygon","coordinates":[[[80.2245954731901,19.65211408289386],[80.22450139483622,19.651842585322335],[80.22497873262502,19.651754279306793],[80.22497786478262,19.651935003495552],[80.2245954731901,19.65211408289386]]]},"id":"1933"},{"type":"Feature","properties":{"id":"1934","metrics:area":7100,"metrics:perimeter":508.28151620107013},"geometry":{"type":"Polygon","coordinates":[[[80.14609398422797,19.6524813375843],[80.14561756623104,19.65238871193973],[80.1458107159204,19.651937816692705],[80.14533477821712,19.651754830059307],[80.14562330642201,19.651304388277403],[80.14638537926528,19.651488732644637],[80.14619175371283,19.65202998892884],[80.14590657306317,19.651847909436793],[80.14590466028564,19.65220935067722],[80.14628569877472,19.65230152273753],[80.14609398422797,19.6524813375843]]]},"id":"1934"},{"type":"Feature","properties":{"id":"1935","metrics:area":1800,"metrics:perimeter":171.2310562561766},"geometry":{"type":"Polygon","coordinates":[[[80.22993680904807,19.652137036261774],[80.22993853363747,19.651775587464638],[80.23032048798795,19.65168685867896],[80.23031833332496,19.652138669718234],[80.22993680904807,19.652137036261774]]]},"id":"1935"},{"type":"Feature","properties":{"id":"1936","metrics:area":500,"metrics:perimeter":92.36067977499789},"geometry":{"type":"Polygon","coordinates":[[[80.15725809635676,19.65163037992166],[80.15725951183025,19.651359298175592],[80.15745026962131,19.65136019206642],[80.15744932618847,19.65154091324026],[80.15725809635676,19.65163037992166]]]},"id":"1936"},{"type":"Feature","properties":{"id":"1937","metrics:area":3050,"metrics:perimeter":271.11888639691756},"geometry":{"type":"Polygon","coordinates":[[[80.22907794793089,19.65222372020442],[80.22936495417562,19.652044222373892],[80.22907924282521,19.65195263366549],[80.22917591847522,19.65168195600339],[80.22974777194045,19.651774770449148],[80.22965023455198,19.652226172829224],[80.22907794793089,19.65222372020442]]]},"id":"1937"},{"type":"Feature","properties":{"id":"1938","metrics:area":3150,"metrics:perimeter":260.24509809619343},"geometry":{"type":"Polygon","coordinates":[[[80.2252627059918,19.65220732283691],[80.22516906026935,19.65184546347928],[80.22536112295542,19.65157519904286],[80.22593254000884,19.651758387651412],[80.22583542548728,19.65211942549187],[80.22555014982478,19.65193746913378],[80.2252627059918,19.65220732283691]]]},"id":"1938"},{"type":"Feature","properties":{"id":"1939","metrics:area":3150,"metrics:perimeter":320.7913365955848},"geometry":{"type":"Polygon","coordinates":[[[80.23079308533691,19.652592521467746],[80.23117762399885,19.65196161758679],[80.23108267351684,19.651870847533765],[80.23117934579291,19.651600168676925],[80.2313692466692,19.651781708631752],[80.23127214418416,19.652142749818644],[80.23155699674423,19.65241505955399],[80.23079308533691,19.652592521467746]]]},"id":"1939"},{"type":"Feature","properties":{"id":"1940","metrics:area":1500,"metrics:perimeter":173.17784875350438},"geometry":{"type":"Polygon","coordinates":[[[80.1526794304315,19.651699226003117],[80.15287303407136,19.651157961886515],[80.1531586959681,19.65124967010211],[80.15315774773596,19.651430391077536],[80.1526794304315,19.651699226003117]]]},"id":"1940"},{"type":"Feature","properties":{"id":"1941","metrics:area":2800,"metrics:perimeter":220},"geometry":{"type":"Polygon","coordinates":[[[80.20933588334606,19.651776542531092],[80.2093376540341,19.65141509549902],[80.21000531527204,19.651418029893716],[80.21000354607884,19.651779476984082],[80.20933588334606,19.651776542531092]]]},"id":"1941"},{"type":"Feature","properties":{"id":"1942","metrics:area":600,"metrics:perimeter":100},"geometry":{"type":"Polygon","coordinates":[[[80.1461950998876,19.65139746668836],[80.14619653392282,19.651126385714377],[80.14638729089044,19.651127291329843],[80.14638585717553,19.65139837231732],[80.1461950998876,19.65139746668836]]]},"id":"1942"},{"type":"Feature","properties":{"id":"1943","metrics:area":700,"metrics:perimeter":112.36067977499789},"geometry":{"type":"Polygon","coordinates":[[[80.1933120140174,19.651705372137975],[80.19312170584205,19.65161415487395],[80.19312306108164,19.65134307067161],[80.19331382058141,19.651343926519687],[80.1933120140174,19.651705372137975]]]},"id":"1943"},{"type":"Feature","properties":{"id":"1944","metrics:area":1300,"metrics:perimeter":154.97365151260954},"geometry":{"type":"Polygon","coordinates":[[[80.22373878338523,19.651748930896982],[80.2238354677491,19.651478256400146],[80.22431193617949,19.651570676292184],[80.2242156868909,19.651750988989292],[80.22373878338523,19.651748930896982]]]},"id":"1944"},{"type":"Feature","properties":{"id":"1945","metrics:area":1100,"metrics:perimeter":134.4766094595442},"geometry":{"type":"Polygon","coordinates":[[[80.27266898270926,19.652043863382143],[80.27257482259428,19.65177238830891],[80.27295675679622,19.65168356818406],[80.27295553561584,19.65195465745944],[80.27266898270926,19.652043863382143]]]},"id":"1945"},{"type":"Feature","properties":{"id":"1946","metrics:area":3250,"metrics:perimeter":248.35670739076483},"geometry":{"type":"Polygon","coordinates":[[[80.22106638041585,19.652098830250036],[80.22097230807732,19.651827331034262],[80.2214513909533,19.651377586366202],[80.2217375322354,19.651378824990516],[80.22173622505146,19.6516499110746],[80.22106638041585,19.652098830250036]]]},"id":"1946"},{"type":"Feature","properties":{"id":"1947","metrics:area":800,"metrics:perimeter":122.46211251235322},"geometry":{"type":"Polygon","coordinates":[[[80.20800100166393,19.651680304462406],[80.20809815541362,19.651319277600393],[80.20828891558455,19.65132011756266],[80.20819176225703,19.651681144542515],[80.20800100166393,19.651680304462406]]]},"id":"1947"},{"type":"Feature","properties":{"id":"1948","metrics:area":600,"metrics:perimeter":106.70046377709969},"geometry":{"type":"Polygon","coordinates":[[[80.17185204918957,19.65151745750711],[80.17175759726067,19.65133629638606],[80.17204466205341,19.651156892224257],[80.17204373497168,19.651337614076866],[80.17185204918957,19.65151745750711]]]},"id":"1948"},{"type":"Feature","properties":{"id":"1949","metrics:area":1000,"metrics:perimeter":129.64724878581438},"geometry":{"type":"Polygon","coordinates":[[[80.22497873262502,19.651754279306793],[80.22488508776935,19.65139241981379],[80.22517122931143,19.65139365297552],[80.22526574232741,19.651574788136603],[80.22497873262502,19.651754279306793]]]},"id":"1949"},{"type":"Feature","properties":{"id":"1950","metrics:area":600,"metrics:perimeter":100},"geometry":{"type":"Polygon","coordinates":[[[80.21897062620256,19.651547556491533],[80.21897150075259,19.65136683255368],[80.21925764184616,19.651368075123187],[80.21925676761647,19.651548799073385],[80.21897062620256,19.651547556491533]]]},"id":"1950"},{"type":"Feature","properties":{"id":"1951","metrics:area":900,"metrics:perimeter":123.24555320336759},"geometry":{"type":"Polygon","coordinates":[[[80.20742916368452,19.65158742129232],[80.20733511482815,19.65131591572821],[80.20762125502928,19.651317176809616],[80.20771530437351,19.651588682240778],[80.20742916368452,19.65158742129232]]]},"id":"1951"},{"type":"Feature","properties":{"id":"1952","metrics:area":1350,"metrics:perimeter":151.6227766016838},"geometry":{"type":"Polygon","coordinates":[[[80.19626924415113,19.65162825070649],[80.19627104408526,19.651266804821525],[80.19655763324275,19.651177722024297],[80.1965553841321,19.651629529414553],[80.19626924415113,19.65162825070649]]]},"id":"1952"},{"type":"Feature","properties":{"id":"1953","metrics:area":700,"metrics:perimeter":112.36067977499789},"geometry":{"type":"Polygon","coordinates":[[[80.15134602550116,19.65133148721672],[80.15134792600158,19.65097004542825],[80.15153868304058,19.650970945572638],[80.15153725798952,19.65124202692878],[80.15134602550116,19.65133148721672]]]},"id":"1953"},{"type":"Feature","properties":{"id":"1954","metrics:area":500,"metrics:perimeter":100.6449510224598},"geometry":{"type":"Polygon","coordinates":[[[80.16183770169414,19.65138069571901],[80.16183864020523,19.651199974337853],[80.16203033631999,19.65102014197084],[80.16202892888533,19.651291224059957],[80.16183770169414,19.65138069571901]]]},"id":"1954"},{"type":"Feature","properties":{"id":"1955","metrics:area":2100,"metrics:perimeter":184.52542342751326},"geometry":{"type":"Polygon","coordinates":[[[80.17356887776995,19.65152535599209],[80.17347534935324,19.651163473785],[80.1738577911068,19.650984505006903],[80.17404669959502,19.651346825167067],[80.17356887776995,19.65152535599209]]]},"id":"1955"},{"type":"Feature","properties":{"id":"1956","metrics:area":800,"metrics:perimeter":120},"geometry":{"type":"Polygon","coordinates":[[[80.1957932447386,19.65144539559534],[80.19579504572053,19.65108394974539],[80.19598580503978,19.65108480274838],[80.19598400448494,19.651446248615276],[80.1957932447386,19.65144539559534]]]},"id":"1956"},{"type":"Feature","properties":{"id":"1957","metrics:area":600,"metrics:perimeter":100},"geometry":{"type":"Polygon","coordinates":[[[80.14543350615816,19.6511227612295],[80.14543494145072,19.650851680301248],[80.14562569805571,19.65085258671241],[80.14562426308343,19.65112366765417],[80.14543350615816,19.6511227612295]]]},"id":"1957"},{"type":"Feature","properties":{"id":"1958","metrics:area":500,"metrics:perimeter":92.36067977499789},"geometry":{"type":"Polygon","coordinates":[[[80.17061351099065,19.65124066017783],[80.17061490400397,19.650969577493022],[80.17080566198669,19.650970457200508],[80.17080473352725,19.651151179000024],[80.17061351099065,19.65124066017783]]]},"id":"1958"},{"type":"Feature","properties":{"id":"1959","metrics:area":600,"metrics:perimeter":103.24555320336759},"geometry":{"type":"Polygon","coordinates":[[[80.17089964844904,19.65124197968284],[80.1709964199797,19.650971336705684],[80.17118717798299,19.65097221600856],[80.17118624995061,19.651152937825554],[80.17089964844904,19.65124197968284]]]},"id":"1959"},{"type":"Feature","properties":{"id":"1960","metrics:area":600,"metrics:perimeter":100},"geometry":{"type":"Polygon","coordinates":[[[80.17137654426443,19.651244177846344],[80.17137793599655,19.65097309510913],[80.17156869402037,19.650973974007403],[80.17156730260855,19.65124505675771],[80.17137654426443,19.651244177846344]]]},"id":"1960"},{"type":"Feature","properties":{"id":"1961","metrics:area":1700,"metrics:perimeter":173.44059704059384},"geometry":{"type":"Polygon","coordinates":[[[80.22593254000884,19.651758387651412],[80.22583975984625,19.65121580434612],[80.22612590114001,19.651217035978224],[80.22621911549433,19.651669257046205],[80.22593254000884,19.651758387651412]]]},"id":"1961"},{"type":"Feature","properties":{"id":"1962","metrics:area":800,"metrics:perimeter":115.60623297836548},"geometry":{"type":"Polygon","coordinates":[[[80.21057759642865,19.651420543116583],[80.21048354229815,19.651149039013948],[80.21076968242167,19.65115029507559],[80.21086417885168,19.651331437251596],[80.21057759642865,19.651420543116583]]]},"id":"1962"},{"type":"Feature","properties":{"id":"1963","metrics:area":900,"metrics:perimeter":123.24555320336759},"geometry":{"type":"Polygon","coordinates":[[[80.22402622882865,19.651479079675386],[80.22402796659127,19.651117631357597],[80.22421872725333,19.65111845441416],[80.22431280475008,19.65138995212469],[80.22402622882865,19.651479079675386]]]},"id":"1963"},{"type":"Feature","properties":{"id":"1964","metrics:area":3000,"metrics:perimeter":225.91032963050384},"geometry":{"type":"Polygon","coordinates":[[[80.15239471715024,19.651426796075107],[80.15230218588651,19.65088418365544],[80.15278002699597,19.65070571012861],[80.15277670675302,19.6513382335026],[80.15239471715024,19.651426796075107]]]},"id":"1964"},{"type":"Feature","properties":{"id":"1965","metrics:area":3150,"metrics:perimeter":230.71067811865476},"geometry":{"type":"Polygon","coordinates":[[[80.2305112496068,19.651687675083423],[80.23051426528737,19.65105513956159],[80.23099116750768,19.651057179616668],[80.23089277287318,19.65168930728539],[80.2305112496068,19.651687675083423]]]},"id":"1965"},{"type":"Feature","properties":{"id":"1966","metrics:area":750,"metrics:perimeter":111.6227766016838},"geometry":{"type":"Polygon","coordinates":[[[80.14619748993306,19.650945665060462],[80.14619892392857,19.650674584072704],[80.14648505858327,19.650675942386318],[80.1464841029092,19.65085666305923],[80.14619748993306,19.650945665060462]]]},"id":"1966"},{"type":"Feature","properties":{"id":"1967","metrics:area":900,"metrics:perimeter":123.59173603117449},"geometry":{"type":"Polygon","coordinates":[[[80.20151693554547,19.65129017501029],[80.20142334399682,19.6509283051079],[80.20170948309874,19.650929575571663],[80.20170814231061,19.651200660358576],[80.20151693554547,19.65129017501029]]]},"id":"1967"},{"type":"Feature","properties":{"id":"1968","metrics:area":1450,"metrics:perimeter":161.4470710280866},"geometry":{"type":"Polygon","coordinates":[[[80.21429742609077,19.65143683468206],[80.21410798548736,19.651164915493442],[80.2142042454881,19.650984608570436],[80.2146798266415,19.651257777508025],[80.21429742609077,19.65143683468206]]]},"id":"1968"},{"type":"Feature","properties":{"id":"1969","metrics:area":6600,"metrics:perimeter":511.02135751879007},"geometry":{"type":"Polygon","coordinates":[[[80.22631319668207,19.651940753818877],[80.22631449619972,19.651669667448694],[80.22679226556187,19.651490994430684],[80.22698475793287,19.651130365999194],[80.22793856208304,19.65113446357941],[80.22813018721746,19.650954558148783],[80.22812802651039,19.651406368991204],[80.22746036242548,19.65140350188152],[80.22631319668207,19.651940753818877]]]},"id":"1969"},{"type":"Feature","properties":{"id":"1970","metrics:area":1050,"metrics:perimeter":137.6782893563237},"geometry":{"type":"Polygon","coordinates":[[[80.2310848260085,19.65141903639969],[80.23108611747489,19.651147949708257],[80.23137311964835,19.650968448511005],[80.23137139834812,19.651329897462723],[80.2310848260085,19.65141903639969]]]},"id":"1970"},{"type":"Feature","properties":{"id":"1971","metrics:area":900,"metrics:perimeter":123.24555320336759},"geometry":{"type":"Polygon","coordinates":[[[80.16031351816784,19.651012133527562],[80.16031539855454,19.650650690888305],[80.16060106428151,19.650742387408094],[80.16060012440846,19.650923108740983],[80.16031351816784,19.651012133527562]]]},"id":"1971"},{"type":"Feature","properties":{"id":"1972","metrics:area":750,"metrics:perimeter":111.6227766016838},"geometry":{"type":"Polygon","coordinates":[[[80.2038069456853,19.651119601681764],[80.20380783719263,19.65093887839717],[80.20409442206967,19.650849783417666],[80.20409308529284,19.651120868364806],[80.2038069456853,19.651119601681764]]]},"id":"1972"},{"type":"Feature","properties":{"id":"1973","metrics:area":650,"metrics:perimeter":142.8538328578604},"geometry":{"type":"Polygon","coordinates":[[[80.21029234010092,19.651238563169585],[80.21029322435271,19.651057839602753],[80.21000708442607,19.65105658278868],[80.21000796898838,19.650875859230663],[80.210389046402,19.65096789665275],[80.21029234010092,19.651238563169585]]]},"id":"1973"},{"type":"Feature","properties":{"id":"1974","metrics:area":800,"metrics:perimeter":118.41619252963778},"geometry":{"type":"Polygon","coordinates":[[[80.2111512026206,19.651151969116345],[80.21115296918275,19.6507905219005],[80.21134372886979,19.650791358600788],[80.21143822576113,19.650972500497286],[80.2111512026206,19.651151969116345]]]},"id":"1974"},{"type":"Feature","properties":{"id":"1975","metrics:area":850,"metrics:perimeter":122.8538328578604},"geometry":{"type":"Polygon","coordinates":[[[80.27553368696208,19.651332509410118],[80.27563028519586,19.651061804195166],[80.27591642948512,19.651062956595194],[80.27591561870881,19.65124368291101],[80.27553368696208,19.651332509410118]]]},"id":"1975"},{"type":"Feature","properties":{"id":"1976","metrics:area":1500,"metrics:perimeter":163.85164807134504},"geometry":{"type":"Polygon","coordinates":[[[80.15974124563778,19.65100946040503],[80.1597435977161,19.650557657170044],[80.1601251116581,19.65055943940978],[80.15993200313738,19.651010351648175],[80.15974124563778,19.65100946040503]]]},"id":"1976"},{"type":"Feature","properties":{"id":"1977","metrics:area":6350,"metrics:perimeter":480.7451664096097},"geometry":{"type":"Polygon","coordinates":[[[80.2197341068705,19.651460507046618],[80.219163135806,19.65118693703418],[80.22021362851127,19.65092040373959],[80.22040264290881,19.65128267884795],[80.22040482522543,19.650830868828532],[80.22078634555218,19.65083252240268],[80.22087998085917,19.651194383728203],[80.2197341068705,19.651460507046618]]]},"id":"1977"},{"type":"Feature","properties":{"id":"1978","metrics:area":1000,"metrics:perimeter":135.9524158061724},"geometry":{"type":"Polygon","coordinates":[[[80.17156915781916,19.6508836130888],[80.17157008540907,19.650702891248837],[80.17195252799951,19.650523926551205],[80.17195113726682,19.65079500934145],[80.17156915781916,19.6508836130888]]]},"id":"1978"},{"type":"Feature","properties":{"id":"1979","metrics:area":11600,"metrics:perimeter":436.3044838417452},"geometry":{"type":"Polygon","coordinates":[[[80.18062558328022,19.651828738727215],[80.18043574152166,19.651647147174256],[80.17995884342494,19.651644972991633],[80.17996022077384,19.651373889679153],[80.17976946187326,19.651373019665016],[80.17967637875822,19.650920779075346],[80.18005973165694,19.65056107460394],[80.18053616779272,19.65065360953041],[80.1809153911537,19.651107153329676],[80.18062558328022,19.651828738727215]]]},"id":"1979"},{"type":"Feature","properties":{"id":"1980","metrics:area":650,"metrics:perimeter":103.98345637668169},"geometry":{"type":"Polygon","coordinates":[[[80.19636822354362,19.650905785191547],[80.19636912336905,19.650725062231995],[80.19656033209336,19.650635553125735],[80.1966543622508,19.650907063697076],[80.19636822354362,19.650905785191547]]]},"id":"1980"},{"type":"Feature","properties":{"id":"1981","metrics:area":650,"metrics:perimeter":103.98345637668169},"geometry":{"type":"Polygon","coordinates":[[[80.24110150854267,19.651100131227196],[80.24110278316367,19.650829043890894],[80.24129354425008,19.65082984882408],[80.24138807537217,19.651010976118574],[80.24110150854267,19.651100131227196]]]},"id":"1981"},{"type":"Feature","properties":{"id":"1982","metrics:area":550,"metrics:perimeter":108.90934561250029},"geometry":{"type":"Polygon","coordinates":[[[80.15955189972368,19.650737487034622],[80.1592667053472,19.65055542823246],[80.15964868969834,19.650466850836136],[80.15955189972368,19.650737487034622]]]},"id":"1982"},{"type":"Feature","properties":{"id":"1983","metrics:area":900,"metrics:perimeter":133.84402799378825},"geometry":{"type":"Polygon","coordinates":[[[80.17567091701716,19.650812099362515],[80.17557692264768,19.650540579079422],[80.1760533556758,19.650633125789312],[80.17605289439369,19.650723486812954],[80.17567091701716,19.650812099362515]]]},"id":"1983"},{"type":"Feature","properties":{"id":"1984","metrics:area":1850,"metrics:perimeter":173.20327917582853},"geometry":{"type":"Polygon","coordinates":[[[80.17328551669675,19.650981874988137],[80.1730961474069,19.650709915047393],[80.17338367242736,19.650440147677156],[80.17366795820605,19.65080290660227],[80.17328551669675,19.650981874988137]]]},"id":"1984"},{"type":"Feature","properties":{"id":"1985","metrics:area":2650,"metrics:perimeter":262.56463568115237},"geometry":{"type":"Polygon","coordinates":[[[80.20600112777052,19.651038939595495],[80.20657518382974,19.650680018694686],[80.20705208221047,19.65068212219416],[80.20705075041322,19.650953207341416],[80.20600112777052,19.651038939595495]]]},"id":"1985"},{"type":"Feature","properties":{"id":"1986","metrics:area":1600,"metrics:perimeter":167.44338410251953},"geometry":{"type":"Polygon","coordinates":[[[80.2130592447782,19.651069965337232],[80.21306144762401,19.650618156102997],[80.2135374659731,19.650800966113092],[80.21344120535852,19.650981272660875],[80.2130592447782,19.651069965337232]]]},"id":"1986"},{"type":"Feature","properties":{"id":"1987","metrics:area":1650,"metrics:perimeter":166.94261094210026},"geometry":{"type":"Polygon","coordinates":[[[80.19579549595977,19.650993588280613],[80.19570236778303,19.65054135437831],[80.19598850579729,19.650542633920534],[80.19617746441796,19.65090493260165],[80.19579549595977,19.650993588280613]]]},"id":"1987"},{"type":"Feature","properties":{"id":"1988","metrics:area":1100,"metrics:perimeter":135.35657871264738},"geometry":{"type":"Polygon","coordinates":[[[80.2107701242794,19.651059933281317],[80.21067607000789,19.650788429264676],[80.2109630929854,19.650608961392788],[80.21105714765262,19.650880465277748],[80.2107701242794,19.651059933281317]]]},"id":"1988"},{"type":"Feature","properties":{"id":"1989","metrics:area":600,"metrics:perimeter":111.2310562561766},"geometry":{"type":"Polygon","coordinates":[[[80.21983254480777,19.650828386949968],[80.21983341835812,19.650647662960434],[80.22021450163938,19.650739679735462],[80.22021406507653,19.650830041737986],[80.21983254480777,19.650828386949968]]]},"id":"1989"},{"type":"Feature","properties":{"id":"1990","metrics:area":1400,"metrics:perimeter":154.57313802163299},"geometry":{"type":"Polygon","coordinates":[[[80.17462128588743,19.65089764787803],[80.17452775539569,19.6505357661211],[80.17481481582766,19.650356357357595],[80.17490834688138,19.65071823899188],[80.17462128588743,19.65089764787803]]]},"id":"1990"},{"type":"Feature","properties":{"id":"1991","metrics:area":1000,"metrics:perimeter":135.95241580617238},"geometry":{"type":"Polygon","coordinates":[[[80.17433607326329,19.650715612350275],[80.1739550200256,19.650623499268526],[80.17395640737985,19.650352416335526],[80.17433699774674,19.65053489038029],[80.17433607326329,19.650715612350275]]]},"id":"1991"},{"type":"Feature","properties":{"id":"1992","metrics:area":900,"metrics:perimeter":120},"geometry":{"type":"Polygon","coordinates":[[[80.22927518278323,19.650869105110335],[80.22927647724971,19.650598018517993],[80.22956261768088,19.65059924464491],[80.22956132369488,19.65087033125552],[80.22927518278323,19.650869105110335]]]},"id":"1992"},{"type":"Feature","properties":{"id":"1993","metrics:area":900,"metrics:perimeter":123.24555320336759},"geometry":{"type":"Polygon","coordinates":[[[80.14000030852854,19.650464321806762],[80.14000223434304,19.650102881056412],[80.14019298979109,19.65010379319679],[80.14028692364263,19.650375329775652],[80.14000030852854,19.650464321806762]]]},"id":"1993"},{"type":"Feature","properties":{"id":"1994","metrics:area":1200,"metrics:perimeter":140.53212221418408},"geometry":{"type":"Polygon","coordinates":[[[80.21029410859471,19.650877116032255],[80.2102000552283,19.65060561179258],[80.21048707837285,19.650426144683998],[80.21058069018027,19.65078801058578],[80.21029410859471,19.650877116032255]]]},"id":"1994"},{"type":"Feature","properties":{"id":"1995","metrics:area":600,"metrics:perimeter":100},"geometry":{"type":"Polygon","coordinates":[[[80.15774112173355,19.650457926532493],[80.15774253630445,19.650186844717336],[80.1579332927337,19.650187738044725],[80.15793187848308,19.65045881987319],[80.15774112173355,19.650457926532493]]]},"id":"1995"},{"type":"Feature","properties":{"id":"1996","metrics:area":900,"metrics:perimeter":121.66174573300538},"geometry":{"type":"Polygon","coordinates":[[[80.17157054920017,19.650612530327486],[80.17138025549869,19.650521290528772],[80.17147702575274,19.650250647226496],[80.1717626978448,19.650342326223328],[80.17157054920017,19.650612530327486]]]},"id":"1996"},{"type":"Feature","properties":{"id":"1997","metrics:area":10000,"metrics:perimeter":686.2604780671605},"geometry":{"type":"Polygon","coordinates":[[[80.14304520724677,19.651834295836114],[80.14276339024596,19.65101968979721],[80.14238235707697,19.650927510448348],[80.14238331734714,19.650746789971087],[80.14295558636432,19.6507495182944],[80.14267041178303,19.650567433865834],[80.14267329153704,19.650025272360335],[80.14295894498424,19.650116996500206],[80.14305240380749,19.650478892067742],[80.14343343637019,19.650571069975776],[80.14333518067986,19.651112777206304],[80.14352545798465,19.651204046118778],[80.14323836327972,19.651383403569913],[80.14304904548685,19.651111413852032],[80.1432378836078,19.651473763822896],[80.14323596489358,19.651835204825645],[80.14304520724677,19.651834295836114]]]},"id":"1997"},{"type":"Feature","properties":{"id":"1998","metrics:area":1300,"metrics:perimeter":169.9851445020445},"geometry":{"type":"Polygon","coordinates":[[[80.2216438948973,19.65101696404958],[80.22155069376073,19.650564741026727],[80.22174232505739,19.65038484261165],[80.22183465533216,19.65101778963099],[80.2216438948973,19.65101696404958]]]},"id":"1998"},{"type":"Feature","properties":{"id":"1999","metrics:area":950,"metrics:perimeter":131.1381041053223},"geometry":{"type":"Polygon","coordinates":[[[80.20304569155356,19.650754775129172],[80.20285582484938,19.65057320637851],[80.20285716366375,19.650302121496697],[80.20314285564702,19.65039375127488],[80.20304569155356,19.650754775129172]]]},"id":"1999"},{"type":"Feature","properties":{"id":"2000","metrics:area":800,"metrics:perimeter":186.0626149361608},"geometry":{"type":"Polygon","coordinates":[[[80.21172613089901,19.65061230775608],[80.2109635347217,19.65051859958886],[80.21096441818696,19.650337875978252],[80.21172613089901,19.65061230775608]]]},"id":"2000"},{"type":"Feature","properties":{"id":"2001","metrics:area":500,"metrics:perimeter":89.44271909999159},"geometry":{"type":"Polygon","coordinates":[[[80.2585578763254,19.65081149480223],[80.25846332571176,19.65063037590111],[80.25865450236306,19.650540799598133],[80.25874905314603,19.650721918405782],[80.2585578763254,19.65081149480223]]]},"id":"2001"},{"type":"Feature","properties":{"id":"2002","metrics:area":650,"metrics:perimeter":103.98345637668169},"geometry":{"type":"Polygon","coordinates":[[[80.27486804579853,19.650878002625376],[80.27477388255417,19.650606528572688],[80.27506002598197,19.650607682309754],[80.27505921426712,19.650788408600366],[80.27486804579853,19.650878002625376]]]},"id":"2002"},{"type":"Feature","properties":{"id":"2003","metrics:area":7200,"metrics:perimeter":367.8504915192634},"geometry":{"type":"Polygon","coordinates":[[[80.17643256601299,19.65108667858834],[80.17624688052204,19.650091833526602],[80.1772960453438,19.65009663635181],[80.17710298465697,19.65054756882188],[80.17643256601299,19.65108667858834]]]},"id":"2003"},{"type":"Feature","properties":{"id":"2004","metrics:area":1650,"metrics:perimeter":166.94261094210026},"geometry":{"type":"Polygon","coordinates":[[[80.2305155576861,19.65078405289563],[80.23051685006338,19.650512966221424],[80.23089923169947,19.65033387384775],[80.23099288963353,19.650695730686362],[80.2305155576861,19.65078405289563]]]},"id":"2004"},{"type":"Feature","properties":{"id":"2005","metrics:area":1800,"metrics:perimeter":175.9878083047767},"geometry":{"type":"Polygon","coordinates":[[[80.27715638830526,19.651067945068228],[80.27706222106977,19.65079647209382],[80.27744495985199,19.650526915888037],[80.27763450890929,19.650798771852095],[80.27715638830526,19.651067945068228]]]},"id":"2005"},{"type":"Feature","properties":{"id":"2006","metrics:area":850,"metrics:perimeter":123.4987838803202},"geometry":{"type":"Polygon","coordinates":[[[80.20552600760861,19.650675386545092],[80.20543240729225,19.650313518403458],[80.20562361086947,19.65022399946218],[80.20571765624669,19.650495505831742],[80.20552600760861,19.650675386545092]]]},"id":"2006"},{"type":"Feature","properties":{"id":"2007","metrics:area":2800,"metrics:perimeter":222.8010988928052},"geometry":{"type":"Polygon","coordinates":[[[80.2287024692105,19.650957013637782],[80.22870549185774,19.650324478334543],[80.22899163176545,19.650325705353566],[80.22917937093713,19.6509590584877],[80.2287024692105,19.650957013637782]]]},"id":"2007"},{"type":"Feature","properties":{"id":"2008","metrics:area":650,"metrics:perimeter":122.42640687119285},"geometry":{"type":"Polygon","coordinates":[[[80.17615057948781,19.6502721186644],[80.17605473950684,19.650362042712885],[80.17567460893127,19.650089211224497],[80.17596074471516,19.650090522603133],[80.17615057948781,19.6502721186644]]]},"id":"2008"},{"type":"Feature","properties":{"id":"2009","metrics:area":3600,"metrics:perimeter":248.32208816369382},"geometry":{"type":"Polygon","coordinates":[[[80.20981676687636,19.650965382885353],[80.209533282391,19.650421954690753],[80.21010688657897,19.650153383929723],[80.2102963191569,19.650425307089964],[80.20981676687636,19.650965382885353]]]},"id":"2009"},{"type":"Feature","properties":{"id":"2010","metrics:area":550,"metrics:perimeter":96.34413615167958},"geometry":{"type":"Polygon","coordinates":[[[80.20447816778466,19.650399663289654],[80.20428785434648,19.65030845766337],[80.20428874527558,19.650127734341307],[80.20457443785527,19.65021936186431],[80.20447816778466,19.650399663289654]]]},"id":"2010"},{"type":"Feature","properties":{"id":"2011","metrics:area":600,"metrics:perimeter":100},"geometry":{"type":"Polygon","coordinates":[[[80.22908658015344,19.65041647645581],[80.22908744332311,19.650235752060787],[80.22937358309936,19.650236978466808],[80.22937272024997,19.65041770287401],[80.22908658015344,19.65041647645581]]]},"id":"2011"},{"type":"Feature","properties":{"id":"2012","metrics:area":9800,"metrics:perimeter":588.1618739864355},"geometry":{"type":"Polygon","coordinates":[[[80.22011388206764,19.651823610061548],[80.22011475535086,19.651642886079852],[80.22107030537452,19.651285572143497],[80.2207885267407,19.65038071231929],[80.22117135408193,19.6501112789575],[80.22117004603841,19.650382365043157],[80.22145531381626,19.65056432811983],[80.22145182683663,19.65128722434249],[80.22068616605235,19.65182609116525],[80.22011388206764,19.651823610061548]]]},"id":"2012"},{"type":"Feature","properties":{"id":"2013","metrics:area":2100,"metrics:perimeter":200.32759252836127},"geometry":{"type":"Polygon","coordinates":[[[80.17357442991833,19.650441024425106],[80.1735762805525,19.650079580540087],[80.17414947646685,19.64990148754379],[80.173860566174,19.65044233916772],[80.17357442991833,19.650441024425106]]]},"id":"2013"},{"type":"Feature","properties":{"id":"2014","metrics:area":1950,"metrics:perimeter":180.31744750926532},"geometry":{"type":"Polygon","coordinates":[[[80.17443283875444,19.65044496728743],[80.17414762713432,19.650262931488378],[80.17434023335822,19.649902363456444],[80.17472128516263,19.64999447567544],[80.17443283875444,19.65044496728743]]]},"id":"2014"},{"type":"Feature","properties":{"id":"2015","metrics:area":900,"metrics:perimeter":123.24555320336759},"geometry":{"type":"Polygon","coordinates":[[[80.22469866732665,19.65048797647891],[80.22441296162647,19.650396380523446],[80.22441426422486,19.650125294228967],[80.22469996945179,19.6502168901688],[80.22469866732665,19.65048797647891]]]},"id":"2015"},{"type":"Feature","properties":{"id":"2016","metrics:area":650,"metrics:perimeter":103.98345637668169},"geometry":{"type":"Polygon","coordinates":[[[80.15955519330777,19.650104962510937],[80.15946122675798,19.649833434788636],[80.15974736090601,19.649834771946338],[80.15974642012416,19.65001549325777],[80.15955519330777,19.650104962510937]]]},"id":"2016"},{"type":"Feature","properties":{"id":"2017","metrics:area":1000,"metrics:perimeter":140},"geometry":{"type":"Polygon","coordinates":[[[80.1708103041297,19.65006684814784],[80.17081123252747,19.6498861263263],[80.17128812432637,19.649888324578914],[80.17128719646239,19.650069046422296],[80.1708103041297,19.65006684814784]]]},"id":"2017"},{"type":"Feature","properties":{"id":"2018","metrics:area":500,"metrics:perimeter":92.36067977499789},"geometry":{"type":"Polygon","coordinates":[[[80.17033387632833,19.649974287709657],[80.17043018354315,19.64979400591048],[80.17062094012769,19.64979488576346],[80.17062001152155,19.6499756075781],[80.17033387632833,19.649974287709657]]]},"id":"2018"},{"type":"Feature","properties":{"id":"2019","metrics:area":10050,"metrics:perimeter":416.23326828022925},"geometry":{"type":"Polygon","coordinates":[[[80.20590708162945,19.650767433362788],[80.20581348040558,19.65040556539155],[80.20667456068178,19.64986718407967],[80.20705607746947,19.64986886670288],[80.20734088383563,19.650141213330063],[80.20724372921896,19.65050223979547],[80.20590708162945,19.650767433362788]]]},"id":"2019"},{"type":"Feature","properties":{"id":"2020","metrics:area":1500,"metrics:perimeter":218.58413792983194},"geometry":{"type":"Polygon","coordinates":[[[80.23156431067778,19.65087890152604],[80.23128118215658,19.650245142874283],[80.2315686126701,19.64997527903297],[80.23156431067778,19.65087890152604]]]},"id":"2020"},{"type":"Feature","properties":{"id":"2021","metrics:area":2200,"metrics:perimeter":198.90199721526236},"geometry":{"type":"Polygon","coordinates":[[[80.20104406169477,19.65047480252524],[80.20095181359774,19.649841847628544],[80.20133332979333,19.64984354238961],[80.20142736766894,19.650115050754433],[80.20104406169477,19.65047480252524]]]},"id":"2021"},{"type":"Feature","properties":{"id":"2022","metrics:area":800,"metrics:perimeter":128.2842712474619},"geometry":{"type":"Polygon","coordinates":[[[80.17653393834402,19.64991242191217],[80.17672561713158,19.64973257320107],[80.17701175235914,19.649733882884753],[80.17701083091103,19.64991460499285],[80.17653393834402,19.64991242191217]]]},"id":"2022"},{"type":"Feature","properties":{"id":"2023","metrics:area":6650,"metrics:perimeter":455.43738329817927},"geometry":{"type":"Polygon","coordinates":[[[80.2282251354604,19.65104532969575],[80.22832267596775,19.650593928140736],[80.22784404625322,19.650953329721474],[80.22765328562237,19.65095251051704],[80.22765501521266,19.65059106186729],[80.22851689142706,19.649871849130914],[80.22851127661352,19.651046557522214],[80.2282251354604,19.65104532969575]]]},"id":"2023"},{"type":"Feature","properties":{"id":"2024","metrics:area":4150,"metrics:perimeter":475.791591384866},"geometry":{"type":"Polygon","coordinates":[[[80.22975251553888,19.650780786226072],[80.22965972289708,19.650238204417633],[80.23013748459341,19.65005952221415],[80.23042276246274,19.65024147139446],[80.23051986552689,19.649880430616214],[80.23090095396256,19.649972424896227],[80.23061309164851,19.650332649863334],[80.23004124266083,19.650239838310657],[80.2298491892973,19.650510108105166],[80.23022984781797,19.65069246605614],[80.22975251553888,19.650780786226072]]]},"id":"2024"},{"type":"Feature","properties":{"id":"2025","metrics:area":600,"metrics:perimeter":112.11102550927978},"geometry":{"type":"Polygon","coordinates":[[[80.2151620003558,19.650175516849114],[80.21516287910383,19.649994793048755],[80.21544989592195,19.649815317778323],[80.21544901750394,19.64999604159475],[80.2151620003558,19.650175516849114]]]},"id":"2025"},{"type":"Feature","properties":{"id":"2026","metrics:area":600,"metrics:perimeter":100},"geometry":{"type":"Polygon","coordinates":[[[80.217356169252,19.65009471555051],[80.2173574836797,19.649823629703395],[80.21754824250888,19.64982445978326],[80.21754692840148,19.650095545642746],[80.217356169252,19.65009471555051]]]},"id":"2026"},{"type":"Feature","properties":{"id":"2027","metrics:area":600,"metrics:perimeter":100},"geometry":{"type":"Polygon","coordinates":[[[80.19255801533143,19.649894719565744],[80.19255891937253,19.64971399675577],[80.19284505569824,19.649715281247584],[80.19284415197744,19.64989600407032],[80.19255801533143,19.649894719565744]]]},"id":"2027"},{"type":"Feature","properties":{"id":"2028","metrics:area":2900,"metrics:perimeter":290.8276253029822},"geometry":{"type":"Polygon","coordinates":[[[80.2320433621866,19.650429127493364],[80.23204637165443,19.649796591654948],[80.2325232703284,19.64979862752214],[80.23261607245541,19.650341208195194],[80.23223584167953,19.65006849295908],[80.2322341223964,19.65042994202029],[80.2320433621866,19.650429127493364]]]},"id":"2028"},{"type":"Feature","properties":{"id":"2029","metrics:area":600,"metrics:perimeter":100},"geometry":{"type":"Polygon","coordinates":[[[80.14124502942406,19.64956664502336],[80.14124599089553,19.649385924572798],[80.14153212289438,19.649387290680927],[80.14153116174316,19.649568011145057],[80.14124502942406,19.64956664502336]]]},"id":"2029"},{"type":"Feature","properties":{"id":"2030","metrics:area":500,"metrics:perimeter":92.36067977499789},"geometry":{"type":"Polygon","coordinates":[[[80.15965292373225,19.649653604966993],[80.15974924243845,19.649473329312453],[80.15993999812314,19.649474220480357],[80.15993905757564,19.64965494180798],[80.15965292373225,19.649653604966993]]]},"id":"2030"},{"type":"Feature","properties":{"id":"2031","metrics:area":1200,"metrics:perimeter":156.8831380576221},"geometry":{"type":"Polygon","coordinates":[[[80.17453145237303,19.649812878169662],[80.17434208222276,19.649540919479772],[80.17491388978513,19.64963390696039],[80.17491296599341,19.649814628974802],[80.17453145237303,19.649812878169662]]]},"id":"2031"},{"type":"Feature","properties":{"id":"2032","metrics:area":800,"metrics:perimeter":120},"geometry":{"type":"Polygon","coordinates":[[[80.15908018535775,19.649741290562094],[80.15908206837437,19.649379847986538],[80.15927282391583,19.64938073985801],[80.15927094132623,19.64974218245128],[80.15908018535775,19.649741290562094]]]},"id":"2032"},{"type":"Feature","properties":{"id":"2033","metrics:area":500,"metrics:perimeter":92.36067977499789},"geometry":{"type":"Polygon","coordinates":[[[80.21354186886144,19.649897347490604],[80.2135431896804,19.649626261885988],[80.21373394810155,19.649627096003552],[80.21373306777153,19.649807819749167],[80.21354186886144,19.649897347490604]]]},"id":"2033"},{"type":"Feature","properties":{"id":"2034","metrics:area":550,"metrics:perimeter":96.34413615167959},"geometry":{"type":"Polygon","coordinates":[[[80.23795906618912,19.650002471820773],[80.23795991940565,19.649821747041052],[80.23815110566004,19.649732192873024],[80.23824563259689,19.649913321702357],[80.23795906618912,19.650002471820773]]]},"id":"2034"},{"type":"Feature","properties":{"id":"2035","metrics:area":3600,"metrics:perimeter":250.6225774829855},"geometry":{"type":"Polygon","coordinates":[[[80.20819885498472,19.650235356711722],[80.20829778013197,19.64951288262245],[80.20867929623256,19.649514561773227],[80.2086757522396,19.650237455860033],[80.20819885498472,19.650235356711722]]]},"id":"2035"},{"type":"Feature","properties":{"id":"2036","metrics:area":11250,"metrics:perimeter":823.2009293372831},"geometry":{"type":"Polygon","coordinates":[[[80.18119969545559,19.651469900972856],[80.18139274607867,19.65101896377755],[80.18130149189429,19.650205279271116],[80.18149270771225,19.65011578645825],[80.18101627250192,19.650023254098173],[80.18092226943341,19.649751736278326],[80.18149637341352,19.64939289720563],[80.18149408236926,19.649844702995395],[80.18177884396196,19.65011708858186],[80.18254278933891,19.64993983633117],[80.1826358800899,19.650392075753842],[80.1816830070922,19.650207015747995],[80.1816775094866,19.651291349557575],[80.18119969545559,19.651469900972856]]]},"id":"2036"},{"type":"Feature","properties":{"id":"2037","metrics:area":900,"metrics:perimeter":132.3606797749979},"geometry":{"type":"Polygon","coordinates":[[[80.15059155534937,19.649701396702813],[80.15059393286667,19.64924959447175],[80.15078468783516,19.64925049534033],[80.1507827862536,19.649611937144915],[80.15059155534937,19.649701396702813]]]},"id":"2037"},{"type":"Feature","properties":{"id":"2038","metrics:area":800,"metrics:perimeter":118.41619252963778},"geometry":{"type":"Polygon","coordinates":[[[80.16871384011232,19.649695717265644],[80.16871570155375,19.649334273796654],[80.16890645751184,19.649335155448355],[80.16900090509945,19.649516317947814],[80.16871384011232,19.649695717265644]]]},"id":"2038"},{"type":"Feature","properties":{"id":"2039","metrics:area":1200,"metrics:perimeter":159.19796900954},"geometry":{"type":"Polygon","coordinates":[[[80.21630787156536,19.649909422575323],[80.21650038491568,19.649548806040897],[80.21688146345603,19.64964082973665],[80.21688102505384,19.649731191678125],[80.21630787156536,19.649909422575323]]]},"id":"2039"},{"type":"Feature","properties":{"id":"2040","metrics:area":1200,"metrics:perimeter":144.23668705363428},"geometry":{"type":"Polygon","coordinates":[[[80.18540460652234,19.649862459022888],[80.18521476140963,19.649680872366627],[80.18521612978321,19.649409788638334],[80.185597187566,19.649501877996023],[80.18540460652234,19.649862459022888]]]},"id":"2040"},{"type":"Feature","properties":{"id":"2041","metrics:area":900,"metrics:perimeter":123.24555320336759},"geometry":{"type":"Polygon","coordinates":[[[80.22060038509345,19.649837713548223],[80.22069707338993,19.649567040822514],[80.22098321141101,19.649568280537594],[80.22088652358772,19.6498389534335],[80.22060038509345,19.649837713548223]]]},"id":"2041"},{"type":"Feature","properties":{"id":"2042","metrics:area":500,"metrics:perimeter":92.36067977499789},"geometry":{"type":"Polygon","coordinates":[[[80.25102656514176,19.649967005566204],[80.2510278230154,19.64969591757455],[80.25121858319982,19.649696711936],[80.25121774483324,19.64987743727257],[80.25102656514176,19.649967005566204]]]},"id":"2042"},{"type":"Feature","properties":{"id":"2043","metrics:area":1850,"metrics:perimeter":173.45230764828105},"geometry":{"type":"Polygon","coordinates":[[[80.26819422809278,19.650218414941136],[80.26810089601256,19.64976621171819],[80.26848241803343,19.649767764025974],[80.26857616066575,19.65012960406525],[80.26819422809278,19.650218414941136]]]},"id":"2043"},{"type":"Feature","properties":{"id":"2044","metrics:area":750,"metrics:perimeter":111.6227766016838},"geometry":{"type":"Polygon","coordinates":[[[80.29041880291824,19.650126751057233],[80.29041999464795,19.649855660685386],[80.29070613772811,19.649856789486606],[80.29060956528978,19.650127503653174],[80.29041880291824,19.650126751057233]]]},"id":"2044"},{"type":"Feature","properties":{"id":"2045","metrics:area":1050,"metrics:perimeter":170.71067811865476},"geometry":{"type":"Polygon","coordinates":[[[80.24702101822697,19.649859914414463],[80.24702186129127,19.64967918925195],[80.24768910013603,19.64977234609686],[80.24768867897637,19.649862708691536],[80.24702101822697,19.649859914414463]]]},"id":"2045"},{"type":"Feature","properties":{"id":"2046","metrics:area":800,"metrics:perimeter":120},"geometry":{"type":"Polygon","coordinates":[[[80.26218565715635,19.650103499037417],[80.26218730934205,19.649742047467257],[80.26237807006557,19.64974282999383],[80.26237641830694,19.650104281579534],[80.26218565715635,19.650103499037417]]]},"id":"2046"},{"type":"Feature","properties":{"id":"2047","metrics:area":1750,"metrics:perimeter":260.01174407666224},"geometry":{"type":"Polygon","coordinates":[[[80.27792267412146,19.65034810502911],[80.27811586103225,19.649806691611897],[80.27868814549599,19.649808987906418],[80.27840079134452,19.65007892964607],[80.27821083769624,19.64989743767098],[80.27820962545968,19.650168527316133],[80.27792267412146,19.65034810502911]]]},"id":"2047"},{"type":"Feature","properties":{"id":"2048","metrics:area":8050,"metrics:perimeter":358.69967419357806},"geometry":{"type":"Polygon","coordinates":[[[80.17319384069592,19.650258548803656],[80.17243312819318,19.649803234277506],[80.17272204194633,19.649262385041073],[80.17367350946796,19.649718574921085],[80.17348043931118,19.650169503170567],[80.17319384069592,19.650258548803656]]]},"id":"2048"},{"type":"Feature","properties":{"id":"2049","metrics:area":700,"metrics:perimeter":123.59173603117449},"geometry":{"type":"Polygon","coordinates":[[[80.2186923582948,19.64991979799291],[80.21869454523456,19.649467988089786],[80.21878992446834,19.64946840243872],[80.21888355458464,19.649830264677885],[80.2186923582948,19.64991979799291]]]},"id":"2049"},{"type":"Feature","properties":{"id":"2050","metrics:area":2550,"metrics:perimeter":227.99724712947125},"geometry":{"type":"Polygon","coordinates":[[[80.20629348826586,19.64977513893815],[80.20639064448747,19.649414113016014],[80.20715367590799,19.649417478583455],[80.20696158618394,19.64968772267453],[80.20629348826586,19.64977513893815]]]},"id":"2050"},{"type":"Feature","properties":{"id":"2051","metrics:area":2250,"metrics:perimeter":195.89461523929768},"geometry":{"type":"Polygon","coordinates":[[[80.17720158795568,19.64991547787111],[80.1770131345122,19.649462799715728],[80.1774909466973,19.649284259338952],[80.17758494368053,19.649555778748873],[80.17720158795568,19.64991547787111]]]},"id":"2051"},{"type":"Feature","properties":{"id":"2052","metrics:area":1100,"metrics:perimeter":135.95241580617238},"geometry":{"type":"Polygon","coordinates":[[[80.23338082975002,19.649983013483276],[80.2332863083304,19.649801882279732],[80.23328759598472,19.649530795399265],[80.2334783551887,19.649531608570793],[80.23357201855765,19.649893464277046],[80.23338082975002,19.649983013483276]]]},"id":"2052"},{"type":"Feature","properties":{"id":"2053","metrics:area":600,"metrics:perimeter":100},"geometry":{"type":"Polygon","coordinates":[[[80.24950132173153,19.64977991803323],[80.24950216201525,19.649599192765915],[80.24978830202369,19.64960038665394],[80.24978746206027,19.64978111193311],[80.24950132173153,19.64977991803323]]]},"id":"2053"},{"type":"Feature","properties":{"id":"2054","metrics:area":1050,"metrics:perimeter":134.084889114037},"geometry":{"type":"Polygon","coordinates":[[[80.21277927469569,19.649803647096952],[80.2128764165643,19.649442617169463],[80.21306717473779,19.64944345198677],[80.21316123238329,19.649714954904816],[80.21277927469569,19.649803647096952]]]},"id":"2054"},{"type":"Feature","properties":{"id":"2055","metrics:area":14100,"metrics:perimeter":774.8897390227074},"geometry":{"type":"Polygon","coordinates":[[[80.22641117624342,19.651398991416052],[80.22641290865772,19.651037542890506],[80.22612720092043,19.650945949598277],[80.2265130523485,19.650043969634297],[80.2263231590992,19.649862424770067],[80.22641983793133,19.6495917486417],[80.22670684218124,19.64941225494354],[80.2267046776739,19.649864065711217],[80.22689630257223,19.649684161565865],[80.22737190273689,19.6499572975761],[80.22775428627104,19.649778211952793],[80.22784880135993,19.64995934585461],[80.22746684997271,19.65004806949911],[80.22708186922783,19.650769327391238],[80.2265100211566,19.650676504629203],[80.22669775084769,19.651309860013836],[80.22641117624342,19.651398991416052]]]},"id":"2055"},{"type":"Feature","properties":{"id":"2056","metrics:area":1300,"metrics:perimeter":147.96691275336337},"geometry":{"type":"Polygon","coordinates":[[[80.22498827825719,19.649766312988554],[80.2251807723833,19.649405686486837],[80.22546647683299,19.64949728118753],[80.22536979648397,19.649767956753756],[80.22498827825719,19.649766312988554]]]},"id":"2056"},{"type":"Feature","properties":{"id":"2057","metrics:area":2250,"metrics:perimeter":188.631114639979},"geometry":{"type":"Polygon","coordinates":[[[80.2300429668362,19.649878389428455],[80.22994844928535,19.649697256596628],[80.230235880937,19.649427394911633],[80.23061696812819,19.64951938975651],[80.23052029629784,19.649790068383233],[80.2300429668362,19.649878389428455]]]},"id":"2057"},{"type":"Feature","properties":{"id":"2058","metrics:area":650,"metrics:perimeter":103.98345637668169},"geometry":{"type":"Polygon","coordinates":[[[80.2113494685386,19.649616654993974],[80.2113507930189,19.649345569524254],[80.21154155100749,19.64934640595576],[80.21163604734132,19.64952754775551],[80.2113494685386,19.649616654993974]]]},"id":"2058"},{"type":"Feature","properties":{"id":"2059","metrics:area":950,"metrics:perimeter":130.03896913132158},"geometry":{"type":"Polygon","coordinates":[[[80.27534941491827,19.649885930346706],[80.27554139307473,19.649615609424444],[80.2758271293902,19.64970712505573],[80.27573093783872,19.64988746728665],[80.27534941491827,19.649885930346706]]]},"id":"2059"},{"type":"Feature","properties":{"id":"2060","metrics:area":1000,"metrics:perimeter":138.41619252963778},"geometry":{"type":"Polygon","coordinates":[[[80.2013337769016,19.649753180789556],[80.20095360287002,19.649480401256472],[80.2010498762162,19.649300101818437],[80.20133511821152,19.64948209598387],[80.2013337769016,19.649753180789556]]]},"id":"2060"},{"type":"Feature","properties":{"id":"2061","metrics:area":2150,"metrics:perimeter":248.26790348827723},"geometry":{"type":"Polygon","coordinates":[[[80.20552956579283,19.649952493046342],[80.20562627912823,19.649681829303567],[80.20600823986831,19.649593152430647],[80.20591419446325,19.649321646187403],[80.20610495217225,19.64932248838425],[80.20619810913828,19.649774717955705],[80.20552956579283,19.649952493046342]]]},"id":"2061"},{"type":"Feature","properties":{"id":"2062","metrics:area":900,"metrics:perimeter":140.878305041991},"geometry":{"type":"Polygon","coordinates":[[[80.25694056107783,19.64990117428005],[80.25675021649059,19.649810023198118],[80.25646490814465,19.64962811481986],[80.25684684486434,19.649539329014726],[80.25694056107783,19.64990117428005]]]},"id":"2062"},{"type":"Feature","properties":{"id":"2063","metrics:area":3300,"metrics:perimeter":293.48867255168204},"geometry":{"type":"Polygon","coordinates":[[[80.16995236277339,19.649972527177056],[80.16976253557833,19.649790924832015],[80.16938195249587,19.649608441341687],[80.16947826051846,19.64942816007587],[80.16919352163977,19.649155755784726],[80.17005052886749,19.649430802009807],[80.16995236277339,19.649972527177056]]]},"id":"2063"},{"type":"Feature","properties":{"id":"2064","metrics:area":2450,"metrics:perimeter":266.09077299294995},"geometry":{"type":"Polygon","coordinates":[[[80.20457532845914,19.650038638527835],[80.2044812852632,19.649767131623467],[80.20534236624675,19.649228756689396],[80.20534147654135,19.649409480075875],[80.20457532845914,19.650038638527835]]]},"id":"2064"},{"type":"Feature","properties":{"id":"2065","metrics:area":900,"metrics:perimeter":132.11102550927978},"geometry":{"type":"Polygon","coordinates":[[[80.1400060858441,19.64937999951163],[80.14000849294565,19.648928198516295],[80.14010386997444,19.648928654582328],[80.14029318026745,19.64920064718302],[80.1400060858441,19.64937999951163]]]},"id":"2065"},{"type":"Feature","properties":{"id":"2066","metrics:area":700,"metrics:perimeter":120.6449510224598},"geometry":{"type":"Polygon","coordinates":[[[80.1563156418978,19.649457253699538],[80.15631753107489,19.649095811370344],[80.15650875832567,19.649006345572545],[80.15650734177488,19.64927742733691],[80.1563156418978,19.649457253699538]]]},"id":"2066"},{"type":"Feature","properties":{"id":"2067","metrics:area":4800,"metrics:perimeter":358.09097282187497},"geometry":{"type":"Polygon","coordinates":[[[80.20171216460817,19.65038740597308],[80.20161812610684,19.650115897742996],[80.20190515737055,19.64993644462575],[80.201524087906,19.649844389466704],[80.20143094409806,19.649392157933455],[80.20162259555087,19.649212281665537],[80.20181335293105,19.64921312840974],[80.20200187669764,19.6496657830439],[80.20199919626783,19.650207952724333],[80.20171216460817,19.65038740597308]]]},"id":"2067"},{"type":"Feature","properties":{"id":"2068","metrics:area":1500,"metrics:perimeter":171.9048316123448},"geometry":{"type":"Polygon","coordinates":[[[80.21592723170873,19.64972703573623],[80.21583273036396,19.64954589602542],[80.2164063216722,19.649277304674396],[80.21630918774012,19.649638336790787],[80.21592723170873,19.64972703573623]]]},"id":"2068"},{"type":"Feature","properties":{"id":"2069","metrics:area":600,"metrics:perimeter":115.95241580617241},"geometry":{"type":"Polygon","coordinates":[[[80.2203146831038,19.649746111193107],[80.22022017673643,19.64956497361923],[80.2202214863162,19.649293887570416],[80.22041180823265,19.649385076612425],[80.2203146831038,19.649746111193107]]]},"id":"2069"},{"type":"Feature","properties":{"id":"2070","metrics:area":900,"metrics:perimeter":168.57300762134082},"geometry":{"type":"Polygon","coordinates":[[[80.20228756703003,19.649757414131],[80.20228846017149,19.649576690886082],[80.20200411032113,19.649213974951653],[80.2024801109314,19.649396813682078],[80.20228756703003,19.649757414131]]]},"id":"2070"},{"type":"Feature","properties":{"id":"2071","metrics:area":900,"metrics:perimeter":123.59173603117449},"geometry":{"type":"Polygon","coordinates":[[[80.22107859075619,19.649568693674798],[80.22107989889469,19.64929760757056],[80.22146097982879,19.649389621632913],[80.22136472880626,19.64956993278299],[80.22107859075619,19.649568693674798]]]},"id":"2071"},{"type":"Feature","properties":{"id":"2072","metrics:area":600,"metrics:perimeter":114.04918347287665},"geometry":{"type":"Polygon","coordinates":[[[80.27372834949101,19.649789026196594],[80.27344342781649,19.64951678101686],[80.2738249497029,19.649518321972398],[80.27372834949101,19.649789026196594]]]},"id":"2072"},{"type":"Feature","properties":{"id":"2073","metrics:area":1150,"metrics:perimeter":195.9455344987204},"geometry":{"type":"Polygon","coordinates":[[[80.20800942623673,19.649963431466485],[80.20801252980333,19.649330899226673],[80.20791759430864,19.64924011741487],[80.20829822333357,19.649422520865816],[80.20800942623673,19.649963431466485]]]},"id":"2073"},{"type":"Feature","properties":{"id":"2074","metrics:area":4100,"metrics:perimeter":280.5816432421311},"geometry":{"type":"Polygon","coordinates":[[[80.15669479243927,19.649910846050588],[80.15660177514695,19.64945859583722],[80.15708149513564,19.648918668115996],[80.15717215441849,19.64982272114164],[80.15669479243927,19.649910846050588]]]},"id":"2074"},{"type":"Feature","properties":{"id":"2075","metrics:area":1500,"metrics:perimeter":174.0731785063498},"geometry":{"type":"Polygon","coordinates":[[[80.16022613166969,19.64947555685292],[80.16041970735913,19.648934283443833],[80.1606104624397,19.648935173877202],[80.16051226523966,19.64947689277035],[80.16022613166969,19.64947555685292]]]},"id":"2075"},{"type":"Feature","properties":{"id":"2076","metrics:area":650,"metrics:perimeter":115.21451263285829},"geometry":{"type":"Polygon","coordinates":[[[80.21554659273538,19.649544648117317],[80.21564328920908,19.649273978385096],[80.2158344862875,19.64918444833751],[80.215737351152,19.64954548010663],[80.21554659273538,19.649544648117317]]]},"id":"2076"},{"type":"Feature","properties":{"id":"2077","metrics:area":800,"metrics:perimeter":123.13755207963358},"geometry":{"type":"Polygon","coordinates":[[[80.23738849404079,19.649638596386286],[80.23738934787902,19.649457871623337],[80.23767634034256,19.649278359995897],[80.23777086649048,19.64945948905716],[80.23738849404079,19.649638596386286]]]},"id":"2077"},{"type":"Feature","properties":{"id":"2078","metrics:area":1050,"metrics:perimeter":131.6227766016838},"geometry":{"type":"Polygon","coordinates":[[[80.17071910386025,19.649253160135036],[80.17081587436208,19.64898251716352],[80.17110200783235,19.648983836201293],[80.17110061578936,19.649254918979416],[80.17071910386025,19.649253160135036]]]},"id":"2078"},{"type":"Feature","properties":{"id":"2079","metrics:area":700,"metrics:perimeter":107.96691275336337},"geometry":{"type":"Polygon","coordinates":[[[80.20371958999252,19.649492669697302],[80.20362554853595,19.649221162390457],[80.20381675172298,19.64913164534952],[80.20391079345879,19.649403152568453],[80.20371958999252,19.649492669697302]]]},"id":"2079"},{"type":"Feature","properties":{"id":"2080","metrics:area":600,"metrics:perimeter":100},"geometry":{"type":"Polygon","coordinates":[[[80.23910575597111,19.649555506121168],[80.23910703383521,19.64928441886426],[80.23929779300768,19.64928522585361],[80.23929651546386,19.649556313122538],[80.23910575597111,19.649555506121168]]]},"id":"2080"},{"type":"Feature","properties":{"id":"2081","metrics:area":1200,"metrics:perimeter":149.4427190999916},"geometry":{"type":"Polygon","coordinates":[[[80.27038962022965,19.649865876486512],[80.27000891514271,19.649683602111416],[80.27001014111877,19.649412512945865],[80.27039084557866,19.649594787303386],[80.27038962022965,19.649865876486512]]]},"id":"2081"},{"type":"Feature","properties":{"id":"2082","metrics:area":2000,"metrics:perimeter":191.50140065915036},"geometry":{"type":"Polygon","coordinates":[[[80.15784168616499,19.64946440650777],[80.15774913732473,19.648921796137387],[80.15794036363451,19.648832328778493],[80.15822366856688,19.64937583206166],[80.15784168616499,19.64946440650777]]]},"id":"2082"},{"type":"Feature","properties":{"id":"2083","metrics:area":4300,"metrics:perimeter":281.675401334461},"geometry":{"type":"Polygon","coordinates":[[[80.27458636918522,19.64988285403909],[80.27410987204505,19.649790566568164],[80.27411109114135,19.649519477157995],[80.27506570773431,19.649342598172947],[80.27515987081289,19.649614072102793],[80.27458636918522,19.64988285403909]]]},"id":"2083"},{"type":"Feature","properties":{"id":"2084","metrics:area":1200,"metrics:perimeter":144.72135954999578},"geometry":{"type":"Polygon","coordinates":[[[80.16156282994265,19.64921070512919],[80.16156470734556,19.648849262301578],[80.16175546238182,19.648850151516857],[80.16194434087956,19.64921248339279],[80.16156282994265,19.64921070512919]]]},"id":"2084"},{"type":"Feature","properties":{"id":"2085","metrics:area":2650,"metrics:perimeter":213.44430006945558},"geometry":{"type":"Polygon","coordinates":[[[80.18006523990873,19.64947674114646],[80.17978002324378,19.649294714094424],[80.17978185986658,19.64893326959783],[80.1804481296317,19.64920739677319],[80.18044721205743,19.64938811904805],[80.18006523990873,19.64947674114646]]]},"id":"2085"},{"type":"Feature","properties":{"id":"2086","metrics:area":900,"metrics:perimeter":172.46537600251443},"geometry":{"type":"Polygon","coordinates":[[[80.20267042221857,19.649488021157538],[80.2024801109314,19.649396813682078],[80.20248189673788,19.649035367157097],[80.20267131491818,19.649307297890314],[80.20295789741984,19.64921820462687],[80.20267042221857,19.649488021157538]]]},"id":"2086"},{"type":"Feature","properties":{"id":"2087","metrics:area":600,"metrics:perimeter":100},"geometry":{"type":"Polygon","coordinates":[[[80.21535671282894,19.64936309210426],[80.21535803056136,19.649092006365198],[80.21554878843446,19.649092838536134],[80.2155474710223,19.64936392428759],[80.21535671282894,19.64936309210426]]]},"id":"2087"},{"type":"Feature","properties":{"id":"2088","metrics:area":1100,"metrics:perimeter":134.4766094595442},"geometry":{"type":"Polygon","coordinates":[[[80.2331922163863,19.64953038873764],[80.23309812474348,19.649258895148854],[80.23348007160081,19.64917015936786],[80.23347878429529,19.649441246271437],[80.2331922163863,19.64953038873764]]]},"id":"2088"},{"type":"Feature","properties":{"id":"2089","metrics:area":800,"metrics:perimeter":124.7213595499958},"geometry":{"type":"Polygon","coordinates":[[[80.27592291537253,19.64961714593688],[80.27592413141245,19.649346056412362],[80.27630565310554,19.649347592092678],[80.27630524797468,19.649437955276053],[80.27592291537253,19.64961714593688]]]},"id":"2089"},{"type":"Feature","properties":{"id":"2090","metrics:area":550,"metrics:perimeter":96.34413615167958},"geometry":{"type":"Polygon","coordinates":[[[80.15908348060947,19.649108766045234],[80.15898904458658,19.648927598745924],[80.15927564772205,19.648838575940562],[80.15927470646373,19.64901929725005],[80.15908348060947,19.649108766045234]]]},"id":"2090"},{"type":"Feature","properties":{"id":"2091","metrics:area":1650,"metrics:perimeter":171.6227766016838},"geometry":{"type":"Polygon","coordinates":[[[80.17014683604374,19.64925052035133],[80.17005285188777,19.648978997504354],[80.17062511872807,19.648981637552154],[80.17062372588441,19.649252720297515],[80.17014683604374,19.64925052035133]]]},"id":"2091"},{"type":"Feature","properties":{"id":"2092","metrics:area":1500,"metrics:perimeter":186.1427157873053},"geometry":{"type":"Polygon","coordinates":[[[80.19236861395812,19.649622778772912],[80.19189398233861,19.649168829475556],[80.19199026541514,19.64898853523219],[80.1924648968053,19.649442484275216],[80.19236861395812,19.649622778772912]]]},"id":"2092"},{"type":"Feature","properties":{"id":"2093","metrics:area":900,"metrics:perimeter":132.3606797749979},"geometry":{"type":"Polygon","coordinates":[[[80.24654622673953,19.64940610412143],[80.24664245002904,19.649225778542764],[80.24702396891124,19.649227376329648],[80.24702312587026,19.649408101501315],[80.24654622673953,19.64940610412143]]]},"id":"2093"},{"type":"Feature","properties":{"id":"2094","metrics:area":800,"metrics:perimeter":120},"geometry":{"type":"Polygon","coordinates":[[[80.24978914197783,19.649419661371102],[80.24978998192265,19.649238936084604],[80.25017150111233,19.649240527195637],[80.25017066159457,19.649421252497934],[80.24978914197783,19.649419661371102]]]},"id":"2094"},{"type":"Feature","properties":{"id":"2095","metrics:area":600,"metrics:perimeter":100},"geometry":{"type":"Polygon","coordinates":[[[80.19838017034984,19.64910749452259],[80.19838106783375,19.64892677143756],[80.19866720317445,19.648928046617392],[80.19866630601081,19.64910876971509],[80.19838017034984,19.64910749452259]]]},"id":"2095"},{"type":"Feature","properties":{"id":"2096","metrics:area":800,"metrics:perimeter":166.40986324787454},"geometry":{"type":"Polygon","coordinates":[[[80.24530586678812,19.649491267565164],[80.24521133202015,19.649310142183623],[80.24492561552178,19.649218578488014],[80.24559327329571,19.64922138045642],[80.24530586678812,19.649491267565164]]]},"id":"2096"},{"type":"Feature","properties":{"id":"2097","metrics:area":1750,"metrics:perimeter":178.63873471753578},"geometry":{"type":"Polygon","coordinates":[[[80.25045512290868,19.649783895929342],[80.25026646121123,19.649331287500537],[80.25036268036976,19.64915095979122],[80.25064756116778,19.649423240268536],[80.250645883172,19.64978469090165],[80.25045512290868,19.649783895929342]]]},"id":"2097"},{"type":"Feature","properties":{"id":"2098","metrics:area":1200,"metrics:perimeter":146.0555127546399},"geometry":{"type":"Polygon","coordinates":[[[80.21497563593148,19.64927106522686],[80.21478619656003,19.64899914673618],[80.21526309092114,19.64900122829108],[80.21526177303586,19.649272314026685],[80.21497563593148,19.64927106522686]]]},"id":"2098"},{"type":"Feature","properties":{"id":"2099","metrics:area":1200,"metrics:perimeter":229.54880074749082},"geometry":{"type":"Polygon","coordinates":[[[80.17109922372323,19.649526001749276],[80.1712909078566,19.649346159026752],[80.17138953286525,19.64871407197791],[80.17148073633396,19.649527759810717],[80.17109922372323,19.649526001749276]]]},"id":"2099"},{"type":"Feature","properties":{"id":"2100","metrics:area":3800,"metrics:perimeter":265.58146053873054},"geometry":{"type":"Polygon","coordinates":[[[80.20677260423129,19.649325434480176],[80.20658406725092,19.648872784377726],[80.20753740978363,19.64896735143995],[80.2074402564108,19.649328378098016],[80.20677260423129,19.649325434480176]]]},"id":"2100"},{"type":"Feature","properties":{"id":"2101","metrics:area":600,"metrics:perimeter":112.11102550927978},"geometry":{"type":"Polygon","coordinates":[[[80.26628989913817,19.649487738267915],[80.26629072061263,19.64930701230518],[80.26657768233979,19.649127453487775],[80.2665768611947,19.64930817946578],[80.26628989913817,19.649487738267915]]]},"id":"2101"},{"type":"Feature","properties":{"id":"2102","metrics:area":3800,"metrics:perimeter":331.0314144391986},"geometry":{"type":"Polygon","coordinates":[[[80.17653486032594,19.64973169982575],[80.17606165831728,19.649006627206877],[80.17615841981204,19.648735981022845],[80.17644455323219,19.648737291545235],[80.17663208244718,19.64937069234619],[80.17682283883089,19.649371565603015],[80.17653624327968,19.649460616689254],[80.17672607801194,19.649642212152152],[80.17653486032594,19.64973169982575]]]},"id":"2102"},{"type":"Feature","properties":{"id":"2103","metrics:area":900,"metrics:perimeter":120},"geometry":{"type":"Polygon","coordinates":[[[80.19895244169415,19.649110044452442],[80.19895378695547,19.64883895978553],[80.19923992218074,19.64884023404874],[80.19923857739983,19.649111318734647],[80.19895244169415,19.649110044452442]]]},"id":"2103"},{"type":"Feature","properties":{"id":"2104","metrics:area":750,"metrics:perimeter":111.6227766016838},"geometry":{"type":"Polygon","coordinates":[[[80.24578361046746,19.64931254312414],[80.24578487710029,19.64904145543993],[80.24607101587509,19.649042655209556],[80.24607017177583,19.649223380345198],[80.24578361046746,19.64931254312414]]]},"id":"2104"},{"type":"Feature","properties":{"id":"2105","metrics:area":900,"metrics:perimeter":132.3606797749979},"geometry":{"type":"Polygon","coordinates":[[[80.23786752608815,19.649188806107762],[80.23786837936896,19.649008081315568],[80.23834527636372,19.649010101666867],[80.2382490441063,19.649190422506006],[80.23786752608815,19.649188806107762]]]},"id":"2105"},{"type":"Feature","properties":{"id":"2106","metrics:area":10700,"metrics:perimeter":631.2314918828745},"geometry":{"type":"Polygon","coordinates":[[[80.17519771600921,19.650087024581968],[80.17519910123555,19.64981594154765],[80.17538985807643,19.649816816343353],[80.17529724971808,19.64927421286436],[80.17482035924922,19.64927202530814],[80.17482128311701,19.64909130328705],[80.17501342454561,19.648821095401008],[80.17558476854686,19.649004441706083],[80.17549077525436,19.64873292136732],[80.17577690862089,19.648734232951682],[80.17634364243409,19.64982118728747],[80.17558153797192,19.649636968891926],[80.17548431333931,19.64999797570217],[80.17519771600921,19.650087024581968]]]},"id":"2106"},{"type":"Feature","properties":{"id":"2107","metrics:area":12650,"metrics:perimeter":901.2821640551725},"geometry":{"type":"Polygon","coordinates":[[[80.2102027081718,19.65006344105507],[80.2097284657115,19.649519175265535],[80.20982738348133,19.64879670002506],[80.21011351938962,19.64879795698652],[80.2102071295485,19.649159823085867],[80.21049415005241,19.648980355848114],[80.2112567386467,19.649074065760896],[80.2112549724839,19.649435513054712],[80.2109697187731,19.64925353423759],[80.21087345633231,19.64943383937421],[80.2114439647995,19.649797796887306],[80.21144264044268,19.650068882349505],[80.21011130851394,19.649249765990504],[80.21001460289357,19.64952043242866],[80.21068093078812,19.6497944494598],[80.21068004703191,19.64997517306894],[80.2103943510372,19.64988355513879],[80.2102027081718,19.65006344105507]]]},"id":"2107"},{"type":"Feature","properties":{"id":"2108","metrics:area":1200,"metrics:perimeter":163.2455532033676},"geometry":{"type":"Polygon","coordinates":[[[80.21259072011941,19.649351002713065],[80.21278412226195,19.648809666678666],[80.21297487968324,19.64881050156809],[80.21297355796928,19.649081587160154],[80.21259072011941,19.649351002713065]]]},"id":"2108"},{"type":"Feature","properties":{"id":"2109","metrics:area":2050,"metrics:perimeter":193.6814581608426},"geometry":{"type":"Polygon","coordinates":[[[80.21678696106787,19.64945969049053],[80.21678959172124,19.648917518823808],[80.21717154541608,19.648828817956613],[80.21707353691919,19.64937057447171],[80.21678696106787,19.64945969049053]]]},"id":"2109"},{"type":"Feature","properties":{"id":"2110","metrics:area":800,"metrics:perimeter":129.4427190999916},"geometry":{"type":"Polygon","coordinates":[[[80.16824160538977,19.64878990361711],[80.16785916319168,19.648968860455934],[80.16786102647221,19.64860741703645],[80.16824160538977,19.64878990361711]]]},"id":"2110"},{"type":"Feature","properties":{"id":"2111","metrics:area":1850,"metrics:perimeter":173.45230764828105},"geometry":{"type":"Polygon","coordinates":[[[80.1995242650227,19.649202954128157],[80.19943112715859,19.648750721736675],[80.19981264063335,19.648752419633297],[80.19990622746658,19.649114290289763],[80.1995242650227,19.649202954128157]]]},"id":"2111"},{"type":"Feature","properties":{"id":"2112","metrics:area":1500,"metrics:perimeter":161.9803902718557},"geometry":{"type":"Polygon","coordinates":[[[80.25074336052914,19.649333275008384],[80.25074461883446,19.649062187015268],[80.25122193657329,19.64897381055308],[80.25122067907563,19.649244898578544],[80.25074336052914,19.649333275008384]]]},"id":"2112"},{"type":"Feature","properties":{"id":"2113","metrics:area":2100,"metrics:perimeter":221.66174573300538},"geometry":{"type":"Polygon","coordinates":[[[80.27868935690493,19.64953789822177],[80.27859478401709,19.649356789180953],[80.27897630596101,19.649358319196732],[80.27907289718739,19.649087611853062],[80.27935823136103,19.64926948515811],[80.27926164048823,19.649540192661306],[80.27868935690493,19.64953789822177]]]},"id":"2113"},{"type":"Feature","properties":{"id":"2114","metrics:area":700,"metrics:perimeter":114.47660945954419},"geometry":{"type":"Polygon","coordinates":[[[80.25627581319148,19.64926587492118],[80.25637244199268,19.648995180991808],[80.25665816525931,19.649086726702397],[80.25665774913617,19.649177089489566],[80.25627581319148,19.64926587492118]]]},"id":"2114"},{"type":"Feature","properties":{"id":"2115","metrics:area":550,"metrics:perimeter":96.34413615167959},"geometry":{"type":"Polygon","coordinates":[[[80.26600458005105,19.649305844689398],[80.26600540183671,19.64912511873459],[80.26619657277797,19.64903553420531],[80.26629113134646,19.64921664932243],[80.26600458005105,19.649305844689398]]]},"id":"2115"},{"type":"Feature","properties":{"id":"2116","metrics:area":1000,"metrics:perimeter":147.70329614269008},"geometry":{"type":"Polygon","coordinates":[[[80.28756016028478,19.649482894019783],[80.28708405478834,19.64930027732838],[80.28756175559782,19.649121440387965],[80.28756016028478,19.649482894019783]]]},"id":"2116"},{"type":"Feature","properties":{"id":"2117","metrics:area":2100,"metrics:perimeter":198.94831474382187},"geometry":{"type":"Polygon","coordinates":[[[80.19179815147488,19.649258762263155],[80.19122769160394,19.648894744020307],[80.19132397523504,19.64871445014886],[80.19189533945737,19.648897745281882],[80.19179815147488,19.649258762263155]]]},"id":"2117"},{"type":"Feature","properties":{"id":"2118","metrics:area":2700,"metrics:perimeter":213.2114465280323},"geometry":{"type":"Polygon","coordinates":[[[80.23862970972608,19.649372762915693],[80.23853646144134,19.648920547041854],[80.23920411699252,19.648923372687513],[80.23910703383521,19.64928441886426],[80.23862970972608,19.649372762915693]]]},"id":"2118"},{"type":"Feature","properties":{"id":"2119","metrics:area":9050,"metrics:perimeter":602.0652782717501},"geometry":{"type":"Polygon","coordinates":[[[80.22880173530979,19.650144163006793],[80.22842323950148,19.649509991173616],[80.22890359020587,19.64878913897681],[80.22899681125212,19.64924135894186],[80.22871067326618,19.649240131995956],[80.22880432570805,19.649601989830813],[80.22918756992136,19.649242176652926],[80.22956908728852,19.64924381146817],[80.22956649950994,19.649785984763604],[80.22947025712556,19.649966300543895],[80.22908960120552,19.64978394105721],[80.22918325477401,19.650145798712458],[80.22880173530979,19.650144163006793]]]},"id":"2119"},{"type":"Feature","properties":{"id":"2120","metrics:area":2700,"metrics:perimeter":202.0079285608123},"geometry":{"type":"Polygon","coordinates":[[[80.24873954266056,19.649505644219975],[80.24855004481321,19.64923375938525],[80.24874248655343,19.64887310585988],[80.24902862522485,19.648874300914237],[80.24912232343023,19.649236149693174],[80.24873954266056,19.649505644219975]]]},"id":"2120"},{"type":"Feature","properties":{"id":"2121","metrics:area":2550,"metrics:perimeter":227.58756196456005},"geometry":{"type":"Polygon","coordinates":[[[80.20639108875423,19.649323751300226],[80.2062012197701,19.649142185980836],[80.2058197047791,19.64914050160387],[80.2059173061299,19.64868911422437],[80.2064882444487,19.64896272529037],[80.20639108875423,19.649323751300226]]]},"id":"2121"},{"type":"Feature","properties":{"id":"2122","metrics:area":11000,"metrics:perimeter":618.3357140501298},"geometry":{"type":"Polygon","coordinates":[[[80.23108999174535,19.650334689584472],[80.23109343537926,19.64961179163436],[80.23080600476992,19.649881654721966],[80.23080901899554,19.649249119029296],[80.23052201935785,19.649428619442148],[80.23033255299848,19.649156716435773],[80.23061998303439,19.648886854066564],[80.23109687886065,19.648888893625625],[80.23119139728377,19.64907002589745],[80.23138344664933,19.64879975449289],[80.23176281289054,19.649253195952628],[80.23108999174535,19.650334689584472]]]},"id":"2122"},{"type":"Feature","properties":{"id":"2123","metrics:area":650,"metrics:perimeter":115.21451263285829},"geometry":{"type":"Polygon","coordinates":[[[80.21240128477385,19.64907908184768],[80.2124979861483,19.648808413965238],[80.21268918428153,19.64871888729846],[80.2125920424959,19.64907991715413],[80.21240128477385,19.64907908184768]]]},"id":"2123"},{"type":"Feature","properties":{"id":"2124","metrics:area":6200,"metrics:perimeter":363.21918038426827},"geometry":{"type":"Polygon","coordinates":[[[80.2340489176887,19.649895496108293],[80.23357545099283,19.649170565869685],[80.23357716715341,19.648809116644017],[80.23395868389119,19.648810742113277],[80.23443300849425,19.64935494675393],[80.23414601247744,19.64953445307802],[80.2343350571958,19.649896714600125],[80.2340489176887,19.649895496108293]]]},"id":"2124"},{"type":"Feature","properties":{"id":"2125","metrics:area":3600,"metrics:perimeter":359.1727008581869},"geometry":{"type":"Polygon","coordinates":[[[80.27725905289822,19.64944179095556],[80.27706950600025,19.649169934625647],[80.27735524248796,19.64926144783575],[80.27754721658097,19.648991124623304],[80.27859518786451,19.649266425950977],[80.27725905289822,19.64944179095556]]]},"id":"2125"},{"type":"Feature","properties":{"id":"2126","metrics:area":750,"metrics:perimeter":111.6227766016838},"geometry":{"type":"Polygon","coordinates":[[[80.20267310028773,19.64894585134485],[80.20267443928896,19.64867476642613],[80.202865196083,19.648675612032537],[80.2029592359629,19.6489471196975],[80.20267310028773,19.64894585134485]]]},"id":"2126"},{"type":"Feature","properties":{"id":"2127","metrics:area":2400,"metrics:perimeter":220},"geometry":{"type":"Polygon","coordinates":[[[80.17005378107788,19.64879827569575],[80.17005517484374,19.64852719297597],[80.17081819518302,19.64853071254772],[80.17081680269816,19.648801795319955],[80.17005378107788,19.64879827569575]]]},"id":"2127"},{"type":"Feature","properties":{"id":"2128","metrics:area":11150,"metrics:perimeter":818.6334324133882},"geometry":{"type":"Polygon","coordinates":[[[80.17224283490283,19.64971199540049],[80.1722465419446,19.648989107801057],[80.17176640716545,19.64961943876252],[80.1715775057585,19.649257116397038],[80.17186363977082,19.64925843424076],[80.17186503053277,19.648987351410263],[80.1724391506982,19.64862854185385],[80.1731077200625,19.648450890866172],[80.17367535980664,19.649357130997995],[80.173103554091,19.649264139637474],[80.17301002783302,19.648902257183767],[80.17320170915072,19.648722412307798],[80.17301095370865,19.64872153523802],[80.17224283490283,19.64971199540049]]]},"id":"2128"},{"type":"Feature","properties":{"id":"2129","metrics:area":3500,"metrics:perimeter":242.8010988928052},"geometry":{"type":"Polygon","coordinates":[[[80.20801341651455,19.649150175721335],[80.2080160765893,19.648608005183316],[80.20868372600304,19.64861094408223],[80.20868195412429,19.64897239116963],[80.20801341651455,19.649150175721335]]]},"id":"2129"},{"type":"Feature","properties":{"id":"2130","metrics:area":3700,"metrics:perimeter":278.54353191700085},"geometry":{"type":"Polygon","coordinates":[[[80.21812139447353,19.64964622487341],[80.21812358297838,19.649194415018304],[80.2179332626679,19.64910322360453],[80.21803083036781,19.64865182847751],[80.2185064116626,19.648924987350895],[80.21840840754774,19.64946674473953],[80.21812139447353,19.64964622487341]]]},"id":"2130"},{"type":"Feature","properties":{"id":"2131","metrics:area":1600,"metrics:perimeter":168.1141943137987},"geometry":{"type":"Polygon","coordinates":[[[80.21450049968983,19.648907535299212],[80.2139277868634,19.648995396751296],[80.21402492563084,19.64863436606584],[80.21431106154124,19.648635616339394],[80.21450049968983,19.648907535299212]]]},"id":"2131"},{"type":"Feature","properties":{"id":"2132","metrics:area":1000,"metrics:perimeter":131.2310562561766},"geometry":{"type":"Polygon","coordinates":[[[80.23309898336707,19.64907817055988],[80.23310070058574,19.64871672137093],[80.23329145881935,19.6487175347084],[80.23338512136162,19.649079390514455],[80.23309898336707,19.64907817055988]]]},"id":"2132"},{"type":"Feature","properties":{"id":"2133","metrics:area":2100,"metrics:perimeter":213.07983848015365},"geometry":{"type":"Polygon","coordinates":[[[80.2639066286272,19.649206905331017],[80.263144413042,19.649023054737423],[80.26333599771847,19.648843110369576],[80.26400324473995,19.64893620688322],[80.2639066286272,19.649206905331017]]]},"id":"2133"},{"type":"Feature","properties":{"id":"2134","metrics:area":2100,"metrics:perimeter":192.1747754732893},"geometry":{"type":"Polygon","coordinates":[[[80.16595160891265,19.64896002388602],[80.16566734405103,19.6485972534383],[80.16576365549247,19.648416974271452],[80.1663349863824,19.648600349539176],[80.16595160891265,19.64896002388602]]]},"id":"2134"},{"type":"Feature","properties":{"id":"2135","metrics:area":5050,"metrics:perimeter":283.2779539483105},"geometry":{"type":"Polygon","coordinates":[[[80.26247386331129,19.649652858280596],[80.26238013471239,19.64929101549111],[80.26276413133876,19.64875040241838],[80.26305027070697,19.64875157515792],[80.263144413042,19.649023054737423],[80.26285579724609,19.649564059607407],[80.26247386331129,19.649652858280596]]]},"id":"2135"},{"type":"Feature","properties":{"id":"2136","metrics:area":1650,"metrics:perimeter":178.05663488303148},"geometry":{"type":"Polygon","coordinates":[[[80.1598474421798,19.648931610930052],[80.15975488678582,19.6483890013227],[80.15994611142807,19.648299531761275],[80.16013404490522,19.648842586739384],[80.1598474421798,19.648931610930052]]]},"id":"2136"},{"type":"Feature","properties":{"id":"2137","metrics:area":2850,"metrics:perimeter":216.29442989845424},"geometry":{"type":"Polygon","coordinates":[[[80.21659795691023,19.64909741186034],[80.21602612202535,19.649004556149137],[80.2161236949491,19.64855316223317],[80.21669508983047,19.648736379533084],[80.21659795691023,19.64909741186034]]]},"id":"2137"},{"type":"Feature","properties":{"id":"2138","metrics:area":1400,"metrics:perimeter":156.6621552104883},"geometry":{"type":"Polygon","coordinates":[[[80.21879167376304,19.649106954491497],[80.2186976068485,19.64883545418692],[80.21898505503965,19.648565611048152],[80.21907824799581,19.6490178352149],[80.21879167376304,19.649106954491497]]]},"id":"2138"},{"type":"Feature","properties":{"id":"2139","metrics:area":1150,"metrics:perimeter":147.5751924078562},"geometry":{"type":"Polygon","coordinates":[[[80.24788280756921,19.649140605786478],[80.2478840706649,19.648869517965828],[80.24826643043937,19.648690387856956],[80.24816936753226,19.649051439612236],[80.24788280756921,19.649140605786478]]]},"id":"2139"},{"type":"Feature","properties":{"id":"2140","metrics:area":1650,"metrics:perimeter":166.94261094210026},"geometry":{"type":"Polygon","coordinates":[[[80.24959964241744,19.649147777584968],[80.24960090263056,19.648876689657463],[80.24998326065095,19.648697555836076],[80.25007696092666,19.649059404191714],[80.24959964241744,19.649147777584968]]]},"id":"2140"},{"type":"Feature","properties":{"id":"2141","metrics:area":600,"metrics:perimeter":106.05551275463989},"geometry":{"type":"Polygon","coordinates":[[[80.20315088522818,19.648767241713855],[80.20315222341392,19.64849615675814],[80.20343835832546,19.648497424320738],[80.20343791242615,19.64858778597985],[80.20315088522818,19.648767241713855]]]},"id":"2141"},{"type":"Feature","properties":{"id":"2142","metrics:area":1850,"metrics:perimeter":175.71155468592366},"geometry":{"type":"Polygon","coordinates":[[[80.22575434876264,19.649137064764876],[80.22566113691374,19.648684843423794],[80.22613803158443,19.64868689611139],[80.22613673198391,19.64895798256005],[80.22575434876264,19.649137064764876]]]},"id":"2142"},{"type":"Feature","properties":{"id":"2143","metrics:area":2850,"metrics:perimeter":251.6227766016838},"geometry":{"type":"Polygon","coordinates":[[[80.20667988994639,19.648782843409418],[80.20658584381712,19.648511337470328],[80.20753962782864,19.648515542703564],[80.207538297009,19.648786627948144],[80.20667988994639,19.648782843409418]]]},"id":"2143"},{"type":"Feature","properties":{"id":"2144","metrics:area":1700,"metrics:perimeter":217.08203932499367},"geometry":{"type":"Polygon","coordinates":[[[80.21574042436637,19.64891294665762],[80.21564592367663,19.648731806856027],[80.21516903006757,19.648729726343582],[80.21516990873776,19.6485490025139],[80.21593293768738,19.64855233069389],[80.21574042436637,19.64891294665762]]]},"id":"2144"},{"type":"Feature","properties":{"id":"2145","metrics:area":900,"metrics:perimeter":148.4445497735602},"geometry":{"type":"Polygon","coordinates":[[[80.25866031266612,19.64927572011175],[80.2584703828753,19.64909420801198],[80.25837666360613,19.64873236341535],[80.25875652257477,19.64909538760242],[80.25866031266612,19.64927572011175]]]},"id":"2145"},{"type":"Feature","properties":{"id":"2146","metrics:area":6800,"metrics:perimeter":481.52241434410695},"geometry":{"type":"Polygon","coordinates":[[[80.20429186344967,19.649495202685205],[80.20400795470391,19.649042128096994],[80.20477410002253,19.648412971905564],[80.20524743236646,19.649137973521245],[80.20496085113088,19.649227070483448],[80.2047723194095,19.648774418657606],[80.20458156240998,19.648773575069853],[80.20476964841598,19.649316588758168],[80.20429186344967,19.649495202685205]]]},"id":"2146"},{"type":"Feature","properties":{"id":"2147","metrics:area":1900,"metrics:perimeter":182.61297173761164},"geometry":{"type":"Polygon","coordinates":[[[80.213546271506,19.648993728776468],[80.21354891297574,19.648451557503996],[80.21393042705205,19.648453225429115],[80.21383284811131,19.64890461795078],[80.213546271506,19.648993728776468]]]},"id":"2147"},{"type":"Feature","properties":{"id":"2148","metrics:area":600,"metrics:perimeter":111.2310562561766},"geometry":{"type":"Polygon","coordinates":[[[80.17015101690725,19.648437272188808],[80.17015194595974,19.64825655036482],[80.17053299116714,19.64834867124795],[80.17053252685311,19.648439032168227],[80.17015101690725,19.648437272188808]]]},"id":"2148"},{"type":"Feature","properties":{"id":"2149","metrics:area":3900,"metrics:perimeter":280.4317414061449},"geometry":{"type":"Polygon","coordinates":[[[80.20334030426598,19.64903917177881],[80.20372538473016,19.648317968094624],[80.20429720860982,19.648410862598805],[80.20410466995438,19.64877146521547],[80.20334030426598,19.64903917177881]]]},"id":"2149"},{"type":"Feature","properties":{"id":"2150","metrics:area":2900,"metrics:perimeter":262.1775216970206},"geometry":{"type":"Polygon","coordinates":[[[80.17186595769458,19.648806629518674],[80.17205903050768,19.648355703039652],[80.17282251345482,19.64826885310735],[80.17282158739131,19.64844957505355],[80.17186595769458,19.648806629518674]]]},"id":"2150"},{"type":"Feature","properties":{"id":"2151","metrics:area":15200,"metrics:perimeter":508.16779334204364},"geometry":{"type":"Polygon","coordinates":[[[80.17691867778996,19.64928164109864],[80.17654085295959,19.648557006174627],[80.17711542238662,19.648107820167812],[80.17816457454347,19.64811261746199],[80.17777984282992,19.648743401298553],[80.1777770811854,19.649285567776392],[80.17691867778996,19.64928164109864]]]},"id":"2151"},{"type":"Feature","properties":{"id":"2152","metrics:area":15250,"metrics:perimeter":638.58326920061},"geometry":{"type":"Polygon","coordinates":[[[80.27983271466485,19.649813575033075],[80.2795481856281,19.64945097595115],[80.2797401563675,19.64918065029417],[80.27935823136103,19.64926948515811],[80.2793594416087,19.648998395417106],[80.27993373879734,19.64854887135387],[80.28107829934604,19.64855345027201],[80.28040902771237,19.648912233209415],[80.28088512390853,19.649094867307998],[80.28069234979817,19.649545920794296],[80.27983271466485,19.649813575033075]]]},"id":"2152"},{"type":"Feature","properties":{"id":"2153","metrics:area":2250,"metrics:perimeter":194.8418432072729},"geometry":{"type":"Polygon","coordinates":[[[80.21297532024968,19.648720139702235],[80.21307290143936,19.648268747715637],[80.21354979344615,19.64827083373917],[80.21335683490803,19.648721808865936],[80.21297532024968,19.648720139702235]]]},"id":"2153"},{"type":"Feature","properties":{"id":"2154","metrics:area":4200,"metrics:perimeter":286.2654060672978},"geometry":{"type":"Polygon","coordinates":[[[80.27449504994144,19.64897883780646],[80.27459246049425,19.648527406776243],[80.27554625967561,19.648531251368546],[80.27535387722996,19.648891935539346],[80.27449504994144,19.64897883780646]]]},"id":"2154"},{"type":"Feature","properties":{"id":"2155","metrics:area":2800,"metrics:perimeter":213.4166020071207},"geometry":{"type":"Polygon","coordinates":[[[80.19952695361629,19.64866078471564],[80.199433815998,19.648208552309306],[80.19981532819173,19.648210250155326],[80.20010011907544,19.648482607770934],[80.20009922353795,19.64866333094107],[80.19952695361629,19.64866078471564]]]},"id":"2155"},{"type":"Feature","properties":{"id":"2156","metrics:area":1800,"metrics:perimeter":173.2114465280323},"geometry":{"type":"Polygon","coordinates":[[[80.20181603383817,19.648670958694023],[80.20133958908372,19.64857847990534],[80.20143675545755,19.64821745697422],[80.20172288975522,19.648218727248693],[80.20181603383817,19.648670958694023]]]},"id":"2156"},{"type":"Feature","properties":{"id":"2157","metrics:area":900,"metrics:perimeter":128.3130955811703},"geometry":{"type":"Polygon","coordinates":[[[80.21259424640789,19.648628107870913],[80.21269138787784,19.64826707798655],[80.21288214465372,19.648267912952235],[80.21297664193439,19.648449054099174],[80.21259424640789,19.648628107870913]]]},"id":"2157"},{"type":"Feature","properties":{"id":"2158","metrics:area":2150,"metrics:perimeter":196.88507523218888},"geometry":{"type":"Polygon","coordinates":[[[80.21726736240183,19.648738871141408],[80.21698166442735,19.6486472636112],[80.21707879618779,19.648286231020013],[80.21765106721607,19.648288721352756],[80.21726736240183,19.648738871141408]]]},"id":"2158"},{"type":"Feature","properties":{"id":"2159","metrics:area":3900,"metrics:perimeter":342.34433795549876},"geometry":{"type":"Polygon","coordinates":[[[80.23071622346842,19.648706537584385],[80.23081332482953,19.648345496533338],[80.23119397950305,19.648527852351258],[80.23129021907826,19.6483475355259],[80.23205325000012,19.648350795284287],[80.23157463505923,19.648710207388763],[80.23071622346842,19.648706537584385]]]},"id":"2159"},{"type":"Feature","properties":{"id":"2160","metrics:area":1200,"metrics:perimeter":147.44338410251953},"geometry":{"type":"Polygon","coordinates":[[[80.23720157769415,19.648824525931918],[80.23710790664806,19.648462671821516],[80.23729909170348,19.648373118507905],[80.23748771551404,19.64882573934441],[80.23720157769415,19.648824525931918]]]},"id":"2160"},{"type":"Feature","properties":{"id":"2161","metrics:area":950,"metrics:perimeter":142.22125139210445},"geometry":{"type":"Polygon","coordinates":[[[80.27115674531632,19.64896533980127],[80.27087223768456,19.648602727625583],[80.27125416513198,19.648513910876343],[80.27115674531632,19.64896533980127]]]},"id":"2161"},{"type":"Feature","properties":{"id":"2162","metrics:area":1350,"metrics:perimeter":155.71155468592366},"geometry":{"type":"Polygon","coordinates":[[[80.27564001765526,19.648893088257193],[80.27583239947381,19.648532403760044],[80.27611853929223,19.64853355569637],[80.27611732363317,19.64880464525704],[80.27564001765526,19.648893088257193]]]},"id":"2162"},{"type":"Feature","properties":{"id":"2163","metrics:area":3000,"metrics:perimeter":271.2221975950564},"geometry":{"type":"Polygon","coordinates":[[[80.27668798466246,19.64916840057901],[80.27621229856649,19.64889539232736],[80.27640467913082,19.648534707177543],[80.27669081898961,19.648535858203548],[80.27659422417612,19.648806564168048],[80.27707112477509,19.648808481814683],[80.27668798466246,19.64916840057901]]]},"id":"2163"},{"type":"Feature","properties":{"id":"2164","metrics:area":1400,"metrics:perimeter":151.2310562561766},"geometry":{"type":"Polygon","coordinates":[[[80.28355657740677,19.648924799615262],[80.28355818163497,19.648563346277662],[80.28393970212046,19.648564865705612],[80.28384271840815,19.648925939284737],[80.28355657740677,19.648924799615262]]]},"id":"2164"},{"type":"Feature","properties":{"id":"2165","metrics:area":326200,"metrics:perimeter":6263.387281508641},"geometry":{"type":"Polygon","coordinates":[[[80.14799966218926,19.65285182773344],[80.14838594856249,19.651950031440446],[80.14771495516361,19.652579390648004],[80.14743311314025,19.65176479106307],[80.1468603621985,19.651852437188264],[80.1468613175037,19.65167171651757],[80.14657518105562,19.651670358736673],[80.1465775700731,19.651218557077584],[80.14695908427481,19.651220367306003],[80.1473386890184,19.65158361812623],[80.14762673422958,19.651223533258584],[80.14724474252932,19.651312084795663],[80.14676928254362,19.65103874161389],[80.14686752672968,19.650497032068525],[80.14658091458648,19.650586034716284],[80.14658234790969,19.65031495369053],[80.1459127892977,19.65067322530393],[80.14581932390375,19.650311330985986],[80.14610832606247,19.649770527870643],[80.14572538065556,19.65003979694705],[80.14553893004584,19.649225647748576],[80.14534626161628,19.649586182610232],[80.14506060758053,19.649494462241922],[80.14544594456842,19.64877339291014],[80.14620513763393,19.64949989969693],[80.14630338254851,19.648958190404056],[80.14659046962481,19.648778827721813],[80.14630433832498,19.64877746970157],[80.1461121501494,19.64904764514076],[80.14582793102934,19.64868484498175],[80.14668823505744,19.648327478476844],[80.14669014567176,19.64796603700652],[80.1575626266041,19.648107657099093],[80.15689451587284,19.648194889116688],[80.15679819486265,19.64837516317785],[80.1564171586236,19.648283013476846],[80.15612961034326,19.648552752882143],[80.1556531969876,19.648460154005516],[80.1561277208019,19.648914195215593],[80.15574479331765,19.64918348635326],[80.1559331859043,19.649636184615954],[80.15574384808858,19.64936420749118],[80.15555262001516,19.649453672440604],[80.15526270367532,19.650175213052734],[80.15535571751685,19.65062746379956],[80.15487882548177,19.650625223218796],[80.15459411016344,19.650352796673864],[80.15449636520013,19.650804150894544],[80.15411437766628,19.650892717207647],[80.15402136720773,19.65044046595519],[80.15354684523865,19.649986419315987],[80.15392456793877,19.65071109877665],[80.15373002078547,19.651433085205152],[80.15335229742013,19.650708405362973],[80.15316154060157,19.65070750715381],[80.15344625400886,19.65097993589004],[80.15325407469636,19.65125011924536],[80.15268512296443,19.65061490026243],[80.15259164226605,19.650253008897337],[80.15287777664986,19.650254357012074],[80.15268891777627,19.649892016361857],[80.1524008860233,19.65025210990132],[80.15239851343237,19.650703912294215],[80.1520169999108,19.650702113650627],[80.15192447023965,19.650159501056066],[80.15230882979651,19.64961913695446],[80.1510627410175,19.650787973946017],[80.15106416682984,19.650516892609634],[80.15154343303988,19.65006734099248],[80.15173941254298,19.649074275696496],[80.15107082030764,19.64925184626392],[80.15107319642475,19.648800043953987],[80.1513612283261,19.648439952497608],[80.15031303250146,19.648254277874333],[80.15002499867981,19.648614367584294],[80.15030780043367,19.649248242789607],[80.1501113361367,19.650331666597033],[80.15049094624526,19.650694910984416],[80.15010848131705,19.650873829138305],[80.15020148092574,19.6513260819947],[80.14981949016571,19.65141463904462],[80.150199102038,19.65177788407542],[80.1500073923247,19.65195770329154],[80.1496263521852,19.651865539066087],[80.1499115373079,19.652047612815636],[80.1497183987494,19.652498512885963],[80.14876698808175,19.652042198274845],[80.14847703672628,19.65276372643834],[80.14799966218926,19.65285182773344]]]},"id":"2165"},{"type":"Feature","properties":{"id":"2166","metrics:area":600,"metrics:perimeter":115.9524158061724},"geometry":{"type":"Polygon","coordinates":[[[80.20238964357581,19.648402412729162],[80.2020076839901,19.648491081956394],[80.20200902407517,19.64821999706805],[80.20238964357581,19.648402412729162]]]},"id":"2166"},{"type":"Feature","properties":{"id":"2167","metrics:area":4900,"metrics:perimeter":290.3934793979345},"geometry":{"type":"Polygon","coordinates":[[[80.20515338849216,19.648866466920353],[80.20487036849747,19.648232670229497],[80.20582415046482,19.648236884502666],[80.20563072602923,19.64877821229921],[80.20515338849216,19.648866466920353]]]},"id":"2167"},{"type":"Feature","properties":{"id":"2168","metrics:area":6000,"metrics:perimeter":470.0578993321718},"geometry":{"type":"Polygon","coordinates":[[[80.21201976935905,19.649077410627914],[80.2113525589584,19.648984122218447],[80.21144970342483,19.648623093122414],[80.21192836087194,19.648263736100986],[80.21202241596774,19.648535239560008],[80.21230811062915,19.648626854866503],[80.21221405499958,19.64835535154119],[80.21250063111171,19.64826624281858],[80.21240216655949,19.64889835814544],[80.21183033530191,19.64880548919722],[80.21201976935905,19.649077410627914]]]},"id":"2168"},{"type":"Feature","properties":{"id":"2169","metrics:area":1200,"metrics:perimeter":143.2455532033676},"geometry":{"type":"Polygon","coordinates":[[[80.14401816373609,19.648224427350165],[80.14392422462545,19.64795289246724],[80.14440110740547,19.647955161801093],[80.14430429388446,19.648225788970763],[80.14401816373609,19.648224427350165]]]},"id":"2169"},{"type":"Feature","properties":{"id":"2170","metrics:area":500,"metrics:perimeter":103.5917360311745},"geometry":{"type":"Polygon","coordinates":[[[80.16357091325307,19.64822606366542],[80.16366722675183,19.648045785691746],[80.16395335804023,19.648047116041738],[80.16395289005112,19.648137476813414],[80.16357091325307,19.64822606366542]]]},"id":"2170"},{"type":"Feature","properties":{"id":"2171","metrics:area":700,"metrics:perimeter":112.36067977499789},"geometry":{"type":"Polygon","coordinates":[[[80.16414317647815,19.648228724240138],[80.16414411224547,19.648048002688892],[80.164525620687,19.6480497753764],[80.16442930812566,19.64823005384482],[80.16414317647815,19.648228724240138]]]},"id":"2171"},{"type":"Feature","properties":{"id":"2172","metrics:area":1000,"metrics:perimeter":148.2842712474619},"geometry":{"type":"Polygon","coordinates":[[[80.17186873911837,19.648264463821892],[80.1718696662391,19.64808374191563],[80.1724419301697,19.648086376067557],[80.17225024882217,19.6482662201429],[80.17186873911837,19.648264463821892]]]},"id":"2172"},{"type":"Feature","properties":{"id":"2173","metrics:area":600,"metrics:perimeter":100},"geometry":{"type":"Polygon","coordinates":[[[80.19380561319355,19.64836413799351],[80.19380651576178,19.64818341509709],[80.19409264946272,19.64818469750826],[80.19409174721474,19.64836542041741],[80.19380561319355,19.64836413799351]]]},"id":"2173"},{"type":"Feature","properties":{"id":"2174","metrics:area":1800,"metrics:perimeter":183.2455532033676},"geometry":{"type":"Polygon","coordinates":[[[80.20992408893127,19.64852603366188],[80.20983003741215,19.64825452922749],[80.21049768565729,19.648257461342176],[80.21040098133561,19.648528128060725],[80.20992408893127,19.64852603366188]]]},"id":"2174"},{"type":"Feature","properties":{"id":"2175","metrics:area":1500,"metrics:perimeter":172.11102550927978},"geometry":{"type":"Polygon","coordinates":[[[80.21650520950168,19.64855482470488],[80.216315768286,19.64828290774439],[80.21698341769158,19.648285815787556],[80.21679134544162,19.648556071027667],[80.21650520950168,19.64855482470488]]]},"id":"2175"},{"type":"Feature","properties":{"id":"2176","metrics:area":1500,"metrics:perimeter":189.19306483427346},"geometry":{"type":"Polygon","coordinates":[[[80.24721599259001,19.64895708714337],[80.24664540209362,19.648593240468617],[80.24664624551963,19.648412515296336],[80.2472172567927,19.64868599935885],[80.24721599259001,19.64895708714337]]]},"id":"2176"},{"type":"Feature","properties":{"id":"2177","metrics:area":900,"metrics:perimeter":123.24555320336759},"geometry":{"type":"Polygon","coordinates":[[[80.24855256875558,19.648691583658042],[80.24845845141441,19.648420097238226],[80.2488399685521,19.648421691110187],[80.24883912758155,19.648602416373624],[80.24855256875558,19.648691583658042]]]},"id":"2177"},{"type":"Feature","properties":{"id":"2178","metrics:area":800,"metrics:perimeter":119.5153275036385},"geometry":{"type":"Polygon","coordinates":[[[80.25866238766521,19.648823905965976],[80.25847245838523,19.64864239387659],[80.2584732885731,19.648461668216026],[80.25875942715159,19.648462847765458],[80.25866238766521,19.648823905965976]]]},"id":"2178"},{"type":"Feature","properties":{"id":"2179","metrics:area":700,"metrics:perimeter":112.36067977499789},"geometry":{"type":"Polygon","coordinates":[[[80.2594262547948,19.64864632397701],[80.2594270839151,19.648465598277408],[80.25980860211618,19.64846716888592],[80.25971239376247,19.64864750202096],[80.2594262547948,19.64864632397701]]]},"id":"2179"},{"type":"Feature","properties":{"id":"2180","metrics:area":600,"metrics:perimeter":104.7213595499958},"geometry":{"type":"Polygon","coordinates":[[[80.26085694983948,19.648652209645117],[80.26095315693959,19.648471875856433],[80.26123929569701,19.648473051461167],[80.2611430889103,19.648653385413247],[80.26085694983948,19.648652209645117]]]},"id":"2180"},{"type":"Feature","properties":{"id":"2181","metrics:area":900,"metrics:perimeter":150.8276253029822},"geometry":{"type":"Polygon","coordinates":[[[80.2613338483023,19.648654169005802],[80.2613346752874,19.648473443228266],[80.26190695287775,19.648475792768824],[80.26190653970664,19.648566155669716],[80.2613338483023,19.648654169005802]]]},"id":"2181"},{"type":"Feature","properties":{"id":"2182","metrics:area":700,"metrics:perimeter":112.36067977499789},"geometry":{"type":"Polygon","coordinates":[[[80.26781967306354,19.648680690787177],[80.26782049278891,19.648499964746176],[80.26820201179315,19.648501517552898],[80.2681058126336,19.64868185547965],[80.26781967306354,19.648680690787177]]]},"id":"2182"},{"type":"Feature","properties":{"id":"2183","metrics:area":54100,"metrics:perimeter":2666.399247162784},"geometry":{"type":"Polygon","coordinates":[[[80.14466377423679,19.65238417747812],[80.14456983189717,19.652112642924905],[80.1449518267414,19.652024097204638],[80.14505055638237,19.651392028666216],[80.1448597991686,19.65139112162113],[80.14485836286745,19.651662202492318],[80.14438194811524,19.651569573682515],[80.14400666335602,19.650393074372804],[80.14381590737497,19.650392166264655],[80.14391511942101,19.649669738079943],[80.14362754851065,19.6499394565799],[80.14324603766921,19.64993763939728],[80.14324843577653,19.64948583804512],[80.14296134391877,19.649665195191083],[80.14277250837704,19.649302844960694],[80.14353504755633,19.649396840694138],[80.1435360064551,19.649216120131474],[80.14229754237145,19.648939130144036],[80.14229850263142,19.64875840963089],[80.14267953067588,19.648850588984992],[80.14268145032057,19.6484891479152],[80.14239531982723,19.64848778369536],[80.1422069670087,19.6480350726612],[80.14163422724593,19.648122702565743],[80.1413490587604,19.647940616219838],[80.14258895319436,19.647946531607147],[80.1430629576822,19.648490966167046],[80.14392134940121,19.648495054275486],[80.14401576794958,19.64867622885683],[80.14363234252382,19.649035853762374],[80.14401097617763,19.649579831801294],[80.14439296522555,19.649491287030223],[80.14401433044586,19.64894730974981],[80.14458611447546,19.649040392953452],[80.14477974133513,19.64849913828794],[80.14525710429909,19.648411045083247],[80.14525375499937,19.649043567378328],[80.14468005527053,19.649311927523716],[80.14486841647454,19.649764636220468],[80.14448642699197,19.64985318198443],[80.14448546912362,19.650033902579338],[80.14476920859771,19.650487065081613],[80.14496283678999,19.649945810347024],[80.14534386936728,19.650037984205742],[80.14514832797474,19.65094068060877],[80.14543207084175,19.651393842149478],[80.1450462483683,19.652205271295514],[80.14466377423679,19.65238417747812]]]},"id":"2183"},{"type":"Feature","properties":{"id":"2184","metrics:area":700,"metrics:perimeter":152.13591931880694},"geometry":{"type":"Polygon","coordinates":[[[80.14564004646765,19.648141776840383],[80.1451641199914,19.647958790105815],[80.14583175614317,19.647961962217718],[80.14564004646765,19.648141776840383]]]},"id":"2184"},{"type":"Feature","properties":{"id":"2185","metrics:area":5400,"metrics:perimeter":688.9184576390834},"geometry":{"type":"Polygon","coordinates":[[[80.15841960625202,19.648382757855536],[80.15832564252067,19.648111229595923],[80.15784828614562,19.648199357793967],[80.15775385202596,19.64801818989871],[80.16071053813903,19.648032012092802],[80.16051884429702,19.64821184318834],[80.15956554374107,19.648117028000822],[80.15946922570534,19.64829730360611],[80.15880252755329,19.648113460763003],[80.15841960625202,19.648382757855536]]]},"id":"2185"},{"type":"Feature","properties":{"id":"2186","metrics:area":900,"metrics:perimeter":189.30106595800748},"geometry":{"type":"Polygon","coordinates":[[[80.16271345595898,19.648041347904893],[80.16242638708296,19.64822073705466],[80.16185506246728,19.648037349573205],[80.16271345595898,19.648041347904893]]]},"id":"2186"},{"type":"Feature","properties":{"id":"2187","metrics:area":1500,"metrics:perimeter":307.7107633606043},"geometry":{"type":"Polygon","coordinates":[[[80.1661460984999,19.64823802191559],[80.16500250629718,19.648051990098015],[80.16643316351576,19.648058626677713],[80.1661460984999,19.64823802191559]]]},"id":"2187"},{"type":"Feature","properties":{"id":"2188","metrics:area":16450,"metrics:perimeter":843.9887892371513},"geometry":{"type":"Polygon","coordinates":[[[80.16871616690766,19.649243912927115],[80.16824393339068,19.64833809928745],[80.16757582585008,19.64842537116472],[80.167291558126,19.648062603164227],[80.16948523419023,19.64807274668752],[80.16948337460106,19.648434190277936],[80.16977136595125,19.648074067783636],[80.17005749773541,19.648075388424637],[80.16957642778814,19.648886435180938],[80.16891017941701,19.648612268431297],[80.16890738800357,19.649154433699596],[80.16871616690766,19.649243912927115]]]},"id":"2188"},{"type":"Feature","properties":{"id":"2189","metrics:area":1200,"metrics:perimeter":146.0555127546399},"geometry":{"type":"Polygon","coordinates":[[[80.1708191234934,19.64834999069498],[80.1706297613732,19.64807802834131],[80.17110664780873,19.648080226881255],[80.17110525584278,19.6483513096869],[80.1708191234934,19.64834999069498]]]},"id":"2189"},{"type":"Feature","properties":{"id":"2190","metrics:area":1600,"metrics:perimeter":190.89724298507355},"geometry":{"type":"Polygon","coordinates":[[[80.17148537432938,19.648624150458406],[80.17148722945564,19.648262706691796],[80.17129740240091,19.648081105943252],[80.1716789116161,19.64808286346044],[80.17177197083836,19.648535107461196],[80.17148537432938,19.648624150458406]]]},"id":"2190"},{"type":"Feature","properties":{"id":"2191","metrics:area":1650,"metrics:perimeter":177.6782893563237},"geometry":{"type":"Polygon","coordinates":[[[80.17949848167737,19.648389797638814],[80.1793091045206,19.64811784389539],[80.17997674717644,19.648120889285405],[80.17987999241203,19.648391537786473],[80.17949848167737,19.648389797638814]]]},"id":"2191"},{"type":"Feature","properties":{"id":"2192","metrics:area":26300,"metrics:perimeter":1241.121168565956},"geometry":{"type":"Polygon","coordinates":[[[80.18292430402809,19.649941570152357],[80.18273446172094,19.64975998097557],[80.18283212758278,19.649308608456124],[80.18178296642324,19.64930383811033],[80.18149820620329,19.649031452557303],[80.18073564005824,19.648937617062384],[80.18016750224385,19.648121758941723],[80.18083514505977,19.648124801145933],[80.18083285232494,19.648576606924415],[80.1810259001729,19.64812566989202],[80.18159816557318,19.64812827491663],[80.18150049713341,19.648579646726258],[80.18178892072689,19.64812914285362],[80.18207505347648,19.648130444379834],[80.18216905767322,19.648401961681166],[80.1817870886791,19.648490587564503],[80.18207276421104,19.648582250298475],[80.18207047488222,19.64903405619417],[80.18226306216992,19.6486734789366],[80.1826445738395,19.648675213244065],[80.18330856193323,19.649401135973864],[80.18340165459537,19.64985337509264],[80.18292430402809,19.649941570152357]]]},"id":"2192"},{"type":"Feature","properties":{"id":"2193","metrics:area":1000,"metrics:perimeter":163.1883050779801},"geometry":{"type":"Polygon","coordinates":[[[80.19876527273736,19.64838630224843],[80.19867079172964,19.64820515418993],[80.19933843795576,19.648208127721375],[80.1993379897687,19.648298489292788],[80.19876527273736,19.64838630224843]]]},"id":"2193"},{"type":"Feature","properties":{"id":"2194","metrics:area":2250,"metrics:perimeter":211.6227766016838},"geometry":{"type":"Polygon","coordinates":[[[80.20620299721986,19.648780739117893],[80.20620388593,19.648600015680923],[80.2059195286751,19.648237305651847],[80.20649179798845,19.648239831484968],[80.20648957704456,19.64869164012022],[80.20620299721986,19.648780739117893]]]},"id":"2194"},{"type":"Feature","properties":{"id":"2195","metrics:area":4350,"metrics:perimeter":388.70481592667744},"geometry":{"type":"Polygon","coordinates":[[[80.20763500624328,19.648515962948746],[80.20706406739033,19.64824235549758],[80.20878087612655,19.64824991661224],[80.20868416896661,19.648520582308084],[80.20763500624328,19.648515962948746]]]},"id":"2195"},{"type":"Feature","properties":{"id":"2196","metrics:area":3200,"metrics:perimeter":333.4166020071207},"geometry":{"type":"Polygon","coordinates":[[[80.21459719747355,19.648636866157812],[80.21431238097676,19.648364530646585],[80.21383592867947,19.648272084746445],[80.21526660517486,19.648278332955787],[80.21497871208403,19.64863853187435],[80.21459719747355,19.648636866157812]]]},"id":"2196"},{"type":"Feature","properties":{"id":"2197","metrics:area":500,"metrics:perimeter":117.0820393249937},"geometry":{"type":"Polygon","coordinates":[[[80.21917624954615,19.64847607734804],[80.21879560953442,19.64829369655662],[80.21927250227,19.64829576740897],[80.21917624954615,19.64847607734804]]]},"id":"2197"},{"type":"Feature","properties":{"id":"2198","metrics:area":1400,"metrics:perimeter":221.9803902718557},"geometry":{"type":"Polygon","coordinates":[[[80.22022497842259,19.648570991399925],[80.21984477363256,19.648298250762963],[80.22079768707313,19.648483109718867],[80.22079725089098,19.64857347175662],[80.22022497842259,19.648570991399925]]]},"id":"2198"},{"type":"Feature","properties":{"id":"2199","metrics:area":1100,"metrics:perimeter":152.3606797749979},"geometry":{"type":"Polygon","coordinates":[[[80.22528048856957,19.648502476096446],[80.22518597720531,19.64832134094245],[80.22575824946426,19.64832380548404],[80.22575738265847,19.64850452977508],[80.22528048856957,19.648502476096446]]]},"id":"2199"},{"type":"Feature","properties":{"id":"2200","metrics:area":13550,"metrics:perimeter":573.6849076470636},"geometry":{"type":"Polygon","coordinates":[[[80.2270879270435,19.649504257198263],[80.22651694942262,19.649230710289157],[80.22632878946949,19.64868771683242],[80.22585362818249,19.648324216063973],[80.22785658181898,19.64833282656063],[80.22775990620099,19.6486035036062],[80.2274737694293,19.64860227473065],[80.2270879270435,19.649504257198263]]]},"id":"2200"},{"type":"Feature","properties":{"id":"2201","metrics:area":13600,"metrics:perimeter":825.4400136601805},"geometry":{"type":"Polygon","coordinates":[[[80.2281375331741,19.649418401113206],[80.22794893532165,19.6489657713585],[80.2284258310805,19.64896781800792],[80.22852207397322,19.64878750278613],[80.228142718139,19.648334054811016],[80.22976415769212,19.64834100629942],[80.22976200186912,19.648792817447337],[80.23014394918184,19.648704088772373],[80.2301422253441,19.64906553771034],[80.22909262214053,19.64915140561372],[80.22900026405206,19.648518461260764],[80.2286174530278,19.648787911909658],[80.22842367143728,19.649419628981626],[80.2281375331741,19.649418401113206]]]},"id":"2201"},{"type":"Feature","properties":{"id":"2202","metrics:area":4500,"metrics:perimeter":392.4595002532061},"geometry":{"type":"Polygon","coordinates":[[[80.2377734266673,19.648917314698124],[80.23739447070987,19.64837352296869],[80.2379654650829,19.648647035883567],[80.23892053513349,19.648379987463493],[80.23863226700617,19.648830588442795],[80.2377734266673,19.648917314698124]]]},"id":"2202"},{"type":"Feature","properties":{"id":"2203","metrics:area":1000,"metrics:perimeter":147.7995987511004},"geometry":{"type":"Polygon","coordinates":[[[80.2475983532647,19.64877795848805],[80.24721852097437,19.6484149115661],[80.24769541725084,19.648416907066824],[80.2475983532647,19.64877795848805]]]},"id":"2203"},{"type":"Feature","properties":{"id":"2204","metrics:area":1450,"metrics:perimeter":173.65746312736945},"geometry":{"type":"Polygon","coordinates":[[[80.24950636329433,19.648695566374396],[80.24922148572705,19.648423284172996],[80.24988914087278,19.64842607008586],[80.24988830107657,19.648606795392794],[80.24950636329433,19.648695566374396]]]},"id":"2204"},{"type":"Feature","properties":{"id":"2205","metrics:area":6950,"metrics:perimeter":557.7257390741463},"geometry":{"type":"Polygon","coordinates":[[[80.25026814001464,19.648969836880703],[80.25007989950679,19.648426865605813],[80.25208286572457,19.648435206352048],[80.25150891358601,19.64879427630188],[80.25122277489344,19.648793085198193],[80.251319411758,19.648522394238217],[80.25112781454386,19.648702325385642],[80.25074671596357,19.64861037367509],[80.25064965861023,19.648971426956543],[80.25026814001464,19.648969836880703]]]},"id":"2205"},{"type":"Feature","properties":{"id":"2206","metrics:area":600,"metrics:perimeter":112.11102550927978},"geometry":{"type":"Polygon","coordinates":[[[80.26524524046089,19.648489462135803],[80.2650532468596,19.648759771590047],[80.26486372173854,19.648487903057973],[80.26524524046089,19.648489462135803]]]},"id":"2206"},{"type":"Feature","properties":{"id":"2207","metrics:area":600,"metrics:perimeter":112.11102550927978},"geometry":{"type":"Polygon","coordinates":[[[80.27077726602008,19.64851197783327],[80.27058528144381,19.64878229348964],[80.27039574677124,19.64851043048849],[80.27077726602008,19.64851197783327]]]},"id":"2207"},{"type":"Feature","properties":{"id":"2208","metrics:area":650,"metrics:perimeter":103.98345637668169},"geometry":{"type":"Polygon","coordinates":[[[80.27182522127531,19.648787318161578],[80.27173106430034,19.648515842655073],[80.27201720382844,19.648517001115422],[80.27201638880057,19.64869772732566],[80.27182522127531,19.648787318161578]]]},"id":"2208"},{"type":"Feature","properties":{"id":"2209","metrics:area":1950,"metrics:perimeter":458.58975440786975},"geometry":{"type":"Polygon","coordinates":[[[80.27773838139109,19.648901527613273],[80.27773919002222,19.648720801177483],[80.27678619894702,19.64853624177773],[80.27878917857001,19.648544285153058],[80.27793035440752,19.648631203947186],[80.27773838139109,19.648901527613273]]]},"id":"2209"},{"type":"Feature","properties":{"id":"2210","metrics:area":1350,"metrics:perimeter":157.6782893563237},"geometry":{"type":"Polygon","coordinates":[[[80.29109202726146,19.64886429560241],[80.29090245719931,19.648592453126255],[80.29147473896111,19.648594708599315],[80.2913781686261,19.64886542327988],[80.29109202726146,19.64886429560241]]]},"id":"2210"}]}