{"type":"FeatureCollection","features":[{"type":"Feature","properties":{"id":"1","metrics:area":500,"metrics:perimeter":92.36067977499789},"geometry":{"type":"Polygon","coordinates":[[[72.83449366201955,19.118773491401395],[72.83449719212747,19.118502558974],[72.83468721457392,19.118504795834458],[72.83468486138139,19.118685417476414],[72.83449366201955,19.118773491401395]]]},"id":"1"},{"type":"Feature","properties":{"id":"2","metrics:area":1000,"metrics:perimeter":144.72135954999578},"geometry":{"type":"Polygon","coordinates":[[[72.87502416017873,19.107503703812935],[72.87464759285605,19.10722837571136],[72.87464990114675,19.10704774910029],[72.87502762204556,19.107232763836553],[72.87502416017873,19.107503703812935]]]},"id":"2"},{"type":"Feature","properties":{"id":"3","metrics:area":4850,"metrics:perimeter":306.30204997601106},"geometry":{"type":"Polygon","coordinates":[[[72.875544187247,19.10398696650296],[72.87507146729303,19.10380085672739],[72.87497992316405,19.10352881990466],[72.8761199859446,19.10354197742485],[72.87611537344105,19.10390323112619],[72.875544187247,19.10398696650296]]]},"id":"3"},{"type":"Feature","properties":{"id":"4","metrics:area":5250,"metrics:perimeter":290.71067811865476},"geometry":{"type":"Polygon","coordinates":[[[72.87118896677421,19.102762405467804],[72.87119705678094,19.102130213431373],[72.87186324139006,19.102047589436953],[72.87185399857715,19.102770094938005],[72.87118896677421,19.102762405467804]]]},"id":"4"},{"type":"Feature","properties":{"id":"5","metrics:area":1500,"metrics:perimeter":187.05481427033433},"geometry":{"type":"Polygon","coordinates":[[[72.87557532814381,19.101548504652023],[72.87519531179947,19.101544118910937],[72.87481760292742,19.101359105644544],[72.87548378400952,19.101276468058405],[72.87557532814381,19.101548504652023]]]},"id":"5"},{"type":"Feature","properties":{"id":"6","metrics:area":7350,"metrics:perimeter":343.33991703401364},"geometry":{"type":"Polygon","coordinates":[[[72.87034201960388,19.10212032379738],[72.86967699105334,19.102112629118807],[72.86958892628915,19.101569651327694],[72.86968855588881,19.1012094984513],[72.87025973339124,19.10112578059605],[72.87034201960388,19.10212032379738]]]},"id":"6"},{"type":"Feature","properties":{"id":"7","metrics:area":12600,"metrics:perimeter":508.95433445150945},"geometry":{"type":"Polygon","coordinates":[[[72.87110551982656,19.101858175337227],[72.87111823240065,19.100864730644318],[72.87168709776806,19.100961634547755],[72.87150055706489,19.10068849828274],[72.872070577318,19.100695087752353],[72.87224672338864,19.101781042518784],[72.87110551982656,19.101858175337227]]]},"id":"7"},{"type":"Feature","properties":{"id":"8","metrics:area":1100,"metrics:perimeter":136.25118400082528},"geometry":{"type":"Polygon","coordinates":[[[72.85649127187136,19.100424029192336],[72.8563035946543,19.100241192279597],[72.8564020875799,19.099971361571065],[72.85668593020519,19.100064992084377],[72.85649127187136,19.100424029192336]]]},"id":"8"},{"type":"Feature","properties":{"id":"9","metrics:area":5950,"metrics:perimeter":310.656354957875},"geometry":{"type":"Polygon","coordinates":[[[72.8604767274227,19.10083169315266],[72.86019868854974,19.10028650557271],[72.8607733480855,19.09993187966392],[72.86124023266457,19.100569586541408],[72.8604767274227,19.10083169315266]]]},"id":"9"},{"type":"Feature","properties":{"id":"10","metrics:area":7700,"metrics:perimeter":358.725074242052},"geometry":{"type":"Polygon","coordinates":[[[72.87112285495944,19.10050347800016],[72.87122710258276,19.099782071173344],[72.87170211677261,19.099787562975273],[72.87226635914962,19.10024571769852],[72.87226289415206,19.100516657392678],[72.87112285495944,19.10050347800016]]]},"id":"10"},{"type":"Feature","properties":{"id":"11","metrics:area":2300,"metrics:perimeter":219.29168552452035},"geometry":{"type":"Polygon","coordinates":[[[72.83636150808456,19.09937563227692],[72.83617737977073,19.098921843790823],[72.836933858868,19.099201707763907],[72.83693151067317,19.09938233005292],[72.83636150808456,19.09937563227692]]]},"id":"11"},{"type":"Feature","properties":{"id":"12","metrics:area":19350,"metrics:perimeter":731.0797727412164},"geometry":{"type":"Polygon","coordinates":[[[72.86124255463783,19.100388961381977],[72.86068299080337,19.099569525541884],[72.86049298672569,19.099567317625223],[72.86048834134148,19.099928567794972],[72.86000868371396,19.100284297076833],[72.85944447903962,19.09982610802793],[72.86021611090945,19.09893181766735],[72.86050111589601,19.098935129791485],[72.86172453167774,19.099852603432055],[72.86181605202741,19.10012464465136],[72.86124255463783,19.100388961381977]]]},"id":"12"},{"type":"Feature","properties":{"id":"13","metrics:area":2300,"metrics:perimeter":202.02582786456543},"geometry":{"type":"Polygon","coordinates":[[[72.8571679196071,19.099528647396163],[72.85698024247588,19.09934581118325],[72.85746106574523,19.098899777760867],[72.85764641730579,19.0992632382532],[72.8571679196071,19.099528647396163]]]},"id":"13"},{"type":"Feature","properties":{"id":"14","metrics:area":4950,"metrics:perimeter":279.7494670898136},"geometry":{"type":"Polygon","coordinates":[[[72.87189212249415,19.099789759353463],[72.87161520098235,19.099154272300037],[72.87171251390026,19.098974744100072],[72.87228252836348,19.098981332345847],[72.87227328896897,19.0997038382845],[72.87189212249415,19.099789759353463]]]},"id":"14"},{"type":"Feature","properties":{"id":"15","metrics:area":10200,"metrics:perimeter":388.33771245653713},"geometry":{"type":"Polygon","coordinates":[[[72.8564067418435,19.0996101123716],[72.8557487127506,19.0990604947605],[72.85575220434221,19.098789557951868],[72.85623186522274,19.09843384018195],[72.85698489532056,19.098984561822135],[72.8569814056969,19.099255498844403],[72.8564067418435,19.0996101123716]]]},"id":"15"},{"type":"Feature","properties":{"id":"16","metrics:area":2300,"metrics:perimeter":224.49070816933857},"geometry":{"type":"Polygon","coordinates":[[[72.8296270979005,19.098483445107583],[72.82972563121885,19.098213632784425],[72.83048680359107,19.098132278848652],[72.8303882715261,19.098402091708458],[72.8296270979005,19.098483445107583]]]},"id":"16"},{"type":"Feature","properties":{"id":"17","metrics:area":1800,"metrics:perimeter":172.05569083760324},"geometry":{"type":"Polygon","coordinates":[[[72.85698489532056,19.098984561822135],[72.85679954552306,19.098621100824413],[72.85718187674844,19.09844489915502],[72.85727106283359,19.098897566595117],[72.85698489532056,19.098984561822135]]]},"id":"17"},{"type":"Feature","properties":{"id":"18","metrics:area":20050,"metrics:perimeter":568.1622170804345},"geometry":{"type":"Polygon","coordinates":[[[72.86191337565063,19.099945122735168],[72.86106996506429,19.099032065302683],[72.86184158477955,19.098137766842562],[72.86297116158002,19.098963816418227],[72.86191337565063,19.099945122735168]]]},"id":"18"},{"type":"Feature","properties":{"id":"19","metrics:area":1800,"metrics:perimeter":172.05569083760324},"geometry":{"type":"Polygon","coordinates":[[[72.85661070638646,19.098528576683325],[72.85642535784842,19.098165115421278],[72.85690152601012,19.09808033260018],[72.85699303754627,19.098352375403504],[72.85661070638646,19.098528576683325]]]},"id":"19"},{"type":"Feature","properties":{"id":"20","metrics:area":3100,"metrics:perimeter":335.55760771892005},"geometry":{"type":"Polygon","coordinates":[[[72.86297116158002,19.098963816418227],[72.86203158739346,19.098139973209438],[72.86203506857825,19.097869035257045],[72.86306848320723,19.098784293682492],[72.86297116158002,19.098963816418227]]]},"id":"20"},{"type":"Feature","properties":{"id":"21","metrics:area":1800,"metrics:perimeter":188.50785183387268},"geometry":{"type":"Polygon","coordinates":[[[72.85709036485858,19.09817285641307],[72.85700001634116,19.09781050129323],[72.85757234692598,19.097636509900788],[72.85757002133104,19.0978171346793],[72.85709036485858,19.09817285641307]]]},"id":"21"},{"type":"Feature","properties":{"id":"22","metrics:area":5150,"metrics:perimeter":396.5805283539547},"geometry":{"type":"Polygon","coordinates":[[[72.82820682154707,19.098105399091],[72.8279277185125,19.09765048404929],[72.82745508237004,19.09746425877503],[72.82755715541033,19.096923516064614],[72.82793597046603,19.09701830968273],[72.82792889738295,19.097560173428356],[72.8284038916831,19.097565776265064],[72.82839799855097,19.098017329502625],[72.82820682154707,19.098105399091]]]},"id":"22"},{"type":"Feature","properties":{"id":"23","metrics:area":11000,"metrics:perimeter":427.38628687821046},"geometry":{"type":"Polygon","coordinates":[[[72.86297464139734,19.0986928783233],[72.86222507090953,19.097871241394518],[72.8622320324849,19.097329365396707],[72.86280087784552,19.097426295135154],[72.86327008419916,19.097883371651875],[72.86335696763426,19.098516663200765],[72.86297464139734,19.0986928783233]]]},"id":"23"},{"type":"Feature","properties":{"id":"24","metrics:area":2100,"metrics:perimeter":186.31376058369824},"geometry":{"type":"Polygon","coordinates":[[[72.82869831577378,19.096846652013486],[72.82860803105403,19.096484289053013],[72.82898920241487,19.096398459080795],[72.8291733082813,19.096852252665197],[72.82869831577378,19.096846652013486]]]},"id":"24"},{"type":"Feature","properties":{"id":"25","metrics:area":6650,"metrics:perimeter":414.8736745560277},"geometry":{"type":"Polygon","coordinates":[[[72.85889770971168,19.09801323066153],[72.85890468217336,19.09747135585396],[72.85996130526325,19.09658037933036],[72.8597608506643,19.09739098374046],[72.85889770971168,19.09801323066153]]]},"id":"25"},{"type":"Feature","properties":{"id":"26","metrics:area":21300,"metrics:perimeter":660.3346381865781},"geometry":{"type":"Polygon","coordinates":[[[72.83153885822833,19.097602724308903],[72.83097121820076,19.097415388836822],[72.8294535918499,19.09721685534224],[72.82936801744596,19.09649324971777],[72.83003418353955,19.096410776972156],[72.83041182197603,19.096595876299503],[72.83070152650993,19.096237990948115],[72.83098534420806,19.096331659101477],[72.83154474270339,19.097151170108056],[72.83153885822833,19.097602724308903]]]},"id":"26"},{"type":"Feature","properties":{"id":"27","metrics:area":44950,"metrics:perimeter":835.7798183141726},"geometry":{"type":"Polygon","coordinates":[[[72.83514177879871,19.09818707084111],[72.83457648214467,19.09781912386605],[72.83467853279926,19.09727837495944],[72.83516762710336,19.09620022755249],[72.83602496285097,19.096029655250124],[72.83640260847886,19.096214742860262],[72.83677321095914,19.096941696739517],[72.83705703425734,19.0970353559753],[72.8370535125861,19.0973062894931],[72.83657381961415,19.09766195359635],[72.83666177414932,19.098204936659705],[72.83514177879871,19.09818707084111]]]},"id":"27"},{"type":"Feature","properties":{"id":"28","metrics:area":42550,"metrics:perimeter":1330.2051477389168},"geometry":{"type":"Polygon","coordinates":[[[72.85915947272504,19.099822794120392],[72.85830794171497,19.09954191251386],[72.85784107164714,19.098904199505128],[72.85755606721088,19.098900883270336],[72.85755955582941,19.098629946135436],[72.85842502925836,19.09782708145541],[72.85927074248578,19.098559524153007],[72.85955574665824,19.09856283767784],[72.85955923195566,19.098291900177536],[72.86013620811623,19.09775665057639],[72.85995201364813,19.09730287963661],[72.86005862829654,19.096400858324174],[72.86044095143937,19.09622464900847],[72.86033317779473,19.097216983329837],[72.860614696504,19.09749123270707],[72.85984075088966,19.098566150762256],[72.86012343223328,19.098750088469078],[72.86011994776408,19.099021026056175],[72.85915947272504,19.099822794120392]]]},"id":"28"},{"type":"Feature","properties":{"id":"29","metrics:area":10500,"metrics:perimeter":518.8861488170393},"geometry":{"type":"Polygon","coordinates":[[[72.86089969909868,19.097494543974552],[72.861096665985,19.096954875624817],[72.86072479084224,19.096318272924115],[72.86101211311637,19.0961409586106],[72.861481310815,19.09659803891695],[72.86205479417998,19.09633372003156],[72.86214631377068,19.0966057610472],[72.86147202578715,19.097320539941666],[72.86089969909868,19.097494543974552]]]},"id":"29"},{"type":"Feature","properties":{"id":"30","metrics:area":1150,"metrics:perimeter":192.15489881586788},"geometry":{"type":"Polygon","coordinates":[[[72.85701746229564,19.096455815867493],[72.85644978880681,19.096268556553806],[72.8564521154139,19.096087931877847],[72.85673478852961,19.096271874061017],[72.85711595119842,19.096185984342092],[72.85701746229564,19.096455815867493]]]},"id":"30"},{"type":"Feature","properties":{"id":"31","metrics:area":19000,"metrics:perimeter":854.4596202633663},"geometry":{"type":"Polygon","coordinates":[[[72.85756071868914,19.09853963375523],[72.85718303980094,19.098354586795395],[72.85776234843586,19.09763872061553],[72.8598755965797,19.09585677486799],[72.86006095100572,19.096220233223047],[72.85756071868914,19.09853963375523]]]},"id":"31"},{"type":"Feature","properties":{"id":"32","metrics:area":55400,"metrics:perimeter":1082.450552710125},"geometry":{"type":"Polygon","coordinates":[[[72.83353148902641,19.097806830870027],[72.8320162070853,19.09742769611473],[72.83117651791356,19.0962435862633],[72.83108740488343,19.09579091316793],[72.83156592544024,19.09552557478744],[72.83184621273512,19.095890174165373],[72.83232002713048,19.0959860773322],[72.83318324266155,19.09536396369481],[72.834398236815,19.096913779104064],[72.83429853641752,19.097273905796175],[72.83373089343337,19.09708657863672],[72.83401001252969,19.097541486374002],[72.83353148902641,19.097806830870027]]]},"id":"32"},{"type":"Feature","properties":{"id":"33","metrics:area":18450,"metrics:perimeter":769.9104195504392},"geometry":{"type":"Polygon","coordinates":[[[72.85757234692598,19.097636509900788],[72.85748316031078,19.097183842535184],[72.85767664938341,19.096915116085505],[72.85931256772261,19.095308274190064],[72.85978988830695,19.095133170385573],[72.85988024222644,19.09549552468398],[72.85968675836445,19.095764253997572],[72.85757234692598,19.097636509900788]]]},"id":"33"},{"type":"Feature","properties":{"id":"34","metrics:area":2550,"metrics:perimeter":221.48755042329043},"geometry":{"type":"Polygon","coordinates":[[[72.83669699634206,19.0954956020626],[72.8364143499592,19.095311631383698],[72.83642256860156,19.09467945329335],[72.83680021185829,19.09486453985414],[72.83669699634206,19.0954956020626]]]},"id":"34"},{"type":"Feature","properties":{"id":"35","metrics:area":2700,"metrics:perimeter":214.89680002581304},"geometry":{"type":"Polygon","coordinates":[[[72.83584436150342,19.095304933378973],[72.83575406129813,19.094942572415253],[72.83613874964406,19.09458579348781],[72.83632170018622,19.095129892876486],[72.83584436150342,19.095304933378973]]]},"id":"35"},{"type":"Feature","properties":{"id":"36","metrics:area":20000,"metrics:perimeter":921.7022037215604},"geometry":{"type":"Polygon","coordinates":[[[72.85672083018878,19.09735562223919],[72.85682280970671,19.09681485393887],[72.85883873211107,19.095212439192583],[72.85874838060354,19.094850084608545],[72.8596056969557,19.09467939935423],[72.85960105092721,19.09504064950515],[72.8577739749879,19.096735596553398],[72.85748897427679,19.096732280576525],[72.85719815888675,19.097180526033608],[72.85672083018878,19.09735562223919]]]},"id":"36"},{"type":"Feature","properties":{"id":"37","metrics:area":2700,"metrics:perimeter":220.6839893384787},"geometry":{"type":"Polygon","coordinates":[[[72.85798373737929,19.095202495644642],[72.85779955109518,19.094748723281366],[72.85846686928208,19.0945758330383],[72.85846338293779,19.094846770453543],[72.85798373737929,19.095202495644642]]]},"id":"37"},{"type":"Feature","properties":{"id":"38","metrics:area":6350,"metrics:perimeter":324.185150368181},"geometry":{"type":"Polygon","coordinates":[[[72.86244639572281,19.095435004773204],[72.86226103651434,19.095071548370075],[72.86302915085261,19.09444818038369],[72.86330835126914,19.094903051204028],[72.86273139513955,19.09543831286456],[72.86244639572281,19.095435004773204]]]},"id":"38"},{"type":"Feature","properties":{"id":"39","metrics:area":4400,"metrics:perimeter":374.35328574806874},"geometry":{"type":"Polygon","coordinates":[[[72.8610248818163,19.095147519858333],[72.86112568479828,19.094697060186082],[72.86179880201976,19.09407259415711],[72.86217879798467,19.094077005881104],[72.86217531777845,19.094347943970327],[72.86179416090845,19.094433844851075],[72.8610248818163,19.095147519858333]]]},"id":"39"},{"type":"Feature","properties":{"id":"40","metrics:area":2100,"metrics:perimeter":186.46461980895668},"geometry":{"type":"Polygon","coordinates":[[[72.86492797894331,19.09456053176027],[72.86502877105585,19.0941100688601],[72.86550145061037,19.094296200861876],[72.86540297628066,19.09456603836059],[72.86492797894331,19.09456053176027]]]},"id":"40"},{"type":"Feature","properties":{"id":"41","metrics:area":1200,"metrics:perimeter":149.64724878581438},"geometry":{"type":"Polygon","coordinates":[[[72.85875302843203,19.094488834652225],[72.85856419243694,19.0943963128292],[72.85857000255696,19.093944750413783],[72.85885267497909,19.0941286892562],[72.85875302843203,19.094488834652225]]]},"id":"41"},{"type":"Feature","properties":{"id":"42","metrics:area":1500,"metrics:perimeter":171.21246595673097},"geometry":{"type":"Polygon","coordinates":[[[72.86113032742885,19.094335809660645],[72.861038810404,19.0940637683608],[72.86161112479878,19.093889762671314],[72.86151264469241,19.094159597508504],[72.86113032742885,19.094335809660645]]]},"id":"42"},{"type":"Feature","properties":{"id":"43","metrics:area":2300,"metrics:perimeter":211.76317847036069},"geometry":{"type":"Polygon","coordinates":[[[72.85913302458815,19.094493252750727],[72.85894999742575,19.093949168768848],[72.85923731692793,19.093771856969983],[72.859418021774,19.094496565810903],[72.85913302458815,19.094493252750727]]]},"id":"43"},{"type":"Feature","properties":{"id":"44","metrics:area":7300,"metrics:perimeter":380.2373896277851},"geometry":{"type":"Polygon","coordinates":[[[72.83538581618977,19.09403499500992],[72.83519934564127,19.09376182833989],[72.83529904120587,19.09340170063257],[72.83662665119786,19.093597951376584],[72.83662312950928,19.093868884917995],[72.83538581618977,19.09403499500992]]]},"id":"44"},{"type":"Feature","properties":{"id":"45","metrics:area":2700,"metrics:perimeter":202.12829924125015},"geometry":{"type":"Polygon","coordinates":[[[72.8659764473718,19.094301705910457],[72.86578876486801,19.094118878218097],[72.86588723825115,19.093849040414206],[72.8663622338568,19.093854544344325],[72.86645260204973,19.09421689678735],[72.8659764473718,19.094301705910457]]]},"id":"45"},{"type":"Feature","properties":{"id":"46","metrics:area":2750,"metrics:perimeter":212.59469274354575},"geometry":{"type":"Polygon","coordinates":[[[72.83843042497816,19.093709457487435],[72.8382451223942,19.093345982156617],[72.83872128065612,19.093261245900177],[72.83900392673912,19.093445212981486],[72.83900158155228,19.093625835630842],[72.83843042497816,19.093709457487435]]]},"id":"46"},{"type":"Feature","properties":{"id":"47","metrics:area":70000,"metrics:perimeter":1132.331721085723},"geometry":{"type":"Polygon","coordinates":[[[72.83439941212643,19.096823468087592],[72.83327706476403,19.095455392490315],[72.8333826444516,19.09464371152174],[72.83281853946494,19.094185449634512],[72.83283265087518,19.09310171818998],[72.83482523145646,19.093305805668876],[72.83491317943698,19.09384878901666],[72.83547611529569,19.094397356059837],[72.83547141698969,19.09475860047296],[72.83439941212643,19.096823468087592]]]},"id":"47"},{"type":"Feature","properties":{"id":"48","metrics:area":2050,"metrics:perimeter":209.9203171979766},"geometry":{"type":"Polygon","coordinates":[[[72.86436493568533,19.0940120452761],[72.86484688283551,19.09347567602449],[72.86503688050288,19.0934778787748],[72.86493608897916,19.093928341747503],[72.86436493568533,19.0940120452761]]]},"id":"48"},{"type":"Feature","properties":{"id":"49","metrics:area":1000,"metrics:perimeter":156.619037896906},"geometry":{"type":"Polygon","coordinates":[[[72.86237227584499,19.093808273318114],[72.86237459570471,19.093627647892394],[72.86285306855578,19.09336222258733],[72.86285074924983,19.09354284807485],[72.86237227584499,19.093808273318114]]]},"id":"49"},{"type":"Feature","properties":{"id":"50","metrics:area":44900,"metrics:perimeter":864.578266306501},"geometry":{"type":"Polygon","coordinates":[[[72.83090094021733,19.09551774269228],[72.8306218329347,19.095062831320142],[72.83062771905354,19.094611277270218],[72.83081889083041,19.09452320461179],[72.83064655351886,19.09316630415012],[72.83083890053132,19.09298792045385],[72.83264265766992,19.093099482272194],[72.83243384577261,19.09454222102365],[72.83128093173346,19.095522218468773],[72.83090094021733,19.09551774269228]]]},"id":"50"},{"type":"Feature","properties":{"id":"51","metrics:area":2250,"metrics:perimeter":248.22128626371818},"geometry":{"type":"Polygon","coordinates":[[[72.86142344798944,19.0937069310309],[72.86142576886513,19.093526305715464],[72.86237923534566,19.093266397029517],[72.86228075691935,19.093536232451985],[72.86142344798944,19.0937069310309]]]},"id":"51"},{"type":"Feature","properties":{"id":"52","metrics:area":1700,"metrics:perimeter":174.6536551001326},"geometry":{"type":"Polygon","coordinates":[[[72.86436841226276,19.093741106788624],[72.86437304760787,19.093379855458657],[72.864755359854,19.093203636004098],[72.86484688283551,19.09347567602449],[72.86436841226276,19.093741106788624]]]},"id":"52"},{"type":"Feature","properties":{"id":"53","metrics:area":1000,"metrics:perimeter":131.2310562561766},"geometry":{"type":"Polygon","coordinates":[[[72.86532071873447,19.09357149542234],[72.86542035067791,19.093211344998878],[72.86561034811496,19.093213547128528],[72.86560571549765,19.09357479875739],[72.86532071873447,19.09357149542234]]]},"id":"53"},{"type":"Feature","properties":{"id":"54","metrics:area":1000,"metrics:perimeter":135.95241580617238},"geometry":{"type":"Polygon","coordinates":[[[72.83330880965485,19.093016996140058],[72.83292999919374,19.092922214143343],[72.83293352670299,19.092651281237966],[72.833311160936,19.092836374160512],[72.83330880965485,19.093016996140058]]]},"id":"54"},{"type":"Feature","properties":{"id":"55","metrics:area":1300,"metrics:perimeter":166.14462339647972},"geometry":{"type":"Polygon","coordinates":[[[72.86684070215051,19.09358910812136],[72.86665186173025,19.09349659425153],[72.86646765224818,19.093042828369388],[72.86693917348126,19.09331926954386],[72.86684070215051,19.09358910812136]]]},"id":"55"},{"type":"Feature","properties":{"id":"56","metrics:area":3800,"metrics:perimeter":254.67927337432724},"geometry":{"type":"Polygon","coordinates":[[[72.8351113967265,19.09321884503657],[72.83521344121942,19.092678095133277],[72.83569077254649,19.092503055543798],[72.83568137776417,19.093225544605893],[72.8351113967265,19.09321884503657]]]},"id":"56"},{"type":"Feature","properties":{"id":"57","metrics:area":2650,"metrics:perimeter":251.10597487539644},"geometry":{"type":"Polygon","coordinates":[[[72.8587646475447,19.093585709694743],[72.85839162593955,19.093039416152827],[72.85839511204507,19.092768478697288],[72.85905196654357,19.093408398136845],[72.85904964310835,19.09358902317348],[72.8587646475447,19.093585709694743]]]},"id":"57"},{"type":"Feature","properties":{"id":"58","metrics:area":4000,"metrics:perimeter":264.9242250247064},"geometry":{"type":"Polygon","coordinates":[[[72.83264500968458,19.092918860374162],[72.83188739076326,19.092729293026487],[72.83189091993044,19.092458360303056],[72.83265324152707,19.092286683700994],[72.83264500968458,19.092918860374162]]]},"id":"58"},{"type":"Feature","properties":{"id":"59","metrics:area":1550,"metrics:perimeter":247.99538297412502},"geometry":{"type":"Polygon","coordinates":[[[72.8652280365598,19.09338976844509],[72.86485267561623,19.093024111705297],[72.86504267276909,19.093026314399594],[72.86523846153649,19.092576952443185],[72.86542382538103,19.092940406300833],[72.86513767135533,19.09302741567336],[72.8652280365598,19.09338976844509]]]},"id":"59"},{"type":"Feature","properties":{"id":"60","metrics:area":7550,"metrics:perimeter":377.4663581957939},"geometry":{"type":"Polygon","coordinates":[[[72.86760185156876,19.093507596750975],[72.86751032392158,19.09323555766224],[72.86808841463734,19.092609965600676],[72.86865956240808,19.092526249853492],[72.86884724677313,19.092709074779084],[72.86788684864754,19.093510896546825],[72.86760185156876,19.093507596750975]]]},"id":"60"},{"type":"Feature","properties":{"id":"61","metrics:area":2150,"metrics:perimeter":238.8639565439691},"geometry":{"type":"Polygon","coordinates":[[[72.86428152546266,19.093107815280444],[72.8646719474222,19.09229940594475],[72.86495578344791,19.092393022950848],[72.864761152794,19.09275207169864],[72.86428152546266,19.093107815280444]]]},"id":"61"},{"type":"Feature","properties":{"id":"62","metrics:area":11750,"metrics:perimeter":789.1095263157855},"geometry":{"type":"Polygon","coordinates":[[[72.86236299614451,19.094530774982932],[72.86313226695844,19.09381709350043],[72.86332922121571,19.09327742143174],[72.86457810791886,19.0922079916137],[72.86370110134882,19.093914019372342],[72.86331762706244,19.0941805491211],[72.86322726587706,19.09381819580307],[72.86274299329547,19.09453518564493],[72.86236299614451,19.094530774982932]]]},"id":"62"},{"type":"Feature","properties":{"id":"63","metrics:area":6750,"metrics:perimeter":361.65651844525485},"geometry":{"type":"Polygon","coordinates":[[[72.83435259747175,19.093119598488187],[72.83427170195506,19.092034748731393],[72.83446404405167,19.091856360712708],[72.83492845169617,19.09267474493722],[72.8349225778828,19.09312630037147],[72.83435259747175,19.093119598488187]]]},"id":"63"},{"type":"Feature","properties":{"id":"64","metrics:area":31950,"metrics:perimeter":901.3522446890358},"geometry":{"type":"Polygon","coordinates":[[[72.83738897539754,19.09342625520793],[72.83587137149638,19.093227777404326],[72.83587372002589,19.09304715512182],[72.83597106519916,19.09286764913861],[72.83692220594135,19.092788498272427],[72.83712158767517,19.092068239960806],[72.83750274619543,19.091982390882198],[72.8375953959451,19.092164128806733],[72.83769391193658,19.091894310400928],[72.83835888568606,19.09190211655284],[72.83910244151272,19.093175393706172],[72.83834363827837,19.09307616340021],[72.83738897539754,19.09342625520793]]]},"id":"64"},{"type":"Feature","properties":{"id":"65","metrics:area":7500,"metrics:perimeter":367.9124626440447},"geometry":{"type":"Polygon","coordinates":[[[72.8671303285514,19.093231157120993],[72.86694727531362,19.09268707861471],[72.86742805347497,19.092241014372465],[72.86809419834509,19.092158400282266],[72.86789726071721,19.092698079142913],[72.8671303285514,19.093231157120993]]]},"id":"65"},{"type":"Feature","properties":{"id":"66","metrics:area":9400,"metrics:perimeter":517.1387315928712},"geometry":{"type":"Polygon","coordinates":[[[72.86589766028024,19.09303622410233],[72.86552461472594,19.09248994282952],[72.86476926263563,19.09211988163101],[72.86515620468668,19.091582409423136],[72.86553387964076,19.091767439509955],[72.86552693099382,19.092309317005338],[72.86590692386213,19.092313720649265],[72.86637728438468,19.092680475949628],[72.86618265623483,19.093039526456003],[72.86589766028024,19.09303622410233]]]},"id":"66"},{"type":"Feature","properties":{"id":"67","metrics:area":2400,"metrics:perimeter":260},"geometry":{"type":"Polygon","coordinates":[[[72.86439042922089,19.092025162835604],[72.8643939053671,19.091754224285285],[72.86516083775827,19.0912211578225],[72.86515736296438,19.0914920965244],[72.86439042922089,19.092025162835604]]]},"id":"67"},{"type":"Feature","properties":{"id":"68","metrics:area":6300,"metrics:perimeter":380.71539165039326},"geometry":{"type":"Polygon","coordinates":[[[72.85783442249293,19.092039349894677],[72.85708606873702,19.09112738444661],[72.85709188179325,19.090675822309382],[72.85746954404286,19.090860867888654],[72.85793523113637,19.09158889248762],[72.85802557982392,19.091951247244538],[72.85783442249293,19.092039349894677]]]},"id":"68"},{"type":"Feature","properties":{"id":"69","metrics:area":800,"metrics:perimeter":129.4427190999916},"geometry":{"type":"Polygon","coordinates":[[[72.86583392594503,19.090596673972847],[72.86583624162998,19.09041604807508],[72.86621854550249,19.090239824715308],[72.86621623025518,19.09042045066167],[72.86583392594503,19.090596673972847]]]},"id":"69"},{"type":"Feature","properties":{"id":"70","metrics:area":9900,"metrics:perimeter":536.2637557439261},"geometry":{"type":"Polygon","coordinates":[[[72.87561867687648,19.090709792339116],[72.87533598855066,19.090525877951546],[72.87533944659616,19.090254937421683],[72.87761824039539,19.090371537050288],[72.87732864043647,19.090729507328547],[72.87561867687648,19.090709792339116]]]},"id":"70"},{"type":"Feature","properties":{"id":"71","metrics:area":12650,"metrics:perimeter":686.2512969776645},"geometry":{"type":"Polygon","coordinates":[[[72.86820770257155,19.090714490666304],[72.8679250236533,19.090530565688862],[72.86811964472204,19.09017151259857],[72.87087456468356,19.090203379089527],[72.87087109938449,19.09047431883256],[72.87058495168016,19.09056133738537],[72.868685002568,19.090539361515308],[72.86820770257155,19.090714490666304]]]},"id":"71"},{"type":"Feature","properties":{"id":"72","metrics:area":9200,"metrics:perimeter":472.338759018925},"geometry":{"type":"Polygon","coordinates":[[[72.88065242577565,19.090858110478514],[72.87894475869932,19.090657798769534],[72.87885436373618,19.090295449883012],[72.88065932463965,19.090316227556652],[72.88065242577565,19.090858110478514]]]},"id":"72"},{"type":"Feature","properties":{"id":"73","metrics:area":5300,"metrics:perimeter":319.19604330143426},"geometry":{"type":"Polygon","coordinates":[[[72.86649890682784,19.09060437806416],[72.86698199383049,19.08997768839005],[72.86773965619213,19.09016711399222],[72.86725888537127,19.09061317980509],[72.86649890682784,19.09060437806416]]]},"id":"73"},{"type":"Feature","properties":{"id":"74","metrics:area":2950,"metrics:perimeter":212.33356769717778},"geometry":{"type":"Polygon","coordinates":[[[72.87809092732874,19.090557637120543],[72.87790668780733,19.090103879847117],[72.87819398319371,19.089926535777717],[72.87847552323666,19.09020075969015],[72.87847091931296,19.090562014467164],[72.87809092732874,19.090557637120543]]]},"id":"74"},{"type":"Feature","properties":{"id":"75","metrics:area":600,"metrics:perimeter":104.72135954999578},"geometry":{"type":"Polygon","coordinates":[[[72.85111526043589,19.089973908873397],[72.85111875777538,19.08970297262371],[72.85130991509058,19.089614877013677],[72.85130641807946,19.089885813300043],[72.85111526043589,19.089973908873397]]]},"id":"75"},{"type":"Feature","properties":{"id":"76","metrics:area":150300,"metrics:perimeter":3407.0080521946325},"geometry":{"type":"Polygon","coordinates":[[[72.8608395261218,19.09478406234629],[72.86018846484237,19.093692585269743],[72.85999730631386,19.09378069006783],[72.8599915001184,19.094232252914015],[72.85970882608432,19.09404831568309],[72.85887242576071,19.092593376611543],[72.85887474925761,19.092412751576422],[72.85915741964614,19.09259668975814],[72.85906822985642,19.092144022773756],[72.85869520991041,19.09159772998586],[72.85868940089932,19.092049292553185],[72.85822022312749,19.09159220691633],[72.8581310361812,19.091139539733103],[72.85831986838502,19.091232061646963],[72.85832451619426,19.090870811650618],[72.85784953160018,19.090865287827555],[72.8578518559799,19.090684662879866],[72.85842067501723,19.090781603761407],[72.85842532248967,19.090420353723527],[72.85776615685198,19.08996105819586],[72.85795963583686,19.08969233038885],[72.85853193688551,19.089518333046872],[72.8585249663393,19.090060208188813],[72.8597587600901,19.090164875070222],[72.85975643784666,19.09034550025405],[72.85871147427015,19.09033335467068],[72.858611830586,19.090693500319883],[72.86155673614337,19.090727715831626],[72.86183708719439,19.09109227535048],[72.86145245705453,19.091449114314187],[72.86212207906476,19.09109558366151],[72.86277894342336,19.091735490658916],[72.86258314952761,19.092184849486685],[72.86325740997373,19.091470063659415],[72.86278358169184,19.091374239626326],[72.86288669555314,19.09074315259031],[72.86326784343912,19.090657248536658],[72.8639235521631,19.091387464561016],[72.86401391415158,19.09174981764504],[72.86382044151078,19.092018552480866],[72.862667710237,19.092998766656223],[72.86190308249817,19.093351195682956],[72.86161808680843,19.09334788665768],[72.86162156772494,19.093076948638007],[72.86133541210383,19.093163951880282],[72.86143505210619,19.092803804415638],[72.86086042003112,19.093158435182023],[72.86067274486821,19.092975602923204],[72.86038078418525,19.093514167656103],[72.86112916678103,19.094426122293434],[72.86112568479828,19.094697060186082],[72.8608395261218,19.09478406234629]]]},"id":"76"},{"type":"Feature","properties":{"id":"77","metrics:area":1200,"metrics:perimeter":142.4621125123532},"geometry":{"type":"Polygon","coordinates":[[[72.85206755103641,19.089804365239747],[72.85216720776627,19.089444224433475],[72.85245219500715,19.089447547424932],[72.85244869988725,19.089718483919906],[72.85206755103641,19.089804365239747]]]},"id":"77"},{"type":"Feature","properties":{"id":"78","metrics:area":3750,"metrics:perimeter":260.58180750676274},"geometry":{"type":"Polygon","coordinates":[[[72.85605622304757,19.089941162439303],[72.8556808912498,19.089575489588018],[72.8565381814351,19.08940481618857],[72.85662736354269,19.089857483709153],[72.85605622304757,19.089941162439303]]]},"id":"78"},{"type":"Feature","properties":{"id":"79","metrics:area":2400,"metrics:perimeter":188.06344131545217},"geometry":{"type":"Polygon","coordinates":[[[72.85947841527944,19.08980031294734],[72.85929190650862,19.089527167163514],[72.85948538262139,19.08925843745122],[72.85977037091445,19.089261749093936],[72.85986072297982,19.089624103301425],[72.85947841527944,19.08980031294734]]]},"id":"79"},{"type":"Feature","properties":{"id":"80","metrics:area":28000,"metrics:perimeter":750.7463837598151},"geometry":{"type":"Polygon","coordinates":[[[72.87752669700782,19.090099501437898],[72.87496176182945,19.090069926705073],[72.87497329015297,19.08916679174767],[72.87753821144204,19.08919636497603],[72.87772590317084,19.08937918148936],[72.87752669700782,19.090099501437898]]]},"id":"80"},{"type":"Feature","properties":{"id":"81","metrics:area":11450,"metrics:perimeter":636.9737829721561},"geometry":{"type":"Polygon","coordinates":[[[72.86584087292158,19.090054796268134],[72.8648932205088,19.08986316080456],[72.86489553711812,19.089682535003583],[72.86547362300053,19.089056950687286],[72.8668035724775,19.08907235787985],[72.86641779955355,19.089519521779646],[72.86537399462517,19.089417101543535],[72.86594050084366,19.089694645121185],[72.86584087292158,19.090054796268134]]]},"id":"81"},{"type":"Feature","properties":{"id":"82","metrics:area":31350,"metrics:perimeter":810.8069542358053},"geometry":{"type":"Polygon","coordinates":[[[72.86166101399698,19.090006317149435],[72.86091032467588,19.0892749912629],[72.86100880197876,19.089005156428684],[72.86423867106075,19.089042635424786],[72.86404288489418,19.089491996619564],[72.86337095475496,19.090026160961674],[72.86166101399698,19.090006317149435]]]},"id":"82"},{"type":"Feature","properties":{"id":"83","metrics:area":4150,"metrics:perimeter":284.74192049298324},"geometry":{"type":"Polygon","coordinates":[[[72.86043070101654,19.08963072510757],[72.86043302243505,19.0894500998299],[72.86005884192312,19.088994122434475],[72.86081880991527,19.089002950021115],[72.86090568289379,19.089636241934304],[72.86043070101654,19.08963072510757]]]},"id":"83"},{"type":"Feature","properties":{"id":"84","metrics:area":12800,"metrics:perimeter":625.4015255601358},"geometry":{"type":"Polygon","coordinates":[[[72.87334680507412,19.090051287283206],[72.87325873030431,19.089508310045762],[72.87278028290064,19.089773765196345],[72.87221029977253,19.089767181541408],[72.87155224781895,19.089217618610224],[72.8737383297407,19.089152540068895],[72.87373256231655,19.08960410719698],[72.87353679988895,19.090053480890067],[72.87334680507412,19.090051287283206]]]},"id":"84"},{"type":"Feature","properties":{"id":"85","metrics:area":48000,"metrics:perimeter":1734.8968722556965},"geometry":{"type":"Polygon","coordinates":[[[72.86411122965247,19.091570293707132],[72.86336399975339,19.090568037792377],[72.86251134561766,19.090377492058924],[72.86260054452872,19.09083015827556],[72.86241055018519,19.09082795330659],[72.8616563736516,19.090367567969928],[72.86042257584549,19.090262913549406],[72.86042954029745,19.08972103774497],[72.86118951179111,19.089729864125722],[72.86156369708783,19.09018583965169],[72.86346363332102,19.090207888556275],[72.86403940862071,19.089762935174033],[72.864428663595,19.089044838310876],[72.86518979208819,19.088963334973442],[72.86509016319273,19.08932348562515],[72.86441707817237,19.089947967064212],[72.86574471812283,19.09014400846917],[72.86574240237414,19.09032463436144],[72.86516662895082,19.090769593300283],[72.86478779821454,19.090674875586974],[72.86468469152196,19.091305964398224],[72.86411122965247,19.091570293707132]]]},"id":"85"},{"type":"Feature","properties":{"id":"86","metrics:area":1400,"metrics:perimeter":162.61297173761164},"geometry":{"type":"Polygon","coordinates":[[[72.88001044025418,19.08904418160624],[72.88010888749382,19.088774333529795],[72.88058272329158,19.08887011323177],[72.8805804238008,19.089050740895498],[72.88001044025418,19.08904418160624]]]},"id":"86"},{"type":"Feature","properties":{"id":"87","metrics:area":28150,"metrics:perimeter":1433.7125910234781},"geometry":{"type":"Polygon","coordinates":[[[72.86709203299615,19.08880471905898],[72.86101228303342,19.088734218389728],[72.86101576402918,19.088463280342207],[72.86063694168745,19.088368554804166],[72.86462792320015,19.088324537840467],[72.86719050026714,19.088534879902117],[72.86709203299615,19.08880471905898]]]},"id":"87"},{"type":"Feature","properties":{"id":"88","metrics:area":32250,"metrics:perimeter":807.6967974703339},"geometry":{"type":"Polygon","coordinates":[[[72.84713010710087,19.08956606936902],[72.8463736483572,19.089286249664177],[72.84637948985247,19.088834690620942],[72.84514572400435,19.088729935822837],[72.84525123866962,19.0879182413792],[72.84771992867371,19.088037428392653],[72.84761092289052,19.089120061064836],[72.84713010710087,19.08956606936902]]]},"id":"88"},{"type":"Feature","properties":{"id":"89","metrics:area":41550,"metrics:perimeter":1333.6534559814343},"geometry":{"type":"Polygon","coordinates":[[[72.86006928953968,19.088181308797086],[72.85969162958445,19.087996268813786],[72.85998241995048,19.087548016780552],[72.86568214032324,19.087614144933298],[72.86529405247795,19.088241932464072],[72.86006928953968,19.088181308797086]]]},"id":"89"},{"type":"Feature","properties":{"id":"90","metrics:area":5600,"metrics:perimeter":332.81802205591435},"geometry":{"type":"Polygon","coordinates":[[[72.86548404423004,19.08824413417334],[72.86606212251785,19.087618547216888],[72.8667270916097,19.087626249330278],[72.86633900743766,19.088254039444067],[72.86548404423004,19.08824413417334]]]},"id":"90"},{"type":"Feature","properties":{"id":"91","metrics:area":1800,"metrics:perimeter":183.13755207963356},"geometry":{"type":"Polygon","coordinates":[[[72.85836401834028,19.08780018606647],[72.85817751340926,19.087527039495413],[72.85817983699546,19.08734641444353],[72.85874632214619,19.087623978366764],[72.85874399913787,19.087804603480354],[72.85836401834028,19.08780018606647]]]},"id":"91"},{"type":"Feature","properties":{"id":"92","metrics:area":4050,"metrics:perimeter":325.20103030672635},"geometry":{"type":"Polygon","coordinates":[[[72.86833507998311,19.08818682321782],[72.86900929992538,19.087472012053222],[72.8695792740091,19.087478604847767],[72.86919351207742,19.087925775720446],[72.86833507998311,19.08818682321782]]]},"id":"92"},{"type":"Feature","properties":{"id":"93","metrics:area":11350,"metrics:perimeter":468.54850832275247},"geometry":{"type":"Polygon","coordinates":[[[72.86691014031334,19.088170327722313],[72.86681977296885,19.087807975505296],[72.86720438354217,19.08745112325535],[72.86863047345896,19.087377302734748],[72.8680512484182,19.088093211896236],[72.86691014031334,19.088170327722313]]]},"id":"93"},{"type":"Feature","properties":{"id":"94","metrics:area":7250,"metrics:perimeter":335.85008324698356},"geometry":{"type":"Polygon","coordinates":[[[72.84667849202857,19.087754280456686],[72.84668433219238,19.087302721247696],[72.84697281829604,19.08703511677186],[72.84773160337681,19.08713430935816],[72.84753344216264,19.087764272725963],[72.84667849202857,19.087754280456686]]]},"id":"94"},{"type":"Feature","properties":{"id":"95","metrics:area":135800,"metrics:perimeter":2805.3355747696573},"geometry":{"type":"Polygon","coordinates":[[[72.85035529285875,19.089965040836155],[72.84798856914247,19.089305124751547],[72.84809757274398,19.088222491646867],[72.84847871904086,19.088136618380712],[72.84791342017124,19.08776871246303],[72.84820657416975,19.087139858220567],[72.85637726028833,19.087144794875314],[72.85732488301662,19.08733647177394],[72.85807903281089,19.087796872492547],[72.85788439454385,19.088155913212205],[72.84990480751276,19.088062944334997],[72.84942516719362,19.08841864758526],[72.84941933409262,19.088870207555722],[72.84960932458141,19.088872425701297],[72.8499799748032,19.089599357579544],[72.85035879143275,19.0896941047218],[72.85035529285875,19.089965040836155]]]},"id":"95"},{"type":"Feature","properties":{"id":"96","metrics:area":9500,"metrics:perimeter":400.2952000111695},"geometry":{"type":"Polygon","coordinates":[[[72.87013885030963,19.088298014939745],[72.86976233223483,19.088022681301172],[72.8699615676666,19.087302372620545],[72.87091036934132,19.087403667910053],[72.87100190054551,19.08767570569598],[72.87061960685783,19.087851940101],[72.8706149865062,19.088213193121724],[72.87013885030963,19.088298014939745]]]},"id":"96"},{"type":"Feature","properties":{"id":"97","metrics:area":3300,"metrics:perimeter":294.0491834728766},"geometry":{"type":"Polygon","coordinates":[[[72.86226346485978,19.08748417640196],[72.8621719484835,19.08721213566432],[72.86340688518115,19.087226463457082],[72.86311842236492,19.087494096234646],[72.86226346485978,19.08748417640196]]]},"id":"97"},{"type":"Feature","properties":{"id":"98","metrics:area":600,"metrics:perimeter":100},"geometry":{"type":"Polygon","coordinates":[[[72.85191601264476,19.086821848755523],[72.85191950805972,19.086550912270518],[72.85210949621592,19.086553127579847],[72.85210600110955,19.08682406409866],[72.85191601264476,19.086821848755523]]]},"id":"98"},{"type":"Feature","properties":{"id":"99","metrics:area":9950,"metrics:perimeter":457.2723830534685},"geometry":{"type":"Polygon","coordinates":[[[72.86910660732019,19.08729248462973],[72.86768283120995,19.087185682752096],[72.86759014913494,19.087003956942343],[72.86816474645066,19.086649301481746],[72.86949352343186,19.086755000589825],[72.86910660732019,19.08729248462973]]]},"id":"99"},{"type":"Feature","properties":{"id":"100","metrics:area":126100,"metrics:perimeter":2241.752550936964},"geometry":{"type":"Polygon","coordinates":[[[72.87260875376793,19.08832655704859],[72.872328381357,19.08796201199667],[72.87204339294762,19.087958719990585],[72.87204916441553,19.08750715327915],[72.87291451157084,19.086704207133078],[72.87310334885802,19.086796714230264],[72.87349140504548,19.086168906956555],[72.87483632281895,19.08501017820344],[72.87502400705354,19.085192996805034],[72.87519325208413,19.086820831955627],[72.8754897625432,19.085920983323852],[72.8760608857244,19.085837241966097],[72.87624857227382,19.08602005952438],[72.87624050878853,19.086652254744802],[72.87670627333212,19.087380238988576],[72.87803737018304,19.08730525012272],[72.87860044267858,19.087853697316046],[72.87821585297533,19.08821057564219],[72.87346372137493,19.088336429306224],[72.87338141432804,19.087341884970137],[72.87319372990669,19.087159064673408],[72.87336987856065,19.08824501916963],[72.87260875376793,19.08832655704859]]]},"id":"100"},{"type":"Feature","properties":{"id":"101","metrics:area":3950,"metrics:perimeter":253.95623132202235},"geometry":{"type":"Polygon","coordinates":[[[72.86876014824136,19.08466900691618],[72.86867324552543,19.08403571573815],[72.86933820145012,19.08404340704277],[72.86933242376254,19.084494973124926],[72.86876014824136,19.08466900691618]]]},"id":"101"},{"type":"Feature","properties":{"id":"102","metrics:area":39300,"metrics:perimeter":1077.426328854345},"geometry":{"type":"Polygon","coordinates":[[[72.86968466951704,19.08666688459204],[72.86854588317922,19.08656338528605],[72.8685481953965,19.086382758989263],[72.8696973796724,19.085673439185147],[72.86951432342609,19.085129362809678],[72.87095540502047,19.083881449321012],[72.87162382411259,19.083618192264122],[72.87181034889241,19.083891327038963],[72.87152190453746,19.084158974949755],[72.87171073816023,19.084251483144264],[72.8707434763892,19.085595206349154],[72.86997658726176,19.086128300632286],[72.86968466951704,19.08666688459204]]]},"id":"102"},{"type":"Feature","properties":{"id":"103","metrics:area":1400,"metrics:perimeter":181.4213562373095},"geometry":{"type":"Polygon","coordinates":[[[72.86991047433781,19.083869371176036],[72.87001355388165,19.083238276591533],[72.87010854719406,19.083239374761188],[72.8701954553549,19.08387266580233],[72.86991047433781,19.083869371176036]]]},"id":"103"},{"type":"Feature","properties":{"id":"104","metrics:area":1200,"metrics:perimeter":140.53212221418408},"geometry":{"type":"Polygon","coordinates":[[[72.87789226670142,19.083780826918584],[72.87760843543069,19.083687230499137],[72.87770803327108,19.083327069913764],[72.87799071322863,19.08351097986268],[72.87789226670142,19.083780826918584]]]},"id":"104"},{"type":"Feature","properties":{"id":"105","metrics:area":800,"metrics:perimeter":120},"geometry":{"type":"Polygon","coordinates":[[[72.86915745879445,19.08331870408017],[72.86916208103001,19.082957451211602],[72.86935206723555,19.08295964834856],[72.86934744541135,19.08332090126185],[72.86915745879445,19.08331870408017]]]},"id":"105"},{"type":"Feature","properties":{"id":"106","metrics:area":1900,"metrics:perimeter":194.0321551489818},"geometry":{"type":"Polygon","coordinates":[[[72.877424202881,19.083233473290843],[72.87743110927589,19.0826915910583],[72.87781223399132,19.082605654301343],[72.87761419042407,19.083235661942485],[72.877424202881,19.083233473290843]]]},"id":"106"},{"type":"Feature","properties":{"id":"107","metrics:area":2300,"metrics:perimeter":211.8185608247084},"geometry":{"type":"Polygon","coordinates":[[[72.87135269570179,19.08253113972912],[72.87154729855195,19.08217208109958],[72.87202457049138,19.081996940419966],[72.8718276607281,19.08253662644243],[72.87135269570179,19.08253113972912]]]},"id":"107"},{"type":"Feature","properties":{"id":"108","metrics:area":1050,"metrics:perimeter":149.40638766556563},"geometry":{"type":"Polygon","coordinates":[[[72.87791528274583,19.08197455223429],[72.87791988564315,19.08161329725179],[72.87820716538945,19.0814359515915],[72.8781064195453,19.08188642648576],[72.87791528274583,19.08197455223429]]]},"id":"108"},{"type":"Feature","properties":{"id":"109","metrics:area":1900,"metrics:perimeter":183.90287378253123},"geometry":{"type":"Polygon","coordinates":[[[72.87687611571798,19.08151094627688],[72.87678687950014,19.081058283270046],[72.8771691516488,19.080882033792832],[72.87726069097357,19.081154069289166],[72.87687611571798,19.08151094627688]]]},"id":"109"},{"type":"Feature","properties":{"id":"110","metrics:area":191900,"metrics:perimeter":3581.265104324713},"geometry":{"type":"Polygon","coordinates":[[[72.87089882013561,19.088306800648496],[72.87100074568615,19.087766018976836],[72.8715741851493,19.08750166576377],[72.87005771863437,19.087213157811917],[72.8700600292971,19.087032531349575],[72.87063693224815,19.08649724113767],[72.87129843496956,19.086775866237286],[72.87186840752258,19.086782451721287],[72.8710157583499,19.086591946251474],[72.87111883656284,19.085960850978275],[72.86958042962044,19.087388291647866],[72.86929544270355,19.087384995487444],[72.86939390543951,19.08711515468462],[72.86997312129908,19.08639924033616],[72.87064270705257,19.08604567476899],[72.87161458986812,19.084340699094916],[72.87247992079473,19.083537753342483],[72.87295719608288,19.083362610553774],[72.87285989537767,19.083542140709643],[72.87295258197045,19.083723864300804],[72.87612538717893,19.080779679042728],[72.87669534101097,19.08078624761553],[72.8758265884745,19.08186015763035],[72.87554045783422,19.081947185648257],[72.87553700173676,19.08221812645735],[72.87591812590013,19.082132193607077],[72.87648462968771,19.08240970423857],[72.87687151058431,19.081872201018154],[72.87647772032453,19.082951586154028],[72.87589969578745,19.08357721148294],[72.87580815785098,19.083305175462694],[72.87561701837983,19.08339329853718],[72.8751351356273,19.08392970273618],[72.87532166684643,19.084202834536875],[72.87493477506781,19.084740333365076],[72.87349255845044,19.08607859351343],[72.87291912654212,19.08634295351161],[72.8727233667915,19.086792326646243],[72.87157187606732,19.08768229239536],[72.87118380892782,19.088310094482292],[72.87089882013561,19.088306800648496]]]},"id":"110"},{"type":"Feature","properties":{"id":"111","metrics:area":49500,"metrics:perimeter":1566.8796438800462},"geometry":{"type":"Polygon","coordinates":[[[72.87181265722181,19.083710700305126],[72.8717234345017,19.083258036164338],[72.87278105191777,19.08227665588964],[72.87335331607876,19.082102608351455],[72.87431707707145,19.081029807579945],[72.87517661678592,19.08067841391532],[72.8748950971525,19.08040418677847],[72.87422669541628,19.080667457549836],[72.87432745044339,19.080216985668034],[72.8758507761437,19.07996357135596],[72.87632112931722,19.08033030044366],[72.87631767480455,19.08060124143785],[72.87593655434958,19.08068717548776],[72.87439593270798,19.082295292975633],[72.87401250194472,19.08256184958018],[72.87296527052911,19.08273041645985],[72.8720976383211,19.083713991964142],[72.87181265722181,19.083710700305126]]]},"id":"111"},{"type":"Feature","properties":{"id":"112","metrics:area":12950,"metrics:perimeter":448.46155219498144},"geometry":{"type":"Polygon","coordinates":[[[72.87717260483177,19.0806110926568],[72.8766095594633,19.080062643520275],[72.87728371045095,19.079347794832973],[72.87785481041229,19.079264045585045],[72.87803558934564,19.07998874354766],[72.87717260483177,19.0806110926568]]]},"id":"112"},{"type":"Feature","properties":{"id":"113","metrics:area":3250,"metrics:perimeter":261.20943432986365},"geometry":{"type":"Polygon","coordinates":[[[72.85574753600467,19.07702095760413],[72.85575218566223,19.076659707661992],[72.8567032345952,19.076580444449867],[72.85641362037367,19.076938380283735],[72.85574753600467,19.07702095760413]]]},"id":"113"},{"type":"Feature","properties":{"id":"114","metrics:area":9650,"metrics:perimeter":394.97571044510784},"geometry":{"type":"Polygon","coordinates":[[[72.8549934393044,19.076560552234504],[72.85490659057972,19.075927259559542],[72.85604877385103,19.075759897884076],[72.85623526395412,19.076033045306698],[72.85623177762945,19.076303982869085],[72.85594448760341,19.076481292920118],[72.8549934393044,19.076560552234504]]]},"id":"114"},{"type":"Feature","properties":{"id":"115","metrics:area":3400,"metrics:perimeter":236.38014662890984},"geometry":{"type":"Polygon","coordinates":[[[72.85095087325375,19.073261727984647],[72.8508628756873,19.07271874710264],[72.8513401354297,19.072543659345495],[72.85142697003408,19.07317695241751],[72.85095087325375,19.073261727984647]]]},"id":"115"},{"type":"Feature","properties":{"id":"116","metrics:area":16500,"metrics:perimeter":610.6164020085852},"geometry":{"type":"Polygon","coordinates":[[[72.85549976865747,19.074127642360512],[72.85521596956941,19.07403401415979],[72.855225269515,19.07331151427904],[72.85455571119776,19.073665026033822],[72.8543669003815,19.07357250224677],[72.85428005440124,19.07293920947134],[72.85485578642935,19.07249428060151],[72.85570368985387,19.07304610242602],[72.85588436617626,19.073770812549782],[72.85549976865747,19.074127642360512]]]},"id":"116"},{"type":"Feature","properties":{"id":"117","metrics:area":21350,"metrics:perimeter":566.6295150156335},"geometry":{"type":"Polygon","coordinates":[[[72.85218336923874,19.073456745471358],[72.85171192931548,19.073180273832406],[72.85134362896382,19.072272722544366],[72.85144327261196,19.071912580619973],[72.85192285779887,19.07155686644064],[72.85220781440414,19.071560186818285],[72.85258193764932,19.072016175039263],[72.85265946630506,19.073371966712998],[72.85218336923874,19.073456745471358]]]},"id":"117"},{"type":"Feature","properties":{"id":"118","metrics:area":18900,"metrics:perimeter":552.8013248046384},"geometry":{"type":"Polygon","coordinates":[[[72.8538074485926,19.07275305539823],[72.85295722652853,19.07238185031717],[72.85315534322332,19.07175187633225],[72.85430098652068,19.071313585461418],[72.85486973731867,19.07141053083348],[72.85447932993911,19.072218921219203],[72.8538074485926,19.07275305539823]]]},"id":"118"},{"type":"Feature","properties":{"id":"119","metrics:area":1450,"metrics:perimeter":154.084889114037},"geometry":{"type":"Polygon","coordinates":[[[72.84945440183714,19.071437759250365],[72.84936291307194,19.07116571461525],[72.8497440189864,19.071079834689826],[72.84983434310162,19.07144219138171],[72.84945440183714,19.071437759250365]]]},"id":"119"},{"type":"Feature","properties":{"id":"120","metrics:area":4500,"metrics:perimeter":284.5299985855374},"geometry":{"type":"Polygon","coordinates":[[[72.85220897838738,19.071469874491],[72.85221596214893,19.07092800050731],[72.85269554283957,19.070572283841486],[72.85277889146697,19.071476513893277],[72.85220897838738,19.071469874491]]]},"id":"120"},{"type":"Feature","properties":{"id":"121","metrics:area":900,"metrics:perimeter":132.11102550927978},"geometry":{"type":"Polygon","coordinates":[[[72.85089082878558,19.070551253175857],[72.85089432265671,19.070280316396452],[72.85118160579357,19.070103013591513],[72.85117811242426,19.07037395042737],[72.85089082878558,19.070551253175857]]]},"id":"121"},{"type":"Feature","properties":{"id":"122","metrics:area":3750,"metrics:perimeter":260.64297366879157},"geometry":{"type":"Polygon","coordinates":[[[72.85289016704397,19.070213247055285],[72.85241873435112,19.06993677791949],[72.85252186482607,19.069305697865957],[72.85280681769628,19.069309016941627],[72.85289831158175,19.069581060368314],[72.85289016704397,19.070213247055285]]]},"id":"122"},{"type":"Feature","properties":{"id":"123","metrics:area":11700,"metrics:perimeter":446.3863022254057},"geometry":{"type":"Polygon","coordinates":[[[72.85507133257565,19.070509616391657],[72.85488484971611,19.070236468430114],[72.85498680894796,19.06969569862903],[72.85565983553627,19.069071245851415],[72.85612314004014,19.06997989504962],[72.85554974458313,19.070244204100433],[72.8554512731293,19.0705140367445],[72.85507133257565,19.070509616391657]]]},"id":"123"},{"type":"Feature","properties":{"id":"124","metrics:area":600,"metrics:perimeter":111.2310562561766},"geometry":{"type":"Polygon","coordinates":[[[72.85357599692055,19.06859536619435],[72.85358064907045,19.06823411643843],[72.85367563280971,19.068235222240876],[72.85376596481659,19.06859757779544],[72.85357599692055,19.06859536619435]]]},"id":"124"},{"type":"Feature","properties":{"id":"125","metrics:area":1500,"metrics:perimeter":169.29971408438087},"geometry":{"type":"Polygon","coordinates":[[[72.86430922413909,19.068720015276384],[72.86383545831357,19.06862419997641],[72.86384008824486,19.06826294778999],[72.86431153861714,19.068539389130947],[72.86430922413909,19.068720015276384]]]},"id":"125"},{"type":"Feature","properties":{"id":"126","metrics:area":13900,"metrics:perimeter":498.6114253876241},"geometry":{"type":"Polygon","coordinates":[[[72.86326323522643,19.06879822171122],[72.86203886128905,19.06797108978187],[72.8623319214034,19.06734220317696],[72.86374741888558,19.068081221132584],[72.86326323522643,19.06879822171122]]]},"id":"126"},{"type":"Feature","properties":{"id":"127","metrics:area":13800,"metrics:perimeter":668.7785251901173},"geometry":{"type":"Polygon","coordinates":[[[72.86431385306906,19.0683587629817],[72.86403352911307,19.067994209599384],[72.86374857639038,19.067990908087307],[72.8636582223219,19.067628555317356],[72.86337327029403,19.067625253286305],[72.86328291717456,19.067262900417838],[72.86299796584152,19.06725959786785],[72.86281263011837,19.06689614392676],[72.86366516736497,19.067086677036492],[72.86432311061554,19.067636258346685],[72.86499031283134,19.06746333273563],[72.86469379102441,19.068363163817295],[72.86431385306906,19.0683587629817]]]},"id":"127"},{"type":"Feature","properties":{"id":"128","metrics:area":11850,"metrics:perimeter":557.8529620131658},"geometry":{"type":"Polygon","coordinates":[[[72.86166240075309,19.067695744793028],[72.86128594149577,19.067420399148652],[72.8613855601859,19.067060249285266],[72.86109829179118,19.06723756963259],[72.86072415267849,19.066781597259343],[72.86063728294934,19.066148305032666],[72.86092223194288,19.066151611044326],[72.86120138712486,19.06660648117137],[72.86214542882728,19.067069061662014],[72.86204465333836,19.06751952504577],[72.86166240075309,19.067695744793028]]]},"id":"128"},{"type":"Feature","properties":{"id":"129","metrics:area":600,"metrics:perimeter":111.2310562561766},"geometry":{"type":"Polygon","coordinates":[[[72.86216046000591,19.058488225330855],[72.86216277547257,19.058307599239562],[72.86254153247418,19.058402315343688],[72.86254037494295,19.05849262841129],[72.86216046000591,19.058488225330855]]]},"id":"129"},{"type":"Feature","properties":{"id":"130","metrics:area":6650,"metrics:perimeter":458.81408699695385},"geometry":{"type":"Polygon","coordinates":[[[72.86966610670558,19.05839441454747],[72.8694830709752,19.057850339567995],[72.86900933098029,19.057754540184504],[72.86873593588429,19.05684811361524],[72.869582664472,19.057490182643583],[72.8698595256619,19.05812566794414],[72.86985606498645,19.0583966084485],[72.86966610670558,19.05839441454747]]]},"id":"130"},{"type":"Feature","properties":{"id":"131","metrics:area":5550,"metrics:perimeter":295.80969495842044},"geometry":{"type":"Polygon","coordinates":[[[72.87176717431655,19.057515400552163],[72.8712053711826,19.056876629319895],[72.87120767664727,19.05669600212923],[72.87168372050786,19.05661116845437],[72.8720590244541,19.05697680609546],[72.87205441526875,19.057338060662588],[72.87176717431655,19.057515400552163]]]},"id":"131"},{"type":"Feature","properties":{"id":"132","metrics:area":1200,"metrics:perimeter":177.7269903474535},"geometry":{"type":"Polygon","coordinates":[[[72.84283399641241,19.054469531921594],[72.84274135715096,19.054287797445514],[72.84303328933255,19.053749257399573],[72.84302628253087,19.05429112910882],[72.84283399641241,19.054469531921594]]]},"id":"132"},{"type":"Feature","properties":{"id":"133","metrics:area":7550,"metrics:perimeter":445.23744655447825},"geometry":{"type":"Polygon","coordinates":[[[72.84349298519038,19.05492886472025],[72.8430216111979,19.054652376895948],[72.84312476094725,19.054021303698317],[72.84359730097758,19.054207479134416],[72.84322323900292,19.053751478196492],[72.84388456107146,19.05403018545984],[72.84377907925867,19.054841883343105],[72.84349298519038,19.05492886472025]]]},"id":"133"},{"type":"Feature","properties":{"id":"134","metrics:area":10900,"metrics:perimeter":497.2195515688489},"geometry":{"type":"Polygon","coordinates":[[[72.87018252114969,19.05514861171368],[72.86981645208115,19.054060462694665],[72.86982221853481,19.053608894982546],[72.87000755864811,19.053972342409914],[72.87029594769407,19.0537046912164],[72.87104769147618,19.054345656273377],[72.87018252114969,19.05514861171368]]]},"id":"134"},{"type":"Feature","properties":{"id":"135","metrics:area":4800,"metrics:perimeter":307.9206566732622},"geometry":{"type":"Polygon","coordinates":[[[72.8440791800586,19.05367115734945],[72.84370161552832,19.05348609334835],[72.84322557434545,19.053570854263164],[72.8433275546493,19.053030092720334],[72.84418115774132,19.05313039507327],[72.8440791800586,19.05367115734945]]]},"id":"135"},{"type":"Feature","properties":{"id":"136","metrics:area":4000,"metrics:perimeter":294.2447877525959},"geometry":{"type":"Polygon","coordinates":[[[72.84179511174533,19.054005753098814],[72.84171065325378,19.053191835086334],[72.84209522398369,19.05283503146075],[72.84217968438136,19.053648949493407],[72.84179511174533,19.054005753098814]]]},"id":"136"},{"type":"Feature","properties":{"id":"137","metrics:area":3500,"metrics:perimeter":232.6666896593644},"geometry":{"type":"Polygon","coordinates":[[[72.84000111461285,19.053171827439908],[72.83952858241406,19.052985643450793],[72.83943828690222,19.05262328422356],[72.83991432618636,19.052538533004174],[72.840193401793,19.052993427710245],[72.84000111461285,19.053171827439908]]]},"id":"137"},{"type":"Feature","properties":{"id":"138","metrics:area":1000,"metrics:perimeter":131.2310562561766},"geometry":{"type":"Polygon","coordinates":[[[72.84323491545184,19.052848358491794],[72.84323841825795,19.05257742256182],[72.843617147619,19.052672175276026],[72.84361481281888,19.05285279927364],[72.84323491545184,19.052848358491794]]]},"id":"138"},{"type":"Feature","properties":{"id":"139","metrics:area":2400,"metrics:perimeter":252.98221281347034},"geometry":{"type":"Polygon","coordinates":[[[72.84143274156,19.052646630376334],[72.84172817940292,19.051837156766187],[72.84201426861152,19.05175017766912],[72.8417188323081,19.052559651896917],[72.84143274156,19.052646630376334]]]},"id":"139"},{"type":"Feature","properties":{"id":"140","metrics:area":1150,"metrics:perimeter":190.03896913132158},"geometry":{"type":"Polygon","coordinates":[[[72.84429597148298,19.051596200145294],[72.843631155866,19.051588431210387],[72.84382460475776,19.051319715078346],[72.84410952527462,19.051323044570974],[72.84401221757057,19.051502558860317],[72.84429597148298,19.051596200145294]]]},"id":"140"},{"type":"Feature","properties":{"id":"141","metrics:area":6200,"metrics:perimeter":306.5749932891579},"geometry":{"type":"Polygon","coordinates":[[[72.83365544228674,19.05174254446527],[72.83299532304444,19.0513734916486],[72.83318996050433,19.05101447694751],[72.83366482385283,19.05102005313048],[72.83404119722896,19.051295447524303],[72.83403650724044,19.051656693278797],[72.83365544228674,19.05174254446527]]]},"id":"141"},{"type":"Feature","properties":{"id":"142","metrics:area":1400,"metrics:perimeter":181.4213562373095},"geometry":{"type":"Polygon","coordinates":[[[72.85284362957123,19.051695873419224],[72.85294673968599,19.051064790706],[72.8530417136111,19.051065895877965],[72.85312855242425,19.051699189053387],[72.85284362957123,19.051695873419224]]]},"id":"142"},{"type":"Feature","properties":{"id":"143","metrics:area":6900,"metrics:perimeter":414.891010810991},"geometry":{"type":"Polygon","coordinates":[[[72.85512301404859,19.051722386193507],[72.85379801988596,19.05134567335738],[72.85361039541614,19.051162838494772],[72.85522611569968,19.05109130136328],[72.85512301404859,19.051722386193507]]]},"id":"143"},{"type":"Feature","properties":{"id":"144","metrics:area":3400,"metrics:perimeter":234.9649297706672},"geometry":{"type":"Polygon","coordinates":[[[72.85921039734468,19.051498879131817],[72.85893010977398,19.05113432122544],[72.85940961647708,19.05077857940287],[72.85968758745597,19.051323762575798],[72.85921039734468,19.051498879131817]]]},"id":"144"},{"type":"Feature","properties":{"id":"145","metrics:area":600,"metrics:perimeter":100},"geometry":{"type":"Polygon","coordinates":[[[72.87014173850802,19.050902777451608],[72.87014519725422,19.050631836677148],[72.87033514675873,19.050634029226625],[72.87033168832043,19.050904970034605],[72.87014173850802,19.050902777451608]]]},"id":"145"},{"type":"Feature","properties":{"id":"146","metrics:area":7400,"metrics:perimeter":352.6029677548412},"geometry":{"type":"Polygon","coordinates":[[[72.85209197465521,19.051054841962152],[72.85114456277158,19.05086315823626],[72.85115154186114,19.050321283424275],[72.85219624951097,19.050333447335742],[72.85209197465521,19.051054841962152]]]},"id":"146"},{"type":"Feature","properties":{"id":"147","metrics:area":13000,"metrics:perimeter":442.5419164435295},"geometry":{"type":"Polygon","coordinates":[[[72.83100559123437,19.050988810791903],[72.83044162833576,19.050530554878893],[72.8304463258056,19.050169309942973],[72.83073476440389,19.049901726128052],[72.83120844988525,19.049997619597573],[72.83196001089173,19.050638727881104],[72.83176537145239,19.050997741078437],[72.83100559123437,19.050988810791903]]]},"id":"147"},{"type":"Feature","properties":{"id":"148","metrics:area":1800,"metrics:perimeter":173.2114465280323},"geometry":{"type":"Polygon","coordinates":[[[72.85428450572147,19.050448070100582],[72.85381079925938,19.050352234493218],[72.85381428440529,19.0500812966012],[72.8541953396205,19.049995402336528],[72.85428450572147,19.050448070100582]]]},"id":"148"},{"type":"Feature","properties":{"id":"149","metrics:area":11850,"metrics:perimeter":421.7007451238886},"geometry":{"type":"Polygon","coordinates":[[[72.858551371696,19.051039599444913],[72.85798616427087,19.0506717332108],[72.85789814737353,19.050128753378214],[72.85875870602736,19.049687110138052],[72.85912701176245,19.050594647735075],[72.858551371696,19.051039599444913]]]},"id":"149"},{"type":"Feature","properties":{"id":"150","metrics:area":1050,"metrics:perimeter":131.6227766016838},"geometry":{"type":"Polygon","coordinates":[[[72.85220206241617,19.04988188465633],[72.85220555008053,19.04961094703727],[72.85258544232637,19.04961536863349],[72.85248698205251,19.049885200977393],[72.85220206241617,19.04988188465633]]]},"id":"150"},{"type":"Feature","properties":{"id":"151","metrics:area":5700,"metrics:perimeter":339.06681994070306},"geometry":{"type":"Polygon","coordinates":[[[72.85959956481453,19.0507807830157],[72.8589451763066,19.04996025311652],[72.8589486530417,19.049689314299336],[72.85923357361227,19.04969262017526],[72.85979530568927,19.050331421523353],[72.85988564583377,19.050693775083207],[72.85959956481453,19.0507807830157]]]},"id":"151"},{"type":"Feature","properties":{"id":"152","metrics:area":1200,"metrics:perimeter":149.4427190999916},"geometry":{"type":"Polygon","coordinates":[[[72.8536254993903,19.049988774491876],[72.85362898476535,19.049717836622232],[72.85401120075025,19.04954163001676],[72.8540077160303,19.049812567959666],[72.8536254993903,19.049988774491876]]]},"id":"152"},{"type":"Feature","properties":{"id":"153","metrics:area":5950,"metrics:perimeter":338.8562299597854},"geometry":{"type":"Polygon","coordinates":[[[72.85191598011707,19.049968880416944],[72.85106122127809,19.049958927450202],[72.8513496299014,19.04969130808092],[72.85145158059892,19.049150539010384],[72.85211406479465,19.049338903905493],[72.85191598011707,19.049968880416944]]]},"id":"153"},{"type":"Feature","properties":{"id":"154","metrics:area":1050,"metrics:perimeter":134.084889114037},"geometry":{"type":"Polygon","coordinates":[[[72.8751995702088,19.04906422312869],[72.87510919647448,19.04870187385941],[72.8754879424541,19.048796562047045],[72.87548564265,19.048977189895794],[72.8751995702088,19.04906422312869]]]},"id":"154"},{"type":"Feature","properties":{"id":"155","metrics:area":7200,"metrics:perimeter":368.67068299468997},"geometry":{"type":"Polygon","coordinates":[[[72.88145641219687,19.05003943953537],[72.88079961618605,19.049399605445064],[72.88109371537446,19.048680363532988],[72.88156629380649,19.048866444403217],[72.88145641219687,19.05003943953537]]]},"id":"155"},{"type":"Feature","properties":{"id":"156","metrics:area":3050,"metrics:perimeter":270.5535981506546},"geometry":{"type":"Polygon","coordinates":[[[72.87196930047892,19.049117324994704],[72.87206888150216,19.048757165381083],[72.87264217868447,19.048492794605703],[72.87282521807084,19.049036866964624],[72.87216155190791,19.048938888045264],[72.87196930047892,19.049117324994704]]]},"id":"156"},{"type":"Feature","properties":{"id":"157","metrics:area":15500,"metrics:perimeter":509.2448814020822},"geometry":{"type":"Polygon","coordinates":[[[72.85249279402395,19.0494336381897],[72.85240130831983,19.049161595159184],[72.85164268890726,19.049062438117993],[72.85183961046904,19.048522774368863],[72.85241409442713,19.048168156973166],[72.85326187348645,19.048719978469833],[72.85335336047686,19.04899202119933],[72.85325373992136,19.049352166734593],[72.85249279402395,19.0494336381897]]]},"id":"157"},{"type":"Feature","properties":{"id":"158","metrics:area":6850,"metrics:perimeter":378.2561948064226},"geometry":{"type":"Polygon","coordinates":[[[72.87471894774752,19.049510323713477],[72.87462742455867,19.04923828817368],[72.87405642859238,19.049322037488693],[72.87444783027983,19.048423275423257],[72.87501192221852,19.048881407966867],[72.8750038709492,19.04951360521916],[72.87471894774752,19.049510323713477]]]},"id":"158"},{"type":"Feature","properties":{"id":"159","metrics:area":800,"metrics:perimeter":140},"geometry":{"type":"Polygon","coordinates":[[[72.87662878058552,19.048719366221945],[72.87691829921702,19.04836138860217],[72.87710824697622,19.048363573931734],[72.87681872871624,19.04872155188887],[72.87662878058552,19.048719366221945]]]},"id":"159"},{"type":"Feature","properties":{"id":"160","metrics:area":5600,"metrics:perimeter":391.2068390098693},"geometry":{"type":"Polygon","coordinates":[[[72.87178050441725,19.04902482058991],[72.87159170858033,19.0489323160113],[72.87026899132677,19.048375092717016],[72.87065234268637,19.04810853592889],[72.87169013830564,19.04866247036708],[72.87178050441725,19.04902482058991]]]},"id":"160"},{"type":"Feature","properties":{"id":"161","metrics:area":10300,"metrics:perimeter":486.1746449076953},"geometry":{"type":"Polygon","coordinates":[[[72.87377265674837,19.04922844073266],[72.87349003626007,19.04904452976501],[72.87301401484002,19.049129370357193],[72.87273600100383,19.048584203267982],[72.87283442867677,19.04831435680351],[72.87340772330296,19.048049983370223],[72.87397296158309,19.048417804873612],[72.8738733848439,19.048777965947085],[72.87349348920851,19.04877358834456],[72.87349118724937,19.048954215959142],[72.87377610927405,19.04895749926771],[72.87377265674837,19.04922844073266]]]},"id":"161"},{"type":"Feature","properties":{"id":"162","metrics:area":2000,"metrics:perimeter":185.85852494097924},"geometry":{"type":"Polygon","coordinates":[[[72.87197736305993,19.048485128965297],[72.87198197010596,19.048123874070463],[72.87245798883924,19.048039035906267],[72.87254950792463,19.048311072148117],[72.87197736305993,19.048485128965297]]]},"id":"162"},{"type":"Feature","properties":{"id":"163","metrics:area":1000,"metrics:perimeter":135.95241580617238},"geometry":{"type":"Polygon","coordinates":[[[72.84947112205032,19.048043556556966],[72.84957074946612,19.04768341374315],[72.84985566485659,19.047686733757327],[72.84985333746411,19.047867358595756],[72.84947112205032,19.048043556556966]]]},"id":"163"},{"type":"Feature","properties":{"id":"164","metrics:area":5000,"metrics:perimeter":358.26922607939895},"geometry":{"type":"Polygon","coordinates":[[[72.87558291648963,19.048797655496074],[72.87501882305321,19.04833952457072],[72.8752133705688,19.047980456191244],[72.87587358700556,19.048349365800426],[72.87577401431854,19.04870952830522],[72.87615505989892,19.048623587234907],[72.87605778676466,19.04880312200923],[72.87558291648963,19.048797655496074]]]},"id":"164"},{"type":"Feature","properties":{"id":"165","metrics:area":800,"metrics:perimeter":121.2899020449196},"geometry":{"type":"Polygon","coordinates":[[[72.87387913860182,19.048326396782457],[72.87369149294713,19.04814358048438],[72.87369379458406,19.047962952830392],[72.87407138719786,19.04814795754036],[72.87387913860182,19.048326396782457]]]},"id":"165"},{"type":"Feature","properties":{"id":"166","metrics:area":3350,"metrics:perimeter":258.35456860954736},"geometry":{"type":"Polygon","coordinates":[[[72.88052157527818,19.04885444759867],[72.88043692568942,19.048040528715855],[72.88100676925264,19.048047073152052],[72.88071267111343,19.048766315043146],[72.88052157527818,19.04885444759867]]]},"id":"166"},{"type":"Feature","properties":{"id":"167","metrics:area":3250,"metrics:perimeter":308.8907553130547},"geometry":{"type":"Polygon","coordinates":[[[72.87255065937504,19.04822075839045],[72.87255526511164,19.047859503350264],[72.87283903382368,19.047953101700166],[72.87312625624524,19.047775758258567],[72.8731297095364,19.047504816865178],[72.87350730041739,19.04768982257729],[72.87340887427209,19.047959669559493],[72.87255065937504,19.04822075839045]]]},"id":"167"},{"type":"Feature","properties":{"id":"168","metrics:area":5400,"metrics:perimeter":443.40370355318987},"geometry":{"type":"Polygon","coordinates":[[[72.87464007845375,19.048244835541702],[72.87473850289491,19.047974987732918],[72.87435630795413,19.04815123981996],[72.87407598962477,19.047786702139348],[72.87350730041739,19.04768982257729],[72.87351075307336,19.0474188811141],[72.8749307502219,19.047796547459875],[72.87483002579869,19.048247023202467],[72.87464007845375,19.048244835541702]]]},"id":"168"},{"type":"Feature","properties":{"id":"169","metrics:area":16450,"metrics:perimeter":507.4628015989875},"geometry":{"type":"Polygon","coordinates":[[[72.87634615727966,19.048535459400828],[72.87568823840506,19.047985923429618],[72.87607962775895,19.04708715662145],[72.87740235915123,19.04764433919788],[72.87672720228448,19.048449517079433],[72.87634615727966,19.048535459400828]]]},"id":"169"},{"type":"Feature","properties":{"id":"170","metrics:area":3000,"metrics:perimeter":244.4055965004231},"geometry":{"type":"Polygon","coordinates":[[[72.87540676731986,19.047711701443824],[72.87550863952208,19.04717091123737],[72.87570203475148,19.046902156021062],[72.87598695368413,19.046905435577926],[72.87578896032656,19.047535446966087],[72.87540676731986,19.047711701443824]]]},"id":"170"},{"type":"Feature","properties":{"id":"171","metrics:area":6150,"metrics:perimeter":360.4865201050528},"geometry":{"type":"Polygon","coordinates":[[[72.87188814847312,19.0480324650856],[72.87171317583373,19.046856196113858],[72.872190342486,19.046681044542847],[72.87227034518766,19.047856218339394],[72.87188814847312,19.0480324650856]]]},"id":"171"},{"type":"Feature","properties":{"id":"172","metrics:area":17050,"metrics:perimeter":896.723203754389},"geometry":{"type":"Polygon","coordinates":[[[72.87169359410073,19.048391529253315],[72.87074846844344,19.048019318174116],[72.87057004665361,19.047113989863533],[72.87038010112525,19.047111797944982],[72.87055967437128,19.047926812695763],[72.87037088052388,19.04783430704361],[72.87019591880026,19.04665803766961],[72.8711433397817,19.046849623386407],[72.87103914955705,19.047571037195247],[72.87123600829202,19.04703134634955],[72.87161359563946,19.047216355639975],[72.87169359410073,19.048391529253315]]]},"id":"172"},{"type":"Feature","properties":{"id":"173","metrics:area":7500,"metrics:perimeter":354.76465907691556},"geometry":{"type":"Polygon","coordinates":[[[72.87455430754056,19.047521230605476],[72.87466193333022,19.046528871634024],[72.8755132385848,19.046809655460105],[72.87512414715155,19.047527793027413],[72.87455430754056,19.047521230605476]]]},"id":"173"},{"type":"Feature","properties":{"id":"174","metrics:area":900,"metrics:perimeter":123.24555320336759},"geometry":{"type":"Polygon","coordinates":[[[72.87779259013864,19.04683588182714],[72.87770106277151,19.046563847395756],[72.87798598149732,19.046567123811727],[72.87807750934566,19.046839158146824],[72.87779259013864,19.04683588182714]]]},"id":"174"},{"type":"Feature","properties":{"id":"175","metrics:area":7400,"metrics:perimeter":455.1503848157124},"geometry":{"type":"Polygon","coordinates":[[[72.88119786391422,19.04795893997213],[72.88063031468813,19.0477717676822],[72.8807298763892,19.047411601450314],[72.88101479712249,19.047414873332087],[72.88102167790122,19.046872987735107],[72.88149654438038,19.046878439728722],[72.88159610352062,19.04651827276404],[72.88158693176709,19.04724078718289],[72.88119786391422,19.04795893997213]]]},"id":"175"},{"type":"Feature","properties":{"id":"176","metrics:area":4050,"metrics:perimeter":302.03872238960673},"geometry":{"type":"Polygon","coordinates":[[[72.87398561878574,19.047424352576964],[72.87409439829274,19.046341680383392],[72.8743793159707,19.046344962328426],[72.87436896268484,19.04715778724662],[72.87427053829114,19.04742763486913],[72.87398561878574,19.047424352576964]]]},"id":"176"},{"type":"Feature","properties":{"id":"177","metrics:area":550,"metrics:perimeter":96.34413615167958},"geometry":{"type":"Polygon","coordinates":[[[72.87523061970369,19.04662574732715],[72.87504182414679,19.046533246336708],[72.87504412411327,19.046352618492413],[72.87532789216,19.04644621291299],[72.87523061970369,19.04662574732715]]]},"id":"177"},{"type":"Feature","properties":{"id":"178","metrics:area":2500,"metrics:perimeter":205.85852494097924},"geometry":{"type":"Polygon","coordinates":[[[72.87076690615436,19.046574299588986],[72.87086763981998,19.046123826958336],[72.87143516945292,19.046311027720158],[72.87133674112678,19.046580873386983],[72.87076690615436,19.046574299588986]]]},"id":"178"},{"type":"Feature","properties":{"id":"179","metrics:area":1300,"metrics:perimeter":162.0079285608123},"geometry":{"type":"Polygon","coordinates":[[[72.87741614410407,19.046560570540642],[72.87742073888074,19.046199314291187],[72.87780292656845,19.046023055069714],[72.877703359865,19.046383219239527],[72.87741614410407,19.046560570540642]]]},"id":"179"},{"type":"Feature","properties":{"id":"180","metrics:area":16550,"metrics:perimeter":593.6833399268061},"geometry":{"type":"Polygon","coordinates":[[[72.87255756794093,19.047678875824477],[72.87237798485708,19.046863862075735],[72.87257138437045,19.046595110589962],[72.87228761808205,19.046501512054512],[72.87229337538835,19.046049943245404],[72.87239065043816,19.045870410644753],[72.8733392216529,19.04597167108457],[72.87352226150414,19.046515742841763],[72.87313431383359,19.047143561660693],[72.87294551911462,19.04705105858474],[72.87293976324632,19.04750262753693],[72.87255756794093,19.047678875824477]]]},"id":"180"},{"type":"Feature","properties":{"id":"181","metrics:area":5300,"metrics:perimeter":392.3234507375681},"geometry":{"type":"Polygon","coordinates":[[[72.87162165870083,19.04658415962727],[72.87153590111704,19.045860554521514],[72.8722018575791,19.045777906975697],[72.87219149402456,19.046590730790403],[72.87200154889064,19.046588540597867],[72.872007306999,19.04613697187723],[72.87190657633343,19.046587445428408],[72.87162165870083,19.04658415962727]]]},"id":"181"},{"type":"Feature","properties":{"id":"182","metrics:area":1050,"metrics:perimeter":157.6782893563237},"geometry":{"type":"Polygon","coordinates":[[[72.88074363956048,19.046327830422296],[72.88074822707695,19.045966573382582],[72.88094161284579,19.04569781168491],[72.88103314534763,19.04596984499754],[72.88074363956048,19.046327830422296]]]},"id":"182"},{"type":"Feature","properties":{"id":"183","metrics:area":8750,"metrics:perimeter":422.9614192678305},"geometry":{"type":"Polygon","coordinates":[[[72.87666095769475,19.046190574042125],[72.87562085781403,19.045817295259457],[72.8756266058827,19.04536572543644],[72.87714156498174,19.045744466814075],[72.8771369697192,19.046105723015703],[72.87666095769475,19.046190574042125]]]},"id":"183"},{"type":"Feature","properties":{"id":"184","metrics:area":700,"metrics:perimeter":120.6449510224598},"geometry":{"type":"Polygon","coordinates":[[[72.87828123422757,19.04575757275502],[72.87828467875953,19.045486630393423],[72.87847691953384,19.045308185732363],[72.87847232727387,19.04566944226471],[72.87828123422757,19.04575757275502]]]},"id":"184"},{"type":"Feature","properties":{"id":"185","metrics:area":1000,"metrics:perimeter":148.2842712474619},"geometry":{"type":"Polygon","coordinates":[[[72.88037177732504,19.045691267823162],[72.88037865952005,19.045149382351465],[72.88056860405213,19.045151563767167],[72.88056401635842,19.045512820796574],[72.88037177732504,19.045691267823162]]]},"id":"185"},{"type":"Feature","properties":{"id":"186","metrics:area":8000,"metrics:perimeter":512.7132030303819},"geometry":{"type":"Polygon","coordinates":[[[72.87733265848799,19.04565633756157],[72.8757227275181,19.045276504651895],[72.87582344692663,19.044826027878795],[72.8765809233852,19.04501539902734],[72.87638983033601,19.045103527539244],[72.87657747618037,19.045286341102514],[72.87667474632686,19.04510680573721],[72.8774333739814,19.045205859526867],[72.87733265848799,19.04565633756157]]]},"id":"186"},{"type":"Feature","properties":{"id":"187","metrics:area":600,"metrics:perimeter":108.2842712474619},"geometry":{"type":"Polygon","coordinates":[[[72.88104231883845,19.045247330739155],[72.88104690542843,19.044886073587186],[72.88123684974339,19.04488825428647],[72.88123455666654,19.045068882886586],[72.88104231883845,19.045247330739155]]]},"id":"187"},{"type":"Feature","properties":{"id":"188","metrics:area":700,"metrics:perimeter":134.3397840021018},"geometry":{"type":"Polygon","coordinates":[[[72.88142564765167,19.044980749102244],[72.88142908692998,19.044709806164455],[72.88162247000382,19.044441043471526],[72.88161788477451,19.04480230077585],[72.88142564765167,19.044980749102244]]]},"id":"188"},{"type":"Feature","properties":{"id":"189","metrics:area":2100,"metrics:perimeter":206.05384854352772},"geometry":{"type":"Polygon","coordinates":[[[72.87601453987845,19.044737899949517],[72.87592416566636,19.044375550977456],[72.87668164029247,19.044564921533492],[72.87658437053166,19.044744456943608],[72.87601453987845,19.044737899949517]]]},"id":"189"},{"type":"Feature","properties":{"id":"190","metrics:area":1100,"metrics:perimeter":160.6449510224598},"geometry":{"type":"Polygon","coordinates":[[[72.87867375159173,19.044768484228186],[72.87868063893818,19.04422659930025],[72.87887172997678,19.044138468192024],[72.878865991083,19.044590039028066],[72.87867375159173,19.044768484228186]]]},"id":"190"},{"type":"Feature","properties":{"id":"191","metrics:area":1400,"metrics:perimeter":151.2310562561766},"geometry":{"type":"Polygon","coordinates":[[[72.87611525803446,19.044287422884572],[72.87611985503497,19.043926166852067],[72.87649859125523,19.044020852012753],[72.87649514411065,19.044291794102556],[72.87611525803446,19.044287422884572]]]},"id":"191"},{"type":"Feature","properties":{"id":"192","metrics:area":5750,"metrics:perimeter":511.2935921648362},"geometry":{"type":"Polygon","coordinates":[[[72.87780407502822,19.045932740980813],[72.87830304861099,19.04404160432064],[72.8785902589513,19.043864251081278],[72.87868178680655,19.04413628514227],[72.87829386389278,19.044764117387405],[72.87818855821847,19.04557585263265],[72.87780407502822,19.045932740980813]]]},"id":"192"},{"type":"Feature","properties":{"id":"193","metrics:area":3000,"metrics:perimeter":361.78673427987565},"geometry":{"type":"Polygon","coordinates":[[[72.87771943879297,19.04511882203957],[72.8776279121912,19.04484678762776],[72.87811769823502,19.043678164184925],[72.87830764081447,19.04368034776448],[72.87771943879297,19.04511882203957]]]},"id":"193"},{"type":"Feature","properties":{"id":"194","metrics:area":1500,"metrics:perimeter":166.0555127546399},"geometry":{"type":"Polygon","coordinates":[[[72.87963035556153,19.044237512653147],[72.87963723959685,19.043695627357256],[72.87992215378692,19.04369890031165],[72.87991756507151,19.04406015724611],[72.87963035556153,19.044237512653147]]]},"id":"194"},{"type":"Feature","properties":{"id":"195","metrics:area":17250,"metrics:perimeter":760.2524625481731},"geometry":{"type":"Polygon","coordinates":[[[72.87686583926111,19.045018676915852],[72.87677316519492,19.044836956257985],[72.87725951111284,19.043939277896857],[72.87716913437703,19.043576929285372],[72.87687388143469,19.044386478590237],[72.87658896663605,19.044383200818686],[72.87688536970255,19.0434833380444],[72.87745634488064,19.043399577842923],[72.87792890392133,19.04358566629108],[72.87802043055848,19.04385770056855],[72.87753064319864,19.04502632361474],[72.87686583926111,19.045018676915852]]]},"id":"195"},{"type":"Feature","properties":{"id":"196","metrics:area":4350,"metrics:perimeter":433.52658620709735},"geometry":{"type":"Polygon","coordinates":[[[72.87534513886936,19.045091503723192],[72.87564729758596,19.043740073877064],[72.87603292859738,19.043292875893467],[72.87602603302253,19.043834759942957],[72.87534513886936,19.045091503723192]]]},"id":"196"},{"type":"Feature","properties":{"id":"197","metrics:area":2600,"metrics:perimeter":221.8536337391621},"geometry":{"type":"Polygon","coordinates":[[[72.87630979764972,19.04392835251407],[72.87641396142523,19.043206933027626],[72.87669887418444,19.043210210874687],[72.87669083188324,19.043842409208704],[72.87630979764972,19.04392835251407]]]},"id":"197"},{"type":"Feature","properties":{"id":"198","metrics:area":700,"metrics:perimeter":134.3397840021018},"geometry":{"type":"Polygon","coordinates":[[[72.87992330094957,19.043608586075667],[72.8799278895354,19.043247329122224],[72.8801201258971,19.043068882287628],[72.88011668481408,19.043339825043187],[72.87992330094957,19.043608586075667]]]},"id":"198"},{"type":"Feature","properties":{"id":"199","metrics:area":9950,"metrics:perimeter":452.88278112891646},"geometry":{"type":"Polygon","coordinates":[[[72.88133411485892,19.044708715947902],[72.88095537330905,19.044614040307096],[72.88106639727988,19.04335073052193],[72.8812609254864,19.042991653756097],[72.88154583877576,19.042994924088994],[72.88162705512954,19.044079786152015],[72.88133411485892,19.044708715947902]]]},"id":"199"},{"type":"Feature","properties":{"id":"200","metrics:area":3500,"metrics:perimeter":288.213262122864},"geometry":{"type":"Polygon","coordinates":[[[72.87859485048737,19.04350299445074],[72.87831108489901,19.043409405337385],[72.87831567692092,19.04304814875465],[72.87869785628317,19.042871886830927],[72.8790754446257,19.043056880809807],[72.87907085424516,19.0434181375706],[72.8787893839485,19.04314392082994],[72.87859485048737,19.04350299445074]]]},"id":"200"},{"type":"Feature","properties":{"id":"201","metrics:area":2250,"metrics:perimeter":237.06377437798025},"geometry":{"type":"Polygon","coordinates":[[[72.87603292859738,19.043292875893467],[72.8762332124819,19.04248223533644],[72.87651812397118,19.04248551334252],[72.87622287048103,19.04329506157504],[72.87603292859738,19.043292875893467]]]},"id":"201"},{"type":"Feature","properties":{"id":"202","metrics:area":4550,"metrics:perimeter":355.74013972000137},"geometry":{"type":"Polygon","coordinates":[[[72.8781234388564,19.043226593524018],[72.87736596787357,19.04303722929509],[72.87746782935722,19.042496436858578],[72.87775274109954,19.04249971296213],[72.87774814800225,19.04286096943406],[72.87793808960656,19.04286315330371],[72.87794153413151,19.042592210917785],[72.87822529811035,19.042685800452567],[72.8781234388564,19.043226593524018]]]},"id":"202"},{"type":"Feature","properties":{"id":"203","metrics:area":2100,"metrics:perimeter":186.1427157873053},"geometry":{"type":"Polygon","coordinates":[[[72.87708220394192,19.042943638430227],[72.87680073795738,19.04266941903607],[72.8771852147985,19.042312532141132],[72.87737056184342,19.04267597291982],[72.87708220394192,19.042943638430227]]]},"id":"203"},{"type":"Feature","properties":{"id":"204","metrics:area":900,"metrics:perimeter":146.0555127546399},"geometry":{"type":"Polygon","coordinates":[[[72.88145430652382,19.0427228910264],[72.88145774531655,19.042451948017444],[72.88165112534008,19.0421831849755],[72.8816442484284,19.04272507106863],[72.88145430652382,19.0427228910264]]]},"id":"204"},{"type":"Feature","properties":{"id":"205","metrics:area":1100,"metrics:perimeter":136.25118400082528},"geometry":{"type":"Polygon","coordinates":[[[72.87651812397118,19.04248551334252],[72.87633048102029,19.042302699979313],[72.87671266024677,19.042126442193872],[72.87680418428988,19.042398476844888],[72.87651812397118,19.04248551334252]]]},"id":"205"},{"type":"Feature","properties":{"id":"206","metrics:area":4350,"metrics:perimeter":442.5550702292562},"geometry":{"type":"Polygon","coordinates":[[[72.87907773977707,19.042876252423717],[72.8775650966464,19.042316900722483],[72.87728363073604,19.042042682073543],[72.87908118245554,19.042605309837466],[72.87907773977707,19.042876252423717]]]},"id":"206"},{"type":"Feature","properties":{"id":"207","metrics:area":2200,"metrics:perimeter":268.2842712474619},"geometry":{"type":"Polygon","coordinates":[[[72.87936724207506,19.04251826925575],[72.8793810102813,19.041434498613672],[72.87957095046477,19.04143668064666],[72.87955947805015,19.04233982296913],[72.87936724207506,19.04251826925575]]]},"id":"207"},{"type":"Feature","properties":{"id":"208","metrics:area":7600,"metrics:perimeter":328.4417868421599},"geometry":{"type":"Polygon","coordinates":[[[72.87879971336874,19.042331093221396],[72.87823333407655,19.042053601408615],[72.87833519185668,19.041512808108607],[72.87862239752542,19.041335454348655],[72.87900112999218,19.04143013396232],[72.87909265762906,19.041702167821597],[72.87908577260272,19.042244053042502],[72.87879971336874,19.042331093221396]]]},"id":"208"},{"type":"Feature","properties":{"id":"209","metrics:area":5400,"metrics:perimeter":378.4591852352485},"geometry":{"type":"Polygon","coordinates":[[[72.88117512577371,19.042268048994185],[72.88128614463056,19.041004738465922],[72.8816694626318,19.04073815522682],[72.88165685592179,19.041731613205133],[72.88117512577371,19.042268048994185]]]},"id":"209"},{"type":"Feature","properties":{"id":"210","metrics:area":1050,"metrics:perimeter":131.6227766016838},"geometry":{"type":"Polygon","coordinates":[[[72.87578249480563,19.040580176746555],[72.87578709156219,19.040218920647526],[72.8760719991076,19.04022219896749],[72.87606855201147,19.040493141093336],[72.87578249480563,19.040580176746555]]]},"id":"210"},{"type":"Feature","properties":{"id":"211","metrics:area":24950,"metrics:perimeter":1078.6519676463524},"geometry":{"type":"Polygon","coordinates":[[[72.87785460083691,19.041958920129307],[72.87766925331441,19.04159547978579],[72.87738434313022,19.041592203702915],[72.877594951579,19.0399687335249],[72.87863846490644,19.04007105570333],[72.8786338743558,19.040432312478114],[72.87825399653066,19.040427946510647],[72.87853660947302,19.040611849429986],[72.87834093118704,19.041061237278164],[72.87862698833537,19.04097419761183],[72.87873228659714,19.04016246125168],[72.87920713328758,19.040167917286176],[72.87920254394184,19.040529174190695],[72.87891648778623,19.040616214856634],[72.87910527957132,19.040708711494528],[72.87900342501277,19.041249505553193],[72.87805372576942,19.04123859062149],[72.87823792591458,19.041692344791198],[72.87813951173385,19.041962195547267],[72.87785460083691,19.041958920129307]]]},"id":"211"},{"type":"Feature","properties":{"id":"212","metrics:area":14000,"metrics:perimeter":819.5807734624599},"geometry":{"type":"Polygon","coordinates":[[[72.87700216574889,19.041768463077247],[72.87693016774739,19.03996108900869],[72.87682600970628,19.040682509435687],[72.87654110123586,19.040679232202823],[72.87645991748693,19.039594370895095],[72.87702973075487,19.039600924813513],[72.87712125438804,19.039872959292104],[72.87750342711234,19.039696699203958],[72.87719210601844,19.041770647593793],[72.87700216574889,19.041768463077247]]]},"id":"212"},{"type":"Feature","properties":{"id":"213","metrics:area":2100,"metrics:perimeter":189.30106595800748},"geometry":{"type":"Polygon","coordinates":[[[72.87901834201476,19.040075420801337],[72.87883184598485,19.039802295725448],[72.87921516439312,19.039535717666737],[72.8793982192268,19.040079785118913],[72.87901834201476,19.040075420801337]]]},"id":"213"},{"type":"Feature","properties":{"id":"214","metrics:area":5500,"metrics:perimeter":360.98228990268063},"geometry":{"type":"Polygon","coordinates":[[[72.87835470491856,19.039977467188294],[72.87759609975807,19.03987841938911],[72.87759839609676,19.03969779111467],[72.87779063019268,19.03951934648927],[72.87835929595492,19.039616210461308],[72.87874376207193,19.039259319202134],[72.87883184598485,19.039802295725448],[72.87835470491856,19.039977467188294]]]},"id":"214"},{"type":"Feature","properties":{"id":"215","metrics:area":1800,"metrics:perimeter":182.7608807070061},"geometry":{"type":"Polygon","coordinates":[[[72.87531684346136,19.039852199802613],[72.87513380254352,19.039308129603153],[72.8755148263125,19.039222187721816],[72.8755090799384,19.03967375781185],[72.87531684346136,19.039852199802613]]]},"id":"215"},{"type":"Feature","properties":{"id":"216","metrics:area":3050,"metrics:perimeter":233.79129402873303},"geometry":{"type":"Polygon","coordinates":[[[72.87750687172559,19.039425756801883],[72.87760758119208,19.038975277978956],[72.87827006587588,19.039163548044097],[72.87826662255175,19.039434490588302],[72.87750687172559,19.039425756801883]]]},"id":"216"},{"type":"Feature","properties":{"id":"217","metrics:area":900,"metrics:perimeter":120},"geometry":{"type":"Polygon","coordinates":[[[72.87456744028201,19.039030628036734],[72.87457088952797,19.038759686132835],[72.8748557943587,19.038762966087514],[72.87485234557424,19.039033908041574],[72.87456744028201,19.039030628036734]]]},"id":"217"},{"type":"Feature","properties":{"id":"218","metrics:area":1650,"metrics:perimeter":204.36503170309288},"geometry":{"type":"Polygon","coordinates":[[[72.88102072277411,19.039466124396363],[72.88102874669644,19.038833923984257],[72.88131594503335,19.038656565258194],[72.88131136064088,19.039017822716513],[72.88102072277411,19.039466124396363]]]},"id":"218"},{"type":"Feature","properties":{"id":"219","metrics:area":4250,"metrics:perimeter":494.1665512061463},"geometry":{"type":"Polygon","coordinates":[[[72.88148181523401,19.040555346715642],[72.88129531445145,19.040282223701084],[72.88158709929547,19.039743607320343],[72.88150702827572,19.038568430617357],[72.8816981113324,19.038480295758255],[72.88167404669579,19.040376897751703],[72.88148181523401,19.040555346715642]]]},"id":"219"},{"type":"Feature","properties":{"id":"220","metrics:area":550,"metrics:perimeter":103.98345637668169},"geometry":{"type":"Polygon","coordinates":[[[72.87951039526415,19.038726162284668],[72.87951498347607,19.038364905237493],[72.87960995182743,19.038365996040497],[72.87970147934372,19.0386380296149],[72.87951039526415,19.038726162284668]]]},"id":"220"},{"type":"Feature","properties":{"id":"221","metrics:area":11450,"metrics:perimeter":747.327185088024},"geometry":{"type":"Polygon","coordinates":[[[72.88014765246209,19.04090133993568],[72.88006988561341,19.0395455351055],[72.88036052603613,19.039097235188258],[72.88037543168323,19.037923149128158],[72.88066262893418,19.037745791318393],[72.88074384060111,19.038830653540305],[72.88045090848796,19.03945958283603],[72.8804348553836,19.040723983053827],[72.88014765246209,19.04090133993568]]]},"id":"221"},{"type":"Feature","properties":{"id":"222","metrics:area":6850,"metrics:perimeter":616.1038402767927},"geometry":{"type":"Polygon","coordinates":[[[72.87968198014005,19.040173372101258],[72.87979644786188,19.038639120337038],[72.8800870871332,19.03819082072791],[72.87990059101398,19.037917696715322],[72.88028390329951,19.03765111580009],[72.8801740285853,19.038824111335526],[72.87998179765351,19.039002558782016],[72.87987306588765,19.04008523941841],[72.87968198014005,19.040173372101258]]]},"id":"222"},{"type":"Feature","properties":{"id":"223","metrics:area":3950,"metrics:perimeter":246.97776252607983},"geometry":{"type":"Polygon","coordinates":[[[72.87932963531125,19.038001466467318],[72.87933651789453,19.037459580912067],[72.87981365071737,19.037284406067354],[72.88000129281009,19.037467215802362],[72.87980562289957,19.03791660608644],[72.87932963531125,19.038001466467318]]]},"id":"223"},{"type":"Feature","properties":{"id":"224","metrics:area":700,"metrics:perimeter":110.77687230463569},"geometry":{"type":"Polygon","coordinates":[[[72.87724722737048,19.03743556998514],[72.87725067195872,19.037164627562],[72.87744175510414,19.03707649716144],[72.87753442652996,19.037258217277827],[72.87724722737048,19.03743556998514]]]},"id":"224"},{"type":"Feature","properties":{"id":"225","metrics:area":20450,"metrics:perimeter":803.7892384197028},"geometry":{"type":"Polygon","coordinates":[[[72.87569442083527,19.040037199732584],[72.87573463936513,19.036876208346897],[72.87592457391472,19.036878393627575],[72.87629525344714,19.037605276290346],[72.87646910745325,19.038871858286367],[72.87618075548738,19.039139522987643],[72.87626423533017,19.04004375615934],[72.87569442083527,19.040037199732584]]]},"id":"225"},{"type":"Feature","properties":{"id":"226","metrics:area":600,"metrics:perimeter":100},"geometry":{"type":"Polygon","coordinates":[[[72.8773479357451,19.036985091165167],[72.87735138008223,19.036714148711102],[72.87754131464733,19.036716332311403],[72.87753787061784,19.036987274798886],[72.8773479357451,19.036985091165167]]]},"id":"226"},{"type":"Feature","properties":{"id":"227","metrics:area":6300,"metrics:perimeter":473.7727779538662},"geometry":{"type":"Polygon","coordinates":[[[72.87677124058733,19.037520423775675],[72.87677927970908,19.03688822497661],[72.87639711313258,19.037064484164315],[72.8763936671794,19.037335426439945],[72.87610876449831,19.037332149093732],[72.87611565726917,19.036790264634217],[72.87725756096009,19.036622742690106],[72.87715570443603,19.03716353561209],[72.87677124058733,19.037520423775675]]]},"id":"227"},{"type":"Feature","properties":{"id":"228","metrics:area":600,"metrics:perimeter":114.04918347287665},"geometry":{"type":"Polygon","coordinates":[[[72.8803891897705,19.036839377238056],[72.88010314056993,19.03692642044954],[72.88010772703294,19.036565163193],[72.8803891897705,19.036839377238056]]]},"id":"228"},{"type":"Feature","properties":{"id":"229","metrics:area":800,"metrics:perimeter":124.7213595499958},"geometry":{"type":"Polygon","coordinates":[[[72.87640400486372,19.036522599587453],[72.87650126906486,19.0363430636775],[72.87688113716712,19.036347432349555],[72.8767838733502,19.03652696849912],[72.87640400486372,19.036522599587453]]]},"id":"229"},{"type":"Feature","properties":{"id":"230","metrics:area":3350,"metrics:perimeter":372.74411029587816},"geometry":{"type":"Polygon","coordinates":[[[72.8776362819396,19.036717424038407],[72.87763972575692,19.036446481525694],[72.87735367627455,19.03653352040364],[72.87764316951586,19.036175539004432],[72.87859398711299,19.03609613902703],[72.87859169231857,19.036276767488687],[72.87783080787689,19.03635835061606],[72.87782621654362,19.036719607346118],[72.8776362819396,19.036717424038407]]]},"id":"230"},{"type":"Feature","properties":{"id":"231","metrics:area":1400,"metrics:perimeter":181.4213562373095},"geometry":{"type":"Polygon","coordinates":[[[72.87878277383744,19.036188635523924],[72.87878506841382,19.036008007038106],[72.87945098423428,19.035925329070395],[72.87944869038866,19.03610595763599],[72.87878277383744,19.036188635523924]]]},"id":"231"},{"type":"Feature","properties":{"id":"232","metrics:area":8650,"metrics:perimeter":455.3439479737825},"geometry":{"type":"Polygon","coordinates":[[[72.87479416279876,19.036142766983367],[72.87460882737564,19.035779324626226],[72.8749898430444,19.035693383042293],[72.87509055582507,19.0352429058652],[72.8751832237593,19.035424626848762],[72.875470421077,19.035247277195705],[72.87594410401687,19.035343054345624],[72.87603102920909,19.035976345418174],[72.87498639507614,19.035964325109887],[72.87479416279876,19.036142766983367]]]},"id":"232"},{"type":"Feature","properties":{"id":"233","metrics:area":2000,"metrics:perimeter":181.9803902718557},"geometry":{"type":"Polygon","coordinates":[[[72.87299669731631,19.035580105240054],[72.87309741525989,19.03512962966216],[72.87338231362607,19.035132911288496],[72.8734715292083,19.03558557475674],[72.87299669731631,19.035580105240054]]]},"id":"233"},{"type":"Feature","properties":{"id":"234","metrics:area":2200,"metrics:perimeter":200.25125332328437},"geometry":{"type":"Polygon","coordinates":[[[72.87662264956249,19.034266931091018],[72.87691328794959,19.033818636372985],[72.877198184788,19.033821911897242],[72.87728855857647,19.03418426034386],[72.87662264956249,19.034266931091018]]]},"id":"234"},{"type":"Feature","properties":{"id":"235","metrics:area":1050,"metrics:perimeter":135.2145126328583},"geometry":{"type":"Polygon","coordinates":[[[72.87519931179702,19.034160230224494],[72.8752039081455,19.033798974011972],[72.87558262127013,19.03389365886763],[72.87548535784323,19.034073194380184],[72.87519931179702,19.034160230224494]]]},"id":"235"},{"type":"Feature","properties":{"id":"236","metrics:area":550,"metrics:perimeter":112.26772762414359},"geometry":{"type":"Polygon","coordinates":[[[72.87738467233157,19.03409503788145],[72.87729200246417,19.033913317818243],[72.87729544629353,19.033642375284092],[72.87748308168479,19.033825186982668],[72.87738467233157,19.03409503788145]]]},"id":"236"},{"type":"Feature","properties":{"id":"237","metrics:area":2950,"metrics:perimeter":212.33356769717778},"geometry":{"type":"Polygon","coordinates":[[[72.85174414658077,19.03379850501343],[72.85156002774507,19.03334473191593],[72.85184724237806,19.033167421102153],[72.85212864889151,19.033441673261958],[72.85212400274354,19.033802924031875],[72.85174414658077,19.03379850501343]]]},"id":"237"},{"type":"Feature","properties":{"id":"238","metrics:area":42950,"metrics:perimeter":1882.5540408290096},"geometry":{"type":"Polygon","coordinates":[[[72.87802648060463,19.035908962694588],[72.87612829340894,19.035796809703037],[72.87595099654625,19.0348011698277],[72.87633200953364,19.034715225179404],[72.87576221318976,19.034708670724818],[72.87490177256663,19.03515040588377],[72.87491096696142,19.03442789366081],[72.87538924319263,19.034162415756],[72.87595903753522,19.03416897118028],[72.87615126619663,19.033990527715822],[72.87596707820616,19.03353677248636],[72.87654146392545,19.033182069370245],[72.8769213248505,19.03318643726261],[72.87663413261444,19.03336378970505],[72.87720507265696,19.033280026848114],[72.87729774214732,19.033461746923244],[72.87634579135293,19.033631455762297],[72.87643156945221,19.034355060938367],[72.87757230828612,19.03427784953982],[72.87757001262315,19.034458477916996],[72.87642812408305,19.034626003299394],[72.87670498386305,19.035261478631554],[72.8768949166967,19.03526366273639],[72.8769029543242,19.03463146373229],[72.87756886478195,19.034548792104154],[72.8776580917968,19.035001454646967],[72.87784802445258,19.03500363774314],[72.87802648060463,19.035908962694588]]]},"id":"238"},{"type":"Feature","properties":{"id":"239","metrics:area":17450,"metrics:perimeter":915.1112439955191},"geometry":{"type":"Polygon","coordinates":[[[72.8786923961069,19.03582628746234],[72.87860890264474,19.034922053933716],[72.87889380167883,19.03492532702527],[72.87889609597119,19.034744698501765],[72.87871075239744,19.03438125949785],[72.87851737835702,19.034650020085756],[72.87796250027401,19.033469387609426],[72.87796594292958,19.033198444944144],[72.87825198629059,19.03311140450212],[72.87863184747754,19.03311576886169],[72.87871992992046,19.03365874542453],[72.87843503307838,19.033655472274102],[72.87843159109448,19.03392641500863],[72.87881030704284,19.034021093443652],[72.87945671873499,19.03547375763981],[72.87935831120254,19.035743609761763],[72.8786923961069,19.03582628746234]]]},"id":"239"},{"type":"Feature","properties":{"id":"240","metrics:area":23700,"metrics:perimeter":1003.0562810585678},"geometry":{"type":"Polygon","coordinates":[[[72.88067294608607,19.03693296224645],[72.88013295072679,19.03457824801068],[72.87957691418993,19.033487933614882],[72.879773724771,19.032948228598123],[72.88005862065498,19.03295149956722],[72.88043160466826,19.033497746383613],[72.88070045592657,19.034765417678926],[72.88098191701599,19.035039630669644],[72.88069128639421,19.03548793259548],[72.88095784893157,19.03693623248653],[72.88067294608607,19.03693296224645]]]},"id":"240"},{"type":"Feature","properties":{"id":"241","metrics:area":3650,"metrics:perimeter":242.4887595481593},"geometry":{"type":"Polygon","coordinates":[[[72.85127513650018,19.03334141693215],[72.85099721799057,19.032796225726212],[72.8515693221338,19.032622230593322],[72.85175344041195,19.03307600363868],[72.85127513650018,19.03334141693215]]]},"id":"241"},{"type":"Feature","properties":{"id":"242","metrics:area":15000,"metrics:perimeter":749.63925900337},"geometry":{"type":"Polygon","coordinates":[[[72.87831252874221,19.035821922630063],[72.87794758142556,19.03464347239366],[72.87766612641718,19.034369255311145],[72.87730233377708,19.033100490190172],[72.87740074249969,19.032830639264308],[72.87768334239085,19.03301454229213],[72.87823706977855,19.034285489552737],[72.8786008713407,19.035554253619267],[72.87859742925602,19.035825196327416],[72.87831252874221,19.035821922630063]]]},"id":"242"},{"type":"Feature","properties":{"id":"243","metrics:area":1350,"metrics:perimeter":154.12774721556144},"geometry":{"type":"Polygon","coordinates":[[[72.85090457885802,19.032614495264216],[72.85081542638896,19.03216182689011],[72.85100651452444,19.032073724628503],[72.85119179273555,19.032437185402706],[72.85090457885802,19.032614495264216]]]},"id":"243"},{"type":"Feature","properties":{"id":"244","metrics:area":2300,"metrics:perimeter":269.19897324659377},"geometry":{"type":"Polygon","coordinates":[[[72.87578748591127,19.032721760757767],[72.87559985367349,19.03253894761533],[72.87674057983554,19.03246174017712],[72.87673828350934,19.032642368492017],[72.87578748591127,19.032721760757767]]]},"id":"244"},{"type":"Feature","properties":{"id":"245","metrics:area":1750,"metrics:perimeter":174.8418432072729},"geometry":{"type":"Polygon","coordinates":[[[72.87711699528826,19.032737050038985],[72.87702777032102,19.032284387391233],[72.87731266456461,19.03228766248525],[72.87749685534381,19.032741416649827],[72.87711699528826,19.032737050038985]]]},"id":"245"},{"type":"Feature","properties":{"id":"246","metrics:area":5750,"metrics:perimeter":299.73136959401273},"geometry":{"type":"Polygon","coordinates":[[[72.87796709046845,19.03310813072049],[72.87750144635595,19.032380159841853],[72.87759870654565,19.032200622929594],[72.87807353025568,19.032206079685363],[72.87835268814958,19.03266092442132],[72.87834924622584,19.032931867170458],[72.87796709046845,19.03310813072049]]]},"id":"246"},{"type":"Feature","properties":{"id":"247","metrics:area":2050,"metrics:perimeter":185.6187155119086},"geometry":{"type":"Polygon","coordinates":[[[72.87939730391523,19.03267292369066],[72.8791147023919,19.03248902315454],[72.87921540141691,19.032038542312417],[72.87959296721678,19.032223533113015],[72.87939730391523,19.03267292369066]]]},"id":"247"},{"type":"Feature","properties":{"id":"248","metrics:area":550,"metrics:perimeter":108.90934561250029},"geometry":{"type":"Polygon","coordinates":[[[72.87095349415948,19.031943472724357],[72.87076701986597,19.031670341437838],[72.87105306307757,19.03158331225285],[72.87095349415948,19.031943472724357]]]},"id":"248"},{"type":"Feature","properties":{"id":"249","metrics:area":5100,"metrics:perimeter":293.5631417489584},"geometry":{"type":"Polygon","coordinates":[[[72.85043673663561,19.032067092940512],[72.85006502255119,19.031430482724403],[72.85063828469877,19.03116617746599],[72.85091271361499,19.031982306833193],[72.85043673663561,19.032067092940512]]]},"id":"249"},{"type":"Feature","properties":{"id":"250","metrics:area":700,"metrics:perimeter":111.5298244508295},"geometry":{"type":"Polygon","coordinates":[[[72.881118134652,19.031789401961742],[72.8811204261329,19.031608773116048],[72.88131264660929,19.031430323407232],[72.8814041743988,19.03170235622726],[72.881118134652,19.031789401961742]]]},"id":"250"},{"type":"Feature","properties":{"id":"251","metrics:area":12600,"metrics:perimeter":544.7258143616093},"geometry":{"type":"Polygon","coordinates":[[[72.87589049112746,19.03209065440501],[72.87589853111233,19.03145845559734],[72.87789507564865,19.031300754801347],[72.87788933828148,19.031752325977195],[72.87589049112746,19.03209065440501]]]},"id":"251"},{"type":"Feature","properties":{"id":"252","metrics:area":800,"metrics:perimeter":128.2842712474619},"geometry":{"type":"Polygon","coordinates":[[[72.87589967965563,19.031368141478158],[72.87590197672277,19.031187513236958],[72.87637679702989,19.03119297407427],[72.87618457212797,19.031371418160223],[72.87589967965563,19.031368141478158]]]},"id":"252"},{"type":"Feature","properties":{"id":"253","metrics:area":15500,"metrics:perimeter":580.3606624199442},"geometry":{"type":"Polygon","coordinates":[[[72.87484358306023,19.03225926375942],[72.87484588138483,19.032078635659797],[72.87437220844309,19.031982856620264],[72.8745667344217,19.0316237866143],[72.87399809885646,19.031526913732517],[72.87400154756166,19.031255971709403],[72.87561823329396,19.031093922044242],[72.87570056202492,19.032088469617392],[72.87484358306023,19.03225926375942]]]},"id":"253"},{"type":"Feature","properties":{"id":"254","metrics:area":4400,"metrics:perimeter":290.7326211449112},"geometry":{"type":"Polygon","coordinates":[[[72.88035268631937,19.032232255146354],[72.87998199766409,19.031505379685804],[72.88017651154101,19.031146302523457],[72.88055178464731,19.031511920066354],[72.88054261615979,19.03223443516714],[72.88035268631937,19.032232255146354]]]},"id":"254"},{"type":"Feature","properties":{"id":"255","metrics:area":1850,"metrics:perimeter":173.45230764828108},"geometry":{"type":"Polygon","coordinates":[[[72.87172241423471,19.03122971919016],[72.87163205373534,19.030867369239623],[72.8720130587895,19.03078143281901],[72.87210226952921,19.03123409656009],[72.87172241423471,19.03122971919016]]]},"id":"255"},{"type":"Feature","properties":{"id":"256","metrics:area":3200,"metrics:perimeter":239.6842647632782},"geometry":{"type":"Polygon","coordinates":[[[72.87855638411179,19.03157933532995],[72.87846830258137,19.03103635873345],[72.87875663586428,19.030768688524116],[72.87903235321032,19.031494475151316],[72.87855638411179,19.03157933532995]]]},"id":"256"},{"type":"Feature","properties":{"id":"257","metrics:area":3100,"metrics:perimeter":327.67375888956974},"geometry":{"type":"Polygon","coordinates":[[[72.87950144228098,19.031951499667258],[72.87903579374654,19.031223532239796],[72.87894771069554,19.03068055571962],[72.87969366474177,19.031773051857154],[72.87950144228098,19.031951499667258]]]},"id":"257"},{"type":"Feature","properties":{"id":"258","metrics:area":5250,"metrics:perimeter":298.91456705318706},"geometry":{"type":"Polygon","coordinates":[[[72.87656672519817,19.031195158067927],[72.87676468969401,19.03056514264158],[72.87733332456364,19.030662006844885],[72.87761477337185,19.03093622387766],[72.8775175140813,19.031115760894416],[72.87656672519817,19.031195158067927]]]},"id":"258"},{"type":"Feature","properties":{"id":"259","metrics:area":7300,"metrics:perimeter":350.85686374754573},"geometry":{"type":"Polygon","coordinates":[[[72.84987742261679,19.031247646298738],[72.84950571227374,19.03061103529263],[72.84970261223815,19.03007137136401],[72.85045300886385,19.030802716346685],[72.85025727251369,19.0312520685861],[72.84987742261679,19.031247646298738]]]},"id":"259"},{"type":"Feature","properties":{"id":"260","metrics:area":6400,"metrics:perimeter":323.92243258699955},"geometry":{"type":"Polygon","coordinates":[[[72.8758081612559,19.031096106806785],[72.8756262738554,19.03046172328052],[72.87657705845014,19.030382330584633],[72.8765690215218,19.03101452974495],[72.8758081612559,19.031096106806785]]]},"id":"260"},{"type":"Feature","properties":{"id":"261","metrics:area":5600,"metrics:perimeter":326.1495768658781},"geometry":{"type":"Polygon","coordinates":[[[72.85073789562615,19.030806032173288],[72.85008362182276,19.029985481142106],[72.85037199383756,19.02971785952693],[72.85112239227115,19.030449201945537],[72.85073789562615,19.030806032173288]]]},"id":"261"},{"type":"Feature","properties":{"id":"262","metrics:area":650,"metrics:perimeter":103.98345637668169},"geometry":{"type":"Polygon","coordinates":[[[72.87031177602931,19.030129531539895],[72.87031407897524,19.029948903932286],[72.87050515634,19.029860780204498],[72.87059666535266,19.030132816633206],[72.87031177602931,19.030129531539895]]]},"id":"262"},{"type":"Feature","properties":{"id":"263","metrics:area":800,"metrics:perimeter":131.2310562561766},"geometry":{"type":"Polygon","coordinates":[[[72.84999098496252,19.029803750421213],[72.84999447225306,19.02953281260866],[72.85037548049344,19.029446921643867],[72.85037431828138,19.0295372342725],[72.84999098496252,19.029803750421213]]]},"id":"263"},{"type":"Feature","properties":{"id":"264","metrics:area":5600,"metrics:perimeter":336.6261911623406},"geometry":{"type":"Polygon","coordinates":[[[72.87742943606673,19.030572784128346],[72.87724409950383,19.030209344257926],[72.87695920881626,19.030206069401846],[72.8773482443672,19.029487922024583],[72.87753817071766,19.029490104831652],[72.87771891744617,19.030214801376417],[72.87771432746662,19.030576058319994],[72.87742943606673,19.030572784128346]]]},"id":"264"},{"type":"Feature","properties":{"id":"265","metrics:area":2700,"metrics:perimeter":256.9994202704091},"geometry":{"type":"Polygon","coordinates":[[[72.87790769728583,19.03030729813102],[72.87772694966075,19.029582601688634],[72.87801069214169,19.02967618951851],[72.87810794992461,19.02949665208293],[72.87819258832171,19.03031057154132],[72.87790769728583,19.03030729813102]]]},"id":"265"},{"type":"Feature","properties":{"id":"266","metrics:area":2100,"metrics:perimeter":178.16653826391968},"geometry":{"type":"Polygon","coordinates":[[[72.8498045492783,19.029530601484275],[72.8496181141762,19.02925745241149],[72.84981152429697,19.028988725901186],[72.85009640784654,19.028992042413147],[72.85009175847532,19.029353292873342],[72.8498045492783,19.029530601484275]]]},"id":"266"},{"type":"Feature","properties":{"id":"267","metrics:area":600,"metrics:perimeter":111.2310562561766},"geometry":{"type":"Polygon","coordinates":[[[72.8700337964467,19.029584363274175],[72.87003840277134,19.029223108099412],[72.8701333653406,19.02922420326965],[72.87022372200174,19.02958655361058],[72.8700337964467,19.029584363274175]]]},"id":"267"},{"type":"Feature","properties":{"id":"268","metrics:area":550,"metrics:perimeter":96.34413615167959},"geometry":{"type":"Polygon","coordinates":[[[72.86984847765233,19.029220917612715],[72.86985078098058,19.02904029004199],[72.8700418574465,19.028952166708386],[72.87013451685426,19.029133889468],[72.86984847765233,19.029220917612715]]]},"id":"268"},{"type":"Feature","properties":{"id":"269","metrics:area":1700,"metrics:perimeter":173.44059704059384},"geometry":{"type":"Polygon","coordinates":[[[72.87032213908103,19.02931670727575],[72.87023293372694,19.0288640431565],[72.87051897216098,19.028777014333667],[72.87060702702067,19.029319992218255],[72.87032213908103,19.02931670727575]]]},"id":"269"},{"type":"Feature","properties":{"id":"270","metrics:area":1050,"metrics:perimeter":131.6227766016838},"geometry":{"type":"Polygon","coordinates":[[[72.86976157699632,19.028587625821203],[72.86976618364956,19.028226370671728],[72.87005106962722,19.02822965629053],[72.87004761510826,19.02850059770434],[72.86976157699632,19.028587625821203]]]},"id":"270"},{"type":"Feature","properties":{"id":"271","metrics:area":1250,"metrics:perimeter":162.46277146136984},"geometry":{"type":"Polygon","coordinates":[[[72.83785348222028,19.028307164930922],[72.83766590015416,19.028124317698776],[72.83776670468689,19.027673869986028],[72.83795545523513,19.02776640518074],[72.83785348222028,19.028307164930922]]]},"id":"271"},{"type":"Feature","properties":{"id":"272","metrics:area":1250,"metrics:perimeter":155.47442467302884},"geometry":{"type":"Polygon","coordinates":[[[72.8788825639451,19.028331292883244],[72.87850615435013,19.028055987182316],[72.87850844816987,19.027875358570263],[72.87898096656413,19.02806144046445],[72.8788825639451,19.028331292883244]]]},"id":"272"},{"type":"Feature","properties":{"id":"273","metrics:area":4800,"metrics:perimeter":404.74204968725144},"geometry":{"type":"Polygon","coordinates":[[[72.86757744839963,19.028562420988653],[72.86740020647439,19.02756677788521],[72.86768278541047,19.02775069438624],[72.86768739633868,19.027389439694506],[72.86787731910842,19.027391632199805],[72.86815759340853,19.02775617539577],[72.86796421238638,19.028024924197343],[72.86767932714591,19.028021635395067],[72.86776737248867,19.028564613736844],[72.86757744839963,19.028562420988653]]]},"id":"273"},{"type":"Feature","properties":{"id":"274","metrics:area":19600,"metrics:perimeter":828.7511663954592},"geometry":{"type":"Polygon","coordinates":[[[72.83822864758228,19.02867285893501],[72.83795194877702,19.028037340890187],[72.83823682847303,19.028040675527183],[72.8381477121192,19.02758800445305],[72.83833763142397,19.02759022734147],[72.83833412562034,19.027861163124665],[72.83852638226303,19.02768276197496],[72.83815238684147,19.027226756774176],[72.83853573001517,19.026960266428173],[72.83871863849579,19.02750436058115],[72.83890855777734,19.02750658287338],[72.8388171030891,19.027234535871994],[72.8392004453717,19.026968044042352],[72.8398534834687,19.027878939485845],[72.83822864758228,19.02867285893501]]]},"id":"274"},{"type":"Feature","properties":{"id":"275","metrics:area":15100,"metrics:perimeter":674.9299762145605},"geometry":{"type":"Polygon","coordinates":[[[72.87631053897938,19.02893402811205],[72.87612979930367,19.02820933082278],[72.8757533951048,19.027934019971394],[72.87594676434344,19.027665261775066],[72.87566072980216,19.027752299480884],[72.87547425123942,19.027479172542172],[72.87557380696622,19.027119008262215],[72.87604631923226,19.027305097158713],[72.87614472549096,19.02703524661067],[72.87652457234606,19.027039613963115],[72.87671220016229,19.027222425764492],[72.87670875663828,19.027493368383766],[72.87642272267165,19.027580407339272],[72.87670301730186,19.02794493939693],[72.87659657538113,19.0288469895732],[72.87631053897938,19.02893402811205]]]},"id":"275"},{"type":"Feature","properties":{"id":"276","metrics:area":1800,"metrics:perimeter":177.29473667624424},"geometry":{"type":"Polygon","coordinates":[[[72.86768970176368,19.027208812342945],[72.86759819873345,19.026936775010693],[72.86788653983231,19.02666912268131],[72.86806954691933,19.02721319711384],[72.86768970176368,19.027208812342945]]]},"id":"276"},{"type":"Feature","properties":{"id":"277","metrics:area":13550,"metrics:perimeter":688.5169957556541},"geometry":{"type":"Polygon","coordinates":[[[72.87023753943338,19.02850278790668],[72.8701460316328,19.028230751399317],[72.8703382583361,19.02805231382318],[72.87014948593946,19.027959809960205],[72.86977079019867,19.027865115507065],[72.8697673352966,19.02813605688198],[72.86929252572021,19.02813057990372],[72.86930058886074,19.027498383544533],[72.87025365858602,19.02723839441275],[72.87006834134358,19.02687494909336],[72.87045048870537,19.026698701213782],[72.87062084175825,19.028236226212083],[72.87023753943338,19.02850278790668]]]},"id":"277"},{"type":"Feature","properties":{"id":"278","metrics:area":700,"metrics:perimeter":111.5298244508295},"geometry":{"type":"Polygon","coordinates":[[[72.83844544462745,19.02659790737195],[72.83835399105502,19.02632586024008],[72.83864003625165,19.026238882009125],[72.83863769956135,19.026419505928075],[72.83844544462745,19.02659790737195]]]},"id":"278"},{"type":"Feature","properties":{"id":"279","metrics:area":2100,"metrics:perimeter":229.93229555013679},"geometry":{"type":"Polygon","coordinates":[[[72.8683521261468,19.027397112610092],[72.86835788786706,19.02694554402836],[72.86864853218852,19.026497262916486],[72.86863816265132,19.027310086540158],[72.8683521261468,19.027397112610092]]]},"id":"279"},{"type":"Feature","properties":{"id":"280","metrics:area":1600,"metrics:perimeter":180},"geometry":{"type":"Polygon","coordinates":[[[72.87880136226013,19.02724643036349],[72.8784249550712,19.026971124717207],[72.87842954257859,19.026609867466046],[72.87880594902545,19.026885173034685],[72.87880136226013,19.02724643036349]]]},"id":"280"},{"type":"Feature","properties":{"id":"281","metrics:area":24300,"metrics:perimeter":1285.691909515305},"geometry":{"type":"Polygon","coordinates":[[[72.83786166436079,19.027674981655228],[72.83720513110966,19.027035015902978],[72.83749819188404,19.02640616831242],[72.83702105884056,19.026581232623716],[72.83683698745739,19.02612744923921],[72.83750520556445,19.0258642969524],[72.83778657512303,19.026138567647475],[72.83816641037426,19.026143013646255],[72.83835983346671,19.025874300515852],[72.83864470955301,19.025877634159816],[72.83920862179767,19.026335860111264],[72.83948415554713,19.027061688577888],[72.83910665414713,19.026876621119182],[72.83872331196197,19.027143112762406],[72.83863302610153,19.026780753754576],[72.83815472416298,19.02704613292903],[72.83882761760003,19.02642172818174],[72.83854741411103,19.02605714690911],[72.83816524178286,19.026233325578808],[72.8383493170068,19.02668710800235],[72.8378675085487,19.02722342214406],[72.83824384040751,19.027498803997666],[72.83786166436079,19.027674981655228]]]},"id":"281"},{"type":"Feature","properties":{"id":"282","metrics:area":500,"metrics:perimeter":92.36067977499789},"geometry":{"type":"Polygon","coordinates":[[[72.87814695182928,19.02642596643484],[72.87815039281402,19.0261550235309],[72.87834031547618,19.026157205146202],[72.87833802169779,19.02633783377204],[72.87814695182928,19.02642596643484]]]},"id":"282"},{"type":"Feature","properties":{"id":"283","metrics:area":3600,"metrics:perimeter":270.1477997371165},"geometry":{"type":"Polygon","coordinates":[[[72.86760396234048,19.02648520662891],[72.86779849443086,19.02612614435258],[72.86846552368598,19.02595318891143],[72.86865314070242,19.02613600794795],[72.86855587563313,19.026315539662843],[72.86760396234048,19.02648520662891]]]},"id":"283"},{"type":"Feature","properties":{"id":"284","metrics:area":2800,"metrics:perimeter":220.53077034055747},"geometry":{"type":"Polygon","coordinates":[[[72.88184587433356,19.02682973147848],[72.88137450057116,19.026553342437047],[72.88147518833192,19.026102859154488],[72.8818538894003,19.0261975298646],[72.88184587433356,19.02682973147848]]]},"id":"284"},{"type":"Feature","properties":{"id":"285","metrics:area":950,"metrics:perimeter":134.58193116710237},"geometry":{"type":"Polygon","coordinates":[[[72.87681634404308,19.026501003656715],[72.8767259736745,19.02613865520201],[72.87691704379017,19.026050524048614],[72.8770062669336,19.026503186681232],[72.87681634404308,19.026501003656715]]]},"id":"285"},{"type":"Feature","properties":{"id":"286","metrics:area":800,"metrics:perimeter":119.5153275036385},"geometry":{"type":"Polygon","coordinates":[[[72.85840089323115,19.025746444837782],[72.85831056403678,19.025384091279058],[72.85859544303437,19.025387394085712],[72.85859312801992,19.025568020397294],[72.85840089323115,19.025746444837782]]]},"id":"286"},{"type":"Feature","properties":{"id":"287","metrics:area":7850,"metrics:perimeter":384.4678427605522},"geometry":{"type":"Polygon","coordinates":[[[72.88108846992498,19.02664038902406],[72.88014687386489,19.025997291927307],[72.88005764216632,19.025544629989895],[72.88043748660023,19.02554898897081],[72.88128526534473,19.026100680767033],[72.88108846992498,19.02664038902406]]]},"id":"287"},{"type":"Feature","properties":{"id":"288","metrics:area":3750,"metrics:perimeter":385.23972662488586},"geometry":{"type":"Polygon","coordinates":[[[72.88157473031995,19.025742690252052],[72.88119603047535,19.02564801908014],[72.87996841082469,19.02509196803564],[72.88053817593847,19.025098506340232],[72.8815770205235,19.025562061234833],[72.88157473031995,19.025742690252052]]]},"id":"288"},{"type":"Feature","properties":{"id":"289","metrics:area":1900,"metrics:perimeter":228.3130955811703},"geometry":{"type":"Polygon","coordinates":[[[72.88167312676666,19.025472835757792],[72.88158274591908,19.0251104886752],[72.88187449811592,19.024571868358436],[72.88186304908831,19.025475013677564],[72.88167312676666,19.025472835757792]]]},"id":"289"},{"type":"Feature","properties":{"id":"290","metrics:area":43050,"metrics:perimeter":1199.8383041299364},"geometry":{"type":"Polygon","coordinates":[[[72.87558069748947,19.02657712339343],[72.87577636172561,19.026127736890505],[72.8753976655956,19.02603305405953],[72.8752981103983,19.026393218309828],[72.87501322657639,19.026389941084766],[72.87511507959272,19.025849148794713],[72.87483134548783,19.025755557266415],[72.87483479171627,19.025484614927358],[72.87427192152592,19.024936174407852],[72.87465520950845,19.0246696028154],[72.87493894170535,19.02476319443569],[72.87522841659393,19.024405214921128],[72.87646404687376,19.024329095980153],[72.87645371661148,19.02514192393517],[72.87655785933043,19.024420501804656],[72.87674433690444,19.02469362757292],[72.87662642117851,19.026498820437244],[72.87634153693033,19.02649554524249],[72.87615505836287,19.026222418985302],[72.87605550459888,19.026582583785064],[72.87558069748947,19.02657712339343]]]},"id":"290"},{"type":"Feature","properties":{"id":"291","metrics:area":800,"metrics:perimeter":121.2899020449196},"geometry":{"type":"Polygon","coordinates":[[[72.87912293454431,19.024359642300738],[72.87893530670631,19.024176832953433],[72.87893759955878,19.023996204215315],[72.87931514775522,19.02418119393995],[72.87912293454431,19.024359642300738]]]},"id":"291"},{"type":"Feature","properties":{"id":"292","metrics:area":4100,"metrics:perimeter":281.89106677861116},"geometry":{"type":"Polygon","coordinates":[[[72.87551559365335,19.024227863154415],[72.87561514660102,19.02386769853728],[72.87628216152282,19.023694713142415],[72.87656474561156,19.02387861643091],[72.87656245021047,19.02405924489262],[72.87551559365335,19.024227863154415]]]},"id":"292"},{"type":"Feature","properties":{"id":"293","metrics:area":2050,"metrics:perimeter":292.749295954303},"geometry":{"type":"Polygon","coordinates":[[[72.87683814971325,19.024785033286413],[72.87684274008228,19.024423776322717],[72.87666314844762,19.02360876523586],[72.87694343790506,19.02397329647748],[72.87702807065678,19.024787216099334],[72.87683814971325,19.024785033286413]]]},"id":"293"},{"type":"Feature","properties":{"id":"294","metrics:area":2700,"metrics:perimeter":226.57126025104566},"geometry":{"type":"Polygon","coordinates":[[[72.87950621444064,19.024093059738863],[72.87893989238536,19.0238155754734],[72.87903829147052,19.023545722634207],[72.87979453304686,19.02382538639636],[72.87950621444064,19.024093059738863]]]},"id":"294"},{"type":"Feature","properties":{"id":"295","metrics:area":2000,"metrics:perimeter":239.04572693861073},"geometry":{"type":"Polygon","coordinates":[[[72.87988605544011,19.02409741953355],[72.88008399650028,19.023467398064682],[72.88037231308908,19.02319972360825],[72.88017208201471,19.024010374426044],[72.87988605544011,19.02409741953355]]]},"id":"295"},{"type":"Feature","properties":{"id":"296","metrics:area":22850,"metrics:perimeter":883.0005270912243},"geometry":{"type":"Polygon","coordinates":[[[72.8814854947381,19.025290028631286],[72.87978651126808,19.024457587326854],[72.88016749894788,19.02437163218768],[72.88036887628091,19.023470666989855],[72.88103130547502,19.0236589217705],[72.88084482139782,19.023385799736488],[72.88113313673938,19.02311812395759],[72.88141687109263,19.023211705731523],[72.88149809074484,19.02429656899863],[72.88082764042227,19.02474051694765],[72.88139969492212,19.02456642347129],[72.88158503603202,19.02492985964471],[72.8814854947381,19.025290028631286]]]},"id":"296"},{"type":"Feature","properties":{"id":"297","metrics:area":3350,"metrics:perimeter":234.2721925290778},"geometry":{"type":"Polygon","coordinates":[[[72.87970071894118,19.02373398207186],[72.87922935750818,19.02345758865768],[72.87942500778158,19.023008196837626],[72.87999018240049,19.023375993888152],[72.87970071894118,19.02373398207186]]]},"id":"297"},{"type":"Feature","properties":{"id":"298","metrics:area":1000,"metrics:perimeter":131.2310562561766},"geometry":{"type":"Polygon","coordinates":[[[72.88055994167377,19.02338253155895],[72.88065948333262,19.02302236308565],[72.88084940274528,19.023024541777477],[72.88084482139782,19.023385799736488],[72.88055994167377,19.02338253155895]]]},"id":"298"},{"type":"Feature","properties":{"id":"299","metrics:area":4850,"metrics:perimeter":417.33739519563954},"geometry":{"type":"Polygon","coordinates":[[[72.87837127894689,19.023718718326162],[72.8782809059798,19.023356370349923],[72.87799717366394,19.02326278390372],[72.87800061427544,19.022991840933607],[72.87847311872659,19.02317792282319],[72.87819168008042,19.02290370801789],[72.87829007963651,19.022633855617986],[72.87885525020415,19.023001655791717],[72.87846853220437,19.023539180218506],[72.87856119886831,19.023720899446044],[72.87837127894689,19.023718718326162]]]},"id":"299"},{"type":"Feature","properties":{"id":"300","metrics:area":33450,"metrics:perimeter":820.8383981218594},"geometry":{"type":"Polygon","coordinates":[[[72.87409349146907,19.02403084794326],[72.87400197884672,19.023758812852403],[72.87429030471905,19.023491148899428],[72.87410957737926,19.02276645065998],[72.87449171150463,19.022590193010323],[72.87496306150184,19.022866597546827],[72.87496650695334,19.022595655099988],[72.8759218380657,19.022155004582427],[72.87638745112682,19.022882976757348],[72.87637826911794,19.023605490575775],[72.87409349146907,19.02403084794326]]]},"id":"300"},{"type":"Feature","properties":{"id":"301","metrics:area":3950,"metrics:perimeter":266.15071557183006},"geometry":{"type":"Polygon","coordinates":[[[72.88161022556577,19.022942940059014],[72.88114115281776,19.022485922382756],[72.8819042625594,19.02222369008501],[72.88189510473498,19.022946206545097],[72.88161022556577,19.022942940059014]]]},"id":"301"},{"type":"Feature","properties":{"id":"302","metrics:area":1300,"metrics:perimeter":205.11661251459557},"geometry":{"type":"Polygon","coordinates":[[[72.87733704502112,19.02289389013992],[72.87753499349196,19.022263872123048],[72.87772720556963,19.022085425308696],[72.87772261771924,19.022446682571438],[72.87733704502112,19.02289389013992]]]},"id":"302"},{"type":"Feature","properties":{"id":"303","metrics:area":17950,"metrics:perimeter":767.0862303623721},"geometry":{"type":"Polygon","coordinates":[[[72.87989751425555,19.023194275239366],[72.87952111343837,19.022918972427107],[72.87952455151316,19.022648029178566],[72.87923967329058,19.02264475908782],[72.87914012896371,19.023004926533954],[72.87819856047474,19.02236182197957],[72.87868252786711,19.021644759490343],[72.88019270453321,19.022384714310938],[72.88019041324588,19.022565343227782],[72.87971447036058,19.022650208995415],[72.87971217852211,19.022830837850968],[72.87990438923393,19.022652388617352],[72.88028193583459,19.022837376198755],[72.87989751425555,19.023194275239366]]]},"id":"303"},{"type":"Feature","properties":{"id":"304","metrics:area":3150,"metrics:perimeter":407.54930742018803},"geometry":{"type":"Polygon","coordinates":[[[72.87780954828499,19.02307997363119],[72.8775269638778,19.02289607223168],[72.87811048177349,19.021818845293485],[72.87849375679336,19.02155226435655],[72.87791253611553,19.02244886421771],[72.87780954828499,19.02307997363119]]]},"id":"304"},{"type":"Feature","properties":{"id":"305","metrics:area":1850,"metrics:perimeter":211.63736901187258},"geometry":{"type":"Polygon","coordinates":[[[72.87772720556963,19.022085425308696],[72.87792515132749,19.02145540658622],[72.878211173925,19.021368364153997],[72.8783038393438,19.0215500834063],[72.87772720556963,19.022085425308696]]]},"id":"305"},{"type":"Feature","properties":{"id":"306","metrics:area":11500,"metrics:perimeter":522.0529295910632},"geometry":{"type":"Polygon","coordinates":[[[72.87420913206815,19.02240628695834],[72.87440594247823,19.021866587480456],[72.87478462863118,19.021961271412515],[72.87459930565763,19.021597830059516],[72.8750786916754,19.02124203492591],[72.87573651232462,19.021791564116658],[72.87573421629988,19.02197219252173],[72.87525712582143,19.02214736092176],[72.87534978820754,19.022329081372373],[72.87420913206815,19.02240628695834]]]},"id":"306"},{"type":"Feature","properties":{"id":"307","metrics:area":1000,"metrics:perimeter":154.57313802163299},"geometry":{"type":"Polygon","coordinates":[[[72.87441053734433,19.02150533097482],[72.87460390003602,19.0212365734979],[72.874984881708,19.02115062857269],[72.87479151970096,19.02141938652028],[72.87441053734433,19.02150533097482]]]},"id":"307"},{"type":"Feature","properties":{"id":"308","metrics:area":6600,"metrics:perimeter":320.76144325978987},"geometry":{"type":"Polygon","coordinates":[[[72.86662627190485,19.021234953050524],[72.86644442707745,19.020600564290937],[72.86663780048629,19.02033181628072],[72.86701762975551,19.0203362016903],[72.867388239594,19.021063096101805],[72.86662627190485,19.021234953050524]]]},"id":"308"},{"type":"Feature","properties":{"id":"309","metrics:area":3100,"metrics:perimeter":288.0628887129609},"geometry":{"type":"Polygon","coordinates":[[[72.87232950161889,19.020849085646127],[72.87242675902743,19.020669551138692],[72.87347474326728,19.020410634383897],[72.87337518868969,19.020770797723443],[72.87232950161889,19.020849085646127]]]},"id":"309"},{"type":"Feature","properties":{"id":"310","metrics:area":5750,"metrics:perimeter":390.01215705005046},"geometry":{"type":"Polygon","coordinates":[[[72.87432017386236,19.021142981930364],[72.87432476872556,19.02078172541668],[72.87394263880489,19.020957983138192],[72.87384997862645,19.020776262179094],[72.87452157629602,19.020242025504775],[72.87470919486151,19.020424838511673],[72.87461079140886,19.020694688627035],[72.874895665451,19.02069796552968],[72.87489107184308,19.02105922218094],[72.87432017386236,19.021142981930364]]]},"id":"310"},{"type":"Feature","properties":{"id":"311","metrics:area":3600,"metrics:perimeter":241.17037978106242},"geometry":{"type":"Polygon","coordinates":[[[72.86616301404639,19.02032633342252],[72.86598001850324,19.019782258065813],[72.86655091316305,19.019698524050373],[72.86673506332947,19.020152285329658],[72.86616301404639,19.02032633342252]]]},"id":"311"},{"type":"Feature","properties":{"id":"312","metrics:area":45350,"metrics:perimeter":1126.1683047800623},"geometry":{"type":"Polygon","coordinates":[[[72.87830842570548,19.021188825972068],[72.87841026326291,19.02064803023611],[72.87793203202158,19.02091352055705],[72.87717810134083,19.020453222065154],[72.87671134290822,19.019815566310317],[72.87785542188723,19.019467400363943],[72.87852012460083,19.019475033646568],[72.8786116432261,19.01974706710185],[72.87852470995654,19.01911377608059],[72.88023852484051,19.018772135177613],[72.88013784035579,19.019222618223083],[72.87917222131297,19.0204761231985],[72.87830842570548,19.021188825972068]]]},"id":"312"},{"type":"Feature","properties":{"id":"313","metrics:area":91050,"metrics:perimeter":1328.7240542216455},"geometry":{"type":"Polygon","coordinates":[[[72.88038376869547,19.022296578941262],[72.87887588434938,19.02137599689036],[72.88090437083605,19.018689445086288],[72.88167318569731,19.017975639087407],[72.88195805641513,19.017978904656836],[72.8819065519508,19.02204306096051],[72.88124298261037,19.021945124341592],[72.88095352443572,19.02230311504232],[72.88038376869547,19.022296578941262]]]},"id":"313"},{"type":"Feature","properties":{"id":"314","metrics:area":66000,"metrics:perimeter":1446.5319667209376},"geometry":{"type":"Polygon","coordinates":[[[72.87233295094447,19.02057814360514],[72.87215108427901,19.01994375838153],[72.87075088459487,19.0180307562864],[72.8707543359278,19.017759814441895],[72.87142017885294,19.01767715860945],[72.87331470578566,19.01806028219002],[72.87340276797927,19.018603259660967],[72.87235134635966,19.019133119242365],[72.87273117432252,19.019137492646397],[72.87330666212705,19.01869248084879],[72.87359038354971,19.018786073536738],[72.87368074468446,19.019148422746195],[72.8736864893255,19.01869685219255],[72.87396906226289,19.018880758446603],[72.8743351067879,19.019968898205406],[72.87233295094447,19.02057814360514]]]},"id":"314"},{"type":"Feature","properties":{"id":"315","metrics:area":700,"metrics:perimeter":120.6449510224598},"geometry":{"type":"Polygon","coordinates":[[[72.87085159278372,19.017580280698184],[72.8709488494153,19.017400746879616],[72.87132867309599,19.017405122782403],[72.87113646082223,19.017583562877977],[72.87085159278372,19.017580280698184]]]},"id":"315"},{"type":"Feature","properties":{"id":"316","metrics:area":12100,"metrics:perimeter":480.36534340635484},"geometry":{"type":"Polygon","coordinates":[[[72.87284681957372,19.017512932675118],[72.8712348673153,19.017313714898],[72.87123831772399,19.01704277294698],[72.87229202735512,19.01633229054875],[72.87284681957372,19.017512932675118]]]},"id":"316"},{"type":"Feature","properties":{"id":"317","metrics:area":64900,"metrics:perimeter":1036.9999384997554},"geometry":{"type":"Polygon","coordinates":[[[72.87862310610319,19.01884392313127],[72.87826735158485,19.016942959719067],[72.88141006327139,19.01625639603059],[72.88158852996861,19.017161719175764],[72.88120183569124,19.017699251808885],[72.87985984143185,19.018677462804376],[72.87862310610319,19.01884392313127]]]},"id":"317"},{"type":"Feature","properties":{"id":"318","metrics:area":63600,"metrics:perimeter":1032.2722755552547},"geometry":{"type":"Polygon","coordinates":[[[72.87662326957282,19.01927258937565],[72.87589689389964,19.01664474449189],[72.87770908109185,19.016033273401593],[72.87852814890526,19.018842832896148],[72.87662326957282,19.01927258937565]]]},"id":"318"},{"type":"Feature","properties":{"id":"319","metrics:area":44800,"metrics:perimeter":1031.0089948418579},"geometry":{"type":"Polygon","coordinates":[[[72.87817354186033,19.016851555011574],[72.87780632966154,19.015853735138524],[72.87895037906262,19.01550555941137],[72.8800029049711,19.014885343284703],[72.88028777011623,19.01488861091771],[72.88037585476964,19.0154315872759],[72.88066415568639,19.01516391075641],[72.88123388722848,19.015170443638375],[72.88141120785055,19.016166081439593],[72.8806515612366,19.016157370830932],[72.87817354186033,19.016851555011574]]]},"id":"319"},{"type":"Feature","properties":{"id":"320","metrics:area":22250,"metrics:perimeter":838.565583471137},"geometry":{"type":"Polygon","coordinates":[[[72.87570813002849,19.016552247162274],[72.87542900198878,19.01609740100505],[72.87543244536535,19.015826458277974],[72.87571386835111,19.016100675885877],[72.87553199153244,19.015466292931922],[72.87619897201918,19.015293304438458],[72.87647695395627,19.01583846384726],[72.87629507433732,19.015204081374222],[72.87724921157368,19.014853733565474],[72.8775226099847,19.015760149155906],[72.87570813002849,19.016552247162274]]]},"id":"320"},{"type":"Feature","properties":{"id":"321","metrics:area":20850,"metrics:perimeter":744.8967736873832},"geometry":{"type":"Polygon","coordinates":[[[72.88047424522415,19.01516173273942],[72.88019968585064,19.014345634543414],[72.88009900521193,19.01479611801701],[72.87952812985868,19.014879896255543],[72.87925242996565,19.01415411160816],[72.87972949363024,19.01397893011903],[72.88001206679088,19.0141628270834],[72.88001550236646,19.013891883492278],[72.88096733677212,19.013722144109426],[72.88133227614688,19.01490058848826],[72.88047424522415,19.01516173273942]]]},"id":"321"},{"type":"Feature","properties":{"id":"322","metrics:area":27000,"metrics:perimeter":720.4115191576911},"geometry":{"type":"Polygon","coordinates":[[[72.87771252076216,19.01576233027071],[72.87734416642769,19.014854824237695],[72.8775375158799,19.01458606230155],[72.87725265175922,19.01458279048112],[72.87697466881454,19.014037632128257],[72.87812099892534,19.013508831603495],[72.87885771555337,19.01532384063034],[72.87771252076216,19.01576233027071]]]},"id":"322"},{"type":"Feature","properties":{"id":"323","metrics:area":5900,"metrics:perimeter":383.89064488655663},"geometry":{"type":"Polygon","coordinates":[[[72.86357924273311,19.014425227601265],[72.86311255428511,19.013787543787874],[72.8631160171614,19.013516603171844],[72.86349813821934,19.013340367178866],[72.86368342861115,19.013703816726103],[72.86339626027149,19.013881150815422],[72.86377722803165,19.013795227878592],[72.86396482717981,19.013978050068225],[72.8638652579788,19.01433820688643],[72.86357924273311,19.014425227601265]]]},"id":"323"},{"type":"Feature","properties":{"id":"324","metrics:area":166050,"metrics:perimeter":3073.4646046931935},"geometry":{"type":"Polygon","coordinates":[[[72.87715056810721,19.02262076502203],[72.87546656178903,19.02061420382083],[72.8753796405066,19.019980912488673],[72.87481678495735,19.019432474956652],[72.87473331134125,19.01852824101797],[72.8744495895117,19.018434650064272],[72.8740778033743,19.01779808135538],[72.87322894213341,19.01733667650616],[72.87332964316433,19.0168861988433],[72.87304707417441,19.016702291970674],[72.87314547701791,19.01643244259736],[72.87286865488105,19.015796965074596],[72.8723973276188,19.015520557273216],[72.87185978745599,19.012985203701348],[72.87223960133505,19.01298957675661],[72.87365012119173,19.01408973871278],[72.87316730792529,19.014716474462674],[72.8742141047712,19.014547863787808],[72.87411225971752,19.01508865658206],[72.874394827517,19.015272561702957],[72.87429642750502,19.01554241203645],[72.87458129271201,19.015545688570498],[72.8756966528966,19.017455389643963],[72.87633954515238,19.019179001107442],[72.87556955581256,19.019983096270447],[72.87633380751923,19.01963057241762],[72.87613126802862,19.02062184613635],[72.87651683778599,19.020174640788174],[72.87698474354487,19.020721982750292],[72.87783363321947,19.02118337285505],[72.87782904583332,19.02154463017798],[72.87715056810721,19.02262076502203]]]},"id":"324"},{"type":"Feature","properties":{"id":"325","metrics:area":18000,"metrics:perimeter":720.9026026219323},"geometry":{"type":"Polygon","coordinates":[[[72.87904877179479,19.015235705864157],[72.87831205329508,19.013420697419615],[72.87955218412773,19.01298329168161],[72.87973063896922,19.01388861560439],[72.87896985777964,19.013970213563848],[72.87952698434607,19.01497021074864],[72.87904877179479,19.015235705864157]]]},"id":"325"},{"type":"Feature","properties":{"id":"326","metrics:area":42400,"metrics:perimeter":1266.9607353448696},"geometry":{"type":"Polygon","coordinates":[[[72.87524712628434,19.015463017875856],[72.87469117348948,19.014372695944456],[72.87574485249034,19.013662190583755],[72.87660173349734,19.013491382573722],[72.87670012835329,19.013221530476567],[72.87784530699417,19.012783045568632],[72.87793109065608,19.013506651156618],[72.87697581564478,19.01394731777592],[72.87669439362864,19.01367310218314],[72.87668865874187,19.014124673866018],[72.87706044872253,19.014761237725555],[72.8767744374009,19.014848279473785],[72.87640379556429,19.014121400814055],[72.87667833553711,19.014937502835473],[72.87524712628434,19.015463017875856]]]},"id":"326"},{"type":"Feature","properties":{"id":"327","metrics:area":12700,"metrics:perimeter":436.14208976146875},"geometry":{"type":"Polygon","coordinates":[[[72.84554512913797,19.013673911805434],[72.84498472848955,19.01294476972917],[72.84527773079945,19.012315903565256],[72.84565753653506,19.012320331073173],[72.84621677516654,19.013139783777422],[72.84611600597566,19.01359023987738],[72.84554512913797,19.013673911805434]]]},"id":"327"},{"type":"Feature","properties":{"id":"328","metrics:area":10550,"metrics:perimeter":808.7128037107054},"geometry":{"type":"Polygon","coordinates":[[[72.8818917087132,19.015719950878793],[72.8817063749763,19.015356515602445],[72.88180934042235,19.014725401634387],[72.88124991109447,19.01390603927449],[72.88134944346697,19.013545869393855],[72.88192145800278,19.013371770334697],[72.88183794509027,19.012467535616736],[72.88202785266176,19.012469711936596],[72.8818917087132,19.015719950878793]]]},"id":"328"},{"type":"Feature","properties":{"id":"329","metrics:area":21250,"metrics:perimeter":846.1818939350759},"geometry":{"type":"Polygon","coordinates":[[[72.86405978071372,19.013979147514462],[72.86425545622241,19.013529774236027],[72.86387795083012,19.013344757488778],[72.86407131841719,19.013076011553174],[72.86340895557973,19.012887701673737],[72.86349929228055,19.01325005361398],[72.86302106394874,19.0135155052666],[72.86275121213048,19.012338135448633],[72.8637041993414,19.012078172279605],[72.86417780798486,19.012173972782517],[72.86426583896983,19.01271695173162],[72.86464334353393,19.012901967600918],[72.86463642291142,19.013443849402087],[72.86405978071372,19.013979147514462]]]},"id":"329"},{"type":"Feature","properties":{"id":"330","metrics:area":5400,"metrics:perimeter":351.3174335513424},"geometry":{"type":"Polygon","coordinates":[[[72.86483209615247,19.012994475275544],[72.86464795715183,19.01254071304783],[72.8643642524514,19.012447108084647],[72.86427506763509,19.01199444277431],[72.86540873239656,19.01245917412453],[72.86483209615247,19.012994475275544]]]},"id":"330"},{"type":"Feature","properties":{"id":"331","metrics:area":212050,"metrics:perimeter":1963.2979481964096},"geometry":{"type":"Polygon","coordinates":[[[72.86923619042713,19.01765198725963],[72.86895247402312,19.01755838829538],[72.86905779172558,19.0167466586815],[72.86717942516026,19.015099101162715],[72.86699873458356,19.014374399243078],[72.86671387278072,19.014371111220523],[72.86643592621377,19.01382594037723],[72.86663966184439,19.012744367664535],[72.86683302450209,19.012475618318984],[72.86721168397187,19.012570315378692],[72.86702638651288,19.01220686870296],[72.86731585236406,19.011848900674188],[72.86816927395058,19.011949073241908],[72.86882933816409,19.012317994006466],[72.8701414224933,19.0136880269656],[72.870896452281,19.0140580356511],[72.87155308201562,19.01469789007323],[72.8719225530533,19.015515090538138],[72.87200601156522,19.016419324393894],[72.87104955651897,19.016950271065845],[72.87095115001452,19.017220118948615],[72.86923619042713,19.01765198725963]]]},"id":"331"},{"type":"Feature","properties":{"id":"332","metrics:area":5500,"metrics:perimeter":318.7768778691203},"geometry":{"type":"Polygon","coordinates":[[[72.86588464898493,19.012374343025783],[72.86579200176377,19.012192619185257],[72.86627598475063,19.011475590799577],[72.8665619938272,19.011388565251554],[72.86645436553957,19.012380920523892],[72.86588464898493,19.012374343025783]]]},"id":"332"},{"type":"Feature","properties":{"id":"333","metrics:area":600,"metrics:perimeter":111.2310562561766},"geometry":{"type":"Polygon","coordinates":[[[72.84177502402807,19.01146210159265],[72.84177968665183,19.011100852417496],[72.84187463716674,19.011101961095687],[72.84196492547399,19.011464318945617],[72.84177502402807,19.01146210159265]]]},"id":"333"},{"type":"Feature","properties":{"id":"334","metrics:area":6500,"metrics:perimeter":455.63784350910714},"geometry":{"type":"Polygon","coordinates":[[[72.83987017747268,19.01189147823177],[72.83987367762049,19.01162054170583],[72.84025697989489,19.011354043555297],[72.84159211711884,19.0109180103444],[72.84158861989334,19.011188947198924],[72.83987017747268,19.01189147823177]]]},"id":"334"},{"type":"Feature","properties":{"id":"335","metrics:area":6200,"metrics:perimeter":475.35832067236396},"geometry":{"type":"Polygon","coordinates":[[[72.85942209672854,19.012751242178506],[72.85905847597313,19.01148245646379],[72.85877940296153,19.0110275901636],[72.85915920914682,19.01103198965217],[72.85924606711578,19.011665282729542],[72.85971735880554,19.011941721014875],[72.85971042260256,19.012483601123733],[72.85942209672854,19.012751242178506]]]},"id":"335"},{"type":"Feature","properties":{"id":"336","metrics:area":56300,"metrics:perimeter":1200.1815184613038},"geometry":{"type":"Polygon","coordinates":[[[72.87127396852065,19.01424303895329],[72.87108866032186,19.01387959537181],[72.87023752669168,19.013598807264533],[72.8685490845624,19.011953453648534],[72.86750690923763,19.011760778024147],[72.8675103645994,19.011489836570096],[72.86818193952547,19.01095562079229],[72.86988532558837,19.01142689519211],[72.87110360978943,19.012705513199084],[72.87156113048313,19.014065691864484],[72.87127396852065,19.01424303895329]]]},"id":"336"},{"type":"Feature","properties":{"id":"337","metrics:area":1450,"metrics:perimeter":160.30234460588738},"geometry":{"type":"Polygon","coordinates":[[[72.83978689407587,19.010987246750307],[72.8396004938557,19.01071409071064],[72.83969894421183,19.010444263957083],[72.84007407817322,19.01080995129808],[72.83978689407587,19.010987246750307]]]},"id":"337"},{"type":"Feature","properties":{"id":"338","metrics:area":2900,"metrics:perimeter":223.8834687496627},"geometry":{"type":"Polygon","coordinates":[[[72.86039242437761,19.011136596011927],[72.86030209522609,19.0107742432465],[72.86096791103668,19.01069162282854],[72.86105824164211,19.011053975408384],[72.86039242437761,19.011136596011927]]]},"id":"338"},{"type":"Feature","properties":{"id":"339","metrics:area":1050,"metrics:perimeter":143.35087491092574},"geometry":{"type":"Polygon","coordinates":[[[72.84102941097667,19.010369483205434],[72.84131892448562,19.010011561019123],[72.84150765850723,19.010104090967513],[72.84150532704645,19.010284715543925],[72.84102941097667,19.010369483205434]]]},"id":"339"},{"type":"Feature","properties":{"id":"340","metrics:area":29600,"metrics:perimeter":750.5209045209497},"geometry":{"type":"Polygon","coordinates":[[[72.86531608568175,19.01227745009279],[72.86427852827694,19.01172350189966],[72.86372727545128,19.01027190031189],[72.8662782896235,19.011294963304252],[72.86579200176377,19.012192619185257],[72.86531608568175,19.01227745009279]]]},"id":"340"},{"type":"Feature","properties":{"id":"341","metrics:area":24750,"metrics:perimeter":730.6626501871956},"geometry":{"type":"Polygon","coordinates":[[[72.86265741405958,19.012246723896567],[72.86247097275793,19.01197358716061],[72.86257285181466,19.011432804110086],[72.86228915043566,19.01133919624649],[72.86229607783639,19.01079731515487],[72.86201468707435,19.01052307997453],[72.86296420188374,19.010534060342657],[72.86306376982087,19.010173903840858],[72.86325367246465,19.01017609918794],[72.86389641175009,19.011899739978187],[72.86265741405958,19.012246723896567]]]},"id":"341"},{"type":"Feature","properties":{"id":"342","metrics:area":4600,"metrics:perimeter":284.8827565531669},"geometry":{"type":"Polygon","coordinates":[[[72.85802441833339,19.010657535790585],[72.8578391435275,19.010294081991177],[72.85822126123121,19.01011785668273],[72.85897740038936,19.010397596749716],[72.85859412610819,19.010664136933798],[72.85802441833339,19.010657535790585]]]},"id":"342"},{"type":"Feature","properties":{"id":"343","metrics:area":800,"metrics:perimeter":115.60623297836548},"geometry":{"type":"Polygon","coordinates":[[[72.87920673288532,19.01026949848548],[72.87930512122684,19.009999644319983],[72.87958883276013,19.010093226765296],[72.87949159002278,19.010272766582656],[72.87920673288532,19.01026949848548]]]},"id":"343"},{"type":"Feature","properties":{"id":"344","metrics:area":7600,"metrics:perimeter":376.0746119401211},"geometry":{"type":"Polygon","coordinates":[[[72.86124930016199,19.01096585945866],[72.86078840606443,19.00987660417448],[72.86088566755907,19.009697076135282],[72.86145421819944,19.00979398162205],[72.86163026173747,19.010879940383134],[72.86124930016199,19.01096585945866]]]},"id":"344"},{"type":"Feature","properties":{"id":"345","metrics:area":1000,"metrics:perimeter":165.45728536964165},"geometry":{"type":"Polygon","coordinates":[[[72.84673107746052,19.01007468797274],[72.84673340325176,19.00989406276872],[72.84654815490312,19.009530600114154],[72.84701941642574,19.009807068203617],[72.84673107746052,19.01007468797274]]]},"id":"345"},{"type":"Feature","properties":{"id":"346","metrics:area":800,"metrics:perimeter":136.21232784634293},"geometry":{"type":"Polygon","coordinates":[[[72.83856888307126,19.009708446733594],[72.83847626821216,19.009526712210924],[72.83895334946698,19.009351638868548],[72.83895218241076,19.0094419510119],[72.83856888307126,19.009708446733594]]]},"id":"346"},{"type":"Feature","properties":{"id":"347","metrics:area":6800,"metrics:perimeter":481.7342846765072},"geometry":{"type":"Polygon","coordinates":[[[72.86201699642363,19.010342452964355],[72.8619255092095,19.010070414165373],[72.8623053140051,19.010074806979585],[72.86230762298199,19.00989417992628],[72.8617367616497,19.009977903973578],[72.86174253554583,19.009526336496656],[72.86297112678214,19.00999217896439],[72.8629665102093,19.010353433220363],[72.86201699642363,19.010342452964355]]]},"id":"347"},{"type":"Feature","properties":{"id":"348","metrics:area":2350,"metrics:perimeter":193.20327917582853},"geometry":{"type":"Polygon","coordinates":[[[72.86733773740083,19.010132938218245],[72.86734234447738,19.00977168292074],[72.86763065334351,19.009504027677504],[72.86781594981943,19.009867473681354],[72.8676225921028,19.010136224575543],[72.86733773740083,19.010132938218245]]]},"id":"348"},{"type":"Feature","properties":{"id":"349","metrics:area":17600,"metrics:perimeter":1092.2590163248449},"geometry":{"type":"Polygon","coordinates":[[[72.83931097557827,19.011072009693542],[72.83931564341975,19.01071076109214],[72.83884672875809,19.010253650122724],[72.83875761493873,19.00980097931053],[72.83894984827855,19.00962257529577],[72.8393284794394,19.00971732735994],[72.83951371145575,19.010080795718167],[72.83942809625596,19.009357188538072],[72.83980789380593,19.009361627397325],[72.83981139355313,19.009090690808566],[72.84009624132426,19.00909401939081],[72.8400892426917,19.00963589266174],[72.84027797549345,19.00972842376092],[72.84008341031652,19.01008745369472],[72.84055932578089,19.010002688436533],[72.84074456085811,19.010366155845976],[72.84017019490572,19.01072074863298],[72.84008107732028,19.010268078101255],[72.83970477774257,19.0099927030564],[72.83969894421183,19.010444263957083],[72.8392265281969,19.010258090377143],[72.83931681036363,19.01062044893942],[72.83969311051614,19.010895824834016],[72.83931097557827,19.011072009693542]]]},"id":"349"},{"type":"Feature","properties":{"id":"350","metrics:area":1500,"metrics:perimeter":166.14462339647974},"geometry":{"type":"Polygon","coordinates":[[[72.83838248617468,19.009435289767783],[72.8382910390487,19.009163243076134],[72.83876811936585,19.00898817012233],[72.83886073432396,19.00916990451034],[72.83838248617468,19.009435289767783]]]},"id":"350"},{"type":"Feature","properties":{"id":"351","metrics:area":5850,"metrics:perimeter":341.311845071176},"geometry":{"type":"Polygon","coordinates":[[[72.84093795905291,19.01009743737301],[72.84047487222723,19.009188769055697],[72.84057215390118,19.009009253810675],[72.84085350363854,19.009283517985956],[72.84132825083124,19.00928906275844],[72.84132009030189,19.00992124873986],[72.84093795905291,19.01009743737301]]]},"id":"351"},{"type":"Feature","properties":{"id":"352","metrics:area":15250,"metrics:perimeter":676.7530619206738},"geometry":{"type":"Polygon","coordinates":[[[72.86020714374509,19.010773144048567],[72.8598481426326,19.009143105915296],[72.86022910035847,19.009057189377625],[72.8605104856874,19.009331426789984],[72.86051510729595,19.008970173075454],[72.86089490924292,19.00897456854188],[72.86117745069704,19.00915849156817],[72.86117398553604,19.0094294319676],[72.86050701941237,19.00960236706592],[72.86087411486632,19.010600210541654],[72.86020714374509,19.010773144048567]]]},"id":"352"},{"type":"Feature","properties":{"id":"353","metrics:area":1800,"metrics:perimeter":216.70049109556393},"geometry":{"type":"Polygon","coordinates":[[[72.83914441511003,19.009263546726775],[72.83905179978706,19.00908181244705],[72.83943509691927,19.008815315487976],[72.83990984233787,19.008820863770364],[72.83914441511003,19.009263546726775]]]},"id":"353"},{"type":"Feature","properties":{"id":"354","metrics:area":334850,"metrics:perimeter":3578.1830996941826},"geometry":{"type":"Polygon","coordinates":[[[72.87459736720932,19.014281289727055],[72.87479301601766,19.01383190256718],[72.8743159489832,19.014007070843817],[72.87262171353943,19.01281332081895],[72.87196623534633,19.01208315632237],[72.87169287183772,19.011176735689872],[72.87131421191066,19.01108204786514],[72.87131766097352,19.010811105717824],[72.8708463498811,19.010534695439826],[72.87095509977665,19.009452020720897],[72.87237822241792,19.00955873382583],[72.87285412898405,19.009473883592005],[72.87343072886199,19.00893855351332],[72.87390548522929,19.008944014559837],[72.87408505504517,19.00975902668924],[72.87446256631597,19.009944022951277],[72.87426347812904,19.010664352973627],[72.8747347961556,19.010940755114067],[72.87502424430751,19.010582773134853],[72.87606757277602,19.010685092160163],[72.87664302127224,19.01024006588969],[72.87692673126921,19.010333652316735],[72.87684439198524,19.009339103446624],[72.87741295598053,19.009435960595773],[72.87778359422097,19.010162836989196],[72.87825950129331,19.01007797273316],[72.87835101597494,19.010350006033583],[72.87873082547605,19.010354365174347],[72.87872738850811,19.010625308642766],[72.8790111006473,19.01071889204138],[72.87900422741903,19.01126077904708],[72.87995490198087,19.01118135803144],[72.88014022806144,19.01154479439923],[72.88042508754312,19.011548061269046],[72.8808941306291,19.01200507809858],[72.8811721243264,19.012550231576324],[72.88116067929597,19.01345337765606],[72.88030151084729,19.013804836392872],[72.87982788398465,19.01370907590581],[72.87974438253191,19.01280484135476],[72.87831319936318,19.013330382982723],[72.87812329127279,19.013328202752916],[72.87794255315804,19.012603506977115],[72.87679622912108,19.013132306991064],[72.87623109482541,19.012764503833854],[72.87622650616444,19.01312576110859],[72.87594049743865,19.01321280180947],[72.87584095399367,19.01357296767357],[72.87459736720932,19.014281289727055]]]},"id":"354"},{"type":"Feature","properties":{"id":"355","metrics:area":15100,"metrics:perimeter":792.6806824303767},"geometry":{"type":"Polygon","coordinates":[[[72.86600495870782,19.01038853731794],[72.86581966591164,19.010025089844582],[72.86638706985367,19.01021229429495],[72.86658503818141,19.00958228977285],[72.86705979425453,19.009587768571436],[72.86677954873976,19.009223226252338],[72.86639859253322,19.009309156591627],[72.8662156043919,19.0087650819698],[72.86754261181599,19.008961049254015],[72.86714783429873,19.010130747069912],[72.86676457187558,19.01039730555143],[72.86600495870782,19.01038853731794]]]},"id":"355"},{"type":"Feature","properties":{"id":"356","metrics:area":1250,"metrics:perimeter":168.1913190966076},"geometry":{"type":"Polygon","coordinates":[[[72.83858055558152,19.00880532551248],[72.83830037802113,19.008440746197277],[72.83830388002688,19.00816980985203],[72.83867900606347,19.00853549930263],[72.83858055558152,19.00880532551248]]]},"id":"356"},{"type":"Feature","properties":{"id":"357","metrics:area":18250,"metrics:perimeter":942.5488059829999},"geometry":{"type":"Polygon","coordinates":[[[72.86524534595716,19.010379765968086],[72.86515500625646,19.01001741455892],[72.86468024955549,19.01001193075125],[72.86430851804728,19.009375347295123],[72.86479249751375,19.008658322418533],[72.86479710970092,19.00829706766472],[72.86593190473525,19.0086714799199],[72.86583464909087,19.008851011223616],[72.86545599890736,19.008756312204984],[72.86526033346767,19.00920568783305],[72.86469293445809,19.009018480359845],[72.86525572204333,19.0095669426609],[72.86582773391424,19.009392893683977],[72.86544216594095,19.009840076834276],[72.86572471451278,19.010023993521283],[72.86572125654604,19.010294934701946],[72.86524534595716,19.010379765968086]]]},"id":"357"},{"type":"Feature","properties":{"id":"358","metrics:area":4650,"metrics:perimeter":291.9314244044287},"geometry":{"type":"Polygon","coordinates":[[[72.84617649730525,19.008893987026262],[72.84590211795938,19.008077854741142],[72.84637918922604,19.007902761015384],[72.84655745841344,19.008808099320046],[72.84617649730525,19.008893987026262]]]},"id":"358"},{"type":"Feature","properties":{"id":"359","metrics:area":3450,"metrics:perimeter":388.2740047073208},"geometry":{"type":"Polygon","coordinates":[[[72.86848866791428,19.009242942074845],[72.86859052523417,19.008702153490788],[72.8677428768106,19.0081504151144],[72.86878387959517,19.00843340123065],[72.86887422687096,19.00879575160741],[72.86848866791428,19.009242942074845]]]},"id":"359"},{"type":"Feature","properties":{"id":"360","metrics:area":1300,"metrics:perimeter":204.63874049541118},"geometry":{"type":"Polygon","coordinates":[[[72.86574891863734,19.008127405017586],[72.86489321304144,19.008207850672136],[72.86499162210328,19.007938006209923],[72.86574891863734,19.008127405017586]]]},"id":"360"},{"type":"Feature","properties":{"id":"361","metrics:area":7800,"metrics:perimeter":498.81304699211626},"geometry":{"type":"Polygon","coordinates":[[[72.83886306849253,19.008989280228317],[72.83905763461424,19.008630251673424],[72.83840116319512,19.007990295904175],[72.83878679258294,19.007543175819954],[72.83907047065331,19.007636817887843],[72.83906113543136,19.008359315197847],[72.83963082825981,19.00836597398913],[72.83962732836387,19.008636910566693],[72.83886306849253,19.008989280228317]]]},"id":"361"},{"type":"Feature","properties":{"id":"362","metrics:area":1150,"metrics:perimeter":163.03087849844877},"geometry":{"type":"Polygon","coordinates":[[[72.8674614802009,19.00787618772119],[72.86689177861099,19.00786961482305],[72.8667991322086,19.007687891542474],[72.86699018430255,19.007599768952076],[72.8674614802009,19.00787618772119]]]},"id":"362"},{"type":"Feature","properties":{"id":"363","metrics:area":550,"metrics:perimeter":128.7048159266775},"geometry":{"type":"Polygon","coordinates":[[[72.86138698501551,19.007625359457446],[72.86139044947757,19.00735441896744],[72.86129780958063,19.007172693531405],[72.8615815034184,19.00726630220995],[72.86138698501551,19.007625359457446]]]},"id":"363"},{"type":"Feature","properties":{"id":"364","metrics:area":5200,"metrics:perimeter":372.3154621172782},"geometry":{"type":"Polygon","coordinates":[[[72.86603953132449,19.007679124651872],[72.86575929095368,19.007314581245105],[72.86547444140243,19.00731129248681],[72.86547905176546,19.006950037519335],[72.86680143602234,19.00750726391153],[72.8667991322086,19.007687891542474],[72.86603953132449,19.007679124651872]]]},"id":"364"},{"type":"Feature","properties":{"id":"365","metrics:area":1000,"metrics:perimeter":143.34208176545638},"geometry":{"type":"Polygon","coordinates":[[[72.86120632475269,19.006900654574178],[72.86101989100051,19.006627517043032],[72.86102335586112,19.006356576589027],[72.86130589336364,19.0065404990475],[72.86120632475269,19.006900654574178]]]},"id":"365"},{"type":"Feature","properties":{"id":"366","metrics:area":500,"metrics:perimeter":92.36067977499789},"geometry":{"type":"Polygon","coordinates":[[[72.8614946369608,19.006633009307976],[72.86149810105381,19.00636206876984],[72.8616879991766,19.006364265301396],[72.86168568999248,19.006544892350192],[72.8614946369608,19.006633009307976]]]},"id":"366"},{"type":"Feature","properties":{"id":"367","metrics:area":750,"metrics:perimeter":111.6227766016838},"geometry":{"type":"Polygon","coordinates":[[[72.88058184820284,19.006672161198196],[72.88058413700652,19.006491531925505],[72.88087013220563,19.00640448262277],[72.88086669947039,19.006675426583243],[72.88058184820284,19.006672161198196]]]},"id":"367"},{"type":"Feature","properties":{"id":"368","metrics:area":5700,"metrics:perimeter":302.6097817204887},"geometry":{"type":"Polygon","coordinates":[[[72.85750677597203,19.006586836456393],[72.85713045144381,19.006311494799792],[72.85713507955866,19.005950241768602],[72.85808572188121,19.005870931331465],[72.85808109583938,19.006232184591177],[72.85750677597203,19.006586836456393]]]},"id":"368"},{"type":"Feature","properties":{"id":"369","metrics:area":21550,"metrics:perimeter":1139.3626212141805},"geometry":{"type":"Polygon","coordinates":[[[72.85901902340538,19.007146316415295],[72.85892869852432,19.00678396333631],[72.85940344427756,19.00678946101244],[72.85931889792683,19.00597554111311],[72.85912668864495,19.0061539689458],[72.85846204728094,19.00614627111125],[72.85845973464323,19.00632689778224],[72.85922048153118,19.006245381822612],[72.8591197528026,19.00669584918323],[72.85854890203942,19.006779564319118],[72.85788772840854,19.00650092427219],[72.85826868053381,19.00641501126319],[72.85837056760182,19.00587423122912],[72.85998700539838,19.005712295513415],[72.86016650410414,19.006527314465924],[72.85987819019422,19.006794957471506],[72.86015957148236,19.007069195051045],[72.85901902340538,19.007146316415295]]]},"id":"369"},{"type":"Feature","properties":{"id":"370","metrics:area":550,"metrics:perimeter":103.98345637668169},"geometry":{"type":"Polygon","coordinates":[[[72.85780203286708,19.005777317695248],[72.85770939775537,19.005595590899077],[72.85808919134391,19.00559999137672],[72.85808803486287,19.00569030469592],[72.85780203286708,19.005777317695248]]]},"id":"370"},{"type":"Feature","properties":{"id":"371","metrics:area":1700,"metrics:perimeter":225.82906231274416},"geometry":{"type":"Polygon","coordinates":[[[72.85856277725158,19.00569580422578],[72.85866003809039,19.005516277278964],[72.85951572964018,19.005435859421407],[72.8594184697278,19.005615386914894],[72.85856277725158,19.00569580422578]]]},"id":"371"},{"type":"Feature","properties":{"id":"372","metrics:area":1750,"metrics:perimeter":173.45230764828108},"geometry":{"type":"Polygon","coordinates":[[[72.8572358128519,19.005499775937157],[72.85733538862526,19.005139623257072],[72.85771633773221,19.005053711098792],[72.85761560610491,19.00550417736591],[72.8572358128519,19.005499775937157]]]},"id":"372"},{"type":"Feature","properties":{"id":"373","metrics:area":4000,"metrics:perimeter":254.8668047930884},"geometry":{"type":"Polygon","coordinates":[[[72.85913709196718,19.00534114852561],[72.8590479232923,19.0048884821263],[72.859618767411,19.004804764774594],[72.85990014523382,19.005079002433945],[72.85989783428812,19.00525962929613],[72.85913709196718,19.00534114852561]]]},"id":"373"},{"type":"Feature","properties":{"id":"374","metrics:area":2450,"metrics:perimeter":253.84823019828832},"geometry":{"type":"Polygon","coordinates":[[[72.87243451678522,19.00513334055333],[72.87234760888933,19.00450004871105],[72.87272970062799,19.004323790497306],[72.87272395807936,19.004775361470003],[72.87253291175846,19.00486349062534],[72.87271936392354,19.005136618231102],[72.87243451678522,19.00513334055333]]]},"id":"374"},{"type":"Feature","properties":{"id":"375","metrics:area":2200,"metrics:perimeter":190.16540865504328},"geometry":{"type":"Polygon","coordinates":[[[72.83341569380444,19.0043189099129],[72.8332316505153,19.00386512532269],[72.83361260361016,19.00377926379376],[72.83379664790621,19.004233048101607],[72.83341569380444,19.0043189099129]]]},"id":"375"},{"type":"Feature","properties":{"id":"376","metrics:area":7900,"metrics:perimeter":430.01937807826914},"geometry":{"type":"Polygon","coordinates":[[[72.87338745202571,19.004873321755593],[72.87291615262896,19.004596917891945],[72.87292074621955,19.004235661063472],[72.87367918690607,19.004334712423745],[72.87406127714041,19.004158451279487],[72.87462752636009,19.004435943790394],[72.87338745202571,19.004873321755593]]]},"id":"376"},{"type":"Feature","properties":{"id":"377","metrics:area":2950,"metrics:perimeter":277.0637743779802},"geometry":{"type":"Polygon","coordinates":[[[72.83531461786838,19.0043411524913],[72.83513173794982,19.003797057311285],[72.83598858832147,19.00362643664684],[72.83560529928259,19.003892927227405],[72.83560062523459,19.00425417520646],[72.83531461786838,19.0043411524913]]]},"id":"377"},{"type":"Feature","properties":{"id":"378","metrics:area":1100,"metrics:perimeter":148.57300762134082},"geometry":{"type":"Polygon","coordinates":[[[72.87805141460424,19.004023632545195],[72.87805485138155,19.003752689002784],[72.87843693657842,19.00357641822034],[72.87824131212516,19.004025811823468],[72.87805141460424,19.004023632545195]]]},"id":"378"},{"type":"Feature","properties":{"id":"379","metrics:area":1950,"metrics:perimeter":178.17366719827686},"geometry":{"type":"Polygon","coordinates":[[[72.83304760811043,19.003411340627675],[72.83286239667022,19.00304786766887],[72.83333829332233,19.002963119331703],[72.83342856019841,19.00332547938109],[72.83304760811043,19.003411340627675]]]},"id":"379"},{"type":"Feature","properties":{"id":"380","metrics:area":600,"metrics:perimeter":103.24555320336759},"geometry":{"type":"Polygon","coordinates":[[[72.88119502197252,19.003246733433976],[72.88119730967037,19.003066104022604],[72.88148329859965,19.002979053140805],[72.88148101122174,19.003159682587413],[72.88119502197252,19.003246733433976]]]},"id":"380"},{"type":"Feature","properties":{"id":"381","metrics:area":1050,"metrics:perimeter":137.6782893563237},"geometry":{"type":"Polygon","coordinates":[[[72.88110693679148,19.00270375716605],[72.88111151221067,19.002342498339004],[72.88139749989205,19.002255447467864],[72.88139406881723,19.00252639164241],[72.88110693679148,19.00270375716605]]]},"id":"381"},{"type":"Feature","properties":{"id":"382","metrics:area":3050,"metrics:perimeter":235.91442016063428},"geometry":{"type":"Polygon","coordinates":[[[72.83221065185512,19.002046646814154],[72.83212155830037,19.001593974644212],[72.8322211834608,19.001233840475074],[72.8324110720974,19.00123606648797],[72.83259160099661,19.00196078701553],[72.83221065185512,19.002046646814154]]]},"id":"382"},{"type":"Feature","properties":{"id":"383","metrics:area":950,"metrics:perimeter":131.1381041053223},"geometry":{"type":"Polygon","coordinates":[[[72.86630085665072,19.002081860425022],[72.86621051714738,19.001719509444744],[72.86649650900318,19.00163248228471],[72.86649305392912,19.001903423847455],[72.86630085665072,19.002081860425022]]]},"id":"383"},{"type":"Feature","properties":{"id":"384","metrics:area":550,"metrics:perimeter":103.98345637668169},"geometry":{"type":"Polygon","coordinates":[[[72.86375112995428,19.000968496835707],[72.8637557423801,19.000607242028305],[72.86385068831387,19.000608338840205],[72.86394217525151,19.000880376744025],[72.86375112995428,19.000968496835707]]]},"id":"384"},{"type":"Feature","properties":{"id":"385","metrics:area":2150,"metrics:perimeter":195.47442467302884},"geometry":{"type":"Polygon","coordinates":[[[72.86280166892918,19.000957525815924],[72.86280743700291,19.000505957584473],[72.86337711200503,19.00051254061223],[72.86327870609769,19.000782384588376],[72.86280166892918,19.000957525815924]]]},"id":"385"},{"type":"Feature","properties":{"id":"386","metrics:area":50450,"metrics:perimeter":1541.3100806768387},"geometry":{"type":"Polygon","coordinates":[[[72.83494301491179,19.003704521844643],[72.83476364340186,19.002889490587304],[72.83542709290973,19.00298758429386],[72.83552437537604,19.002808071775032],[72.83476481228506,19.00279917863081],[72.83476715003162,19.002618554714964],[72.83514693111496,19.002623001631004],[72.83553138608086,19.0022661997436],[72.835246550793,19.002262865281704],[72.83451621309234,18.999996172304158],[72.83565670683177,18.999919198454627],[72.83564969746482,19.0004610706683],[72.8358384175082,19.00055360511885],[72.83610923354146,19.001640683035127],[72.83610456117744,19.002001931222683],[72.83572244463119,19.002178110454953],[72.83619717005344,19.002183666403045],[72.83600494351433,19.002362068242736],[72.83628861108261,19.002455713605702],[72.83657578264521,19.002278422356497],[72.83675516285446,19.00309345271529],[72.8364656539593,19.003451368215792],[72.83618198463351,19.003357722956697],[72.83494301491179,19.003704521844643]]]},"id":"386"},{"type":"Feature","properties":{"id":"387","metrics:area":1300,"metrics:perimeter":148.3130955811703},"geometry":{"type":"Polygon","coordinates":[[[72.88151188864035,19.000721184738616],[72.88132656890579,19.000357750226705],[72.8817074998528,19.000271786293986],[72.8817029262566,19.000633045341495],[72.88151188864035,19.000721184738616]]]},"id":"387"},{"type":"Feature","properties":{"id":"388","metrics:area":9150,"metrics:perimeter":369.7971923091376},"geometry":{"type":"Polygon","coordinates":[[[72.86166000805757,19.00112498131956],[72.86138094178098,19.00067011947747],[72.86148512201497,18.999948708935058],[72.86186490373044,18.99995310040559],[72.86233155415646,19.000590784009862],[72.86213589260745,19.001040156810614],[72.86166000805757,19.00112498131956]]]},"id":"388"},{"type":"Feature","properties":{"id":"389","metrics:area":650,"metrics:perimeter":103.98345637668169},"geometry":{"type":"Polygon","coordinates":[[[72.83442360708717,18.99981443654283],[72.83442594480658,18.999633812609716],[72.8346170006536,18.99954572420029],[72.83470843805324,18.99981777185878],[72.83442360708717,18.99981443654283]]]},"id":"389"},{"type":"Feature","properties":{"id":"390","metrics:area":109900,"metrics:perimeter":3029.936288087605},"geometry":{"type":"Polygon","coordinates":[[[72.88115155079618,19.006678691530126],[72.88087585330162,19.005952909336365],[72.88059100326227,19.005949644084705],[72.88068137599566,19.00631199113716],[72.88001557995946,19.006394685303217],[72.87973416384656,19.006120474884842],[72.8797398879159,19.005668901917755],[72.87906836848121,19.00620316566718],[72.8788864853085,19.00556878519456],[72.87936352377916,19.005393602156577],[72.87936924861293,19.004942029262818],[72.87918049496285,19.00484953647109],[72.8792720092434,19.005121569325752],[72.87888877579907,19.005388156099304],[72.87889793750222,19.00466563968039],[72.87871032973995,19.00448283191377],[72.8781394899389,19.004566609301282],[72.87814407224653,19.004205351243332],[72.87843235506624,19.00393767637159],[72.87899975737425,19.004124841557353],[72.88004877341987,19.003775561363142],[72.87994924639732,19.00413573118952],[72.8804194137821,19.00450243277583],[72.88061160063152,19.004323980357654],[72.88042399115163,19.004141174180184],[72.88062189852982,19.003511148379037],[72.88099826110835,19.003786445418424],[72.88128882667543,19.003338136150912],[72.88166976458913,19.003252172982787],[72.88186995289422,19.002441515730574],[72.8817795787145,19.002079169071543],[72.8814947351011,19.00207590585097],[72.8815954007181,19.001625419931617],[72.88131284527353,19.001441527045753],[72.88131627626893,19.001170582853778],[72.88188481705501,19.001267423872566],[72.88179787331565,19.00063413294414],[72.8820861441246,19.00036645110918],[72.88180930660056,18.99973098524139],[72.88210214812226,18.99910204402576],[72.88210791705662,19.006147683159057],[72.8818230664579,19.006144419772703],[72.88172354119794,19.006504590703354],[72.88115155079618,19.006678691530126]]]},"id":"390"},{"type":"Feature","properties":{"id":"391","metrics:area":800,"metrics:perimeter":115.60623297836548},"geometry":{"type":"Polygon","coordinates":[[[72.86368616405483,18.998619243579117],[72.86378456767714,18.99834939913836],[72.86406824888152,18.998443002751724],[72.86397099848014,18.998622533645104],[72.86368616405483,18.998619243579117]]]},"id":"391"},{"type":"Feature","properties":{"id":"392","metrics:area":1500,"metrics:perimeter":189.9322955501368},"geometry":{"type":"Polygon","coordinates":[[[72.85800451624301,18.997379276239695],[72.8572449665172,18.99737047781675],[72.85724727929222,18.997189851115227],[72.85753326630775,18.997102837486004],[72.85800451624301,18.997379276239695]]]},"id":"392"},{"type":"Feature","properties":{"id":"393","metrics:area":10350,"metrics:perimeter":648.5896129861998},"geometry":{"type":"Polygon","coordinates":[[[72.86254913415729,18.99842545163031],[72.86255259493329,18.99815451066508],[72.86207787269173,18.99814902346908],[72.86209171827707,18.997065259859152],[72.86256643744996,18.997070746718816],[72.86264753940118,18.998155607958303],[72.86312110855992,18.99825140738419],[72.86322066598875,18.997891249604343],[72.8635981374553,18.998076264495662],[72.86349858066423,18.998436422540998],[72.86254913415729,18.99842545163031]]]},"id":"393"},{"type":"Feature","properties":{"id":"394","metrics:area":4300,"metrics:perimeter":281.54404651730204},"geometry":{"type":"Polygon","coordinates":[[[72.83388901755373,18.99709840622366],[72.83379992053264,18.99664573444918],[72.83474933895474,18.996656851884424],[72.83474466497586,18.997018099940387],[72.83388901755373,18.99709840622366]]]},"id":"394"},{"type":"Feature","properties":{"id":"395","metrics:area":1600,"metrics:perimeter":171.5298244508295},"geometry":{"type":"Polygon","coordinates":[[[72.83484661768081,18.99647733931533],[72.83485129129649,18.99611609121386],[72.83541860468482,18.996303382964207],[72.8352263848521,18.996481784687152],[72.83484661768081,18.99647733931533]]]},"id":"395"},{"type":"Feature","properties":{"id":"396","metrics:area":13650,"metrics:perimeter":730.0786399386885},"geometry":{"type":"Polygon","coordinates":[[[72.86131485467396,18.99841118217176],[72.86131947168853,18.998049927841112],[72.8609373855229,18.99822616279614],[72.86084590462012,18.997954123953313],[72.8611353546771,18.997596163976194],[72.86123953260389,18.996874753265754],[72.86105657103973,18.996330675830485],[72.86181150245163,18.996700712659777],[72.86170848113433,18.99733181034361],[72.86189836903854,18.997334005656338],[72.86189490736471,18.997604946529446],[72.86151397685977,18.99769086924212],[72.8618902917082,18.997966201013643],[72.86188567594726,18.998327455482684],[72.86160315061336,18.998143535056595],[72.86131485467396,18.99841118217176]]]},"id":"396"},{"type":"Feature","properties":{"id":"397","metrics:area":6000,"metrics:perimeter":324.6040320611313},"geometry":{"type":"Polygon","coordinates":[[[72.88943580748372,18.997379320083134],[72.88924933349159,18.997106207322307],[72.88944378053431,18.9967471133509],[72.89030170429223,18.996485916445618],[72.89010384343071,18.997115957398087],[72.88943580748372,18.997379320083134]]]},"id":"397"},{"type":"Feature","properties":{"id":"398","metrics:area":500,"metrics:perimeter":92.36067977499789},"geometry":{"type":"Polygon","coordinates":[[[72.86324488184712,18.99599466172524],[72.86324834102062,18.99572372056553],[72.86343822729256,18.99572591411952],[72.86343592138797,18.995906541582688],[72.86324488184712,18.99599466172524]]]},"id":"398"},{"type":"Feature","properties":{"id":"399","metrics:area":600,"metrics:perimeter":104.72135954999578},"geometry":{"type":"Polygon","coordinates":[[[72.85546186911992,18.995723930554107],[72.85546534083421,18.995452990769593],[72.85565638295257,18.995364879005376],[72.85565291156475,18.99563581882647],[72.85546186911992,18.995723930554107]]]},"id":"399"},{"type":"Feature","properties":{"id":"400","metrics:area":72800,"metrics:perimeter":1358.916445145576},"geometry":{"type":"Polygon","coordinates":[[[72.85961740568113,18.99748827603867],[72.85961971591206,18.997307649058254],[72.85914384161646,18.99739246803533],[72.8576339906343,18.99665237040883],[72.85715696138433,18.996827497712697],[72.85649582817382,18.996548856497707],[72.85564828295598,18.995997071907986],[72.85565175442238,18.995726132098277],[72.85613456586239,18.995099441987982],[72.85632445054058,18.995101642772326],[72.85622719459914,18.99528116902599],[72.85631982352076,18.995462896034027],[72.85680031883348,18.99501683053592],[72.8599195612165,18.99613686948164],[72.8605783908285,18.996596125971564],[72.86057377259527,18.996957380183407],[72.86029009635828,18.996863771630373],[72.85990223742304,18.997491572179786],[72.85961740568113,18.99748827603867]]]},"id":"400"},{"type":"Feature","properties":{"id":"401","metrics:area":35200,"metrics:perimeter":1130.1794351430995},"geometry":{"type":"Polygon","coordinates":[[[72.86020323599543,18.996230478469002],[72.85727503055138,18.995022330401056],[72.85623182177113,18.994919915779185],[72.85633486095232,18.994288822878023],[72.85671578502152,18.99420291031175],[72.8587929537384,18.995130235260163],[72.85936376405249,18.995046515358602],[72.86059339936469,18.995422049678282],[72.86078097623512,18.995604873078065],[72.86068026113688,18.996055342811378],[72.86020323599543,18.996230478469002]]]},"id":"401"},{"type":"Feature","properties":{"id":"402","metrics:area":5950,"metrics:perimeter":301.82487259263024},"geometry":{"type":"Polygon","coordinates":[[[72.86097894178727,18.99497487401345],[72.86069873157943,18.99461032563149],[72.8608966958486,18.99398032650703],[72.86146288621804,18.994257854137903],[72.86135986610962,18.99488895180071],[72.86097894178727,18.99497487401345]]]},"id":"402"},{"type":"Feature","properties":{"id":"403","metrics:area":600,"metrics:perimeter":100},"geometry":{"type":"Polygon","coordinates":[[[72.86099279199459,18.993891110812825],[72.86099510027104,18.993710483599443],[72.86127992584392,18.993713776990255],[72.86127761787424,18.993894404237285],[72.86099279199459,18.993891110812825]]]},"id":"403"},{"type":"Feature","properties":{"id":"404","metrics:area":8700,"metrics:perimeter":385.03787303490157},"geometry":{"type":"Polygon","coordinates":[[[72.855379656372,18.994729383852633],[72.85509714492233,18.994545454713194],[72.85510408900849,18.994003575196633],[72.85568183799631,18.993377986723182],[72.85605928980694,18.993563015278024],[72.85605581942548,18.993833955223497],[72.855379656372,18.994729383852633]]]},"id":"404"},{"type":"Feature","properties":{"id":"405","metrics:area":2550,"metrics:perimeter":236.14820002919703},"geometry":{"type":"Polygon","coordinates":[[[72.85330135719545,18.993892336005622],[72.85321104905152,18.993529981570518],[72.85340093158513,18.993532185179756],[72.85330946508593,18.993260143934876],[72.85350050546747,18.99317203424504],[72.85377838069559,18.993717218175757],[72.85330135719545,18.993892336005622]]]},"id":"405"},{"type":"Feature","properties":{"id":"406","metrics:area":1050,"metrics:perimeter":137.6782893563237},"geometry":{"type":"Polygon","coordinates":[[[72.85321104905152,18.993529981570518],[72.85292854222978,18.99334604952807],[72.8529320175749,18.993075110125357],[72.85321568227077,18.99316872897169],[72.85321104905152,18.993529981570518]]]},"id":"406"},{"type":"Feature","properties":{"id":"407","metrics:area":2350,"metrics:perimeter":253.6814581608426},"geometry":{"type":"Polygon","coordinates":[[[72.85396594765528,18.99390004760375],[72.85387563803383,18.99353769335157],[72.85416046198166,18.99354099767091],[72.85416509315571,18.993179744846955],[72.85445107417272,18.993092735435734],[72.85434918693869,18.99363351352211],[72.85396594765528,18.99390004760375]]]},"id":"407"},{"type":"Feature","properties":{"id":"408","metrics:area":5450,"metrics:perimeter":287.7201424905884},"geometry":{"type":"Polygon","coordinates":[[[72.8549188353966,18.993640120297364],[72.8546363262401,18.9934561906642],[72.85492925176847,18.992827301025613],[72.85549774065946,18.992924219035867],[72.85539585690881,18.993464998051213],[72.8549188353966,18.993640120297364]]]},"id":"408"},{"type":"Feature","properties":{"id":"409","metrics:area":800,"metrics:perimeter":115.60623297836548},"geometry":{"type":"Polygon","coordinates":[[[72.85378996061041,18.992814086331496],[72.85379343445712,18.992543146759722],[72.85398447377804,18.99245503645766],[72.85407594111356,18.992727077455186],[72.85378996061041,18.992814086331496]]]},"id":"409"},{"type":"Feature","properties":{"id":"410","metrics:area":71350,"metrics:perimeter":1419.8802432721266},"geometry":{"type":"Polygon","coordinates":[[[72.85870032213981,18.99494850923977],[72.85822792158613,18.994762386186377],[72.85804381594991,18.994308620269827],[72.8577566781248,18.994485948617505],[72.8565282144489,18.994020083351025],[72.85692763859741,18.992489156378678],[72.85872574046634,18.99296161289749],[72.8587326721881,18.99241973199722],[72.85920737714581,18.99242522618327],[72.8593914845457,18.99287899113294],[72.86014986043119,18.992978092312576],[72.86023902929031,18.993430758390947],[72.85976432116107,18.99342526657163],[72.85966476019077,18.993785422181972],[72.85947487658882,18.99378322497153],[72.85965898583866,18.994236989810805],[72.86004221816088,18.99397044311836],[72.85984656039604,18.994419813950127],[72.86012676833208,18.994784363417562],[72.85870032213981,18.99494850923977]]]},"id":"410"},{"type":"Feature","properties":{"id":"411","metrics:area":1850,"metrics:perimeter":186.30204997601103},"geometry":{"type":"Polygon","coordinates":[[[72.86385834186257,18.99256931864012],[72.86395674060087,18.992299473568053],[72.86443375120277,18.99212432667013],[72.86442914245627,18.992485581968396],[72.86385834186257,18.99256931864012]]]},"id":"411"},{"type":"Feature","properties":{"id":"412","metrics:area":2900,"metrics:perimeter":218.1379615571165},"geometry":{"type":"Polygon","coordinates":[[[72.85426698053804,18.992638966868796],[72.85408173002561,18.99227551140833],[72.85408636103733,18.991914258553777],[72.85455990562633,18.992010077759797],[72.85455527561093,18.99237133072309],[72.85426698053804,18.992638966868796]]]},"id":"412"},{"type":"Feature","properties":{"id":"413","metrics:area":1050,"metrics:perimeter":139.9358721828541},"geometry":{"type":"Polygon","coordinates":[[[72.85474631441005,18.99228321957334],[72.8546548461124,18.99201117881207],[72.85503692257933,18.99183495599115],[72.85493735302433,18.992195108205575],[72.85474631441005,18.99228321957334]]]},"id":"413"},{"type":"Feature","properties":{"id":"414","metrics:area":1250,"metrics:perimeter":142.8538328578604},"geometry":{"type":"Polygon","coordinates":[[[72.85702604805589,18.992219316086246],[72.85703067270178,18.991858062530618],[72.85740927900989,18.99195277475698],[72.85731087035104,18.9922226153368],[72.85702604805589,18.992219316086246]]]},"id":"414"},{"type":"Feature","properties":{"id":"415","metrics:area":5650,"metrics:perimeter":555.0440705919834},"geometry":{"type":"Polygon","coordinates":[[[72.85254298433335,18.993793206726767],[72.85180199843448,18.99233937839535],[72.85171401212695,18.99179639742401],[72.85245499533066,18.993250225875173],[72.85283591810028,18.993164321259542],[72.85292854222978,18.99334604952807],[72.85282896700495,18.993706200016973],[72.85254298433335,18.993793206726767]]]},"id":"415"},{"type":"Feature","properties":{"id":"416","metrics:area":1850,"metrics:perimeter":246.44230374264063},"geometry":{"type":"Polygon","coordinates":[[[72.85246078878518,18.992798660335257],[72.85227322474118,18.99261582964313],[72.85209377291514,18.991800807133117],[72.85255920542791,18.992528823156082],[72.85246078878518,18.992798660335257]]]},"id":"416"},{"type":"Feature","properties":{"id":"417","metrics:area":4350,"metrics:perimeter":283.8633921480073},"geometry":{"type":"Polygon","coordinates":[[[72.85617967780627,18.991577222329678],[72.85599326718638,18.99130408178952],[72.85570844669981,18.991300780664666],[72.85590526723557,18.99076110147188],[72.85637765374244,18.990947229172175],[72.85646449885114,18.991580522775532],[72.85617967780627,18.991577222329678]]]},"id":"417"},{"type":"Feature","properties":{"id":"418","metrics:area":3550,"metrics:perimeter":236.45856202017464},"geometry":{"type":"Polygon","coordinates":[[[72.853911531646,18.990737984092366],[72.85382122310779,18.990375629878237],[72.8541095145237,18.99010799405339],[72.85448927208199,18.99011239847082],[72.85429129058326,18.990742389056436],[72.853911531646,18.990737984092366]]]},"id":"418"},{"type":"Feature","properties":{"id":"419","metrics:area":1050,"metrics:perimeter":148.48191962583275},"geometry":{"type":"Polygon","coordinates":[[[72.85354219420076,18.989920759564793],[72.85326085066333,18.989646515337864],[72.85326432474221,18.98937557576782],[72.85354682575803,18.98955950674668],[72.85354219420076,18.989920759564793]]]},"id":"419"},{"type":"Feature","properties":{"id":"420","metrics:area":16000,"metrics:perimeter":548.4965365936681},"geometry":{"type":"Polygon","coordinates":[[[72.85656753374292,18.990949429244797],[72.85609630354395,18.99067298866195],[72.85610324287353,18.990131108563336],[72.85639615595812,18.989502215275703],[72.85687663223969,18.989056147609904],[72.85716144912783,18.989059446562276],[72.85696463509782,18.989599127779723],[72.85724714114738,18.98978305353693],[72.85724251751229,18.990144307224746],[72.85656753374292,18.990949429244797]]]},"id":"420"},{"type":"Feature","properties":{"id":"421","metrics:area":204050,"metrics:perimeter":2573.8729429110676},"geometry":{"type":"Polygon","coordinates":[[[72.86193875089226,18.994173028172902],[72.86185073083418,18.993630048799837],[72.86109696648803,18.99316969974849],[72.86100664126157,18.992807347475672],[72.86033974320426,18.992980288740963],[72.86034205206593,18.992799661587167],[72.85939841408084,18.99233710999119],[72.85712676934979,18.99176884891007],[72.85771605988694,18.99024011804762],[72.85809928501999,18.989973574681525],[72.85839450108999,18.989164050463046],[72.85877887765271,18.988807191789853],[72.85972364925162,18.989179431013987],[72.86029674718316,18.988915078925896],[72.86048200894665,18.989278529241336],[72.86076682688659,18.98928182268312],[72.8609520900422,18.989645272654133],[72.86133184825702,18.989649662929615],[72.86161205280987,18.990014209853747],[72.8619918120254,18.99001859885714],[72.86247227659597,18.98957251535218],[72.86265984985927,18.989755336510857],[72.86218053841853,18.990111106780336],[72.86303730319368,18.989940350839245],[72.86303384481253,18.99021129213052],[72.86255799187697,18.990296122107505],[72.8625545326507,18.99056706330335],[72.86217592533806,18.990472361624125],[72.8617892440045,18.991009855000392],[72.86207291175583,18.991103460416376],[72.86244344794311,18.991830358439643],[72.86272827058858,18.991833649288232],[72.86272365823916,18.992194904194513],[72.86300848155686,18.99219819467258],[72.86290892839966,18.992558352831146],[72.86319375237005,18.992561643084603],[72.86300156375732,18.992740077104436],[72.86299349269436,18.993372273231802],[72.86327831806481,18.99337556349061],[72.86308728149403,18.993463683767672],[72.8631764585733,18.99391634921148],[72.86298311514366,18.994185096755874],[72.86193875089226,18.994173028172902]]]},"id":"421"},{"type":"Feature","properties":{"id":"422","metrics:area":5800,"metrics:perimeter":329.8440067811842},"geometry":{"type":"Polygon","coordinates":[[[72.86332558059814,18.98967269910904],[72.86304306703177,18.98948878200149],[72.86314953329281,18.98858674075951],[72.86342974057555,18.98895128518116],[72.86380834552672,18.989045984039205],[72.86370649186878,18.98958677071323],[72.86332558059814,18.98967269910904]]]},"id":"422"},{"type":"Feature","properties":{"id":"423","metrics:area":2700,"metrics:perimeter":223.8834687496627},"geometry":{"type":"Polygon","coordinates":[[[72.85744742181267,18.988972431633808],[72.85755045038107,18.988341336867933],[72.85793136022238,18.988255420353514],[72.85782833315596,18.98888651548347],[72.85744742181267,18.988972431633808]]]},"id":"423"},{"type":"Feature","properties":{"id":"424","metrics:area":1300,"metrics:perimeter":152.3606797749979},"geometry":{"type":"Polygon","coordinates":[[[72.85716838437696,18.98851756599032],[72.85717416357137,18.988065998820957],[72.85745897883157,18.988069297150215],[72.85755160601549,18.988251023411582],[72.85716838437696,18.98851756599032]]]},"id":"424"},{"type":"Feature","properties":{"id":"425","metrics:area":1100,"metrics:perimeter":149.24381783261998},"geometry":{"type":"Polygon","coordinates":[[[72.86011264042655,18.98846131488448],[72.8599262258746,18.988188177935232],[72.86049470385447,18.988285079359272],[72.86039745690798,18.988464608758385],[72.86011264042655,18.98846131488448]]]},"id":"425"},{"type":"Feature","properties":{"id":"426","metrics:area":700,"metrics:perimeter":159.89954074842814},"geometry":{"type":"Polygon","coordinates":[[[72.85280237087731,18.988376622334755],[72.85261596914043,18.988103479194734],[72.85233231316128,18.988009860259236],[72.85271322374045,18.987923954682575],[72.85280237087731,18.988376622334755]]]},"id":"426"},{"type":"Feature","properties":{"id":"427","metrics:area":700,"metrics:perimeter":112.36067977499789},"geometry":{"type":"Polygon","coordinates":[[[72.86277554115121,18.988130785624545],[72.86277899954226,18.98785984431831],[72.86297002952172,18.98777172369916],[72.86296541875559,18.988132978820868],[72.86277554115121,18.988130785624545]]]},"id":"427"},{"type":"Feature","properties":{"id":"428","metrics:area":14200,"metrics:perimeter":696.1901763263285},"geometry":{"type":"Polygon","coordinates":[[[72.85145700967024,18.98962557594638],[72.85034673136306,18.987354516375923],[72.8505400845717,18.987085783083447],[72.85082373773817,18.98717940452423],[72.8512879947188,18.98799773535909],[72.85156122005095,18.988904173729164],[72.85146164564722,18.989264323612424],[72.85174762069987,18.989177317828993],[72.85164688755805,18.98962778091964],[72.85145700967024,18.98962557594638]]]},"id":"428"},{"type":"Feature","properties":{"id":"429","metrics:area":4100,"metrics:perimeter":268.85403466167963},"geometry":{"type":"Polygon","coordinates":[[[72.85812585861065,18.987896364563014],[72.85794522487197,18.987171658533775],[72.85804247340788,18.98699213058581],[72.85851716276845,18.986997625032746],[72.85851138754425,18.98744919265219],[72.85812585861065,18.987896364563014]]]},"id":"429"},{"type":"Feature","properties":{"id":"430","metrics:area":12050,"metrics:perimeter":720.2783959863468},"geometry":{"type":"Polygon","coordinates":[[[72.85203011948482,18.989361250932106],[72.85156237895144,18.988813860633876],[72.85157164991932,18.988091355837422],[72.85101477185655,18.98709129679456],[72.85111318638818,18.986821460129796],[72.85139683953906,18.986915080681232],[72.8518576228618,18.988004349670437],[72.85214127848703,18.988097969307226],[72.85185414677773,18.988275289029765],[72.85184951190715,18.988636541495584],[72.85222810703523,18.98873126335821],[72.85241335023068,18.98909472002271],[72.85203011948482,18.989361250932106]]]},"id":"430"},{"type":"Feature","properties":{"id":"431","metrics:area":850,"metrics:perimeter":140.77163146080622},"geometry":{"type":"Polygon","coordinates":[[[72.82007491148129,18.98600676871584],[72.81969399599694,18.986092605834223],[72.81960376480795,18.985730242344033],[72.82007491148129,18.98600676871584]]]},"id":"431"},{"type":"Feature","properties":{"id":"432","metrics:area":800,"metrics:perimeter":115.60623297836548},"geometry":{"type":"Polygon","coordinates":[[[72.85406203370181,18.986404049646524],[72.85387331665669,18.986311534253186],[72.85387678908828,18.986040594476577],[72.85416044297062,18.986134210817358],[72.85406203370181,18.986404049646524]]]},"id":"432"},{"type":"Feature","properties":{"id":"433","metrics:area":1450,"metrics:perimeter":162.22125139210445},"geometry":{"type":"Polygon","coordinates":[[[72.82016984639536,18.9860078871182],[72.8197936342696,18.985732479552038],[72.81979598589673,18.98555185710396],[72.82026948360154,18.985647760469075],[72.82016984639536,18.9860078871182]]]},"id":"433"},{"type":"Feature","properties":{"id":"434","metrics:area":15150,"metrics:perimeter":549.7045085671305},"geometry":{"type":"Polygon","coordinates":[[[72.84465281337151,18.98710762476875],[72.84437962845391,18.986201180009836],[72.84495505926647,18.985756251327874],[72.84523986830848,18.98575956807006],[72.8454250929729,18.98612303002227],[72.8456184518862,18.98585430248345],[72.84589280517017,18.98667043327202],[72.84512866112674,18.987022840852788],[72.84484617474753,18.98683889829914],[72.84465281337151,18.98710762476875]]]},"id":"434"},{"type":"Feature","properties":{"id":"435","metrics:area":35350,"metrics:perimeter":1339.4050091016034},"geometry":{"type":"Polygon","coordinates":[[[72.8514454192687,18.990528706714898],[72.85116987455318,18.989802894249223],[72.85098115579927,18.989710375715084],[72.8507877997563,18.989979109169017],[72.85032354091622,18.98916077693985],[72.84893775073884,18.98616389776547],[72.8492272011084,18.985805956511804],[72.84951085122908,18.98589957969244],[72.85006655703798,18.986989955132564],[72.84977478645663,18.987528523638705],[72.84996350207943,18.98762104311621],[72.85025179378556,18.987353413373654],[72.85080866773916,18.98835347432495],[72.85154615374768,18.990078243881612],[72.8514454192687,18.990528706714898]]]},"id":"435"},{"type":"Feature","properties":{"id":"436","metrics:area":3700,"metrics:perimeter":256.5521563006856},"geometry":{"type":"Polygon","coordinates":[[[72.84627487608367,18.986494228173363],[72.8458071629605,18.98594682580564],[72.8460966190663,18.98558889006928],[72.8465631709247,18.986226604542985],[72.84627487608367,18.986494228173363]]]},"id":"436"},{"type":"Feature","properties":{"id":"437","metrics:area":8900,"metrics:perimeter":472.4038767048408},"geometry":{"type":"Polygon","coordinates":[[[72.85025411278811,18.98717278730767],[72.8497933420407,18.98608351548595],[72.84951085122908,18.98589957969244],[72.8498952364741,18.985542740498722],[72.85027150447054,18.985818091691858],[72.85054704046253,18.986543904755585],[72.85054356254665,18.98681484392378],[72.85035368798528,18.986812638132765],[72.85054124390325,18.986995470031175],[72.85025411278811,18.98717278730767]]]},"id":"437"},{"type":"Feature","properties":{"id":"438","metrics:area":2600,"metrics:perimeter":230.24357022067142},"geometry":{"type":"Polygon","coordinates":[[[72.81941389537295,18.985728004941542],[72.8189415744488,18.98554178823931],[72.81866147637982,18.985177186442865],[72.81904121383708,18.985181662471938],[72.81951118202085,18.985548501253316],[72.81941389537295,18.985728004941542]]]},"id":"438"},{"type":"Feature","properties":{"id":"439","metrics:area":23950,"metrics:perimeter":1056.106348250289},"geometry":{"type":"Polygon","coordinates":[[[72.85393237020908,18.989112346039757],[72.85365450047144,18.98856716279206],[72.85385016560608,18.988117799212493],[72.8533777902608,18.98793166606338],[72.85300614421823,18.987295067500558],[72.85329790446409,18.986756492817385],[72.8528232174146,18.98675098505416],[72.85245273397446,18.986024072591835],[72.85245736685788,18.98566281988084],[72.85274449324515,18.985485498670492],[72.85339863068833,18.986306028089466],[72.85376448852068,18.987394192071257],[72.85442210972715,18.987943779133136],[72.85413729524863,18.987940476152215],[72.85431906995501,18.98857487104449],[72.8540330968709,18.98866188104405],[72.85393237020908,18.989112346039757]]]},"id":"439"},{"type":"Feature","properties":{"id":"440","metrics:area":1000,"metrics:perimeter":129.64724878581438},"geometry":{"type":"Polygon","coordinates":[[[72.8195170617387,18.985096945202255],[72.81932836905818,18.98500439658094],[72.81933189709565,18.984733462970354],[72.81971045791587,18.984828248751118],[72.8195170617387,18.985096945202255]]]},"id":"440"},{"type":"Feature","properties":{"id":"441","metrics:area":2000,"metrics:perimeter":191.9909771092956},"geometry":{"type":"Polygon","coordinates":[[[72.82036912029912,18.985287633710403],[72.8202788878531,18.98492527041772],[72.82075708520858,18.984659927243577],[72.82065509921846,18.98520067691713],[72.82036912029912,18.985287633710403]]]},"id":"441"},{"type":"Feature","properties":{"id":"442","metrics:area":7050,"metrics:perimeter":354.04602255396117},"geometry":{"type":"Polygon","coordinates":[[[72.84722888908038,18.986144024475426],[72.84676465721908,18.985325685762007],[72.84752879041376,18.98497327025393],[72.8476097967819,18.986058129236664],[72.84722888908038,18.986144024475426]]]},"id":"442"},{"type":"Feature","properties":{"id":"443","metrics:area":5200,"metrics:perimeter":393.7035026506551},"geometry":{"type":"Polygon","coordinates":[[[72.84665694625834,18.986318022202546],[72.84638375098214,18.985411579387762],[72.84610010393197,18.985317951659606],[72.8461047503275,18.98495670043342],[72.84648217143011,18.98514174578205],[72.84694640142028,18.985960085032993],[72.8469417565753,18.986321336420716],[72.84665694625834,18.986318022202546]]]},"id":"443"},{"type":"Feature","properties":{"id":"444","metrics:area":1900,"metrics:perimeter":177.69567606513328},"geometry":{"type":"Polygon","coordinates":[[[72.85416854405433,18.985502017860554],[72.85407939383526,18.985049350523546],[72.85436536052428,18.98496233981088],[72.85454944825278,18.98541610782437],[72.85416854405433,18.985502017860554]]]},"id":"444"},{"type":"Feature","properties":{"id":"445","metrics:area":600,"metrics:perimeter":115.9524158061724},"geometry":{"type":"Polygon","coordinates":[[[72.81914202882474,18.984731225401948],[72.81876111605041,18.98481706085189],[72.8187646449677,18.984546127338536],[72.81914202882474,18.984731225401948]]]},"id":"445"},{"type":"Feature","properties":{"id":"446","metrics:area":500,"metrics:perimeter":92.36067977499789},"geometry":{"type":"Polygon","coordinates":[[[72.82141927495053,18.984848374718155],[72.8214227995756,18.98457744072468],[72.82161266796145,18.98457967593661],[72.82161031842243,18.98476029862273],[72.82141927495053,18.984848374718155]]]},"id":"446"},{"type":"Feature","properties":{"id":"447","metrics:area":2400,"metrics:perimeter":225.2622986305051},"geometry":{"type":"Polygon","coordinates":[[[72.84657710751834,18.98514285059391],[72.84667668872963,18.984782703987843],[72.84743617608947,18.984791540162707],[72.84695685193704,18.985147269355124],[72.84657710751834,18.98514285059391]]]},"id":"447"},{"type":"Feature","properties":{"id":"448","metrics:area":2000,"metrics:perimeter":267.5845715378403},"geometry":{"type":"Polygon","coordinates":[[[72.81980186484807,18.985100300967144],[72.81999643625345,18.98474129292835],[72.81952411718049,18.98455507790962],[72.81952646894116,18.984374455471137],[72.82018748018345,18.984653218364773],[72.82008784363435,18.985013345047104],[72.81980186484807,18.985100300967144]]]},"id":"448"},{"type":"Feature","properties":{"id":"449","metrics:area":18650,"metrics:perimeter":1411.994623596288},"geometry":{"type":"Polygon","coordinates":[[[72.85021468617505,18.99024342991345],[72.84984652828285,18.989335886857642],[72.84928501734899,18.988697075204648],[72.84753343363799,18.984612018673822],[72.84781708057655,18.984705644170813],[72.84901644569985,18.987429382877284],[72.84967288973242,18.988069298294242],[72.84947953392086,18.98833803040386],[72.85022164436388,18.989701551886217],[72.85021468617505,18.99024342991345]]]},"id":"449"},{"type":"Feature","properties":{"id":"450","metrics:area":850,"metrics:perimeter":143.35087491092574},"geometry":{"type":"Polygon","coordinates":[[[72.81838255600742,18.984722273183632],[72.81838961496845,18.98418040627993],[72.81848454874074,18.98418152544306],[72.81857360057977,18.984634200370227],[72.81838255600742,18.984722273183632]]]},"id":"450"},{"type":"Feature","properties":{"id":"451","metrics:area":5650,"metrics:perimeter":447.1411301903584},"geometry":{"type":"Polygon","coordinates":[[[72.84865061971884,18.98634121253964],[72.84809492529492,18.985250833895712],[72.8479143376783,18.984526122434758],[72.84829059987189,18.984801477139953],[72.84875019758348,18.98598106448992],[72.84865061971884,18.98634121253964]]]},"id":"451"},{"type":"Feature","properties":{"id":"452","metrics:area":3050,"metrics:perimeter":303.91069116018036},"geometry":{"type":"Polygon","coordinates":[[[72.85312076644327,18.98576084451614],[72.85256272675946,18.984851102951772],[72.85256620102291,18.98458016336608],[72.85322149224291,18.98531037982769],[72.85312076644327,18.98576084451614]]]},"id":"452"},{"type":"Feature","properties":{"id":"453","metrics:area":5700,"metrics:perimeter":307.4331122404751},"geometry":{"type":"Polygon","coordinates":[[[72.8523635883627,18.985571404880893],[72.85189817281562,18.984843389847658],[72.85209267869843,18.9844843411646],[72.8524701067465,18.984669374847368],[72.85274796733964,18.98521455907092],[72.8523635883627,18.985571404880893]]]},"id":"453"},{"type":"Feature","properties":{"id":"454","metrics:area":1150,"metrics:perimeter":143.75869592049074},"geometry":{"type":"Polygon","coordinates":[[[72.8200948971967,18.98447147754297],[72.8198112708242,18.98437781109882],[72.81981479795546,18.984106877382516],[72.82028711622395,18.984293091572905],[72.8200948971967,18.98447147754297]]]},"id":"454"},{"type":"Feature","properties":{"id":"455","metrics:area":1100,"metrics:perimeter":136.25118400082528},"geometry":{"type":"Polygon","coordinates":[[[72.82056956749012,18.984477068582784],[72.82047815949633,18.984205016638576],[72.82067037782153,18.984026630193878],[72.82085554490766,18.984390111323542],[72.82056956749012,18.984477068582784]]]},"id":"455"},{"type":"Feature","properties":{"id":"456","metrics:area":21300,"metrics:perimeter":1417.2363530957455},"geometry":{"type":"Polygon","coordinates":[[[72.85195371953905,18.98791513875815],[72.85112361719888,18.98600864229528],[72.85122318960973,18.985648492357285],[72.8510356342208,18.98546566120134],[72.8507496654722,18.985552666504528],[72.85121160056067,18.98655162337407],[72.85101824906485,18.986820357550364],[72.85082837443788,18.98681815224561],[72.85027382324998,18.985637465593626],[72.85027846073011,18.98527621338578],[72.85056558834998,18.98509889571436],[72.85084692018717,18.985373142979395],[72.85113288858462,18.985286137488995],[72.85085966941564,18.984379698968045],[72.85132623786812,18.985017402958608],[72.85131696745748,18.9857399078778],[72.85159714291686,18.986104467334215],[72.85186573349515,18.987372157798816],[72.85243535972752,18.987378770122945],[72.8524307263459,18.987740022761866],[72.85195371953905,18.98791513875815]]]},"id":"456"},{"type":"Feature","properties":{"id":"457","metrics:area":800,"metrics:perimeter":120},"geometry":{"type":"Polygon","coordinates":[[[72.81952764481153,18.984284144250474],[72.81953234822643,18.9839228993583],[72.81972221563083,18.983925136434873],[72.81971751262472,18.984286381372772],[72.81952764481153,18.984284144250474]]]},"id":"457"},{"type":"Feature","properties":{"id":"458","metrics:area":9450,"metrics:perimeter":564.1917877352547},"geometry":{"type":"Polygon","coordinates":[[[72.84884629446204,18.98589185522346],[72.84819914518529,18.984529434417997],[72.8483913375292,18.98435101626451],[72.8485754079176,18.98480478859053],[72.84848743354785,18.98426180709649],[72.8487710806075,18.984355431127394],[72.84923300081853,18.985354391569217],[72.84922836106355,18.985715643525182],[72.84894471144877,18.985622019955795],[72.84884629446204,18.98589185522346]]]},"id":"458"},{"type":"Feature","properties":{"id":"459","metrics:area":6850,"metrics:perimeter":423.6565724578067},"geometry":{"type":"Polygon","coordinates":[[[72.84392122506851,18.984931272127987],[72.8439235505775,18.984750646769132],[72.84344770913823,18.98483542818138],[72.8432648162638,18.98429133947781],[72.84402662500021,18.984119564045695],[72.84421068289207,18.984573339532762],[72.84440287909158,18.98439492595087],[72.84449316491374,18.984757282651938],[72.84430445598223,18.98466475818202],[72.84430213089522,18.984845383588],[72.84392122506851,18.984931272127987]]]},"id":"459"},{"type":"Feature","properties":{"id":"460","metrics:area":700,"metrics:perimeter":127.18347206234901},"geometry":{"type":"Polygon","coordinates":[[[72.84639652670266,18.984418138303315],[72.84649378504615,18.984238617443282],[72.84687468851556,18.98415272331145],[72.84677743061883,18.98433224441868],[72.84639652670266,18.984418138303315]]]},"id":"460"},{"type":"Feature","properties":{"id":"461","metrics:area":1650,"metrics:perimeter":178.05663488303148},"geometry":{"type":"Polygon","coordinates":[[[72.8446830364118,18.984759494223912],[72.84459507488229,18.984216512125492],[72.84478610802553,18.984128410794998],[72.84496900589072,18.984672498474197],[72.8446830364118,18.984759494223912]]]},"id":"461"},{"type":"Feature","properties":{"id":"462","metrics:area":6000,"metrics:perimeter":379.043138883455},"geometry":{"type":"Polygon","coordinates":[[[72.84942055392703,18.985537224349248],[72.8487710806075,18.984355431127394],[72.84896443217663,18.984086699309643],[72.84915430347485,18.984088906221057],[72.84961390609962,18.98526849191599],[72.84942055392703,18.985537224349248]]]},"id":"462"},{"type":"Feature","properties":{"id":"463","metrics:area":1600,"metrics:perimeter":216.0838699985623},"geometry":{"type":"Polygon","coordinates":[[[72.81687185280542,18.98407218199581],[72.8165905842846,18.983797888757042],[72.81696914087331,18.983892679791992],[72.81725747262065,18.983625106004457],[72.81725158730386,18.984076661445116],[72.81687185280542,18.98407218199581]]]},"id":"463"},{"type":"Feature","properties":{"id":"464","metrics:area":800,"metrics:perimeter":122.4621125123532},"geometry":{"type":"Polygon","coordinates":[[[72.85532282180903,18.984341151700782],[72.85532513494871,18.98416052497351],[72.85570603568382,18.984074612184312],[72.85570372296604,18.984255238958458],[72.85532282180903,18.984341151700782]]]},"id":"464"},{"type":"Feature","properties":{"id":"465","metrics:area":4350,"metrics:perimeter":321.3620799353487},"geometry":{"type":"Polygon","coordinates":[[[72.8178153053009,18.984534934749206],[72.8172492331305,18.984257283614735],[72.81753756517104,18.983989709418243],[72.81744733939891,18.983627345380196],[72.81810716693187,18.98399642622435],[72.81810363706141,18.98426735963469],[72.81781883569116,18.984264001398913],[72.8178153053009,18.984534934749206]]]},"id":"465"},{"type":"Feature","properties":{"id":"466","metrics:area":1200,"metrics:perimeter":140.53212221418408},"geometry":{"type":"Polygon","coordinates":[[[72.8192463711727,18.984009854586155],[72.81915614160191,18.9836474910113],[72.819442118047,18.983560535862598],[72.81953352406352,18.983832588132888],[72.8192463711727,18.984009854586155]]]},"id":"466"},{"type":"Feature","properties":{"id":"467","metrics:area":11800,"metrics:perimeter":441.9199204816132},"geometry":{"type":"Polygon","coordinates":[[[72.84970768278889,18.98535990814853],[72.84924575960314,18.98436094861206],[72.8494425896364,18.983821277172922],[72.84991610786918,18.983917105832756],[72.85037803430289,18.984916064012847],[72.84970768278889,18.98535990814853]]]},"id":"467"},{"type":"Feature","properties":{"id":"468","metrics:area":2100,"metrics:perimeter":184.5254234275132},"geometry":{"type":"Polygon","coordinates":[[[72.85361397155809,18.984321339178972],[72.85342988734915,18.983867570552572],[72.85381078794954,18.98378166169507],[72.85399603044543,18.984145116753197],[72.85361397155809,18.984321339178972]]]},"id":"468"},{"type":"Feature","properties":{"id":"469","metrics:area":1300,"metrics:perimeter":151.83279453675848},"geometry":{"type":"Polygon","coordinates":[[[72.81858418795176,18.98382139989035],[72.81849513627299,18.9833687249719],[72.81868617917482,18.983280651869705],[72.8188725172597,18.98355382331169],[72.81858418795176,18.98382139989035]]]},"id":"469"},{"type":"Feature","properties":{"id":"470","metrics:area":2150,"metrics:perimeter":336.795015207003},"geometry":{"type":"Polygon","coordinates":[[[72.8442130080418,18.984392714132394],[72.84412272295171,18.984030357360727],[72.84364804649731,18.98402482683368],[72.8436526978389,18.98366357614207],[72.84393517772757,18.983847519917937],[72.84450827609477,18.983583217285968],[72.84421998333309,18.983850837908538],[72.8442130080418,18.984392714132394]]]},"id":"470"},{"type":"Feature","properties":{"id":"471","metrics:area":2000,"metrics:perimeter":185.91032963050384},"geometry":{"type":"Polygon","coordinates":[[[72.85105185903481,18.984201277749747],[72.85086778214777,18.98374750726471],[72.85124868320894,18.983661603786565],[72.85133666657838,18.984204584851973],[72.85105185903481,18.984201277749747]]]},"id":"471"},{"type":"Feature","properties":{"id":"472","metrics:area":7150,"metrics:perimeter":572.1399873647653},"geometry":{"type":"Polygon","coordinates":[[[72.84525497511567,18.984585502252052],[72.84506859007811,18.984312353031562],[72.84526194711333,18.98404362566659],[72.84488220562088,18.984039203675863],[72.8448856921441,18.983768265438123],[72.84574359435486,18.983507275272004],[72.84611288126655,18.984324510751087],[72.84545530350249,18.983774898030813],[72.84535688250288,18.98404473104273],[72.84564052693226,18.98413835966864],[72.84563587975141,18.984499610816005],[72.84525497511567,18.984585502252052]]]},"id":"472"},{"type":"Feature","properties":{"id":"473","metrics:area":800,"metrics:perimeter":119.5153275036385},"geometry":{"type":"Polygon","coordinates":[[[72.85988438261778,18.984032653540567],[72.85988669079947,18.983852026266423],[72.86007887114621,18.98367359465003],[72.86016919152753,18.984035947027284],[72.85988438261778,18.984032653540567]]]},"id":"473"},{"type":"Feature","properties":{"id":"474","metrics:area":3400,"metrics:perimeter":328.06016149725235},"geometry":{"type":"Polygon","coordinates":[[[72.8506640020581,18.984829059190677],[72.85010713845169,18.98382899869195],[72.85011061648453,18.98355805951441],[72.85048919906255,18.983652783756433],[72.8506640020581,18.984829059190677]]]},"id":"474"},{"type":"Feature","properties":{"id":"475","metrics:area":1200,"metrics:perimeter":187.78050766032288},"geometry":{"type":"Polygon","coordinates":[[[72.82096457976317,18.98330749349462],[72.82020511247455,18.983298549397556],[72.82030357198767,18.983028733743595],[72.82096457976317,18.98330749349462]]]},"id":"475"},{"type":"Feature","properties":{"id":"476","metrics:area":32400,"metrics:perimeter":779.4049226659155},"geometry":{"type":"Polygon","coordinates":[[[72.85862826970302,18.985734334237133],[72.85863173433123,18.985463393597435],[72.85815473902545,18.98563852690889],[72.85846842283804,18.98338398465661],[72.85970028096017,18.983578889503303],[72.85988669079947,18.983852026266423],[72.8595949567118,18.98439061408584],[72.85958572228822,18.98511312297949],[72.85910411030919,18.985649513258526],[72.85862826970302,18.985734334237133]]]},"id":"476"},{"type":"Feature","properties":{"id":"477","metrics:area":79050,"metrics:perimeter":1826.794215585456},"geometry":{"type":"Polygon","coordinates":[[[72.82120237982015,18.986923299347293],[72.82035266292229,18.98655199128715],[72.82026125453213,18.986279939214118],[72.82064687181271,18.98583285585545],[72.82084731863635,18.985022290401723],[72.82131846585067,18.98529881363037],[72.82131376592007,18.985660058899857],[72.82160092000042,18.98548278932921],[72.82151303445619,18.984939803700545],[72.82189864519631,18.984492717028267],[72.82123880596949,18.98412364870059],[72.82143454789367,18.983674327351306],[72.8218142826481,18.983678797352237],[72.82181663182317,18.983498174620475],[72.82124703034455,18.983491469395933],[72.82125407954955,18.982949601383453],[72.8216338126158,18.982954071590513],[72.82163028865634,18.983225005669567],[72.8231468767328,18.98342350189121],[72.8236145032839,18.983970953650353],[72.82379498271861,18.984695678371345],[72.82321481104044,18.98550178174969],[72.82283624596111,18.985407002799757],[72.82254791878842,18.98567458582427],[72.82215643363187,18.98657323049778],[72.82187162757077,18.98656987810514],[72.82178374095227,18.9860268925194],[72.82150011080782,18.985933228322537],[72.8216782322926,18.986838576915783],[72.82120237982015,18.986923299347293]]]},"id":"477"},{"type":"Feature","properties":{"id":"478","metrics:area":9400,"metrics:perimeter":680.911994837187},"geometry":{"type":"Polygon","coordinates":[[[72.85360586892412,18.984953531985706],[72.85360934152084,18.98468259221708],[72.85313581802484,18.9845867726006],[72.85314392226391,18.983954579964333],[72.85248284584196,18.983675929699167],[72.85267619096915,18.98340719331689],[72.85315086849897,18.98341270052483],[72.85361049903999,18.98459227895897],[72.85380268630612,18.98441385462041],[72.85418127368034,18.98450857169171],[72.85427158123241,18.984870925708254],[72.8539856146718,18.984957936287266],[72.85379921407497,18.984684794431335],[72.85379574178485,18.984955734233733],[72.85360586892412,18.984953531985706]]]},"id":"478"},{"type":"Feature","properties":{"id":"479","metrics:area":3200,"metrics:perimeter":280.2111712942613},"geometry":{"type":"Polygon","coordinates":[[[72.8551317927723,18.984429264438365],[72.85466868082324,18.98352062875482],[72.8547659301398,18.983341102601457],[72.85532744806221,18.98397989824245],[72.8551317927723,18.984429264438365]]]},"id":"479"},{"type":"Feature","properties":{"id":"480","metrics:area":3600,"metrics:perimeter":237.4161590478602},"geometry":{"type":"Polygon","coordinates":[[[72.81782824977213,18.983541512422978],[72.81744969327461,18.983446723174385],[72.81755286456907,18.982815664987566],[72.8179325963928,18.982820142755227],[72.81802399960137,18.983092195505847],[72.81782824977213,18.983541512422978]]]},"id":"480"},{"type":"Feature","properties":{"id":"481","metrics:area":3100,"metrics:perimeter":223.6356408778201},"geometry":{"type":"Polygon","coordinates":[[[72.84384256799213,18.98366578845351],[72.84375344668565,18.98321311890797],[72.84432421815924,18.98312944207801],[72.8444133410199,18.983582111500528],[72.84384256799213,18.98366578845351]]]},"id":"481"},{"type":"Feature","properties":{"id":"482","metrics:area":6550,"metrics:perimeter":493.71651090811844},"geometry":{"type":"Polygon","coordinates":[[[72.8464949463716,18.984148304604187],[72.84649726900278,18.98396767892315],[72.8461175273728,18.983963259483158],[72.84583969110125,18.983418067564006],[72.84641278556029,18.98315375857529],[72.84612449633495,18.983421382552827],[72.84640814030385,18.983515009945133],[72.84669875159682,18.983066759776428],[72.84707152560209,18.983613055115637],[72.84669062344811,18.98369894978889],[72.8464949463716,18.984148304604187]]]},"id":"482"},{"type":"Feature","properties":{"id":"483","metrics:area":500,"metrics:perimeter":92.36067977499789},"geometry":{"type":"Polygon","coordinates":[[[72.84574707938006,18.983236336864653],[72.84584433755771,18.983056816325924],[72.84603420729815,18.9830590263219],[72.84603188428746,18.983239651965437],[72.84574707938006,18.983236336864653]]]},"id":"483"},{"type":"Feature","properties":{"id":"484","metrics:area":2100,"metrics:perimeter":198.3719413699133},"geometry":{"type":"Polygon","coordinates":[[[72.85105881213298,18.98365939907074],[72.85049267644285,18.983381844505566],[72.85068718313994,18.98302279737814],[72.85106228859352,18.983388459718434],[72.85105881213298,18.98365939907074]]]},"id":"484"},{"type":"Feature","properties":{"id":"485","metrics:area":1200,"metrics:perimeter":142.4621125123532},"geometry":{"type":"Polygon","coordinates":[[[72.85115722397492,18.98338956208375],[72.85106692378241,18.98302720723542],[72.85135172933313,18.983030514117903],[72.85144203015848,18.983392868888004],[72.85115722397492,18.98338956208375]]]},"id":"485"},{"type":"Feature","properties":{"id":"486","metrics:area":3300,"metrics:perimeter":249.51095927066538},"geometry":{"type":"Polygon","coordinates":[[[72.82011135457735,18.9832071199003],[72.81954410629781,18.983019787061377],[72.81935894339284,18.98265630500506],[72.82021216497186,18.982756681750807],[72.82011135457735,18.9832071199003]]]},"id":"486"},{"type":"Feature","properties":{"id":"487","metrics:area":1000,"metrics:perimeter":152.44743490396627},"geometry":{"type":"Polygon","coordinates":[[[72.8522952909139,18.983493099867037],[72.85210889463305,18.98321995669944],[72.852112369309,18.98294901714701],[72.85248632000308,18.98340499009339],[72.8522952909139,18.983493099867037]]]},"id":"487"},{"type":"Feature","properties":{"id":"488","metrics:area":2750,"metrics:perimeter":331.27166629586543},"geometry":{"type":"Polygon","coordinates":[[[72.81726335777091,18.983173550540045],[72.81660118077392,18.9829850892817],[72.81717195581072,18.982901497534986],[72.81669964564531,18.98271527610137],[72.81670200020525,18.982534653968138],[72.81736417562948,18.98272311470681],[72.81726335777091,18.983173550540045]]]},"id":"488"},{"type":"Feature","properties":{"id":"489","metrics:area":3050,"metrics:perimeter":240.75598282338893},"geometry":{"type":"Polygon","coordinates":[[[72.84479308135884,18.98358653435059],[72.84461250940315,18.98286182113422],[72.84489847555612,18.982774825160067],[72.84517398379785,18.983500643656125],[72.84479308135884,18.98358653435059]]]},"id":"489"},{"type":"Feature","properties":{"id":"490","metrics:area":2550,"metrics:perimeter":220.15339721864635},"geometry":{"type":"Polygon","coordinates":[[[72.84527008081137,18.98341143627373],[72.84499224815963,18.982866243414517],[72.8450895068452,18.98268672332491],[72.84555837123878,18.983143813761338],[72.84555488592673,18.983414752137644],[72.84527008081137,18.98341143627373]]]},"id":"490"},{"type":"Feature","properties":{"id":"491","metrics:area":2950,"metrics:perimeter":220.1129178234425},"geometry":{"type":"Polygon","coordinates":[[[72.85258125548283,18.983406091729442],[72.85230223971165,18.98295122070313],[72.85268545429284,18.982684687569655],[72.85296331303105,18.983229871322607],[72.85258125548283,18.983406091729442]]]},"id":"491"},{"type":"Feature","properties":{"id":"492","metrics:area":2450,"metrics:perimeter":280.0713910534415},"geometry":{"type":"Polygon","coordinates":[[[72.82068683044459,18.982762272004628],[72.8196460937026,18.98247903810873],[72.81964844505497,18.9822984156151],[72.82078411372521,18.982582767284466],[72.82068683044459,18.982762272004628]]]},"id":"492"},{"type":"Feature","properties":{"id":"493","metrics:area":2200,"metrics:perimeter":190.16540865504328},"geometry":{"type":"Polygon","coordinates":[[[72.84555953299633,18.983053500967344],[72.84537547252162,18.98259972655748],[72.84575637249134,18.982513834403324],[72.84594043397122,18.982967608530682],[72.84555953299633,18.983053500967344]]]},"id":"493"},{"type":"Feature","properties":{"id":"494","metrics:area":1100,"metrics:perimeter":137.2865690108165},"geometry":{"type":"Polygon","coordinates":[[[72.8435693911764,18.982759343174536],[72.84357171677826,18.982578717815375],[72.84385884542776,18.982401410755035],[72.843949129439,18.982763767571267],[72.8435693911764,18.982759343174536]]]},"id":"494"},{"type":"Feature","properties":{"id":"495","metrics:area":1350,"metrics:perimeter":178.05663488303148},"geometry":{"type":"Polygon","coordinates":[[[72.8518287221197,18.982855398279067],[72.85192597385611,18.98267587386926],[72.8524979001141,18.982501858012483],[72.8523994910341,18.98277169600145],[72.8518287221197,18.982855398279067]]]},"id":"495"},{"type":"Feature","properties":{"id":"496","metrics:area":1100,"metrics:perimeter":134.4766094595442},"geometry":{"type":"Polygon","coordinates":[[[72.84451873703031,18.982770402707928],[72.84442728942871,18.982498358780546],[72.84480818943531,18.982412468603897],[72.84480470305479,18.982683406867363],[72.84451873703031,18.982770402707928]]]},"id":"496"},{"type":"Feature","properties":{"id":"497","metrics:area":1300,"metrics:perimeter":177.30446831456965},"geometry":{"type":"Polygon","coordinates":[[[72.84612914217824,18.983060131246972],[72.84585014548033,18.982605252256977],[72.84585246860335,18.982424626622755],[72.84632133463596,18.98288171527004],[72.84612914217824,18.983060131246972]]]},"id":"497"},{"type":"Feature","properties":{"id":"498","metrics:area":6250,"metrics:perimeter":400.34361855552584},"geometry":{"type":"Polygon","coordinates":[[[72.85343104491153,18.98377725729719],[72.85315549919132,18.983051447546206],[72.85296447080304,18.983139558088734],[72.8527792315355,18.98277610229079],[72.85287879779924,18.98241595080397],[72.85316360265062,18.9824192547971],[72.85371932436816,18.983509620846043],[72.85343104491153,18.98377725729719]]]},"id":"498"},{"type":"Feature","properties":{"id":"499","metrics:area":3750,"metrics:perimeter":312.79359401091733},"geometry":{"type":"Polygon","coordinates":[[[72.85390803831953,18.983602136103105],[72.85344493514901,18.98269349815867],[72.85344840756098,18.98242255835271],[72.85392192533396,18.982518376604155],[72.85390803831953,18.983602136103105]]]},"id":"499"},{"type":"Feature","properties":{"id":"500","metrics:area":600,"metrics:perimeter":108.2842712474619},"geometry":{"type":"Polygon","coordinates":[[[72.84641859198292,18.982702194341666],[72.84623104532605,18.982519359102287],[72.84623336802719,18.982338733420985],[72.84642323700271,18.982340942937682],[72.84641859198292,18.982702194341666]]]},"id":"500"},{"type":"Feature","properties":{"id":"501","metrics:area":10650,"metrics:perimeter":563.5222250197},"geometry":{"type":"Polygon","coordinates":[[[72.81888310253315,18.98274102257476],[72.81727512757178,18.98227043953994],[72.81727865838212,18.981999506221367],[72.8179443623509,18.981917031316545],[72.81822798334335,18.982010700125542],[72.81822445406569,18.982281633615763],[72.81851160469562,18.982104368530425],[72.81888898300762,18.982289466576542],[72.81936482255678,18.982204748859136],[72.81926401042924,18.982655186376675],[72.81888310253315,18.98274102257476]]]},"id":"501"},{"type":"Feature","properties":{"id":"502","metrics:area":2100,"metrics:perimeter":255.89352861137317},"geometry":{"type":"Polygon","coordinates":[[[72.85429356642845,18.98315497292976],[72.8539230825426,18.98242806330642],[72.85392655412916,18.982157123407507],[72.85448575122612,18.982976547621362],[72.85429356642845,18.98315497292976]]]},"id":"502"},{"type":"Feature","properties":{"id":"503","metrics:area":2400,"metrics:perimeter":226.0626149361608},"geometry":{"type":"Polygon","coordinates":[[[72.84528286168577,18.982417995705315],[72.84528867091109,18.981966431772637],[72.8460469833869,18.98206558521466],[72.84604582195715,18.982155898047335],[72.84528286168577,18.982417995705315]]]},"id":"503"},{"type":"Feature","properties":{"id":"504","metrics:area":14700,"metrics:perimeter":517.58809489962},"geometry":{"type":"Polygon","coordinates":[[[72.85998855107572,18.983311242253876],[72.85866060394542,18.983205554601554],[72.85876246749028,18.98266477157977],[72.85904727386541,18.982668066564166],[72.85924291651854,18.982218694910237],[72.86009964153106,18.982047948776025],[72.85998855107572,18.983311242253876]]]},"id":"504"},{"type":"Feature","properties":{"id":"505","metrics:area":750,"metrics:perimeter":111.6227766016838},"geometry":{"type":"Polygon","coordinates":[[[72.84462413159473,18.98195869368813],[72.84462761812392,18.98168775543581],[72.84491125817225,18.981781384767235],[72.84490893411942,18.981962010301736],[72.84462413159473,18.98195869368813]]]},"id":"505"},{"type":"Feature","properties":{"id":"506","metrics:area":2000,"metrics:perimeter":187.70329614269008},"geometry":{"type":"Polygon","coordinates":[[[72.85345072246952,18.98224193181066],[72.853455352208,18.98188067871519],[72.8539323399758,18.98170555689036],[72.8539277113116,18.98206681010597],[72.85345072246952,18.98224193181066]]]},"id":"506"},{"type":"Feature","properties":{"id":"507","metrics:area":900,"metrics:perimeter":120},"geometry":{"type":"Polygon","coordinates":[[[72.84405568921251,18.981861746432475],[72.84405917664161,18.981590808279048],[72.84434397843478,18.981594125699846],[72.8443404914655,18.981865063904145],[72.84405568921251,18.981861746432475]]]},"id":"507"},{"type":"Feature","properties":{"id":"508","metrics:area":800,"metrics:perimeter":138.41619252963778},"geometry":{"type":"Polygon","coordinates":[[[72.84851411769064,18.98218460883129],[72.84832772922123,18.981911462568878],[72.84833120975294,18.981640523653052],[72.8486113723245,18.982005086464834],[72.84851411769064,18.98218460883129]]]},"id":"508"},{"type":"Feature","properties":{"id":"509","metrics:area":5600,"metrics:perimeter":299.23916289995225},"geometry":{"type":"Polygon","coordinates":[[[72.85231034634411,18.982319028302104],[72.8521297418038,18.98159431925687],[72.85260557188593,18.981509514131794],[72.85298299426385,18.981694546217845],[72.85307445593772,18.98196658726502],[72.85231034634411,18.982319028302104]]]},"id":"509"},{"type":"Feature","properties":{"id":"510","metrics:area":45550,"metrics:perimeter":1181.851087229611},"geometry":{"type":"Polygon","coordinates":[[[72.85589475155722,18.984167125579315],[72.85570834837543,18.983893985406365],[72.85542238404507,18.98398099845372],[72.85495464460605,18.98343361683021],[72.85495927141497,18.983072363423943],[72.85543510513921,18.982987551303236],[72.85543741798033,18.982806924536273],[72.85496852471854,18.9823498565659],[72.85515261204424,18.98280362397593],[72.85477171411281,18.98288953589276],[72.85430629361923,18.98216152642789],[72.85440354235547,18.98198200040117],[72.85411873801503,18.981978698388406],[72.85412336624428,18.981617445123984],[72.85478906504972,18.981534835624466],[72.85497546442124,18.98180797638255],[72.85516880334491,18.98153923673725],[72.85592828024947,18.981548036629416],[72.85639139508588,18.98245666947388],[72.85656855154744,18.983452316542195],[72.85656277223242,18.98390388375661],[72.85589475155722,18.984167125579315]]]},"id":"510"},{"type":"Feature","properties":{"id":"511","metrics:area":1650,"metrics:perimeter":181.76706744056355},"geometry":{"type":"Polygon","coordinates":[[[72.86066809919465,18.982144847689256],[72.86076880189073,18.98169437651558],[72.86105591360703,18.981517040794003],[72.86105014701856,18.98196860943205],[72.86066809919465,18.982144847689256]]]},"id":"511"},{"type":"Feature","properties":{"id":"512","metrics:area":1700,"metrics:perimeter":225.86825657930467},"geometry":{"type":"Polygon","coordinates":[[[72.84680413606678,18.982255048511764],[72.84652513852629,18.981800170454814],[72.84643601026488,18.981347501498497],[72.84681110213364,18.981713171236137],[72.84680413606678,18.982255048511764]]]},"id":"512"},{"type":"Feature","properties":{"id":"513","metrics:area":14550,"metrics:perimeter":501.630166079034},"geometry":{"type":"Polygon","coordinates":[[[72.85837926126804,18.98293131826392],[72.85771471239818,18.98292362678624],[72.85782466423967,18.98175064982276],[72.85877978594343,18.98131006772841],[72.85876824047138,18.98221320365301],[72.85837926126804,18.98293131826392]]]},"id":"513"},{"type":"Feature","properties":{"id":"514","metrics:area":950,"metrics:perimeter":128.9093456125003},"geometry":{"type":"Polygon","coordinates":[[[72.84481981027612,18.981509340997356],[72.84482213436536,18.981328715464667],[72.84510925961298,18.98115140609755],[72.8452007078632,18.981423449761223],[72.84481981027612,18.981509340997356]]]},"id":"514"},{"type":"Feature","properties":{"id":"515","metrics:area":550,"metrics:perimeter":112.26772762414359},"geometry":{"type":"Polygon","coordinates":[[[72.84823627553924,18.98163941993642],[72.84814366185809,18.98145769024512],[72.84814714259785,18.98118675134892],[72.84833469022556,18.98136958472869],[72.84823627553924,18.98163941993642]]]},"id":"515"},{"type":"Feature","properties":{"id":"516","metrics:area":8350,"metrics:perimeter":433.0906802593717},"geometry":{"type":"Polygon","coordinates":[[[72.85002843391702,18.98256351294106],[72.84956651462862,18.981564554498362],[72.84966724602882,18.98111409225056],[72.85004582287912,18.981208816853464],[72.8505065853736,18.98229808741676],[72.85040933245956,18.982477610958433],[72.85012684652364,18.982293676573068],[72.85002843391702,18.98256351294106]]]},"id":"516"},{"type":"Feature","properties":{"id":"517","metrics:area":2400,"metrics:perimeter":237.96034436698466},"geometry":{"type":"Polygon","coordinates":[[[72.84548202449609,18.981697703811527],[72.84529564176442,18.98142455502213],[72.8452053551716,18.981062198597844],[72.84549015628194,18.98106551416694],[72.84558044350759,18.981427870513183],[72.84577147289966,18.98133976777418],[72.84586408382403,18.98152149839475],[72.84548202449609,18.981697703811527]]]},"id":"517"},{"type":"Feature","properties":{"id":"518","metrics:area":38050,"metrics:perimeter":1356.4128864421489},"geometry":{"type":"Polygon","coordinates":[[[72.84820378684731,18.98416818266091],[72.84792594316933,18.983622993182863],[72.84773607255285,18.9836207850638],[72.84681226312176,18.981622858353546],[72.84691068000866,18.98135302412896],[72.84746635615498,18.982443404718154],[72.84718967804777,18.981807901654502],[72.84719432116972,18.98144665003192],[72.8474779626899,18.9815402755303],[72.84738999249855,18.98099729385744],[72.84757986009903,18.980999502038088],[72.8476678309166,18.98154248368145],[72.84776740685676,18.981182335914692],[72.84795727471416,18.98118454372903],[72.84906516741994,18.98363623781337],[72.84877804114275,18.983813553271602],[72.84859281083794,18.983450094127384],[72.84868194554603,18.98390276263535],[72.84849323474396,18.9838102422989],[72.84848975404599,18.984081181180297],[72.84820378684731,18.98416818266091]]]},"id":"518"},{"type":"Feature","properties":{"id":"519","metrics:area":1700,"metrics:perimeter":174.02242550800327},"geometry":{"type":"Polygon","coordinates":[[[72.85630917471809,18.981462121960032],[72.85612277334762,18.98118898236054],[72.85669469140414,18.981014952568646],[72.85669122451795,18.981285892993775],[72.85630917471809,18.981462121960032]]]},"id":"519"},{"type":"Feature","properties":{"id":"520","metrics:area":14350,"metrics:perimeter":763.5182350671909},"geometry":{"type":"Polygon","coordinates":[[[72.84916010281684,18.983637341216568],[72.84888341652194,18.983001839933454],[72.84898415100707,18.982551378389413],[72.84824207654954,18.981187855085953],[72.84853151852097,18.98082991404023],[72.84899690923926,18.981557935294987],[72.84889617567724,18.982008396953226],[72.84982696975437,18.98346443759026],[72.84972971533605,18.983643960614764],[72.84916010281684,18.983637341216568]]]},"id":"520"},{"type":"Feature","properties":{"id":"521","metrics:area":10800,"metrics:perimeter":582.2758753798353},"geometry":{"type":"Polygon","coordinates":[[[72.85173726220941,18.98258335679165],[72.85174305409566,18.982131790945658],[72.85145940850998,18.982038171660417],[72.85090602355571,18.980767174323198],[72.85147331012885,18.98095441372476],[72.85156361059327,18.981316768426428],[72.85213321612575,18.981323379653254],[72.8519375565084,18.9817727420504],[72.8522142533754,18.982408239785133],[72.85173726220941,18.98258335679165]]]},"id":"521"},{"type":"Feature","properties":{"id":"522","metrics:area":11550,"metrics:perimeter":739.2597598645539},"geometry":{"type":"Polygon","coordinates":[[[72.85001684045535,18.983466643547594],[72.8493650498229,18.982465478607853],[72.84872370586947,18.980651495020844],[72.84910344064707,18.980655908375276],[72.84937432692848,18.981742974362504],[72.85030396499428,18.98328932597143],[72.85001684045535,18.983466643547594]]]},"id":"522"},{"type":"Feature","properties":{"id":"523","metrics:area":30050,"metrics:perimeter":1264.3688908706965},"geometry":{"type":"Polygon","coordinates":[[[72.85247126487886,18.984579061656817],[72.85209731195373,18.98412308847923],[72.85190744024874,18.984120884582207],[72.85209499533917,18.984303714823806],[72.85190280658463,18.984482137222514],[72.85143391975616,18.984025060854528],[72.85134477743019,18.983572392938164],[72.85162958395969,18.98357569948451],[72.8516342179747,18.983214446873866],[72.85144782310626,18.98294130316918],[72.85087937120754,18.98284437617935],[72.85023221368387,18.98148196160288],[72.85023569105165,18.981211022334474],[72.85042555925041,18.98121322762104],[72.8502438046801,18.980578830675],[72.85071383814014,18.980945595824824],[72.85164116880051,18.982672567929455],[72.85172915329326,18.98321554893621],[72.85201395928826,18.983218854831556],[72.8525743074082,18.983947970966266],[72.85266461122465,18.984310325415592],[72.85247126487886,18.984579061656817]]]},"id":"523"},{"type":"Feature","properties":{"id":"524","metrics:area":1400,"metrics:perimeter":207.1911199779093},"geometry":{"type":"Polygon","coordinates":[[[72.84586989118779,18.981069934245188],[72.84549828774558,18.98043332447587],[72.84550061096174,18.980252698841312],[72.84587569838722,18.980618370071905],[72.84586989118779,18.981069934245188]]]},"id":"524"},{"type":"Feature","properties":{"id":"525","metrics:area":3700,"metrics:perimeter":274.35883490268975},"geometry":{"type":"Polygon","coordinates":[[[72.84643833259074,18.98116687576995],[72.84596830911681,18.980800100625153],[72.84578541075187,18.980256013820394],[72.84616514389745,18.980260433111997],[72.84644297716358,18.980805624301475],[72.84643833259074,18.98116687576995]]]},"id":"525"},{"type":"Feature","properties":{"id":"526","metrics:area":5900,"metrics:perimeter":349.21206771933436},"geometry":{"type":"Polygon","coordinates":[[[72.8523288745836,18.98087401692531],[72.85233466431431,18.980422450820296],[72.85271671491363,18.980246230224797],[72.85347502742711,18.980345352890215],[72.8534715554672,18.98061629276159],[72.85318791110214,18.980522676271086],[72.85308950460578,18.980792514905005],[72.8523288745836,18.98087401692531]]]},"id":"526"},{"type":"Feature","properties":{"id":"527","metrics:area":2650,"metrics:perimeter":214.23574833929544},"geometry":{"type":"Polygon","coordinates":[[[72.84919605507405,18.98083763765958],[72.8492041724526,18.980205446407698],[72.84948897285811,18.980208755682703],[72.84967188362722,18.980752840010915],[72.84919605507405,18.98083763765958]]]},"id":"527"},{"type":"Feature","properties":{"id":"528","metrics:area":13100,"metrics:perimeter":612.6432613717408},"geometry":{"type":"Polygon","coordinates":[[[72.85488862607704,18.981174682512187],[72.85489672213582,18.98054248891475],[72.85536676698568,18.98090924323423],[72.85509005949417,18.98027374918625],[72.85660784655221,18.980381658855766],[72.85669815823148,18.98074401213499],[72.85650597836499,18.98092244026683],[72.85488862607704,18.981174682512187]]]},"id":"528"},{"type":"Feature","properties":{"id":"529","metrics:area":2600,"metrics:perimeter":288.12830975653446},"geometry":{"type":"Polygon","coordinates":[[[72.85033178420612,18.981121811905066],[72.84995436657123,18.980936774813834],[72.84967883982794,18.980210961623],[72.85024612280063,18.980398204478043],[72.85005161887173,18.980757251443514],[72.85033178420612,18.981121811905066]]]},"id":"529"},{"type":"Feature","properties":{"id":"530","metrics:area":2100,"metrics:perimeter":203.2455532033676},"geometry":{"type":"Polygon","coordinates":[[[72.85480178813384,18.980541388625504],[72.85413725030332,18.98053368523973],[72.85423565497359,18.980263845859973],[72.8549001917771,18.98027154878734],[72.85480178813384,18.980541388625504]]]},"id":"530"},{"type":"Feature","properties":{"id":"531","metrics:area":1450,"metrics:perimeter":273.8463660429421},"geometry":{"type":"Polygon","coordinates":[[[72.84662820026416,18.981169084945382],[72.84663052235938,18.980988459190456],[72.8461674663721,18.98007980739457],[72.84654255505598,18.98044547738468],[72.84672661709044,18.980899250809433],[72.84662820026416,18.981169084945382]]]},"id":"531"},{"type":"Feature","properties":{"id":"532","metrics:area":9200,"metrics:perimeter":420.39774950204554},"geometry":{"type":"Polygon","coordinates":[[[72.84691416272123,18.98108208545003],[72.84645226599378,18.980083121319005],[72.84759146507196,18.98009637264206],[72.84777320898013,18.98073077118158],[72.84710751270511,18.980813355406724],[72.84691416272123,18.98108208545003]]]},"id":"532"},{"type":"Feature","properties":{"id":"533","metrics:area":1200,"metrics:perimeter":160},"geometry":{"type":"Polygon","coordinates":[[[72.84815526409407,18.98055456055793],[72.84777901093928,18.98027920642476],[72.84778249203595,18.980008267559292],[72.84815874463682,18.980283621633276],[72.84815526409407,18.98055456055793]]]},"id":"533"},{"type":"Feature","properties":{"id":"534","metrics:area":3200,"metrics:perimeter":248.24209666910164},"geometry":{"type":"Polygon","coordinates":[[[72.84834513128878,18.980556767904385],[72.84816222512045,18.9800126827001],[72.84901430554842,18.980203239981314],[72.84901198612589,18.98038386603546],[72.84834513128878,18.980556767904385]]]},"id":"534"}]}