{"type":"FeatureCollection","features":[{"type":"Feature","properties":{"id":"1","metrics:area":9950,"metrics:perimeter":396.67650999408124},"geometry":{"type":"Polygon","coordinates":[[[73.39531865891844,17.072793405352762],[73.39513308504182,17.07252084136198],[73.39542033105275,17.07189055649125],[73.39635824333789,17.072078703690647],[73.39644755646022,17.072621601813292],[73.39531865891844,17.072793405352762]]]},"id":"1"},{"type":"Feature","properties":{"id":"2","metrics:area":900,"metrics:perimeter":150.8276253029822},"geometry":{"type":"Polygon","coordinates":[[[73.3921283659494,17.072316317076467],[73.39222695640952,17.071774907312953],[73.39232090183822,17.071775651852818],[73.39231625734433,17.07231780624977],[73.3921283659494,17.072316317076467]]]},"id":"2"},{"type":"Feature","properties":{"id":"3","metrics:area":2400,"metrics:perimeter":217.14138588668044},"geometry":{"type":"Polygon","coordinates":[[[73.35210951961498,17.07181444633299],[73.35192560001308,17.071361133724572],[73.35267556054251,17.071547952522373],[73.35267397425218,17.07172866708918],[73.35210951961498,17.07181444633299]]]},"id":"3"},{"type":"Feature","properties":{"id":"4","metrics:area":4850,"metrics:perimeter":424.06734372323564},"geometry":{"type":"Polygon","coordinates":[[[73.34712733408308,17.072135367153237],[73.34703657409709,17.07177317358246],[73.3475078819508,17.071596286363473],[73.34769974607575,17.071146031499875],[73.34816946124796,17.07114985670345],[73.34797998439487,17.071329040897513],[73.34807154146921,17.071600877127608],[73.34760262077427,17.07150669454702],[73.34769258623965,17.071959245010625],[73.34712733408308,17.072135367153237]]]},"id":"4"},{"type":"Feature","properties":{"id":"5","metrics:area":2200,"metrics:perimeter":230.98676561729363},"geometry":{"type":"Polygon","coordinates":[[[73.34008718046734,17.07144533867998],[73.33924089577845,17.071528775409366],[73.33933883633459,17.07107776109186],[73.34008718046734,17.07144533867998]]]},"id":"5"},{"type":"Feature","properties":{"id":"6","metrics:area":1300,"metrics:perimeter":179.369641387729},"geometry":{"type":"Polygon","coordinates":[[[73.36601558045933,17.071655840927793],[73.36639450320942,17.07129743571569],[73.3666763351777,17.071299705023073],[73.36667476239009,17.071480420866006],[73.36601558045933,17.071655840927793]]]},"id":"6"},{"type":"Feature","properties":{"id":"7","metrics:area":1600,"metrics:perimeter":162.61297173761164},"geometry":{"type":"Polygon","coordinates":[[[73.38611973662874,17.071816777784782],[73.38612284481127,17.07145534261109],[73.3865917929748,17.071549437754133],[73.38649551732311,17.071819767000683],[73.38611973662874,17.071816777784782]]]},"id":"7"},{"type":"Feature","properties":{"id":"8","metrics:area":900,"metrics:perimeter":121.66174573300538},"geometry":{"type":"Polygon","coordinates":[[[73.33886592435975,17.071435342080882],[73.33877438107552,17.07116350285841],[73.3389630660157,17.071074684675807],[73.33914855226303,17.07134729297413],[73.33886592435975,17.071435342080882]]]},"id":"8"},{"type":"Feature","properties":{"id":"9","metrics:area":9100,"metrics:perimeter":511.4428759703508},"geometry":{"type":"Polygon","coordinates":[[[73.35558147604561,17.07229443970541],[73.35464282880457,17.07219646466376],[73.35445811028329,17.07183351117085],[73.35483626139575,17.071565486880267],[73.35521124379527,17.071658891386214],[73.3552136195493,17.07138781918598],[73.35559176875589,17.071119793304135],[73.35586884936157,17.071664222179653],[73.35530439555062,17.071750010461187],[73.35558147604561,17.07229443970541]]]},"id":"9"},{"type":"Feature","properties":{"id":"10","metrics:area":900,"metrics:perimeter":123.24555320336759},"geometry":{"type":"Polygon","coordinates":[[[73.33811598282617,17.071248473438946],[73.3381183832048,17.070977403575416],[73.33840101065036,17.07088935547724],[73.33839861069295,17.071160425382125],[73.33811598282617,17.071248473438946]]]},"id":"10"},{"type":"Feature","properties":{"id":"11","metrics:area":600,"metrics:perimeter":103.24555320336759},"geometry":{"type":"Polygon","coordinates":[[[73.35286582659984,17.07127840627963],[73.35286741266107,17.071097691687317],[73.35315003530125,17.071009622446113],[73.35314844952077,17.07119033706576],[73.35286582659984,17.07127840627963]]]},"id":"11"},{"type":"Feature","properties":{"id":"12","metrics:area":3150,"metrics:perimeter":229.34027888171101},"geometry":{"type":"Polygon","coordinates":[[[73.3682686700012,17.07185470499451],[73.36808628137523,17.07122068770654],[73.36855678703,17.07113410772726],[73.3686460183646,17.07167701126137],[73.3682686700012,17.07185470499451]]]},"id":"12"},{"type":"Feature","properties":{"id":"13","metrics:area":2450,"metrics:perimeter":217.49071922780936},"geometry":{"type":"Polygon","coordinates":[[[73.37832464674983,17.07148351929902],[73.37851565879306,17.071123587360844],[73.3790801060657,17.071037733387005],[73.37898303977923,17.07139841665851],[73.37832464674983,17.07148351929902]]]},"id":"13"},{"type":"Feature","properties":{"id":"14","metrics:area":1250,"metrics:perimeter":162.16116701979803},"geometry":{"type":"Polygon","coordinates":[[[73.38800252155629,17.071379922522098],[73.38753434914877,17.071195471756067],[73.38753667816005,17.07092439517094],[73.3880040738023,17.071199204761],[73.38800252155629,17.071379922522098]]]},"id":"14"},{"type":"Feature","properties":{"id":"15","metrics:area":1500,"metrics:perimeter":166.14462339647974},"geometry":{"type":"Polygon","coordinates":[[[73.3475142468366,17.07087342995463],[73.34742189522522,17.070691950607475],[73.3478939953761,17.070424705131945],[73.34798555200376,17.070696541374907],[73.3475142468366,17.07087342995463]]]},"id":"15"},{"type":"Feature","properties":{"id":"16","metrics:area":9750,"metrics:perimeter":415.1956673933228},"geometry":{"type":"Polygon","coordinates":[[[73.29612412483725,17.07090012494144],[73.29593952566265,17.070537128186892],[73.29603756758291,17.07008614391211],[73.29622462734585,17.07017807654098],[73.29669678769271,17.069910956576823],[73.2973527280219,17.070097185918105],[73.29706680862924,17.070546594071704],[73.29612412483725,17.07090012494144]]]},"id":"16"},{"type":"Feature","properties":{"id":"17","metrics:area":2900,"metrics:perimeter":227.09720127471263},"geometry":{"type":"Polygon","coordinates":[[[73.35005229501849,17.070713360804064],[73.35005864975787,17.06999050340185],[73.35034047744826,17.069992795227897],[73.35052359792923,17.07053646607988],[73.35005229501849,17.070713360804064]]]},"id":"17"},{"type":"Feature","properties":{"id":"18","metrics:area":5350,"metrics:perimeter":371.41999908503107},"geometry":{"type":"Polygon","coordinates":[[[73.34620223188952,17.07050128458401],[73.34601832805546,17.070047967911695],[73.3467690714419,17.070144450588902],[73.34686460564895,17.069964502039937],[73.34742826008431,17.069969094165796],[73.34704851153725,17.07041781811888],[73.34620223188952,17.07050128458401]]]},"id":"18"},{"type":"Feature","properties":{"id":"19","metrics:area":1350,"metrics:perimeter":154.58193116710234},"geometry":{"type":"Polygon","coordinates":[[[73.3401915118086,17.070271470003387],[73.34010156517918,17.069818917785327],[73.34047733320217,17.06982199187407],[73.34038019526504,17.070182650357783],[73.3401915118086,17.070271470003387]]]},"id":"19"},{"type":"Feature","properties":{"id":"20","metrics:area":17300,"metrics:perimeter":660.7649300228469},"geometry":{"type":"Polygon","coordinates":[[[73.35041853620596,17.071800702830558],[73.3503325353309,17.07089636710081],[73.35089778147317,17.07072023541735],[73.350905720783,17.069816663270664],[73.3511883421019,17.069728596665602],[73.3518348307952,17.070998941504197],[73.35136194011599,17.071356553728556],[73.35089301765485,17.071262378665075],[73.35088984167915,17.071623807480105],[73.35041853620596,17.071800702830558]]]},"id":"20"},{"type":"Feature","properties":{"id":"21","metrics:area":1750,"metrics:perimeter":194.81108167966389},"geometry":{"type":"Polygon","coordinates":[[[73.35644675476415,17.070042355422416],[73.35635518574853,17.069770521949206],[73.35710672785972,17.069776609221602],[73.35701120313828,17.06995656345807],[73.35644675476415,17.070042355422416]]]},"id":"21"},{"type":"Feature","properties":{"id":"22","metrics:area":700,"metrics:perimeter":112.36067977499789},"geometry":{"type":"Polygon","coordinates":[[[73.3930856177694,17.070245501750946],[73.39308716501289,17.070064783516663],[73.39346294349203,17.070067759533547],[73.39336745189276,17.070247733853837],[73.3930856177694,17.070245501750946]]]},"id":"22"},{"type":"Feature","properties":{"id":"23","metrics:area":34150,"metrics:perimeter":1076.3562608190039},"geometry":{"type":"Polygon","coordinates":[[[73.39015550744307,17.07230067025998],[73.38987677173122,17.071936997609008],[73.38940704479721,17.071933268782967],[73.3894101466728,17.071571833026464],[73.38903669283292,17.071297772474235],[73.38847302267945,17.07129329558129],[73.38847535034942,17.07102221887309],[73.38922535845518,17.071208905488817],[73.38951262114014,17.070578630416357],[73.39017100921326,17.07049349074137],[73.39064538152864,17.069955063448123],[73.39092721487712,17.069957298903233],[73.39092334156084,17.070409094006614],[73.39120595016671,17.070320970101736],[73.39120440108766,17.070501688163976],[73.39073002873154,17.07104011675594],[73.3907238301923,17.071762988764025],[73.39109883697532,17.07185632845833],[73.39109496361485,17.072308123515548],[73.39072073080929,17.072124424747955],[73.39015550744307,17.07230067025998]]]},"id":"23"},{"type":"Feature","properties":{"id":"24","metrics:area":750,"metrics:perimeter":111.6227766016838},"geometry":{"type":"Polygon","coordinates":[[[73.3555081178563,17.069944385300257],[73.3555097012426,17.069763670443432],[73.35579232091818,17.0696755972273],[73.35578994625256,17.069946669552237],[73.3555081178563,17.069944385300257]]]},"id":"24"},{"type":"Feature","properties":{"id":"25","metrics:area":13500,"metrics:perimeter":684.5629340214348},"geometry":{"type":"Polygon","coordinates":[[[73.39532715804779,17.07179945417979],[73.39514390308393,17.0712558126603],[73.39486284001829,17.071163223710304],[73.3948659312412,17.07080178695492],[73.39533642917509,17.070715143693683],[73.39543500925535,17.070173731435972],[73.39571916064557,17.06990488256144],[73.39571607123769,17.07026631950035],[73.39637136902543,17.07054259639676],[73.39636750867035,17.070994392684796],[73.3955235467864,17.070806988981467],[73.39570680256185,17.071350630236715],[73.39551504922117,17.071800940347458],[73.39532715804779,17.07179945417979]]]},"id":"25"},{"type":"Feature","properties":{"id":"26","metrics:area":9600,"metrics:perimeter":428.73264423837253},"geometry":{"type":"Polygon","coordinates":[[[73.33906740391191,17.069900817132428],[73.33878797718161,17.069627439670757],[73.33897985900093,17.06917719462167],[73.34048132777176,17.069370208157732],[73.34000762318561,17.069818149154507],[73.33906740391191,17.069900817132428]]]},"id":"26"},{"type":"Feature","properties":{"id":"27","metrics:area":5150,"metrics:perimeter":285.76848863664924},"geometry":{"type":"Polygon","coordinates":[[[73.39364773933839,17.07043068384658],[73.3935568881236,17.070068503429123],[73.3939373058746,17.069529323628583],[73.39421681988004,17.06980263197339],[73.39421140833952,17.07043514614672],[73.39364773933839,17.07043068384658]]]},"id":"27"},{"type":"Feature","properties":{"id":"28","metrics:area":1550,"metrics:perimeter":158.8062486640328},"geometry":{"type":"Polygon","coordinates":[[[73.36913458403794,17.069512195151404],[73.3690437814392,17.069150007786874],[73.36932639556376,17.069061915077146],[73.36951114188217,17.069424857360858],[73.36913458403794,17.069512195151404]]]},"id":"28"},{"type":"Feature","properties":{"id":"29","metrics:area":2350,"metrics:perimeter":197.77023624508246},"geometry":{"type":"Polygon","coordinates":[[[73.38839381971957,17.069575730080594],[73.38792487511355,17.069481639428915],[73.38802192327084,17.069120950267525],[73.38858481103568,17.069215786786962],[73.38839381971957,17.069575730080594]]]},"id":"29"},{"type":"Feature","properties":{"id":"30","metrics:area":1350,"metrics:perimeter":159.30954492881494},"geometry":{"type":"Polygon","coordinates":[[[73.37139079069824,17.069349590075163],[73.37111052930437,17.06916661128465],[73.37111209759617,17.068985894999948],[73.37167497209212,17.06908077769381],[73.37139079069824,17.069349590075163]]]},"id":"30"},{"type":"Feature","properties":{"id":"31","metrics:area":550,"metrics:perimeter":123.35087491092574},"geometry":{"type":"Polygon","coordinates":[[[73.38905453097964,17.069219516941242],[73.38895903584717,17.069399488878954],[73.3885855867764,17.069125427861614],[73.38905453097964,17.069219516941242]]]},"id":"31"},{"type":"Feature","properties":{"id":"32","metrics:area":6150,"metrics:perimeter":437.53720095921153},"geometry":{"type":"Polygon","coordinates":[[[73.39496451272682,17.07026037504873],[73.39487674992752,17.069536758205516],[73.39562907787572,17.069452343502096],[73.39582082803813,17.06900203295808],[73.39590859445391,17.069725649715267],[73.39534415459624,17.069811551529813],[73.39524634713305,17.070262604544034],[73.39496451272682,17.07026037504873]]]},"id":"32"},{"type":"Feature","properties":{"id":"33","metrics:area":1850,"metrics:perimeter":197.66942869785657},"geometry":{"type":"Polygon","coordinates":[[[73.39459568952566,17.06944416909858],[73.39459800808787,17.06917309152308],[73.39525716289349,17.06899757549088],[73.39516090099846,17.069267910083145],[73.39459568952566,17.06944416909858]]]},"id":"33"},{"type":"Feature","properties":{"id":"34","metrics:area":900,"metrics:perimeter":143.85164807134504},"geometry":{"type":"Polygon","coordinates":[[[73.33682160494098,17.068888424080498],[73.33701349038049,17.06843818120693],[73.33720137270514,17.06843972107661],[73.3371997718274,17.068620434280497],[73.33682160494098,17.068888424080498]]]},"id":"34"},{"type":"Feature","properties":{"id":"35","metrics:area":8300,"metrics:perimeter":436.2809267198163},"geometry":{"type":"Polygon","coordinates":[[[73.35006420990052,17.06935800313084],[73.34903164033763,17.06925923961483],[73.34856749462153,17.068622916979205],[73.3489448514397,17.068445260902955],[73.34941297102725,17.06862979696282],[73.34950373474989,17.068991989843525],[73.35006738701831,17.068996574386084],[73.35006420990052,17.06935800313084]]]},"id":"35"},{"type":"Feature","properties":{"id":"36","metrics:area":4000,"metrics:perimeter":262.548489807519},"geometry":{"type":"Polygon","coordinates":[[[73.35138019538893,17.06927833730841],[73.35119627952395,17.06882502429813],[73.35129418985703,17.068374001469845],[73.35185308042756,17.068920724514552],[73.3517567579467,17.06919103315623],[73.35138019538893,17.06927833730841]]]},"id":"36"},{"type":"Feature","properties":{"id":"37","metrics:area":1250,"metrics:perimeter":154.8418432072729},"geometry":{"type":"Polygon","coordinates":[[[73.38830530674065,17.068942471432017],[73.38783713983476,17.06875802181268],[73.38783869198697,17.06857730401974],[73.38830763431264,17.068671394683587],[73.38830530674065,17.068942471432017]]]},"id":"37"},{"type":"Feature","properties":{"id":"38","metrics:area":2200,"metrics:perimeter":202.42020984930693},"geometry":{"type":"Polygon","coordinates":[[[73.35645862298682,17.06868699328656],[73.35636705443166,17.068415159839613],[73.35665046279236,17.0682367277128],[73.35711700941636,17.068601961627063],[73.35645862298682,17.06868699328656]]]},"id":"38"},{"type":"Feature","properties":{"id":"39","metrics:area":15400,"metrics:perimeter":802.8852483511513},"geometry":{"type":"Polygon","coordinates":[[[73.39299167307105,17.07024475762973],[73.39158482618895,17.0699625134441],[73.39158637484987,17.069781795338393],[73.39205532280313,17.069875877739076],[73.39215158943048,17.06960554504068],[73.3913076394806,17.06941812464964],[73.39112362368593,17.06896483959626],[73.39159334359032,17.068968563821244],[73.3916896102783,17.068698231335887],[73.39150327118305,17.068516023767426],[73.39225327353455,17.068702698635928],[73.39243264855145,17.0696981374522],[73.39299399406475,17.06997368028957],[73.39299167307105,17.07024475762973]]]},"id":"39"},{"type":"Feature","properties":{"id":"40","metrics:area":4550,"metrics:perimeter":282.8641785401869},"geometry":{"type":"Polygon","coordinates":[[[73.39685344282127,17.069100560212448],[73.39619814902511,17.06882428520087],[73.39610729327771,17.068462105521302],[73.3968580732847,17.06855840443387],[73.39713759059435,17.068831709014823],[73.39685344282127,17.069100560212448]]]},"id":"40"},{"type":"Feature","properties":{"id":"41","metrics:area":8950,"metrics:perimeter":351.475428272009},"geometry":{"type":"Polygon","coordinates":[[[73.33963904905673,17.06900186384133],[73.3393620208416,17.068457417086048],[73.33964784093862,17.068007939981293],[73.34002440430245,17.06792065785738],[73.34030383068762,17.068194033594697],[73.34029903702748,17.068736174065563],[73.34001481535599,17.069004938643943],[73.33963904905673,17.06900186384133]]]},"id":"41"},{"type":"Feature","properties":{"id":"42","metrics:area":2550,"metrics:perimeter":213.79129402873303},"geometry":{"type":"Polygon","coordinates":[[[73.3515776023134,17.068195576843756],[73.35092159795023,17.068009518725496],[73.35092397935829,17.067738447014758],[73.35148762826816,17.067743027286923],[73.3515776023134,17.068195576843756]]]},"id":"42"},{"type":"Feature","properties":{"id":"43","metrics:area":1350,"metrics:perimeter":175.3915582734467},"geometry":{"type":"Polygon","coordinates":[[[73.33645544897149,17.06780106455689],[73.3367412744966,17.067351592041785],[73.33702309632092,17.0673539020167],[73.33702149537966,17.067534615223472],[73.33645544897149,17.06780106455689]]]},"id":"43"},{"type":"Feature","properties":{"id":"44","metrics:area":900,"metrics:perimeter":123.24555320336759},"geometry":{"type":"Polygon","coordinates":[[[73.39404361984604,17.06808432053908],[73.39413988253975,17.067813986531498],[73.39442094029036,17.067906576059347],[73.3944193945382,17.068087294450628],[73.39404361984604,17.06808432053908]]]},"id":"44"},{"type":"Feature","properties":{"id":"45","metrics:area":750,"metrics:perimeter":111.6227766016838},"geometry":{"type":"Polygon","coordinates":[[[73.34998615338039,17.06755009535954],[73.34998853607087,17.067279023764723],[73.35027035968122,17.06728131533554],[73.35017403605345,17.067551623142567],[73.34998615338039,17.06755009535954]]]},"id":"45"},{"type":"Feature","properties":{"id":"46","metrics:area":1800,"metrics:perimeter":171.2310562561766},"geometry":{"type":"Polygon","coordinates":[[[73.39319890053024,17.06798726755505],[73.39320199434589,17.067625830982692],[73.39367171138132,17.06762955011461],[73.39357467487194,17.067990243014247],[73.39319890053024,17.06798726755505]]]},"id":"46"},{"type":"Feature","properties":{"id":"47","metrics:area":5400,"metrics:perimeter":331.48510441409917},"geometry":{"type":"Polygon","coordinates":[[[73.33400897977315,17.06823280674196],[73.33373517777335,17.067326927979046],[73.33430122583243,17.06706048643922],[73.33429080252736,17.068235120626532],[73.33400897977315,17.06823280674196]]]},"id":"47"},{"type":"Feature","properties":{"id":"48","metrics:area":1300,"metrics:perimeter":165.85852494097924},"geometry":{"type":"Polygon","coordinates":[[[73.38183254137718,17.067806572665617],[73.38192882095439,17.067536245926114],[73.38239931378685,17.067449632465454],[73.38239775650827,17.067630349792033],[73.38183254137718,17.067806572665617]]]},"id":"48"},{"type":"Feature","properties":{"id":"49","metrics:area":750,"metrics:perimeter":135.71155468592366},"geometry":{"type":"Polygon","coordinates":[[[73.39103742502607,17.06806050421737],[73.39094503061087,17.067879041157944],[73.39094812874424,17.067517604983095],[73.39113524079144,17.0676094538969],[73.39103742502607,17.06806050421737]]]},"id":"49"},{"type":"Feature","properties":{"id":"50","metrics:area":54950,"metrics:perimeter":1466.3425190450007},"geometry":{"type":"Polygon","coordinates":[[[73.34771485999488,17.06942924719832],[73.34715438983723,17.069063227799518],[73.34658994225124,17.06914899217696],[73.34640444642234,17.068876389876777],[73.3459331448434,17.069053275079757],[73.3456560974912,17.068508835328025],[73.34509563446568,17.06814281079554],[73.34491253185996,17.06759913648841],[73.34519594830851,17.06742072119298],[73.34566485725206,17.06751490838264],[73.34640842649495,17.068424604759187],[73.34669343474279,17.068065473289792],[73.34613217456577,17.06778980856711],[73.34604460233707,17.06706618667476],[73.34717189351251,17.067075372406467],[73.34726424341952,17.06725685175372],[73.3467929466753,17.067433739405875],[73.34735500248833,17.06761904522521],[73.34801418166695,17.06744368603747],[73.3481049422715,17.06780587930055],[73.34847832284551,17.068080009594112],[73.34800384390255,17.06861832836815],[73.34818616126054,17.069252357796795],[73.34771485999488,17.06942924719832]]]},"id":"50"},{"type":"Feature","properties":{"id":"51","metrics:area":1000,"metrics:perimeter":135.95241580617238},"geometry":{"type":"Polygon","coordinates":[[[73.37018443571948,17.067622979039886],[73.37018678926124,17.067351904695744],[73.37056334236765,17.067264564520194],[73.37056177371552,17.06744528078599],[73.37018443571948,17.067622979039886]]]},"id":"51"},{"type":"Feature","properties":{"id":"52","metrics:area":13250,"metrics:perimeter":535.3786300998972},"geometry":{"type":"Polygon","coordinates":[[[73.37976267773982,17.06815151379926],[73.37957713174293,17.06787893775857],[73.38005152488779,17.06734053713303],[73.38061284233885,17.06761611216156],[73.38080384556993,17.067256177227463],[73.38117961614672,17.067259175512014],[73.38145754868607,17.06771321687764],[73.38145521136316,17.067984292732653],[73.37976267773982,17.06815151379926]]]},"id":"52"},{"type":"Feature","properties":{"id":"53","metrics:area":20900,"metrics:perimeter":560.5758200016519},"geometry":{"type":"Polygon","coordinates":[[[73.37271304689293,17.06854691934067],[73.37262067077216,17.06836544942907],[73.37215017318218,17.068452039615423],[73.37205936496049,17.068089853110322],[73.37197247530688,17.06727587560675],[73.37235059463997,17.06700781559936],[73.37291424741846,17.067012336177786],[73.37347163696265,17.0677397213037],[73.3734669392074,17.06828187085224],[73.37271304689293,17.06854691934067]]]},"id":"53"},{"type":"Feature","properties":{"id":"54","metrics:area":1550,"metrics:perimeter":158.8062486640328},"geometry":{"type":"Polygon","coordinates":[[[73.34472783668795,17.06723617600049],[73.34463628613639,17.066964338755106],[73.34501364250647,17.066786689999557],[73.34510439699397,17.067148884096813],[73.34472783668795,17.06723617600049]]]},"id":"54"},{"type":"Feature","properties":{"id":"55","metrics:area":600,"metrics:perimeter":100},"geometry":{"type":"Polygon","coordinates":[[[73.34830316045716,17.06663276625108],[73.34830475045142,17.06645205199293],[73.34858657258059,17.066454345794128],[73.34858498285733,17.066635060078017],[73.34830316045716,17.06663276625108]]]},"id":"55"},{"type":"Feature","properties":{"id":"56","metrics:area":2700,"metrics:perimeter":220.32759252836127},"geometry":{"type":"Polygon","coordinates":[[[73.37019071173513,17.066900114105405],[73.37047724363522,17.06636022876317],[73.37085301048793,17.066363246013367],[73.37066042159627,17.066903886338192],[73.37019071173513,17.066900114105405]]]},"id":"56"},{"type":"Feature","properties":{"id":"57","metrics:area":2000,"metrics:perimeter":185.91032963050384},"geometry":{"type":"Polygon","coordinates":[[[73.37808263393724,17.066872984977522],[73.37827442148689,17.066422694262208],[73.37864940953246,17.066516055592505],[73.37864706832966,17.06678713110158],[73.37808263393724,17.066872984977522]]]},"id":"57"},{"type":"Feature","properties":{"id":"58","metrics:area":900,"metrics:perimeter":123.24555320336759},"geometry":{"type":"Polygon","coordinates":[[[73.36324059543546,17.066663442446306],[73.36324374665963,17.066302011207686],[73.36343162933814,17.066303526610486],[73.36352320768015,17.066575357715184],[73.36324059543546,17.066663442446306]]]},"id":"58"},{"type":"Feature","properties":{"id":"59","metrics:area":850,"metrics:perimeter":146.30204997601103},"geometry":{"type":"Polygon","coordinates":[[[73.38203055174628,17.066633408546878],[73.38146611850424,17.066719272011408],[73.3815623978914,17.066448945415534],[73.38203055174628,17.066633408546878]]]},"id":"59"},{"type":"Feature","properties":{"id":"60","metrics:area":900,"metrics:perimeter":149.30106595800748},"geometry":{"type":"Polygon","coordinates":[[[73.34313881663218,17.066319572781435],[73.34295332852511,17.066046967931616],[73.34351537552021,17.066232283724798],[73.3435145782318,17.0663226406369],[73.34313881663218,17.066319572781435]]]},"id":"60"},{"type":"Feature","properties":{"id":"61","metrics:area":2850,"metrics:perimeter":276.0065468872129},"geometry":{"type":"Polygon","coordinates":[[[73.37263320431853,17.06691971785439],[73.37244923709302,17.06646641979763],[73.37329706281275,17.066202124664045],[73.37329549689512,17.066382841195185],[73.37291894639867,17.066470186710927],[73.37291659693005,17.06674126144813],[73.37263320431853,17.06691971785439]]]},"id":"61"},{"type":"Feature","properties":{"id":"62","metrics:area":2800,"metrics:perimeter":225.30185085731273},"geometry":{"type":"Polygon","coordinates":[[[73.29297452717671,17.065994128222627],[73.29241172233598,17.065899031385925],[73.2924141878895,17.065627967775416],[73.29316651023366,17.06554393578078],[73.29297452717671,17.065994128222627]]]},"id":"62"},{"type":"Feature","properties":{"id":"63","metrics:area":1250,"metrics:perimeter":150.99019513592785},"geometry":{"type":"Polygon","coordinates":[[[73.34595782663928,17.066252207730095],[73.34596021495251,17.06598113665345],[73.34642912091607,17.066075321809404],[73.34642752915403,17.066256035902605],[73.34595782663928,17.066252207730095]]]},"id":"63"},{"type":"Feature","properties":{"id":"64","metrics:area":800,"metrics:perimeter":115.60623297836548},"geometry":{"type":"Polygon","coordinates":[[[73.38043431150606,17.066530309600616],[73.380342707975,17.06625848403683],[73.3806245343386,17.06626073332839],[73.38071691768813,17.0664422002024],[73.38043431150606,17.066530309600616]]]},"id":"64"},{"type":"Feature","properties":{"id":"65","metrics:area":1050,"metrics:perimeter":131.6227766016838},"geometry":{"type":"Polygon","coordinates":[[[73.34126240490417,17.066033152648416],[73.34135873998707,17.06576285008401],[73.34164056008917,17.06576515343961],[73.34163816557253,17.066036223927778],[73.34126240490417,17.066033152648416]]]},"id":"65"},{"type":"Feature","properties":{"id":"66","metrics:area":2450,"metrics:perimeter":216.27659645899777},"geometry":{"type":"Polygon","coordinates":[[[73.34698878546543,17.06653169948673],[73.34690121002974,17.065808077642355],[73.3472769713227,17.065811138443607],[73.34736852540632,17.0660829748102],[73.34698878546543,17.06653169948673]]]},"id":"66"},{"type":"Feature","properties":{"id":"67","metrics:area":1600,"metrics:perimeter":171.2310562561766},"geometry":{"type":"Polygon","coordinates":[[[73.32200316011567,17.06605553076315],[73.32162982658515,17.065781355415993],[73.32163224994547,17.0655102876937],[73.32200719819555,17.065603751147247],[73.32200316011567,17.06605553076315]]]},"id":"67"},{"type":"Feature","properties":{"id":"68","metrics:area":5150,"metrics:perimeter":405.4791741521759},"geometry":{"type":"Polygon","coordinates":[[[73.34229415119312,17.066222310708934],[73.34239128276961,17.06586165067437],[73.34192078416652,17.06594817008967],[73.34173450013296,17.06576592113792],[73.34192317826209,17.065677099560226],[73.341831632441,17.065405261429024],[73.34258315156016,17.065411400966266],[73.3424852228975,17.065862418029436],[73.3427638527601,17.066226147353156],[73.34229415119312,17.066222310708934]]]},"id":"68"},{"type":"Feature","properties":{"id":"69","metrics:area":600,"metrics:perimeter":100},"geometry":{"type":"Polygon","coordinates":[[[73.34652704043758,17.065624302035808],[73.34652863204134,17.06544358792226],[73.3468104524036,17.06544588405817],[73.34680886107083,17.06562659819748],[73.34652704043758,17.065624302035808]]]},"id":"69"},{"type":"Feature","properties":{"id":"70","metrics:area":5200,"metrics:perimeter":361.904657262132},"geometry":{"type":"Polygon","coordinates":[[[73.39687505020102,17.066570499654503],[73.39659939505458,17.065845398422],[73.39753882190519,17.06585281912402],[73.3976289084211,17.066305357731583],[73.39716073672804,17.066120929370467],[73.39715765082158,17.066482366699923],[73.39687505020102,17.066570499654503]]]},"id":"70"},{"type":"Feature","properties":{"id":"71","metrics:area":500,"metrics:perimeter":95.60623297836548},"geometry":{"type":"Polygon","coordinates":[[[73.37001224235748,17.065814307507406],[73.37010853715873,17.065543987695218],[73.3702024784391,17.065544742208633],[73.37029485098293,17.06572621295087],[73.37001224235748,17.065814307507406]]]},"id":"71"},{"type":"Feature","properties":{"id":"72","metrics:area":1200,"metrics:perimeter":154.04918347287665},"geometry":{"type":"Polygon","coordinates":[[[73.36287270913644,17.065756833099677],[73.36259167410674,17.065664201437784],[73.36259325025505,17.06548348586122],[73.36315689570743,17.06548803314344],[73.36287270913644,17.065756833099677]]]},"id":"72"},{"type":"Feature","properties":{"id":"73","metrics:area":1600,"metrics:perimeter":165.2259434752233},"geometry":{"type":"Polygon","coordinates":[[[73.34464823733283,17.065608984299406],[73.34455828094359,17.065156433117387],[73.34484089718636,17.065068374968277],[73.34493085424674,17.065520926084346],[73.34464823733283,17.065608984299406]]]},"id":"73"},{"type":"Feature","properties":{"id":"74","metrics:area":1550,"metrics:perimeter":162.8538328578604},"geometry":{"type":"Polygon","coordinates":[[[73.37114110754419,17.065642643127937],[73.37114502730532,17.065190852246403],[73.37152079194335,17.065193868060145],[73.3714237155193,17.065554546929537],[73.37114110754419,17.065642643127937]]]},"id":"74"},{"type":"Feature","properties":{"id":"75","metrics:area":1550,"metrics:perimeter":158.8062486640328},"geometry":{"type":"Polygon","coordinates":[[[73.34004997139557,17.065029241835397],[73.33995922751717,17.06466704634363],[73.34033578393938,17.064579763016404],[73.3404273272399,17.064851601619793],[73.34004997139557,17.065029241835397]]]},"id":"75"},{"type":"Feature","properties":{"id":"76","metrics:area":1850,"metrics:perimeter":205.05046212075655},"geometry":{"type":"Polygon","coordinates":[[[73.29580824700983,17.06430107693112],[73.29599858133705,17.064031590415325],[73.29665532049381,17.064127465464257],[73.29646580676884,17.064306597928937],[73.29580824700983,17.06430107693112]]]},"id":"76"},{"type":"Feature","properties":{"id":"77","metrics:area":600,"metrics:perimeter":100},"geometry":{"type":"Polygon","coordinates":[[[73.36607693037558,17.064607923014844],[73.3660785030666,17.064427207103847],[73.36636032467828,17.064429475965387],[73.36635875225824,17.064610191901853],[73.36607693037558,17.064607923014844]]]},"id":"77"},{"type":"Feature","properties":{"id":"78","metrics:area":2800,"metrics:perimeter":386.5323002971474},"geometry":{"type":"Polygon","coordinates":[[[73.37396248136648,17.065303812211003],[73.3739687419348,17.064580945749366],[73.3735945435201,17.06439721798206],[73.37406346541873,17.06449134011938],[73.37444079383708,17.06431363374325],[73.37443844688013,17.064584708743524],[73.37406190040515,17.06467205674994],[73.37424508785551,17.06521571192172],[73.37396248136648,17.065303812211003]]]},"id":"78"},{"type":"Feature","properties":{"id":"79","metrics:area":1400,"metrics:perimeter":155.95241580617238},"geometry":{"type":"Polygon","coordinates":[[[73.37641355306465,17.064329426193066],[73.37651061926766,17.063968744019952],[73.37688638246493,17.06397174969231],[73.37669537598309,17.06433168069341],[73.37641355306465,17.064329426193066]]]},"id":"79"},{"type":"Feature","properties":{"id":"80","metrics:area":1850,"metrics:perimeter":178.4028177108384},"geometry":{"type":"Polygon","coordinates":[[[73.34513068105177,17.064167103391192],[73.34494598819286,17.063804143241715],[73.34551041979253,17.06371838206372],[73.34541329556734,17.06407904428331],[73.34513068105177,17.064167103391192]]]},"id":"80"},{"type":"Feature","properties":{"id":"81","metrics:area":4250,"metrics:perimeter":303.51869369349265},"geometry":{"type":"Polygon","coordinates":[[[73.38110515344607,17.064999460569968],[73.38101666609872,17.064366200739148],[73.38111528184653,17.063824798336256],[73.38130316372137,17.063826296985237],[73.38148325641569,17.06473138197479],[73.38110515344607,17.064999460569968]]]},"id":"81"},{"type":"Feature","properties":{"id":"82","metrics:area":2800,"metrics:perimeter":233.42367637579068},"geometry":{"type":"Polygon","coordinates":[[[73.37378399052098,17.064218007030448],[73.37312953684837,17.06385130341181],[73.37313188558747,17.06358022856878],[73.37378790357718,17.063766215490144],[73.37378399052098,17.064218007030448]]]},"id":"82"},{"type":"Feature","properties":{"id":"83","metrics:area":3200,"metrics:perimeter":239.030655007277},"geometry":{"type":"Polygon","coordinates":[[[73.38543656977279,17.06385922330019],[73.38544123168418,17.063317070293508],[73.3861912056471,17.063503765398494],[73.38581233441465,17.063862212431165],[73.38543656977279,17.06385922330019]]]},"id":"83"},{"type":"Feature","properties":{"id":"84","metrics:area":600,"metrics:perimeter":114.04918347287665},"geometry":{"type":"Polygon","coordinates":[[[73.35547275084116,17.06325717217411],[73.35519014100602,17.063345245821],[73.35519330707211,17.06298381592733],[73.35547275084116,17.06325717217411]]]},"id":"84"},{"type":"Feature","properties":{"id":"85","metrics:area":600,"metrics:perimeter":104.72135954999578},"geometry":{"type":"Polygon","coordinates":[[[73.38064791512913,17.063549975096453],[73.38065025297287,17.06327889923179],[73.38083891343969,17.06319003963308],[73.38083657588116,17.063461115525488],[73.38064791512913,17.063549975096453]]]},"id":"85"},{"type":"Feature","properties":{"id":"86","metrics:area":3650,"metrics:perimeter":277.7816337102136},"geometry":{"type":"Polygon","coordinates":[[[73.39708530884681,17.063951563151388],[73.39680502671862,17.0637686183309],[73.396808112783,17.063407180967594],[73.39727704881615,17.06350125022815],[73.39756118682708,17.063232397529283],[73.39755733108832,17.06368419440619],[73.39708530884681,17.063951563151388]]]},"id":"86"},{"type":"Feature","properties":{"id":"87","metrics:area":10800,"metrics:perimeter":442.8769025643973},"geometry":{"type":"Polygon","coordinates":[[[73.3391249630922,17.06339513430845],[73.33818797508465,17.06311637424533],[73.33790855892009,17.062842996391613],[73.33885034124664,17.06257961722782],[73.33950711053318,17.062675355030596],[73.33969099253181,17.063128675921998],[73.3391249630922,17.06339513430845]]]},"id":"87"},{"type":"Feature","properties":{"id":"88","metrics:area":1200,"metrics:perimeter":140.53212221418408},"geometry":{"type":"Polygon","coordinates":[[[73.37078651224677,17.063199955982096],[73.3706009842783,17.06292737313502],[73.3709775281942,17.062840031377018],[73.37106911655799,17.06311185995665],[73.37078651224677,17.063199955982096]]]},"id":"88"},{"type":"Feature","properties":{"id":"89","metrics:area":600,"metrics:perimeter":100},"geometry":{"type":"Polygon","coordinates":[[[73.39662177307399,17.063224978034416],[73.39662331623975,17.063044259361043],[73.39690514004532,17.063046485640655],[73.39690359715051,17.063227204339007],[73.39662177307399,17.063224978034416]]]},"id":"89"},{"type":"Feature","properties":{"id":"90","metrics:area":900,"metrics:perimeter":121.66174573300538},"geometry":{"type":"Polygon","coordinates":[[[73.33170863507162,17.0627921266947],[73.3316171054949,17.062520285296852],[73.33189972201997,17.062432245340403],[73.33199205463987,17.062613730231195],[73.33170863507162,17.0627921266947]]]},"id":"90"},{"type":"Feature","properties":{"id":"91","metrics:area":1800,"metrics:perimeter":173.2114465280323},"geometry":{"type":"Polygon","coordinates":[[[73.38525412699258,17.063225216688693],[73.38516329453864,17.06286303393224],[73.3856337746526,17.062776411808418],[73.38553594949008,17.06322745877468],[73.38525412699258,17.063225216688693]]]},"id":"91"},{"type":"Feature","properties":{"id":"92","metrics:area":750,"metrics:perimeter":115.2145126328583},"geometry":{"type":"Polygon","coordinates":[[[73.33819277316354,17.062574234057255],[73.33810043429638,17.062392751465033],[73.33847698659424,17.062305471246752],[73.33847538755431,17.062486184677066],[73.33819277316354,17.062574234057255]]]},"id":"92"},{"type":"Feature","properties":{"id":"93","metrics:area":650,"metrics:perimeter":103.98345637668169},"geometry":{"type":"Polygon","coordinates":[[[73.39699985271844,17.06295686829238],[73.39700139549468,17.062776149580678],[73.39719004908447,17.062687274072594],[73.39728167644499,17.062959094038217],[73.39699985271844,17.06295686829238]]]},"id":"93"},{"type":"Feature","properties":{"id":"94","metrics:area":5600,"metrics:perimeter":291.2248355134348},"geometry":{"type":"Polygon","coordinates":[[[73.38647458165119,17.063325288454543],[73.3859132663579,17.06304972989532],[73.38591714995368,17.06259793558268],[73.38638762920435,17.06251131162239],[73.38657395747339,17.062693523068138],[73.38675718080535,17.06323716996289],[73.38647458165119,17.063325288454543]]]},"id":"94"},{"type":"Feature","properties":{"id":"95","metrics:area":1950,"metrics:perimeter":202.42640687119285},"geometry":{"type":"Polygon","coordinates":[[[73.3883588301227,17.06270770431076],[73.3886429784623,17.062438865061385],[73.38911268146862,17.062442593646676],[73.3891103559598,17.062713670668906],[73.3883588301227,17.06270770431076]]]},"id":"95"},{"type":"Feature","properties":{"id":"96","metrics:area":1800,"metrics:perimeter":176.8831380576221},"geometry":{"type":"Polygon","coordinates":[[[73.3331233215099,17.0621712093302],[73.33284471686166,17.061807468784426],[73.33340914472092,17.06172174122032],[73.33340673892715,17.06199281067961],[73.3331233215099,17.0621712093302]]]},"id":"96"},{"type":"Feature","properties":{"id":"97","metrics:area":1200,"metrics:perimeter":144.72135954999578},"geometry":{"type":"Polygon","coordinates":[[[73.3978484079331,17.06260210678043],[73.39785149176583,17.062240669190473],[73.39822571392256,17.062424353897676],[73.39822417235806,17.06260507272426],[73.3978484079331,17.06260210678043]]]},"id":"97"},{"type":"Feature","properties":{"id":"98","metrics:area":3250,"metrics:perimeter":279.0805198051178},"geometry":{"type":"Polygon","coordinates":[[[73.3722934714615,17.062760225109884],[73.37229738774826,17.062308433840528],[73.37201635186162,17.062215815250163],[73.37248918299798,17.061858149188556],[73.37267001453796,17.06267288011275],[73.3722934714615,17.062760225109884]]]},"id":"98"},{"type":"Feature","properties":{"id":"99","metrics:area":4400,"metrics:perimeter":267.1911199779093},"geometry":{"type":"Polygon","coordinates":[[[73.34251712953744,17.06224814261557],[73.34242957197085,17.061524520223163],[73.34271138586656,17.061526821538266],[73.34308394872123,17.061891317082317],[73.34308075956903,17.06225274480086],[73.34251712953744,17.06224814261557]]]},"id":"99"},{"type":"Feature","properties":{"id":"100","metrics:area":1050,"metrics:perimeter":131.6227766016838},"geometry":{"type":"Polygon","coordinates":[[[73.29273461542515,17.06138367422303],[73.2927370798205,17.061112610446376],[73.29311282124252,17.061115770675734],[73.29301642189044,17.061386044500082],[73.29273461542515,17.06138367422303]]]},"id":"100"},{"type":"Feature","properties":{"id":"101","metrics:area":280300,"metrics:perimeter":4461.141749663541},"geometry":{"type":"Polygon","coordinates":[[[73.3540042413871,17.07002255337662],[73.35363005559117,17.06983878961646],[73.35372954598537,17.069207050490895],[73.35336011810293,17.06848114233255],[73.35279646644432,17.068476567069023],[73.35251226145982,17.068745350759556],[73.35204255127229,17.06874153612908],[73.35185704740022,17.06846893815371],[73.35195336927288,17.06819862940135],[73.35270648933714,17.068024017798646],[73.35318174684963,17.067395329348134],[73.35271283279606,17.06730115923601],[73.35252177808051,17.06766106307869],[73.35130291969911,17.06738007167543],[73.35130609404192,17.067018642634103],[73.35102506438739,17.066925995286027],[73.3512153273619,17.066656450273754],[73.35103220755148,17.066112780001998],[73.35168899895673,17.0662084799443],[73.35169296565526,17.06575669350038],[73.35112932264929,17.06575211431472],[73.35093826689162,17.066112016591767],[73.35056171040918,17.06619931975209],[73.35047015152341,17.065927484423508],[73.35104331836072,17.06484777831396],[73.35066914582168,17.064664010146135],[73.34991524420947,17.064928972460873],[73.3496373955075,17.064474894671417],[73.34973530626718,17.064023872538804],[73.35010947651266,17.064207642250366],[73.35010709445172,17.06447871394363],[73.3504836475388,17.064391411332092],[73.35058235001087,17.06385003135054],[73.35011582846205,17.063484784364743],[73.34993906629322,17.062218255571345],[73.35003459285161,17.062038304780515],[73.35059822440022,17.062042886040288],[73.35088400785733,17.06159338963957],[73.35154236993192,17.061508374083097],[73.35210282860268,17.061874380402163],[73.35209965680822,17.06223580977177],[73.35153443778503,17.06241194725871],[73.35153126479078,17.06277337650546],[73.35181228873414,17.062866022671138],[73.35171359053759,17.06340740365383],[73.3520893479417,17.063410455130292],[73.35208776188968,17.06359116978825],[73.35152095202476,17.06394802146469],[73.35142383892061,17.064308687546998],[73.35217852936164,17.063953361880287],[73.35376520438673,17.065140968751557],[73.35347942125246,17.065590469191015],[73.35394753942056,17.065774994603174],[73.35460591588503,17.065689970287256],[73.35497851139773,17.06605444656348],[73.35591871114843,17.065971702505554],[73.3558216048887,17.066332371265514],[73.35629051879882,17.06642653412407],[73.35619103925985,17.067058275544706],[73.3566607462191,17.0670620802102],[73.35647128122768,17.0672412734669],[73.35693861606245,17.067516150069903],[73.35674598681427,17.068056773571328],[73.3563678456386,17.06832480235893],[73.35589813558985,17.0683209967429],[73.35608127146774,17.068864663914354],[73.35636309832458,17.068866947230454],[73.35635993335207,17.06922837712802],[73.3553281499248,17.069039288016032],[73.35532577468294,17.06931036029454],[73.35495000485908,17.069307313788816],[73.35475657567873,17.069938292049613],[73.35438159694357,17.06984488700463],[73.35457423511248,17.06930426658784],[73.35419846544319,17.069301218691596],[73.3540042413871,17.07002255337662]]]},"id":"101"},{"type":"Feature","properties":{"id":"102","metrics:area":167050,"metrics:perimeter":3950.844284570472},"geometry":{"type":"Polygon","coordinates":[[[73.29577543729036,17.067915264665626],[73.29549854340215,17.067370769346418],[73.29521672759074,17.06736840171055],[73.29502474697394,17.067818596289744],[73.29418176116273,17.067540426244836],[73.29427816291123,17.067270152156006],[73.29446521898058,17.067362086103397],[73.29437702723747,17.06672881413018],[73.29484753920269,17.066642407129073],[73.29447506996381,17.066277830607586],[73.29457803691852,17.065284719131046],[73.29363866194312,17.06527682216547],[73.2933576709177,17.065184097642547],[73.29336013499625,17.064913033878852],[73.29307585870332,17.06518172732819],[73.29223042233075,17.065174614039517],[73.29204583559319,17.064811614725873],[73.29204994542631,17.064359842075667],[73.29223864116913,17.06427106866303],[73.29205569898214,17.063727360330027],[73.29252702551966,17.06355060354897],[73.29253031221242,17.063189185294668],[73.29281458591709,17.06292049235882],[73.29328262466298,17.063105151967868],[73.29328590981072,17.062743733554885],[73.293851169032,17.06256776328885],[73.29375887497885,17.06238626431396],[73.2927239358574,17.06255828383435],[73.2926341076441,17.062105720709074],[73.2930123151418,17.06183781751084],[73.29404642924644,17.061756150777306],[73.29422280944416,17.063022694961315],[73.29356361262786,17.063197876330257],[73.29356197028481,17.063378585556606],[73.2945005150003,17.063476836682486],[73.29450297716784,17.06320577271133],[73.29488118470474,17.062937866015794],[73.29422691358381,17.06257092171725],[73.29451200473005,17.062211871418977],[73.29442217221302,17.0617593086988],[73.29489431237432,17.06149219105128],[73.29536235020595,17.061676845750508],[73.29546202709153,17.06104515164474],[73.2957430134402,17.061137872826155],[73.29620531274327,17.061955008838016],[73.29517283806507,17.061855977159585],[73.29517037707087,17.062127041261586],[73.29563923687918,17.062221340758818],[73.29582464886795,17.062493982558962],[73.29648384174948,17.062318793419696],[73.2964805628421,17.062680212451667],[73.29610399770935,17.062767412913104],[73.29609415827994,17.063851669705794],[73.29477822183084,17.06393097812459],[73.29514822609639,17.064566617838825],[73.29589890367212,17.064663284627144],[73.2955190530514,17.065111902375836],[73.29550674763712,17.066467222621302],[73.29663482576761,17.06638633399365],[73.29605889440988,17.067736922217858],[73.29577543729036,17.067915264665626]]]},"id":"102"},{"type":"Feature","properties":{"id":"103","metrics:area":1350,"metrics:perimeter":153.45230764828105},"geometry":{"type":"Polygon","coordinates":[[[73.2934860994328,17.0613899940933],[73.29339544850073,17.06102778576685],[73.29386430432702,17.061122089049988],[73.29386266248525,17.061302798341618],[73.2934860994328,17.0613899940933]]]},"id":"103"},{"type":"Feature","properties":{"id":"104","metrics:area":1200,"metrics:perimeter":151.2310562561766},"geometry":{"type":"Polygon","coordinates":[[[73.38789455685854,17.06207146124238],[73.38789843545248,17.061619666443836],[73.38799237560004,17.061620412557605],[73.38827109392787,17.06198408654576],[73.38789455685854,17.06207146124238]]]},"id":"104"},{"type":"Feature","properties":{"id":"105","metrics:area":17050,"metrics:perimeter":928.5739728568191},"geometry":{"type":"Polygon","coordinates":[[[73.33509121024424,17.06272954070093],[73.33500207920983,17.062186630733798],[73.33462712887236,17.062093191302772],[73.33463033425934,17.06173176513377],[73.3350060850528,17.06173484793816],[73.33482221581856,17.061281523849438],[73.33575998923781,17.06146994167101],[73.33632681699585,17.061113135908407],[73.3366078290422,17.061205802280956],[73.33650988943994,17.061656815575823],[73.33688083886476,17.06220203476421],[73.33659902479197,17.062199725267188],[73.33641355025651,17.061927115516006],[73.33575518446675,17.06201208124585],[73.33519396047885,17.061736389079762],[73.33518995508739,17.06218817191863],[73.33547176894038,17.062190483370134],[73.33546936605322,17.06246155310229],[73.33509121024424,17.06272954070093]]]},"id":"105"},{"type":"Feature","properties":{"id":"106","metrics:area":1500,"metrics:perimeter":160},"geometry":{"type":"Polygon","coordinates":[[[73.34111523924132,17.061423418739622],[73.34111763382582,17.061152348200537],[73.34158732243264,17.061156186462632],[73.34158492852536,17.061427257066317],[73.34111523924132,17.061423418739622]]]},"id":"106"},{"type":"Feature","properties":{"id":"107","metrics:area":130700,"metrics:perimeter":2613.4966760983634},"geometry":{"type":"Polygon","coordinates":[[[73.36549755335459,17.066410542484256],[73.36503335442428,17.06577425315031],[73.36503886267306,17.065141747850237],[73.36522753114289,17.065052903579826],[73.36531832496752,17.065415091990513],[73.36597276621116,17.06578181991692],[73.36625694878622,17.065513015239212],[73.36626245282434,17.064880509535307],[73.36692239615299,17.064614728502917],[73.36702026625247,17.064163694455154],[73.36777414646464,17.063898666197346],[73.3676825627328,17.063626836526485],[73.36730758765884,17.06353345585678],[73.36740467040582,17.063172779477146],[73.36693575650582,17.06307864250345],[73.36675259235354,17.06253498261429],[73.3669412574249,17.062446136433252],[73.36685281884782,17.06181287446186],[73.36713935078929,17.06127299373291],[73.36779299706242,17.061730073050946],[73.36788300957193,17.062182618772308],[73.36769198874605,17.062542540034336],[73.36844586151688,17.062277508599312],[73.36853744590901,17.062549337998533],[73.36891241988491,17.0626427162873],[73.36900008074498,17.063366336039337],[73.36956058316363,17.06373229747258],[73.36955744459947,17.064093729945363],[73.36917775831493,17.06454250117302],[73.36945879581437,17.06463512385421],[73.36955509062608,17.064364804291156],[73.37002479399668,17.06436857745196],[73.37011402823498,17.06491148077513],[73.3697319874458,17.065631327318265],[73.36907753822796,17.065264610930715],[73.36860704767173,17.065351193448883],[73.36888730094935,17.06553417506733],[73.36888023536527,17.066347397694535],[73.36850525417931,17.066254018745397],[73.36841445381543,17.065891831227077],[73.3670953454072,17.06633304222954],[73.36681745117576,17.065878984269595],[73.36672193767495,17.06605894411877],[73.3662522308522,17.066055162952704],[73.36624908546692,17.066416594744936],[73.36549755335459,17.066410542484256]]]},"id":"107"},{"type":"Feature","properties":{"id":"108","metrics:area":600,"metrics:perimeter":100},"geometry":{"type":"Polygon","coordinates":[[[73.33444726736758,17.06118808424419],[73.33444887015368,17.061007371161875],[73.33473068212854,17.06100968348711],[73.33472907961333,17.06119039659537],[73.33444726736758,17.06118808424419]]]},"id":"108"},{"type":"Feature","properties":{"id":"109","metrics:area":45850,"metrics:perimeter":1862.0514654812323},"geometry":{"type":"Polygon","coordinates":[[[73.34071633275424,17.06404069495169],[73.34053085031574,17.063768088331123],[73.34100533547937,17.06322978759197],[73.34025222827115,17.063404356551317],[73.34025462439624,17.063133286183984],[73.34072511622342,17.063046770062137],[73.34072910851457,17.06259498598785],[73.3400763322341,17.062047468162266],[73.33998638795873,17.061594915910646],[73.33961143542362,17.061501485573444],[73.33971096530824,17.060869756546957],[73.34018065287255,17.060873598001688],[73.34027059744287,17.061326150208643],[73.34092975841718,17.061150812591688],[73.34092656526691,17.06151223994099],[73.34064235632849,17.06178100661466],[73.34082624049378,17.06223432667802],[73.34120279167665,17.062147041260232],[73.34157535245815,17.062511539405527],[73.34167487667973,17.061879808945587],[73.34186275288867,17.061881343928444],[73.34214137628032,17.062245073623366],[73.34251712953744,17.06224814261557],[73.34260548507993,17.06288140807954],[73.34316911703715,17.062886010184958],[73.34326066396729,17.06315784783878],[73.3431643332296,17.063428151728143],[73.34251074883224,17.062970997805788],[73.34204105546691,17.062967161284764],[73.34175684557768,17.063235929430082],[73.34194472315093,17.063237464455252],[73.3421278138391,17.06378114054566],[73.34165811853912,17.063777302962166],[73.34156737186665,17.063415107929192],[73.34119161645624,17.063412036975677],[73.3411876250748,17.063863821119885],[73.34071633275424,17.06404069495169]]]},"id":"109"},{"type":"Feature","properties":{"id":"110","metrics:area":3600,"metrics:perimeter":242.92843828016822},"geometry":{"type":"Polygon","coordinates":[[[73.36835584760281,17.061824963011382],[73.3681734652818,17.061190946012662],[73.36873788432867,17.06110511858966],[73.36882789899526,17.06155766408822],[73.36835584760281,17.061824963011382]]]},"id":"110"},{"type":"Feature","properties":{"id":"111","metrics:area":800,"metrics:perimeter":120},"geometry":{"type":"Polygon","coordinates":[[[73.33876999193224,17.061042783863325],[73.33877159054522,17.060862070380267],[73.33914734039193,17.0608651453681],[73.33914574214015,17.06104585888567],[73.33876999193224,17.061042783863325]]]},"id":"111"},{"type":"Feature","properties":{"id":"112","metrics:area":7950,"metrics:perimeter":398.2963563950351},"geometry":{"type":"Polygon","coordinates":[[[73.37840816414929,17.061815160827084],[73.37812790559178,17.061632191979527],[73.37841596672881,17.060911575432964],[73.3786977847995,17.060913826716426],[73.3788817634356,17.0613671201677],[73.37944462135344,17.061461979752295],[73.37934834222786,17.061732305428364],[73.37840816414929,17.061815160827084]]]},"id":"112"},{"type":"Feature","properties":{"id":"113","metrics:area":600,"metrics:perimeter":115.9524158061724},"geometry":{"type":"Polygon","coordinates":[[[73.34187392252561,17.060616347591175],[73.34149737467537,17.060703634562344],[73.34149976860125,17.060432563951434],[73.34187392252561,17.060616347591175]]]},"id":"113"},{"type":"Feature","properties":{"id":"114","metrics:area":1100,"metrics:perimeter":134.4766094595442},"geometry":{"type":"Polygon","coordinates":[[[73.29565645825762,17.060323891438692],[73.2955658033587,17.059961683716363],[73.29584760810774,17.05996404987253],[73.29593908343855,17.060235902765633],[73.29565645825762,17.060323891438692]]]},"id":"114"},{"type":"Feature","properties":{"id":"115","metrics:area":750,"metrics:perimeter":111.6227766016838},"geometry":{"type":"Polygon","coordinates":[[[73.37334324878957,17.060870985487277],[73.37334481412462,17.060690268853886],[73.37362741367704,17.06060216881752],[73.37362506608798,17.060873243806867],[73.37334324878957,17.060870985487277]]]},"id":"115"},{"type":"Feature","properties":{"id":"116","metrics:area":52800,"metrics:perimeter":2037.728083084453},"geometry":{"type":"Polygon","coordinates":[[[73.34523258383254,17.063264299270525],[73.34476766822829,17.062718326991337],[73.34495713839927,17.062539145163786],[73.34580099385329,17.06272675190638],[73.34599364674939,17.062186140787198],[73.34533687386438,17.062090423841845],[73.34505346605818,17.062268840135868],[73.34477404014746,17.061995470955143],[73.34477005773442,17.062447255984058],[73.3442080201575,17.06226194448058],[73.3441172689139,17.061899750171698],[73.34440067689668,17.061721335208343],[73.34449939451,17.06117995945321],[73.34393815776893,17.06090429055255],[73.3442215643063,17.060725875706627],[73.34422395430438,17.060454804721342],[73.34450576685191,17.060457103406048],[73.34440943960401,17.060727408232328],[73.34525567485848,17.060643945406657],[73.34525885950697,17.060282517232114],[73.34573013876987,17.060105631589316],[73.34582089265184,17.060467825433296],[73.34544195799995,17.06082619106773],[73.34581611721697,17.061009967834664],[73.34610350120049,17.06037976482041],[73.34648004704948,17.06029246905425],[73.3468526156491,17.060656958143387],[73.34647527356904,17.060834611646065],[73.34628341948202,17.061284866449856],[73.34619027721463,17.06119374397209],[73.34600160543863,17.061282570124654],[73.34618629840647,17.06164552936101],[73.34656364241188,17.06146787657493],[73.34702617468969,17.062284916316475],[73.34674435903983,17.062282620891967],[73.34637258343452,17.0618277743154],[73.34646413476852,17.062099610909492],[73.34627625790262,17.062098080165885],[73.34617595293727,17.062820171273977],[73.34580019783823,17.062817108954388],[73.34560913584778,17.063177005683276],[73.34523258383254,17.063264299270525]]]},"id":"116"},{"type":"Feature","properties":{"id":"117","metrics:area":900,"metrics:perimeter":123.24555320336759},"geometry":{"type":"Polygon","coordinates":[[[73.37390923061206,17.06060442670821],[73.37381763890414,17.060332599099176],[73.37409945546146,17.060334856691277],[73.37419104759005,17.06060668420801],[73.37390923061206,17.06060442670821]]]},"id":"117"},{"type":"Feature","properties":{"id":"118","metrics:area":8500,"metrics:perimeter":589.4853557100048},"geometry":{"type":"Polygon","coordinates":[[[73.34384103255822,17.06126495197878],[73.34299479440435,17.061348408600068],[73.34262462506095,17.06071284222428],[73.34206179748983,17.06061788227975],[73.34225445808526,17.060077275353514],[73.34272494163449,17.059990753820205],[73.34271856262471,17.060713609247152],[73.34328218810943,17.06071821047235],[73.34327899957133,17.061079638268946],[73.34384103255822,17.06126495197878]]]},"id":"118"},{"type":"Feature","properties":{"id":"119","metrics:area":800,"metrics:perimeter":122.4621125123532},"geometry":{"type":"Polygon","coordinates":[[[73.37005852045739,17.060483176864622],[73.37006087313615,17.0602121023472],[73.37043584356942,17.060305477505405],[73.37043505952379,17.06039583569481],[73.37005852045739,17.060483176864622]]]},"id":"119"},{"type":"Feature","properties":{"id":"120","metrics:area":15750,"metrics:perimeter":847.3492003483187},"geometry":{"type":"Polygon","coordinates":[[[73.37051488541756,17.062023037178744],[73.37042878698635,17.061118701179836],[73.37005224643688,17.06120604220752],[73.36995281699846,17.061837794911796],[73.3694839045475,17.06174366399282],[73.36948547368058,17.061562947722983],[73.36995830733368,17.061205287810388],[73.36977356673191,17.060842346271894],[73.37033798439673,17.060756514241792],[73.37043505952379,17.06039583569481],[73.37100104323024,17.06012928524774],[73.37089926630232,17.06103211342031],[73.37136817802151,17.061126240982652],[73.37051488541756,17.062023037178744]]]},"id":"120"},{"type":"Feature","properties":{"id":"121","metrics:area":3250,"metrics:perimeter":239.28368573999558},"geometry":{"type":"Polygon","coordinates":[[[73.3342690100683,17.060102264019104],[73.33446089042606,17.059652022937442],[73.33511764602763,17.059747773885384],[73.33492656818271,17.060107659141934],[73.3342690100683,17.060102264019104]]]},"id":"121"},{"type":"Feature","properties":{"id":"122","metrics:area":1600,"metrics:perimeter":162.61297173761164},"geometry":{"type":"Polygon","coordinates":[[[73.39504793931312,17.060501576595865],[73.39505102813129,17.060140139428594],[73.39533361941916,17.06005200821717],[73.39542369901903,17.060504547368996],[73.39504793931312,17.060501576595865]]]},"id":"122"},{"type":"Feature","properties":{"id":"123","metrics:area":12750,"metrics:perimeter":474.6104892558375},"geometry":{"type":"Polygon","coordinates":[[[73.39767132009854,17.06133559204093],[73.39701373702712,17.06133039976654],[73.396930595092,17.060064626634443],[73.39749423388952,17.060069077196644],[73.39758586077035,17.060340897021543],[73.39814872986123,17.060435705263277],[73.39767132009854,17.06133559204093]]]},"id":"123"},{"type":"Feature","properties":{"id":"124","metrics:area":6150,"metrics:perimeter":296.47605721237267},"geometry":{"type":"Polygon","coordinates":[[[73.33680290631793,17.06039413202474],[73.33624248560903,17.06002808637082],[73.33624488701697,17.059757016466957],[73.33662303499196,17.059489025974564],[73.3370903182205,17.059763944299323],[73.33708631788103,17.060215727662605],[73.33680290631793,17.06039413202474]]]},"id":"124"},{"type":"Feature","properties":{"id":"125","metrics:area":6500,"metrics:perimeter":440.7985080144844},"geometry":{"type":"Polygon","coordinates":[[[73.2933130092211,17.05976203113407],[73.29303449009636,17.059398243002857],[73.29359809720351,17.05940298179945],[73.2938856464471,17.058772867952403],[73.2943561382269,17.058686460257995],[73.29444843141154,17.05886795891287],[73.29407105281228,17.059045510909744],[73.29406776993055,17.059406929602506],[73.29368874805483,17.05976519005532],[73.2933130092211,17.05976203113407]]]},"id":"125"},{"type":"Feature","properties":{"id":"126","metrics:area":1900,"metrics:perimeter":177.69567606513328},"geometry":{"type":"Polygon","coordinates":[[[73.39467681396518,17.059956449471915],[73.39458519155336,17.059684628694587],[73.39505643338168,17.059507624353646],[73.3951472842988,17.059869804273614],[73.39467681396518,17.059956449471915]]]},"id":"126"},{"type":"Feature","properties":{"id":"127","metrics:area":4350,"metrics:perimeter":288.89102668014954},"geometry":{"type":"Polygon","coordinates":[[[73.36780948907158,17.05983255365176],[73.36753003038787,17.059559213201734],[73.36762789529094,17.05910817829401],[73.36790970914068,17.059110444320115],[73.36809365945608,17.059563745250813],[73.36837468905424,17.05965636879202],[73.36837311903865,17.059837084995404],[73.36780948907158,17.05983255365176]]]},"id":"127"},{"type":"Feature","properties":{"id":"128","metrics:area":2700,"metrics:perimeter":209.68368641454578},"geometry":{"type":"Polygon","coordinates":[[[73.34385696924755,17.05945781237892],[73.34367307959218,17.059004494543082],[73.34414356006202,17.058917969420047],[73.34432745082857,17.059371286924737],[73.34385696924755,17.05945781237892]]]},"id":"128"},{"type":"Feature","properties":{"id":"129","metrics:area":2150,"metrics:perimeter":242.36430165007386},"geometry":{"type":"Polygon","coordinates":[[[73.37420043426596,17.05952238387117],[73.37439222165226,17.059072096667713],[73.37504822592423,17.059258078352386],[73.37504666236723,17.05943879516457],[73.3745777521543,17.059344676291925],[73.37420043426596,17.05952238387117]]]},"id":"129"},{"type":"Feature","properties":{"id":"130","metrics:area":3250,"metrics:perimeter":296.46131681499446},"geometry":{"type":"Polygon","coordinates":[[[73.3927064027533,17.05966976081248],[73.39252007074879,17.059487554696997],[73.39186249581265,17.05948234628445],[73.39186481688294,17.059211268808163],[73.3928034351313,17.059309067822166],[73.39298899411553,17.05958163289594],[73.3927064027533,17.05966976081248]]]},"id":"130"},{"type":"Feature","properties":{"id":"131","metrics:area":2000,"metrics:perimeter":185.91032963050384},"geometry":{"type":"Polygon","coordinates":[[[73.37147700449182,17.059410188225396],[73.37129304583844,17.05895688966803],[73.3716695814153,17.058869545882985],[73.37175881933649,17.05941244894797],[73.37147700449182,17.059410188225396]]]},"id":"131"},{"type":"Feature","properties":{"id":"132","metrics:area":600,"metrics:perimeter":100},"geometry":{"type":"Polygon","coordinates":[[[73.34640202075944,17.058484561685027],[73.34640361177689,17.058303847456074],[73.34668542140919,17.05830614283503],[73.34668383066258,17.058486857089747],[73.34640202075944,17.058484561685027]]]},"id":"132"},{"type":"Feature","properties":{"id":"133","metrics:area":39600,"metrics:perimeter":1568.4509255503126},"geometry":{"type":"Polygon","coordinates":[[[73.33886712650276,17.06068212569733],[73.3384030359188,17.060045784137557],[73.33784021355673,17.05995081283644],[73.33784341233488,17.059589385999274],[73.33662543577027,17.059217956003742],[73.33672337327364,17.058766942413897],[73.337193054866,17.058770790320747],[73.33701158243531,17.058046397824043],[73.33757359879768,17.058231727616025],[73.33785220857227,17.058595462127798],[73.33784980965699,17.058866532284636],[73.33756800044901,17.058864224569753],[73.33756640087691,17.05904493797755],[73.33794214685844,17.05904801487841],[73.33793814874562,17.059499798469542],[73.33887991382603,17.0592364176161],[73.33896985479394,17.059688970127162],[73.3394395392288,17.05969281303876],[73.3397253438212,17.05924333427208],[73.33981688433796,17.059515172983247],[73.34028736704444,17.059428657073173],[73.34037731151278,17.059881209256442],[73.34094173203673,17.059795459912213],[73.34074906814388,17.06033606530164],[73.34009550042016,17.059878904916708],[73.3398088967754,17.060418740965243],[73.33886712650276,17.06068212569733]]]},"id":"133"},{"type":"Feature","properties":{"id":"134","metrics:area":1200,"metrics:perimeter":140},"geometry":{"type":"Polygon","coordinates":[[[73.39102323534017,17.058752773640958],[73.3910263315653,17.05839133712782],[73.391308147614,17.058393570587423],[73.39130505193063,17.058755007150694],[73.39102323534017,17.058752773640958]]]},"id":"134"},{"type":"Feature","properties":{"id":"135","metrics:area":700,"metrics:perimeter":112.36067977499789},"geometry":{"type":"Polygon","coordinates":[[[73.39543991068098,17.05860700174136],[73.3955353934403,17.05842702557977],[73.39581721016809,17.0584292527858],[73.39581566666978,17.058609971469586],[73.39543991068098,17.05860700174136]]]},"id":"135"},{"type":"Feature","properties":{"id":"136","metrics:area":3800,"metrics:perimeter":248.30799757011462},"geometry":{"type":"Polygon","coordinates":[[[73.36565834464612,17.058730873222526],[73.36556912475719,17.05818796898138],[73.3661335351658,17.058102148105935],[73.36631748028086,17.058555450236838],[73.36565834464612,17.058730873222526]]]},"id":"136"},{"type":"Feature","properties":{"id":"137","metrics:area":1850,"metrics:perimeter":175.71155468592366},"geometry":{"type":"Polygon","coordinates":[[[73.29295533768237,17.057771069785144],[73.29248566931817,17.057767119775757],[73.29258370973065,17.05731613677523],[73.29295780120559,17.05750000588092],[73.29295533768237,17.057771069785144]]]},"id":"137"},{"type":"Feature","properties":{"id":"138","metrics:area":1450,"metrics:perimeter":153.6307051624961},"geometry":{"type":"Polygon","coordinates":[[[73.3667887397809,17.058378513559806],[73.366603222073,17.058105927839843],[73.3669805428729,17.05792823473725],[73.36707133798335,17.05829042260134],[73.3667887397809,17.058378513559806]]]},"id":"138"},{"type":"Feature","properties":{"id":"139","metrics:area":9350,"metrics:perimeter":424.7443153297082},"geometry":{"type":"Polygon","coordinates":[[[73.36405825692937,17.059079441466825],[73.3641608514652,17.058086261368636],[73.3646305378686,17.058090045662112],[73.3647268351884,17.057819728532696],[73.3651017973855,17.057913112931622],[73.36481290588725,17.058724064744208],[73.36443400800958,17.059082469349043],[73.36405825692937,17.059079441466825]]]},"id":"139"},{"type":"Feature","properties":{"id":"140","metrics:area":15050,"metrics:perimeter":765.229509497309},"geometry":{"type":"Polygon","coordinates":[[[73.3931730074406,17.06003491626207],[73.39374514586993,17.059045425601838],[73.39337325409011,17.058590655815642],[73.39299827169732,17.0584973223545],[73.39281503314449,17.057953679714053],[73.39309684878506,17.057955910635695],[73.39356267753301,17.058411424193768],[73.3938468120202,17.05814257636639],[73.3942225667857,17.058145548964333],[73.3942148415723,17.059049141666353],[73.39393070607449,17.059317989914685],[73.39402078204475,17.05977052940546],[73.3931730074406,17.06003491626207]]]},"id":"140"},{"type":"Feature","properties":{"id":"141","metrics:area":750,"metrics:perimeter":111.6227766016838},"geometry":{"type":"Polygon","coordinates":[[[73.37327435421321,17.057978766225997],[73.37327670188567,17.057707691206893],[73.37355851442945,17.05770994921327],[73.3735569495901,17.057890665918862],[73.37327435421321,17.057978766225997]]]},"id":"141"},{"type":"Feature","properties":{"id":"142","metrics:area":1000,"metrics:perimeter":129.64724878581438},"geometry":{"type":"Polygon","coordinates":[[[73.36782519378264,17.058025391975548],[73.36773439726724,17.057663204325852],[73.36801620896452,17.057665470018247],[73.36810857613084,17.057846941377036],[73.36782519378264,17.058025391975548]]]},"id":"142"},{"type":"Feature","properties":{"id":"143","metrics:area":4550,"metrics:perimeter":292.7200076033133},"geometry":{"type":"Polygon","coordinates":[[[73.37402037996729,17.058617295394306],[73.37402820209789,17.057713711688752],[73.3744047343248,17.05762636249546],[73.374490852021,17.058530698607374],[73.37402037996729,17.058617295394306]]]},"id":"143"},{"type":"Feature","properties":{"id":"144","metrics:area":34150,"metrics:perimeter":915.7048369315719},"geometry":{"type":"Polygon","coordinates":[[[73.36921621047222,17.06011495349256],[73.36912619522285,17.059662408083724],[73.36856335047797,17.059567520764098],[73.36838018395791,17.059023862053763],[73.36876849174934,17.057581151815647],[73.36933054633973,17.057766396244897],[73.36932740849736,17.058127828888146],[73.36894851976501,17.058486242787215],[73.36913482599336,17.0586684685324],[73.36979395920284,17.058493033954363],[73.37063077630849,17.05949376191879],[73.37015716424776,17.059941782116688],[73.36921621047222,17.06011495349256]]]},"id":"144"},{"type":"Feature","properties":{"id":"145","metrics:area":1350,"metrics:perimeter":154.084889114037},"geometry":{"type":"Polygon","coordinates":[[[73.36566620704897,17.05782729330122],[73.36566935187578,17.05746586130922],[73.36604588604627,17.057378527915805],[73.36594880477917,17.057739203875542],[73.36566620704897,17.05782729330122]]]},"id":"145"},{"type":"Feature","properties":{"id":"146","metrics:area":11700,"metrics:perimeter":450.822747233508},"geometry":{"type":"Polygon","coordinates":[[[73.3965648646741,17.05888698696083],[73.39609748371082,17.05861219830976],[73.39610057014687,17.05825076088886],[73.39647709696185,17.058163369960486],[73.39648095397456,17.05771157307805],[73.39695141813674,17.05762492313322],[73.39741340144653,17.058532225650325],[73.3965648646741,17.05888698696083]]]},"id":"146"},{"type":"Feature","properties":{"id":"147","metrics:area":3700,"metrics:perimeter":264.36141971195053},"geometry":{"type":"Polygon","coordinates":[[[73.39544299838109,17.058245564437108],[73.39535060348832,17.058064103264336],[73.39591886584437,17.05752640159017],[73.39620068127434,17.05752862815011],[73.39591346416348,17.05815891705651],[73.39544299838109,17.058245564437108]]]},"id":"147"},{"type":"Feature","properties":{"id":"148","metrics:area":23000,"metrics:perimeter":1145.7193007379572},"geometry":{"type":"Polygon","coordinates":[[[73.34855461947024,17.05940572188177],[73.34855938652586,17.058863578642985],[73.34752449071539,17.059035883934815],[73.34752687569653,17.058764812450686],[73.34828234348365,17.058319142600453],[73.34715589936707,17.05821961044807],[73.3470675290014,17.05758634554257],[73.34687965659175,17.057584815749422],[73.34707150468613,17.057134559771665],[73.34753482531842,17.0578612407824],[73.34819238002264,17.057866592260975],[73.34894069432191,17.05823413456587],[73.34865332344751,17.058864342839716],[73.34950034403738,17.058690504150764],[73.34930611714603,17.059411834445495],[73.34855461947024,17.05940572188177]]]},"id":"148"},{"type":"Feature","properties":{"id":"149","metrics:area":1000,"metrics:perimeter":135.9524158061724},"geometry":{"type":"Polygon","coordinates":[[[73.39065522217925,17.057846203879166],[73.39065677056794,17.05766548564095],[73.3910340717975,17.05748774578638],[73.39103174977743,17.0577588231976],[73.39065522217925,17.057846203879166]]]},"id":"149"},{"type":"Feature","properties":{"id":"150","metrics:area":9100,"metrics:perimeter":390.23552202344854},"geometry":{"type":"Polygon","coordinates":[[[73.36688896243419,17.057656404903824],[73.36689131927227,17.057385330740605],[73.36651792846048,17.05711123357728],[73.3673672874507,17.056666243926195],[73.36773989364521,17.057030697666182],[73.36764046004441,17.05766244900821],[73.36688896243419,17.057656404903824]]]},"id":"150"},{"type":"Feature","properties":{"id":"151","metrics:area":1500,"metrics:perimeter":167.70329614269008},"geometry":{"type":"Polygon","coordinates":[[[73.36567249662586,17.057104429303827],[73.36567485513804,17.056833355290973],[73.36614611063168,17.056656419758266],[73.36595430719423,17.05710669778577],[73.36567249662586,17.057104429303827]]]},"id":"151"},{"type":"Feature","properties":{"id":"152","metrics:area":2400,"metrics:perimeter":199.19796900953997},"geometry":{"type":"Polygon","coordinates":[[[73.37281092822865,17.057252135384807],[73.37262775069108,17.0567084795296],[73.37300428126998,17.056621132809962],[73.37318902499155,17.05698407173057],[73.37281092822865,17.057252135384807]]]},"id":"152"},{"type":"Feature","properties":{"id":"153","metrics:area":950,"metrics:perimeter":135.2145126328583},"geometry":{"type":"Polygon","coordinates":[[[73.34707548024957,17.056682773979798],[73.34707866061302,17.05632134533119],[73.34736126231147,17.056233282337878],[73.34726414678376,17.05659394634394],[73.34707548024957,17.056682773979798]]]},"id":"153"},{"type":"Feature","properties":{"id":"154","metrics:area":750,"metrics:perimeter":111.6227766016838},"geometry":{"type":"Polygon","coordinates":[[[73.37422467999802,17.05672127410922],[73.37422702611582,17.056450198928246],[73.37450883690695,17.0564524554546],[73.37450727310402,17.05663317226808],[73.37422467999802,17.05672127410922]]]},"id":"154"},{"type":"Feature","properties":{"id":"155","metrics:area":2550,"metrics:perimeter":205.6694685102551},"geometry":{"type":"Polygon","coordinates":[[[73.31316498979058,17.056403848353142],[73.31260219760806,17.056308809099093],[73.31270018953497,17.055857811936534],[73.31316823532593,17.05604242596589],[73.31316498979058,17.056403848353142]]]},"id":"155"},{"type":"Feature","properties":{"id":"156","metrics:area":500,"metrics:perimeter":134.3397840021018},"geometry":{"type":"Polygon","coordinates":[[[73.36436131520034,17.056642048159127],[73.36436288876244,17.05646133226189],[73.36417737641845,17.05618874474048],[73.36455076170361,17.056462845782956],[73.36436131520034,17.056642048159127]]]},"id":"156"},{"type":"Feature","properties":{"id":"157","metrics:area":650,"metrics:perimeter":103.98345637668169},"geometry":{"type":"Polygon","coordinates":[[[73.3751671771649,17.056367360725496],[73.37507558508335,17.056095533596636],[73.37535739546162,17.056097788900004],[73.37535583250931,17.056278505796147],[73.3751671771649,17.056367360725496]]]},"id":"157"},{"type":"Feature","properties":{"id":"158","metrics:area":1650,"metrics:perimeter":168.07223446092155},"geometry":{"type":"Polygon","coordinates":[[[73.3131698580639,17.055861714767225],[73.31298523641505,17.05549873139282],[73.31345571532205,17.0554122778676],[73.31354802650445,17.05559376939346],[73.3131698580639,17.055861714767225]]]},"id":"158"},{"type":"Feature","properties":{"id":"159","metrics:area":5450,"metrics:perimeter":359.71297588200935},"geometry":{"type":"Polygon","coordinates":[[[73.3971446926544,17.056993890722495],[73.39714931879253,17.056451734220946],[73.39686981825821,17.056178430889005],[73.39762132112527,17.056184363540194],[73.39752429995583,17.056545059858454],[73.39780457273147,17.056728002960163],[73.39780226058919,17.05699908129457],[73.3971446926544,17.056993890722495]]]},"id":"159"},{"type":"Feature","properties":{"id":"160","metrics:area":2200,"metrics:perimeter":191.2310562561766},"geometry":{"type":"Polygon","coordinates":[[[73.3908547100612,17.056492306199388],[73.39047973344154,17.056398968526008],[73.3904836044513,17.05594717289903],[73.3908593542038,17.05595015134923],[73.3908547100612,17.056492306199388]]]},"id":"160"},{"type":"Feature","properties":{"id":"161","metrics:area":2200,"metrics:perimeter":192.8080155748379},"geometry":{"type":"Polygon","coordinates":[[[73.34585988549397,17.05604032802476],[73.34576992854878,17.0555877771168],[73.34624039979933,17.05550124627453],[73.34614169165363,17.05604262386321],[73.34585988549397,17.05604032802476]]]},"id":"161"},{"type":"Feature","properties":{"id":"162","metrics:area":5250,"metrics:perimeter":383.19820305795776},"geometry":{"type":"Polygon","coordinates":[[[73.36323801345083,17.056181173789007],[73.36314958850306,17.055547911157376],[73.36436996955429,17.05564811068284],[73.36427209954621,17.056099143648687],[73.36371084314737,17.055823528111844],[73.36323801345083,17.056181173789007]]]},"id":"162"},{"type":"Feature","properties":{"id":"163","metrics:area":1750,"metrics:perimeter":178.7199778763964},"geometry":{"type":"Polygon","coordinates":[[[73.36765459392592,17.05603600330524],[73.36709254644146,17.055850754790246],[73.36718883887706,17.055580436031963],[73.36765694942191,17.05576492899501],[73.36765459392592,17.05603600330524]]]},"id":"163"},{"type":"Feature","properties":{"id":"164","metrics:area":37350,"metrics:perimeter":905.6420617596218},"geometry":{"type":"Polygon","coordinates":[[[73.37008126121488,17.057862789546988],[73.36990044382489,17.05704805730511],[73.36952626442097,17.056864323530508],[73.36924916031623,17.056319911021887],[73.3698198372961,17.055511213658612],[73.3706668311048,17.055337283564267],[73.37075214692524,17.056331978066275],[73.37178545092914,17.056340267711402],[73.37178310130497,17.056611342565354],[73.37064880497162,17.05741552296317],[73.37064566973369,17.057776955856863],[73.37008126121488,17.057862789546988]]]},"id":"164"},{"type":"Feature","properties":{"id":"165","metrics:area":2450,"metrics:perimeter":258.2938703110357},"geometry":{"type":"Polygon","coordinates":[[[73.3721643300262,17.055981847607228],[73.37216667900839,17.055710772684957],[73.37254242487495,17.055713784985688],[73.37263949236021,17.05535310462636],[73.3729205186739,17.055445721560478],[73.37291817081793,17.055716796591724],[73.3721643300262,17.055981847607228]]]},"id":"165"},{"type":"Feature","properties":{"id":"166","metrics:area":9350,"metrics:perimeter":493.8558559309358},"geometry":{"type":"Polygon","coordinates":[[[73.39648789630091,17.05689833863695],[73.39583187246264,17.05671242512289],[73.39602360635396,17.056262112706218],[73.39574333619186,17.056079167341707],[73.39574642282282,17.055717729893725],[73.39640629981582,17.055451846434906],[73.3965903185364,17.05590512723368],[73.39630696270423,17.056083620192005],[73.39630464849407,17.056354698344183],[73.39667962890587,17.056448025491623],[73.39648789630091,17.05689833863695]]]},"id":"166"},{"type":"Feature","properties":{"id":"167","metrics:area":1300,"metrics:perimeter":147.96691275336337},"geometry":{"type":"Polygon","coordinates":[[[73.37395147255505,17.05572507492628],[73.37395460103421,17.05536364136377],[73.37423719212998,17.05527553972353],[73.37432878267253,17.05554736711384],[73.37395147255505,17.05572507492628]]]},"id":"167"},{"type":"Feature","properties":{"id":"168","metrics:area":1400,"metrics:perimeter":153.84402799378825},"geometry":{"type":"Polygon","coordinates":[[[73.35281587062818,17.05555470006741],[73.35272510444317,17.055192508219093],[73.35300770248222,17.055104436975697],[73.35309767705091,17.055556986190158],[73.35281587062818,17.05555470006741]]]},"id":"168"},{"type":"Feature","properties":{"id":"169","metrics:area":2300,"metrics:perimeter":244.47170528427768},"geometry":{"type":"Polygon","coordinates":[[[73.36840843975568,17.05577096960834],[73.36841157890565,17.055409537047368],[73.36822292178397,17.055498385321467],[73.36822606123752,17.05513695278433],[73.36878653886556,17.055502914402656],[73.36878418503751,17.055773988872964],[73.36840843975568,17.05577096960834]]]},"id":"169"},{"type":"Feature","properties":{"id":"170","metrics:area":25450,"metrics:perimeter":732.926410960103},"geometry":{"type":"Polygon","coordinates":[[[73.334393396005,17.056669485524413],[73.33373985761475,17.0562123069794],[73.33384020390668,17.055490225439446],[73.334311478968,17.05531336612751],[73.33478595693033,17.054775079195483],[73.33506775960561,17.05477739023483],[73.33506615803569,17.054958103484893],[73.33563136508809,17.054782011141384],[73.33572369841416,17.0549634944511],[73.33534635970702,17.0551411274321],[73.33552542196273,17.056136590716626],[73.33505574735474,17.056132739528437],[73.334393396005,17.056669485524413]]]},"id":"170"},{"type":"Feature","properties":{"id":"171","metrics:area":3150,"metrics:perimeter":282.6700558027294},"geometry":{"type":"Polygon","coordinates":[[[73.38720045187762,17.055378927923822],[73.38710884222635,17.055107104758694],[73.38663993402027,17.055013014127915],[73.38673619862954,17.05474268363472],[73.38767323892408,17.055021222316242],[73.38720045187762,17.055378927923822]]]},"id":"171"},{"type":"Feature","properties":{"id":"172","metrics:area":1078150,"metrics:perimeter":18318.88671585417},"geometry":{"type":"Polygon","coordinates":[[[73.38970903825813,17.069586173225886],[73.38952425104183,17.069223246009113],[73.38905453097964,17.069219516941242],[73.38887207212488,17.068585512426985],[73.38849629746304,17.068582528159993],[73.38831151350465,17.068219600086106],[73.38774707669484,17.068305480857035],[73.38746679873458,17.068122523427466],[73.38736975022667,17.068483212310557],[73.38690236204958,17.068208401840177],[73.38690003251571,17.06847947841275],[73.38718108674284,17.06857207775021],[73.38708559028045,17.068752048692403],[73.38642876142514,17.068656461097547],[73.38596292833813,17.0682009309112],[73.38615547615072,17.067660272477976],[73.38652814186845,17.068024696304306],[73.38680997174637,17.068026937231963],[73.38700096411563,17.06766699550118],[73.3875630706434,17.06785219334588],[73.38775483748171,17.067401891858793],[73.38728822747208,17.067036723542323],[73.38747766546835,17.06685749895889],[73.3881344889556,17.066953082684392],[73.38823153496608,17.066592393191577],[73.38804442555407,17.06650054179627],[73.38672922971067,17.066490089693154],[73.38662907463664,17.067212213658728],[73.38625330313965,17.0672092254715],[73.38578669681368,17.0668440539823],[73.38569042307324,17.067114383073218],[73.38587675476712,17.067296595410557],[73.38568809194818,17.067385459512515],[73.38577970384503,17.067657283337912],[73.38539538214458,17.0686482402162],[73.38445750232806,17.06846004463211],[73.38427739311902,17.067554961078525],[73.3839978978954,17.06728164048636],[73.38362212674872,17.067278647415886],[73.38353285238644,17.06673574672739],[73.38315786065158,17.066642394183802],[73.38325647211745,17.06610099043259],[73.38363224083942,17.066103983979982],[73.38409650748035,17.066740236182014],[73.38447227763783,17.06674322828277],[73.38466405024818,17.066292930204096],[73.3839156231025,17.0659255111949],[73.38373396210419,17.065201144861504],[73.38279687989494,17.064922584434527],[73.38308103913155,17.064653753993458],[73.38383101516507,17.06484045805539],[73.38411595058547,17.0644812672601],[73.38449171622635,17.064484258941285],[73.38448938375224,17.064755335289906],[73.38504992422082,17.065121256804325],[73.38504759246008,17.06539233321086],[73.38467027000664,17.065570059971158],[73.38476110231954,17.06593224288624],[73.38607163213703,17.0664848604481],[73.3862602938624,17.06639599588958],[73.3862657308259,17.06576348394561],[73.38663994639897,17.06594718960064],[73.38673078271029,17.066309371958845],[73.38701261004188,17.066311612386993],[73.38720359999233,17.065951670226063],[73.3879528106938,17.066228718733836],[73.38786197199846,17.06586653672352],[73.38805140821204,17.06568731143782],[73.38899160569284,17.065604412660488],[73.389087873847,17.065334081495248],[73.38862049021263,17.06505927535392],[73.38758790562875,17.064960708390622],[73.38739536530196,17.0655013689065],[73.38720748118462,17.06549987575415],[73.38673932386956,17.06531542436023],[73.38674087674605,17.065134706604137],[73.38608328391491,17.065129477799072],[73.38599244924224,17.06476729526499],[73.3865623110013,17.064048906370697],[73.38703434625359,17.063781563402923],[73.3874093349882,17.06387490848345],[73.38797841292097,17.063246873809717],[73.38844811779383,17.06325060410369],[73.38844501567122,17.06361203998436],[73.38910105349893,17.06379797868247],[73.38938442757808,17.063619497481632],[73.3894892189383,17.0623552167072],[73.38995969668059,17.0622685842693],[73.38930521305231,17.06190193065945],[73.3895878090344,17.061813807918433],[73.38940225336316,17.061541240022557],[73.3891196577397,17.061629362534752],[73.38921127270308,17.061901185141245],[73.38892945168372,17.061898948325997],[73.38855524119147,17.06171524731871],[73.38855989348,17.06117309336206],[73.38799315125948,17.061530053591195],[73.38743339029688,17.061073781563216],[73.38762592480647,17.060533120390748],[73.38818723586117,17.06080867385167],[73.38828582843394,17.0602672658659],[73.38875630115449,17.060180635805324],[73.38875475069526,17.060361353829382],[73.38894262981597,17.060362845114476],[73.38885024062219,17.060181381461224],[73.38922987347689,17.05973256847109],[73.38904509518525,17.059369641380048],[73.38914368418611,17.0588282326301],[73.38952098902818,17.05865049592777],[73.38961957611022,17.058109086761565],[73.38924227247973,17.0582868237564],[73.38933466130412,17.05846828721672],[73.38886419309142,17.058554919018665],[73.38849231481647,17.058100141348376],[73.3872726675176,17.057909725495342],[73.38736350260788,17.058271907618796],[73.38698464488955,17.058630358103727],[73.38660889049575,17.058627372029868],[73.38688915417974,17.05881032953547],[73.38651029445607,17.05916877894744],[73.38669506747351,17.059531707921533],[73.38707082369208,17.059534693989242],[73.38726180544852,17.059174750948806],[73.38782699013089,17.058998510163683],[73.38773692954308,17.058545969185438],[73.38858160190806,17.058643041165784],[73.38857384932375,17.05954663131124],[73.38838286952618,17.05990657575527],[73.38791162178696,17.06008356397221],[73.38744425249355,17.059808756238677],[73.38744114910347,17.060170192062436],[73.38696989999222,17.06034717795622],[73.38659724722058,17.05998275589771],[73.38641635560333,17.05916803225184],[73.38613453907352,17.05916579190446],[73.38595054398776,17.058712503629703],[73.38548007431051,17.05879912739858],[73.38539079628029,17.058256226979104],[73.38501426599727,17.058343596881734],[73.38492421247345,17.057891055229238],[73.38454845994123,17.05788806546798],[73.38444985863535,17.058429470950475],[73.38491799666168,17.058613926098836],[73.38510121216234,17.059157573953364],[73.38621993731536,17.06016048667889],[73.38621372561228,17.060883357850546],[73.38706151129784,17.060619001249446],[73.38705763093233,17.061070795905607],[73.38640005222669,17.06106556933257],[73.38639539373543,17.06160772271638],[73.38620751360602,17.061606228968603],[73.38601575038616,17.062056529426748],[73.38535506073127,17.062412734557768],[73.38498007622138,17.062319386001555],[73.38517417323312,17.061598010250197],[73.38555071013582,17.061510640625684],[73.38574247375315,17.061060340631265],[73.38527432886181,17.060875886840886],[73.38452203450576,17.06096026572316],[73.38443042686158,17.06068844159007],[73.38396072932899,17.06068470254393],[73.3840585563209,17.060233656437898],[73.38378062657479,17.059779618722153],[73.38426431375,17.058156899185352],[73.38341653663574,17.058421244769765],[73.38379695510443,17.057882083861035],[73.38361141168981,17.057609511611346],[73.38380317494635,17.057159213340604],[73.38333659709306,17.05679403839648],[73.38333893007567,17.056522961990417],[73.38390410922624,17.056346731722577],[73.38389866749598,17.056979243513016],[73.3840865427834,17.056980739004523],[73.3838947804035,17.057431037623918],[73.38408032410074,17.057703609639063],[73.38455079133412,17.057616988928395],[73.3849304279818,17.057168184306047],[73.38530617914535,17.057171173238306],[73.38539701013464,17.057533355914973],[73.38558488611545,17.057534850067256],[73.38577664471735,17.0570845495197],[73.38624555738592,17.0571786425293],[73.3859590852405,17.057718555672086],[73.38671136631511,17.057634170277897],[73.38690079449998,17.057454945315833],[73.3869023464622,17.057274227405642],[73.3866205327054,17.057271987973625],[73.38671990297011,17.056640221841004],[73.38559032235725,17.056902337783484],[73.38550104440229,17.056359437364815],[73.3856928017388,17.05590913676165],[73.3852254459932,17.055634324966796],[73.38532171297787,17.055363995360405],[73.38729283747007,17.055560392074952],[73.38747838478615,17.055832961293124],[73.38728818314968,17.05610254599143],[73.38766315706413,17.056195889380223],[73.38804200826468,17.055837437019534],[73.3878595617817,17.055203432185483],[73.3885163453415,17.05529901133941],[73.3889821560126,17.05575453402809],[73.38935790510155,17.055757515223746],[73.38945803965191,17.05503538772195],[73.38927171526053,17.054853179200038],[73.38946036354878,17.054764310448572],[73.38983301292986,17.05512872702156],[73.3896381677846,17.055940468845975],[73.38916770608853,17.056027101920858],[73.38925699472351,17.056570001629325],[73.3884100053242,17.056744010290032],[73.38859167956052,17.057468373851524],[73.38830986527731,17.057466136739293],[73.38830598867459,17.057917931814135],[73.38905982022253,17.057652819602808],[73.38905672035655,17.058014255791555],[73.38933853556584,17.058016491936883],[73.38934240970936,17.057564696636117],[73.38943479834326,17.057746160041308],[73.3899060389013,17.05756916762881],[73.3905620580374,17.057755100042634],[73.39084077661323,17.058118770569042],[73.38990139154002,17.05811132213776],[73.3898998423818,17.05829204030072],[73.3904626995954,17.05838686903607],[73.39046115095054,17.058567587244166],[73.39074451555909,17.058389103277364],[73.39083458347845,17.058841643535153],[73.39036179149332,17.05919935607456],[73.3905473466344,17.059471923075098],[73.38979118500629,17.06000811751198],[73.3898828003935,17.060279939872196],[73.39035249828868,17.06028366513233],[73.3903509493551,17.0604643832969],[73.38959865722202,17.06054878134018],[73.3895963326884,17.06081985847791],[73.3903478514312,17.060825819615996],[73.39053418235449,17.06100802763743],[73.39081600226028,17.061010262112024],[73.39091226490393,17.060739929541754],[73.39109859634486,17.06092213708543],[73.39138119019633,17.06083401164203],[73.39147822586901,17.0604733195914],[73.3911032410634,17.060379982406193],[73.39101162382295,17.060108160445925],[73.39035404720336,17.060102946964403],[73.39035637053996,17.05983186970624],[73.39073057951302,17.060015567255363],[73.39120569511869,17.059386776615128],[73.39129653841177,17.059748957630628],[73.39232832475582,17.05993786267773],[73.39251156327074,17.06048150570041],[73.39279338266124,17.0604837373635],[73.39307906784593,17.0600341726124],[73.39345405329257,17.060127506173504],[73.39354490124344,17.060489686554018],[73.39411085835339,17.06022306887358],[73.3940122823575,17.060764481115594],[73.39438417961816,17.061219250131625],[73.39466986247768,17.06076968294445],[73.3951387905196,17.06086375652485],[73.39513647393544,17.061134834393965],[73.39485388090353,17.061222965176373],[73.39494550426312,17.06149478588909],[73.39532281018815,17.061317038430772],[73.3960727895106,17.06150369719486],[73.39607819177886,17.06087118188698],[73.39664337568145,17.06069491630251],[73.39692365331477,17.060877860999263],[73.39691671115638,17.061691095296283],[73.3963553825597,17.061415564704312],[73.39587950545776,17.06213472762013],[73.39635075270145,17.06195772072983],[73.39691208283901,17.062233251456632],[73.39719699048952,17.061874039746044],[73.39747804150569,17.061966624466866],[73.39728553267295,17.06250729719025],[73.39672265811937,17.06241248608537],[73.39634457929351,17.06268059538365],[73.39624832298803,17.062950931058783],[73.39643620539239,17.062952415627823],[73.39661945829003,17.06349605603819],[73.39652320184334,17.063766391821044],[73.39605272192284,17.063853039407856],[73.39623751796917,17.064215961480585],[73.39764818822027,17.064046373640657],[73.39764664594453,17.06422709238719],[73.39717616513101,17.064313742522273],[73.39726702170596,17.064675921869625],[73.39698210943857,17.065035133236265],[73.39689125331435,17.06467295380527],[73.39642154293072,17.06466924274733],[73.39688353780494,17.065576547112858],[73.39650699592451,17.065663937496346],[73.39641073792414,17.065934273063046],[73.39603496717268,17.06593130320145],[73.3956615130168,17.065657254833674],[73.39566382949467,17.065386177015125],[73.39528728764266,17.06547356512021],[73.39547131118675,17.06592684710562],[73.3959410244966,17.065930560627432],[73.39631370773434,17.066294967849082],[73.3963036728557,17.067469638611918],[73.39583241126236,17.067646644129702],[73.39508318079673,17.067369623304206],[73.39489220359144,17.06772957399306],[73.39480057809098,17.067457753166043],[73.39423459902955,17.067724370829207],[73.39395663395382,17.067270344353073],[73.39273614572107,17.067170315134508],[73.39264607097819,17.066717775351346],[73.39292944680143,17.06653928933487],[73.39283705109236,17.066357827019942],[73.3913331935078,17.06643627572476],[73.3913293220161,17.066888071075034],[73.39198692270844,17.066893283404987],[73.3918883354185,17.067434693459838],[73.3913246760702,17.067430225467728],[73.39142249069064,17.066979174895668],[73.3911414361465,17.066886581446852],[73.39057545461527,17.06715318861933],[73.39038214500226,17.067784211415972],[73.39047376403556,17.068056033703353],[73.39075559450954,17.0680582691559],[73.3908456649642,17.068510809390286],[73.39046911528182,17.06859818780507],[73.39027502845494,17.06931956925777],[73.38970903825813,17.069586173225886]]]},"id":"172"},{"type":"Feature","properties":{"id":"173","metrics:area":600,"metrics:perimeter":100},"geometry":{"type":"Polygon","coordinates":[[[73.39321629327578,17.05497479913778],[73.39321783892494,17.05479408062052],[73.39349964988256,17.054796310582972],[73.39349810450422,17.054977029125272],[73.39321629327578,17.05497479913778]]]},"id":"173"},{"type":"Feature","properties":{"id":"174","metrics:area":2150,"metrics:perimeter":195.47442467302884},"geometry":{"type":"Polygon","coordinates":[[[73.30801490442015,17.05455374882868],[73.30801978699058,17.05401161658954],[73.30848944976727,17.054015529834384],[73.30829751652227,17.054465741600616],[73.30801490442015,17.05455374882868]]]},"id":"174"},{"type":"Feature","properties":{"id":"175","metrics:area":4800,"metrics:perimeter":299.9028643084599},"geometry":{"type":"Polygon","coordinates":[[[73.36888361325242,17.055142236441803],[73.36879281552969,17.05478004911162],[73.36945271920425,17.054514256240118],[73.36991847782302,17.0549698186078],[73.36888361325242,17.055142236441803]]]},"id":"175"},{"type":"Feature","properties":{"id":"176","metrics:area":2700,"metrics:perimeter":213.74155661710353},"geometry":{"type":"Polygon","coordinates":[[[73.33365874666914,17.054765831130922],[73.33357042290757,17.05413256425946],[73.33394615829995,17.054135647694757],[73.33413082119782,17.054498615499227],[73.33365874666914,17.054765831130922]]]},"id":"176"},{"type":"Feature","properties":{"id":"177","metrics:area":13500,"metrics:perimeter":519.6434105869164},"geometry":{"type":"Polygon","coordinates":[[[73.38315727711591,17.055798595460285],[73.38288168867447,17.055073480680296],[73.38250749811544,17.054889770058935],[73.38260454632709,17.054529083235412],[73.38354391010297,17.054536563901582],[73.38372478640352,17.05535128902631],[73.38400504231414,17.05553424991776],[73.38400271043598,17.0558053264396],[73.38315727711591,17.055798595460285]]]},"id":"177"},{"type":"Feature","properties":{"id":"178","metrics:area":4450,"metrics:perimeter":259.5994209933726},"geometry":{"type":"Polygon","coordinates":[[[73.39039508655621,17.055313914294274],[73.39002243565521,17.054949498636226],[73.39021340653831,17.054589551787085],[73.390495216772,17.054591785892555],[73.39077315706975,17.055045815359712],[73.390770835026,17.055316892801137],[73.39039508655621,17.055313914294274]]]},"id":"178"},{"type":"Feature","properties":{"id":"179","metrics:area":1600,"metrics:perimeter":160},"geometry":{"type":"Polygon","coordinates":[[[73.33329182778861,17.053768825022225],[73.33329503408429,17.053407398803838],[73.33367076797396,17.053410482621597],[73.33366756240028,17.053771908909212],[73.33329182778861,17.053768825022225]]]},"id":"179"},{"type":"Feature","properties":{"id":"180","metrics:area":1050,"metrics:perimeter":131.6227766016838},"geometry":{"type":"Polygon","coordinates":[[[73.3501060280138,17.053906149044927],[73.35010840851031,17.053635077070066],[73.35039100502273,17.053547009360674],[73.35038783157859,17.053908438713574],[73.3501060280138,17.053906149044927]]]},"id":"180"},{"type":"Feature","properties":{"id":"181","metrics:area":1250,"metrics:perimeter":142.8538328578604},"geometry":{"type":"Polygon","coordinates":[[[73.38890139218513,17.0542176845124],[73.38890371676673,17.053946607291717],[73.38918630056983,17.053858484045072],[73.38927713818606,17.054220665597285],[73.38890139218513,17.0542176845124]]]},"id":"181"},{"type":"Feature","properties":{"id":"182","metrics:area":1000,"metrics:perimeter":141.9803902718557},"geometry":{"type":"Polygon","coordinates":[[[73.37622079009199,17.05402630704585],[73.37575189230658,17.053932191943208],[73.3757534546499,17.05375147496976],[73.37622235199353,17.053845590031905],[73.37622079009199,17.05402630704585]]]},"id":"182"},{"type":"Feature","properties":{"id":"183","metrics:area":500,"metrics:perimeter":107.96691275336339},"geometry":{"type":"Polygon","coordinates":[[[73.38702343908369,17.054112409679163],[73.38664924560014,17.05392870649611],[73.3869318301457,17.053840586475815],[73.38702343908369,17.054112409679163]]]},"id":"183"},{"type":"Feature","properties":{"id":"184","metrics:area":500,"metrics:perimeter":89.44271909999159},"geometry":{"type":"Polygon","coordinates":[[[73.37359215385679,17.053824539232657],[73.3734997827782,17.053643070016374],[73.37368843591214,17.0535542164476],[73.3737808071452,17.053735685591416],[73.37359215385679,17.053824539232657]]]},"id":"184"},{"type":"Feature","properties":{"id":"185","metrics:area":3000,"metrics:perimeter":226.70174982185148},"geometry":{"type":"Polygon","coordinates":[[[73.31619922517689,17.053266350363028],[73.3157303723994,17.05317209936954],[73.31573280236884,17.052901032135097],[73.31620327399793,17.052814571529645],[73.31657657466987,17.05308875421617],[73.31619922517689,17.053266350363028]]]},"id":"185"},{"type":"Feature","properties":{"id":"186","metrics:area":1400,"metrics:perimeter":185.60219778561037},"geometry":{"type":"Polygon","coordinates":[[[73.37678752770725,17.053669379421365],[73.37613154020785,17.053483404782664],[73.37613310214246,17.05330268776709],[73.37678908902912,17.05348866235013],[73.37678752770725,17.053669379421365]]]},"id":"186"},{"type":"Feature","properties":{"id":"187","metrics:area":11850,"metrics:perimeter":854.0374633962676},"geometry":{"type":"Polygon","coordinates":[[[73.3687975228267,17.054237900108152],[73.36842491943817,17.053873448513638],[73.36795524268247,17.053869673900866],[73.36814703746997,17.053419393148474],[73.36852277800071,17.05342241249347],[73.36843276616378,17.052969866910093],[73.36871457092084,17.05297213102971],[73.36870907921087,17.053604638249954],[73.36852042409686,17.053693486983477],[73.36870594098556,17.053966070928798],[73.36898853170305,17.053877976616327],[73.36899402256587,17.053245469324732],[73.36974471929302,17.053341862347615],[73.36974707137945,17.0530707876824],[73.36993494143698,17.053072295931845],[73.37002652479264,17.05334412469476],[73.36955528072181,17.053521070321477],[73.36936270480872,17.054061710878553],[73.3687975228267,17.054237900108152]]]},"id":"187"},{"type":"Feature","properties":{"id":"188","metrics:area":900,"metrics:perimeter":123.24555320336759},"geometry":{"type":"Polygon","coordinates":[[[73.3505836332086,17.053006391449202],[73.3506799468373,17.052736082378484],[73.35096174872935,17.052738371098705],[73.35086543549224,17.053008680338195],[73.3505836332086,17.053006391449202]]]},"id":"188"},{"type":"Feature","properties":{"id":"189","metrics:area":8150,"metrics:perimeter":453.5052854974594},"geometry":{"type":"Polygon","coordinates":[[[73.34550562976014,17.05359762447292],[73.34541647002109,17.053054716363658],[73.34504153049379,17.052961297236763],[73.34504471403247,17.052599868828523],[73.34542044855411,17.05260293076952],[73.34569827164017,17.05305701242806],[73.34635660418634,17.052972011232246],[73.34635342309693,17.05333343986761],[73.34606923469562,17.053602216105226],[73.34550562976014,17.05359762447292]]]},"id":"189"},{"type":"Feature","properties":{"id":"190","metrics:area":2250,"metrics:perimeter":198.309518948453},"geometry":{"type":"Polygon","coordinates":[[[73.366927452054,17.053228859293444],[73.36693137891915,17.052777068811903],[73.36749498747503,17.052781600777],[73.36720925698727,17.053231125534936],[73.366927452054,17.053228859293444]]]},"id":"190"},{"type":"Feature","properties":{"id":"191","metrics:area":2100,"metrics:perimeter":186.58628309519736},"geometry":{"type":"Polygon","coordinates":[[[73.37266297247439,17.052642354254377],[73.3725729506903,17.05218980965059],[73.37294947203027,17.052102462221868],[73.37313499436493,17.052375042575974],[73.37266297247439,17.052642354254377]]]},"id":"191"},{"type":"Feature","properties":{"id":"192","metrics:area":33900,"metrics:perimeter":946.449658453841},"geometry":{"type":"Polygon","coordinates":[[[73.3484128245635,17.054163474564056],[73.34804105885884,17.053708631742815],[73.3469146424265,17.053609100623458],[73.34720200920536,17.05297889430793],[73.34767326808229,17.05280200227664],[73.34796380869552,17.051810365539474],[73.34852661480882,17.051905307154687],[73.34852343810354,17.052266736225107],[73.34814452615856,17.052625109070977],[73.34842473901215,17.05280811580932],[73.34908307027219,17.05272310558442],[73.34908068843184,17.05299417744302],[73.349360902836,17.05317718300958],[73.34944928035166,17.053810447671207],[73.3484128245635,17.054163474564056]]]},"id":"192"},{"type":"Feature","properties":{"id":"193","metrics:area":46600,"metrics:perimeter":1175.3014153332506},"geometry":{"type":"Polygon","coordinates":[[[73.38777880700647,17.05366658294225],[73.38778500990156,17.052943710698607],[73.38750087605996,17.053212550101918],[73.3860933900713,17.053020637856022],[73.38581391167111,17.05274732100377],[73.38581701675785,17.05238588520704],[73.38610037531939,17.052207407203984],[73.3862866939771,17.052389618199115],[73.38750707984883,17.05248967792528],[73.387698827746,17.052039374518454],[73.389013148345,17.052140170868128],[73.38966837344877,17.052416463704795],[73.38966450132948,17.052868259306862],[73.38919482213032,17.05286453402421],[73.38947353149409,17.05322820575717],[73.3890939137552,17.053677020642578],[73.38777880700647,17.05366658294225]]]},"id":"193"},{"type":"Feature","properties":{"id":"194","metrics:area":1700,"metrics:perimeter":170.94884934605767},"geometry":{"type":"Polygon","coordinates":[[[73.33828630060381,17.052002494349804],[73.33781823429753,17.051817936893634],[73.33791456495864,17.05154763539863],[73.33838263073201,17.05173219258671],[73.33828630060381,17.052002494349804]]]},"id":"194"},{"type":"Feature","properties":{"id":"195","metrics:area":500,"metrics:perimeter":89.44271909999159},"geometry":{"type":"Polygon","coordinates":[[[73.35998653038394,17.051998183783827],[73.35989417376202,17.05181670955168],[73.36008283024317,17.051727869009667],[73.36017518701972,17.05190934316946],[73.35998653038394,17.051998183783827]]]},"id":"195"},{"type":"Feature","properties":{"id":"196","metrics:area":7000,"metrics:perimeter":399.30570341980047},"geometry":{"type":"Polygon","coordinates":[[[73.34692577231316,17.052344100015535],[73.34683342872958,17.05216262092541],[73.34626903262648,17.052248388952354],[73.34627141841146,17.051977317459766],[73.34664715192216,17.051980377023323],[73.34693292673815,17.05153088525221],[73.34758966449044,17.051626593984867],[73.34739702974085,17.052167208499185],[73.34692577231316,17.052344100015535]]]},"id":"196"},{"type":"Feature","properties":{"id":"197","metrics:area":2550,"metrics:perimeter":230.55385138137416},"geometry":{"type":"Polygon","coordinates":[[[73.38610192754463,17.052026689272104],[73.38638683721526,17.0516674928325],[73.38695044789705,17.051671970528876],[73.38694812082726,17.051943047548612],[73.38610192754463,17.052026689272104]]]},"id":"197"},{"type":"Feature","properties":{"id":"198","metrics:area":2050,"metrics:perimeter":177.4000583838024},"geometry":{"type":"Polygon","coordinates":[[[73.3609258709097,17.052005767973537],[73.36064643371758,17.0517324197073],[73.36074273248428,17.051462104519572],[73.36102453389478,17.051464379113867],[73.3611145271905,17.051916926448445],[73.3609258709097,17.052005767973537]]]},"id":"198"},{"type":"Feature","properties":{"id":"199","metrics:area":1665900,"metrics:perimeter":12129.156471658638},"geometry":{"type":"Polygon","coordinates":[[[73.3613554561887,17.0673711402764],[73.36117072799055,17.067008192022328],[73.36051313697845,17.067002879814876],[73.36032841077733,17.06663993095261],[73.35957766957802,17.066543499050166],[73.35958319646656,17.065910995529578],[73.35911586096763,17.0656361249894],[73.35911980965754,17.065184336829173],[73.35930848046193,17.065095498309887],[73.35846380578461,17.064998303317108],[73.3583674950758,17.065268616195855],[73.35789779219904,17.065264815867057],[73.35780543235458,17.06508334052204],[73.35705311804655,17.065167614998373],[73.35687235419984,17.064352875969078],[73.35649659400386,17.06434983318326],[73.35631187804572,17.063986881467997],[73.35650845766698,17.062994470254598],[73.35632690651826,17.062270088491584],[73.35585800277283,17.06217592657631],[73.35567408106675,17.061722616989062],[73.35539147367788,17.061810691137158],[73.35557697730948,17.06208328592585],[73.35528962073235,17.06271350479117],[73.35472519411603,17.062799293838047],[73.35425866603299,17.062434055871822],[73.35417027076396,17.06180079206148],[73.35398318549369,17.061708911044384],[73.35417423040741,17.06134900485598],[73.35614931135517,17.06109391897117],[73.35661742192177,17.061278437557213],[73.3569008186654,17.06110000400874],[73.35708553349268,17.061462955139437],[73.35736734938435,17.0614652361025],[73.3569979192528,17.060739334141008],[73.35671610450261,17.060737052759162],[73.35661979411368,17.061007364888216],[73.35596459871435,17.060730967163273],[73.35587382475441,17.060368776157805],[73.35653139100432,17.06037410139071],[73.35653376318697,17.06010302870936],[73.35606565554399,17.059918510170334],[73.35559438425675,17.060095420710404],[73.3554080910431,17.05991318356683],[73.35541442090796,17.05919032344275],[73.35475527610248,17.059365709926695],[73.35438981823636,17.058188016900953],[73.3542019445298,17.058186493830352],[73.35419323501475,17.059180425977694],[73.3537235483501,17.05917661730617],[73.35381352570676,17.059629166347996],[73.35427846275915,17.060175119674582],[73.35371325159876,17.06035126398072],[73.35342668446239,17.060891122584206],[73.35314407760025,17.06097919362554],[73.35305251670337,17.06070735922535],[73.35276990999918,17.060795429755753],[73.35220866006085,17.060519782770182],[73.35193160397357,17.059975350665397],[73.35155585347113,17.059972299492028],[73.35165375634443,17.059521275638538],[73.35212265056455,17.059615446538015],[73.35222213732291,17.058983707512947],[73.35147064025202,17.05897760589026],[73.35128593875572,17.058614650714006],[73.35166327246283,17.05843698744424],[73.35166803026077,17.05789484330179],[73.35232796434245,17.057629109233787],[73.35233034218464,17.057358037053817],[73.35195221845738,17.0576260592003],[73.35157726562976,17.0575326511138],[73.35158043750143,17.05717122167243],[73.35233430515825,17.056906250070444],[73.35262007571518,17.056456749968433],[73.35262324536868,17.05609532029852],[73.3521583224777,17.05554936426142],[73.35253406424896,17.05555241355392],[73.3526248301664,17.055914605458536],[73.35300057275651,17.055917653951138],[73.35328475596238,17.05564886750862],[73.35319557299388,17.05510596088451],[73.35338581947154,17.054836412228116],[73.3530108711235,17.05474300718703],[73.35320190947705,17.054383101225344],[73.35310955874255,17.05420162441223],[73.35254595000235,17.054197052160934],[73.35254832702248,17.05392597985969],[73.3536810854727,17.053302620220677],[73.35359031826445,17.052940428632176],[73.35406157241505,17.052763521236233],[73.35406394703715,17.0524924486895],[73.35472148512376,17.052497777400152],[73.35491330876833,17.0520475117113],[73.35585027516521,17.052326192186477],[73.3564146696271,17.052240397157473],[73.35651334559812,17.051699011636636],[73.35698617455908,17.051341381606722],[73.35726797525628,17.05134366139694],[73.35754661675344,17.05170737153261],[73.3580178648334,17.051530454340043],[73.35886168997646,17.05171800380406],[73.35932662534768,17.05226394554698],[73.35895088886546,17.052260909389148],[73.35894931051068,17.05244162487],[73.35941819261771,17.052535777761847],[73.35932189130848,17.052806092081745],[73.36082405403809,17.052908587997546],[73.36111058655284,17.052368715650775],[73.36195678287936,17.05228517920489],[73.3620483540745,17.052557010561884],[73.36270746978234,17.05238159762459],[73.36289376391488,17.052563828162842],[73.36251251373604,17.053193303835045],[73.36288510341421,17.053557765204737],[73.36316769547687,17.053469679175826],[73.36298612386263,17.052745301298856],[73.36364681350732,17.052389169396054],[73.36392625633933,17.052662513975044],[73.36392310909993,17.053023945822005],[73.36476694899929,17.0532114717953],[73.36551292548397,17.05385002841893],[73.36569136351444,17.05493583698979],[73.36512224455402,17.05556380542792],[73.36662836455511,17.05521447025122],[73.36624712003511,17.05584395339598],[73.36558878027374,17.055929019001333],[73.36540248026095,17.05574679048238],[73.36530618522475,17.056017108160383],[73.36493044011074,17.056014082418905],[73.3646517777546,17.05565038078465],[73.36465571068281,17.055198590925475],[73.36399658607357,17.055374009448784],[73.36399973363184,17.05501257767199],[73.36437704995726,17.054834889035906],[73.36409996388372,17.054290470932138],[73.36344241642405,17.054285172042647],[73.36297037777568,17.0545524595329],[73.3629625040115,17.055456038524195],[73.36230889137022,17.054998946264668],[73.36183527359043,17.05544694649625],[73.36183133382013,17.055898735705327],[73.36249046168533,17.05572332455629],[73.36267439590084,17.056176629134],[73.36323801345083,17.056181173789007],[73.36370061097992,17.056998181073634],[73.36303202958793,17.058257890383096],[73.36218423031742,17.058522144653804],[73.36180375206223,17.059061259582037],[73.36124012627806,17.059056710202423],[73.3612377610407,17.0593277835532],[73.36302179162658,17.059432542663913],[73.36339990535458,17.059164498883234],[73.363960383631,17.059530473918],[73.36395487367285,17.060162979225204],[73.36366990960732,17.060522139109004],[73.36432511797155,17.060798512870104],[73.36451299524644,17.060800026798898],[73.36442377828952,17.06025712236033],[73.3647079537811,17.059988319184157],[73.36517685850909,17.060082460575273],[73.36518157779452,17.05954031283533],[73.3657483511544,17.059183419453422],[73.36603016485192,17.059185688097898],[73.3661217445515,17.059457518236993],[73.36678009675376,17.059372451973328],[73.36705484010022,17.06018794158754],[73.36677223895296,17.060276032261243],[73.36658829140136,17.059822730377004],[73.36555182542233,17.06017584453047],[73.3659236478888,17.060630659762875],[73.36695618730685,17.06072933403563],[73.36676359481838,17.06126997048114],[73.36629389996261,17.061266190439177],[73.36638076439344,17.062080168486194],[73.36666179657854,17.062172794629074],[73.36628289433706,17.062531202275405],[73.36665472283542,17.062986016619917],[73.36627110155231,17.063886571917593],[73.36589298128767,17.06415462046493],[73.36523697216644,17.063968608572154],[73.36466546050526,17.06486764638436],[73.36410496570252,17.06450167199252],[73.36344817010699,17.064406012209123],[73.3629729532541,17.065034728515357],[73.36212591070739,17.06520862195732],[73.36174699392271,17.06556701975584],[73.36174147444052,17.066199523985315],[73.36258773365189,17.066115990364512],[73.36277009987609,17.066750010880273],[73.36173516617232,17.06692238591152],[73.36136255481127,17.06655792079655],[73.36126703591155,17.066737877585613],[73.36154649438905,17.067011226613587],[73.3613554561887,17.0673711402764]]]},"id":"199"},{"type":"Feature","properties":{"id":"200","metrics:area":5700,"metrics:perimeter":403.07759976829544},"geometry":{"type":"Polygon","coordinates":[[[73.35086860784024,17.052647250866087],[73.35106044056742,17.052196989638954],[73.35097443670246,17.05129265302101],[73.35153882897201,17.05120687146575],[73.35124592934818,17.052469587266494],[73.35086860784024,17.052647250866087]]]},"id":"200"},{"type":"Feature","properties":{"id":"201","metrics:area":4800,"metrics:perimeter":273.6931687685298},"geometry":{"type":"Polygon","coordinates":[[[73.31762439525662,17.051470912832375],[73.3168745602126,17.051283974193282],[73.316878606911,17.050832195114502],[73.31725514163165,17.050744953010348],[73.31762844019978,17.051019133587218],[73.31762439525662,17.051470912832375]]]},"id":"201"},{"type":"Feature","properties":{"id":"202","metrics:area":1400,"metrics:perimeter":151.2310562561766},"geometry":{"type":"Polygon","coordinates":[[[73.30879727329877,17.051126503682863],[73.30880052616715,17.050765081925164],[73.3091762500403,17.050768210586494],[73.30917381093782,17.051039276958722],[73.30879727329877,17.051126503682863]]]},"id":"202"},{"type":"Feature","properties":{"id":"203","metrics:area":900,"metrics:perimeter":123.5917360311745},"geometry":{"type":"Polygon","coordinates":[[[73.34777991452827,17.051357050887532],[73.34778229800196,17.05108597916375],[73.34797095839173,17.05099715030603],[73.34806171393932,17.05135934345171],[73.34777991452827,17.051357050887532]]]},"id":"203"},{"type":"Feature","properties":{"id":"204","metrics:area":1000,"metrics:perimeter":126.49110640673517},"geometry":{"type":"Polygon","coordinates":[[[73.35773843288995,17.05125710248454],[73.35764686857256,17.050985269742984],[73.35792945842861,17.050897190863985],[73.35802102313586,17.051169023511957],[73.35773843288995,17.05125710248454]]]},"id":"204"},{"type":"Feature","properties":{"id":"205","metrics:area":800,"metrics:perimeter":138.41619252963778},"geometry":{"type":"Polygon","coordinates":[[[73.3963462977957,17.051475290452814],[73.39615919812027,17.051383447347778],[73.39587893465652,17.05120050268959],[73.39634861124335,17.05120421216509],[73.3963462977957,17.051475290452814]]]},"id":"205"},{"type":"Feature","properties":{"id":"206","metrics:area":2350,"metrics:perimeter":221.48755042329043},"geometry":{"type":"Polygon","coordinates":[[[73.34383711651793,17.051053842789027],[73.34402737095282,17.05078430361283],[73.3446856956817,17.050699307190577],[73.3444946461704,17.051059204168453],[73.34383711651793,17.051053842789027]]]},"id":"206"},{"type":"Feature","properties":{"id":"207","metrics:area":1450,"metrics:perimeter":154.084889114037},"geometry":{"type":"Polygon","coordinates":[[[73.36948016444855,17.05135171883582],[73.36938936670524,17.050989531701582],[73.36976588652072,17.050902190089225],[73.36976275085523,17.05126362305493],[73.36948016444855,17.05135171883582]]]},"id":"207"},{"type":"Feature","properties":{"id":"208","metrics:area":14100,"metrics:perimeter":628.3301036464794},"geometry":{"type":"Polygon","coordinates":[[[73.36552628841412,17.05231394187776],[73.36496346809842,17.052219046556434],[73.36469031527702,17.051222839261296],[73.36393805780288,17.05130714442951],[73.3644124461395,17.050768779782974],[73.36506998161629,17.050774074474244],[73.36553572023601,17.051229645349963],[73.36553257637213,17.0515910775393],[73.36524998802118,17.051679167215305],[73.3655294324315,17.05195250971524],[73.36552628841412,17.05231394187776]]]},"id":"208"},{"type":"Feature","properties":{"id":"209","metrics:area":3200,"metrics:perimeter":232.9319295107592},"geometry":{"type":"Polygon","coordinates":[[[73.36046329631735,17.051188756079977],[73.36056117164482,17.050737725309812],[73.36121791773235,17.050833390315447],[73.36112083196062,17.05119406368113],[73.36046329631735,17.051188756079977]]]},"id":"209"},{"type":"Feature","properties":{"id":"210","metrics:area":9250,"metrics:perimeter":468.42236906853395},"geometry":{"type":"Polygon","coordinates":[[[73.3720109082515,17.052004575260558],[73.37201560545304,17.051462425238025],[73.37173458548062,17.051369807564846],[73.37164378329093,17.05100762106617],[73.37286649159348,17.05083669226756],[73.37276786270712,17.05137808987651],[73.37239134279726,17.051465437091437],[73.37248136395064,17.05191798173948],[73.3720109082515,17.052004575260558]]]},"id":"210"},{"type":"Feature","properties":{"id":"211","metrics:area":1400,"metrics:perimeter":155.9524158061724},"geometry":{"type":"Polygon","coordinates":[[[73.33482199317766,17.05070903076527],[73.33501305994409,17.050349144468488],[73.33529485601578,17.05035145461188],[73.3351977219658,17.050712111286035],[73.33482199317766,17.05070903076527]]]},"id":"211"},{"type":"Feature","properties":{"id":"212","metrics:area":2000,"metrics:perimeter":185.91032963050384},"geometry":{"type":"Polygon","coordinates":[[[73.34628016591606,17.050983388589042],[73.34619100443615,17.050440480599466],[73.34647280224628,17.050442775248463],[73.34665669245958,17.0508960907714],[73.34628016591606,17.050983388589042]]]},"id":"212"},{"type":"Feature","properties":{"id":"213","metrics:area":700,"metrics:perimeter":112.36067977499789},"geometry":{"type":"Polygon","coordinates":[[[73.39663195925611,17.05102571844184],[73.39663350124144,17.050844999550844],[73.39700924193014,17.050847965762376],[73.39691376503629,17.051027943190583],[73.39663195925611,17.05102571844184]]]},"id":"213"},{"type":"Feature","properties":{"id":"214","metrics:area":28600,"metrics:perimeter":1096.9006763891143},"geometry":{"type":"Polygon","coordinates":[[[73.36843355081,17.052879508745136],[73.36768364202963,17.052692752952012],[73.36787386620895,17.052423188648973],[73.3672186796378,17.052146828191418],[73.36731418436806,17.05196686722342],[73.36684843939327,17.051511299932084],[73.3668523660287,17.051059509392154],[73.36779013535903,17.051247777730968],[73.36834981649741,17.051704097790328],[73.36844531992871,17.05152413617015],[73.36797800341054,17.05124928763416],[73.36798035773872,17.05097821315256],[73.36845081181539,17.050891628903983],[73.36864260175437,17.05044134719369],[73.36920541963252,17.05053623203121],[73.36863083485119,17.051796720046564],[73.36834903186833,17.05179445596194],[73.36843355081,17.052879508745136]]]},"id":"214"},{"type":"Feature","properties":{"id":"215","metrics:area":1350,"metrics:perimeter":155.71155468592366},"geometry":{"type":"Polygon","coordinates":[[[73.33576291577354,17.050536017375652],[73.33586084880827,17.050085003618342],[73.33614264460581,17.050087312551007],[73.33614024449466,17.05035838269838],[73.33576291577354,17.050536017375652]]]},"id":"215"},{"type":"Feature","properties":{"id":"216","metrics:area":15250,"metrics:perimeter":697.2930731841285},"geometry":{"type":"Polygon","coordinates":[[[73.31076576684796,17.05159469941562],[73.31048640976148,17.05132128853826],[73.3098280779114,17.051406172478092],[73.309360860221,17.05113119651983],[73.31002081642197,17.050865603033333],[73.30983701781332,17.050412262108615],[73.3102184286358,17.04978290019739],[73.3107820119443,17.049787588733444],[73.3108743181829,17.049969081096343],[73.31087106946305,17.050330503270487],[73.31049453376222,17.050417733345583],[73.31048884701376,17.051050221989286],[73.31086213507453,17.051324414180066],[73.31076576684796,17.05159469941562]]]},"id":"216"},{"type":"Feature","properties":{"id":"217","metrics:area":2100,"metrics:perimeter":184.4425027842089},"geometry":{"type":"Polygon","coordinates":[[[73.35220190818222,17.050579705839308],[73.35173303604384,17.05048553699572],[73.3518301389295,17.050124869624113],[73.35229901025421,17.050219038172738],[73.35220190818222,17.050579705839308]]]},"id":"217"},{"type":"Feature","properties":{"id":"218","metrics:area":2550,"metrics:perimeter":209.5405752046296},"geometry":{"type":"Polygon","coordinates":[[[73.31923093399402,17.05039986489856],[73.3189531816592,17.049945752863472],[73.31961069907157,17.04995119444883],[73.31960746715339,17.05031261825367],[73.31923093399402,17.05039986489856]]]},"id":"218"},{"type":"Feature","properties":{"id":"219","metrics:area":650,"metrics:perimeter":103.98345637668169},"geometry":{"type":"Polygon","coordinates":[[[73.38470532704126,17.050569743419956],[73.3847068804496,17.05038902558372],[73.38489552583076,17.05030016084033],[73.38498713048061,17.050571984656578],[73.38470532704126,17.050569743419956]]]},"id":"219"},{"type":"Feature","properties":{"id":"220","metrics:area":3000,"metrics:perimeter":220},"geometry":{"type":"Polygon","coordinates":[[[73.31143546652049,17.050244834573128],[73.31144033791676,17.049702701143964],[73.31190999075807,17.049706605523077],[73.31190512071515,17.050248739083763],[73.31143546652049,17.050244834573128]]]},"id":"220"},{"type":"Feature","properties":{"id":"221","metrics:area":800,"metrics:perimeter":115.60623297836548},"geometry":{"type":"Polygon","coordinates":[[[73.30937224112341,17.04986621994026],[73.30946861016585,17.049595935421888],[73.30974958871407,17.049688636395917],[73.30965403275677,17.049868565588472],[73.30937224112341,17.04986621994026]]]},"id":"221"},{"type":"Feature","properties":{"id":"222","metrics:area":7350,"metrics:perimeter":476.92307059160845},"geometry":{"type":"Polygon","coordinates":[[[73.38413861233411,17.050926695336525],[73.38404856287109,17.050474153460325],[73.38301217471682,17.050827364318057],[73.3832062631803,17.050105989299183],[73.38451901169421,17.05038753122573],[73.38432648159302,17.050928190092105],[73.38413861233411,17.050926695336525]]]},"id":"222"},{"type":"Feature","properties":{"id":"223","metrics:area":700,"metrics:perimeter":114.47660945954419},"geometry":{"type":"Polygon","coordinates":[[[73.34206036649464,17.05013570990721],[73.34215748727462,17.04977504875146],[73.34225141934839,17.049775815514018],[73.34234296030702,17.05004765324445],[73.34206036649464,17.05013570990721]]]},"id":"223"},{"type":"Feature","properties":{"id":"224","metrics:area":1600,"metrics:perimeter":162.61297173761164},"geometry":{"type":"Polygon","coordinates":[[[73.3467585747709,17.049993283490476],[73.34676175442021,17.04963185466227],[73.34723062089724,17.049726034594823],[73.34713430440823,17.04999634180817],[73.3467585747709,17.049993283490476]]]},"id":"224"},{"type":"Feature","properties":{"id":"225","metrics:area":3050,"metrics:perimeter":221.93904448198552},"geometry":{"type":"Polygon","coordinates":[[[73.34544352165167,17.049982573910004],[73.34535356725551,17.04953002289922],[73.34582481851058,17.04935313450059],[73.34600870628533,17.049806450428107],[73.34544352165167,17.049982573910004]]]},"id":"225"},{"type":"Feature","properties":{"id":"226","metrics:area":2100,"metrics:perimeter":186.31376058369824},"geometry":{"type":"Polygon","coordinates":[[[73.30646446822585,17.049390181996188],[73.30637379525335,17.04902797733877],[73.30675032928434,17.048940754818677],[73.3069341190756,17.049394097809568],[73.30646446822585,17.049390181996188]]]},"id":"226"},{"type":"Feature","properties":{"id":"227","metrics:area":22600,"metrics:perimeter":1109.072547650191},"geometry":{"type":"Polygon","coordinates":[[[73.38873444135228,17.051776498678063],[73.38883302524287,17.05123508942889],[73.38855431980409,17.050871417103888],[73.38808464585233,17.050867689676853],[73.38751793575052,17.051224651487264],[73.38723613097997,17.05122241367859],[73.38723768201808,17.05104169562775],[73.38808929635978,17.050325535268115],[73.38846425953655,17.050418876283068],[73.38846270973782,17.050599594454475],[73.38865135388292,17.050510726089495],[73.38847045854224,17.04969600356399],[73.38978553795805,17.049706434432967],[73.38950218641763,17.049884918239744],[73.38949986328652,17.05015599564871],[73.38884077257352,17.050331498429625],[73.38883922314523,17.050512216636175],[73.3892141871858,17.050605556327415],[73.38948824699283,17.05151138258052],[73.38873444135228,17.051776498678063]]]},"id":"227"},{"type":"Feature","properties":{"id":"228","metrics:area":1400,"metrics:perimeter":182.8010988928052},"geometry":{"type":"Polygon","coordinates":[[[73.38771743456158,17.049870757365724],[73.38771976022187,17.04959968018774],[73.38837574942944,17.049785617265023],[73.38837497452043,17.049875976352812],[73.38771743456158,17.049870757365724]]]},"id":"228"},{"type":"Feature","properties":{"id":"229","metrics:area":281700,"metrics:perimeter":5172.6704396531795},"geometry":{"type":"Polygon","coordinates":[[[73.39442048509578,17.056972364256573],[73.39414485044912,17.056247261020882],[73.39433813231491,17.055616231877572],[73.39396547255339,17.055251822772455],[73.39415798131485,17.054711153007467],[73.39378455104111,17.05443710300996],[73.39388312269551,17.053895690329824],[73.39350505855819,17.05416379565855],[73.39209755558099,17.05397192394474],[73.39219381189966,17.05370159012537],[73.3929453031332,17.053707539243607],[73.39303769384215,17.053889001208688],[73.39341498530749,17.053711256031523],[73.39304387659486,17.053166127105946],[73.39351973808458,17.052446969228434],[73.39276670582383,17.052621741180495],[73.39276438700568,17.052892818952806],[73.39238786988423,17.05298020378302],[73.39257342281559,17.05325276881984],[73.39219845137289,17.053159434768688],[73.39200980582925,17.053248306324942],[73.39219535840961,17.053520871676493],[73.39200748582893,17.053519383979484],[73.39172645046685,17.05342679290355],[73.39172877085917,17.05315571528408],[73.39248567129414,17.052529151229955],[73.39201831213367,17.052254354860498],[73.39163715525581,17.05288389364244],[73.39135689466184,17.052700942949294],[73.39088566780016,17.05287793996252],[73.39088334623187,17.053149017476738],[73.39153703089129,17.053606023172847],[73.39134683728174,17.053875612416483],[73.39059379788588,17.05405037562715],[73.38965520776105,17.053952568666446],[73.38946965871081,17.053680001279748],[73.38956746751917,17.053228950787016],[73.38984927562274,17.053231185616074],[73.38984695250849,17.053502262982317],[73.39059999010118,17.053327502406418],[73.39003792198712,17.053142316152933],[73.39032282652421,17.05278311373126],[73.39032747112952,17.05224095882566],[73.38976463215664,17.05214613122636],[73.38986785900549,17.051062566414988],[73.38968231209992,17.050789999364117],[73.39071559533743,17.050798190108083],[73.39137546003653,17.05053232202291],[73.39221700756706,17.050990813040695],[73.3922231923611,17.05026793902425],[73.39259893108111,17.05027091329616],[73.39269672998785,17.0498198603638],[73.39373387104283,17.04937623868144],[73.39410883612669,17.04946956935538],[73.39410188671575,17.05028280343892],[73.39438369103159,17.05028503160363],[73.39476328943718,17.049836205031585],[73.39607914511505,17.049756235814886],[73.39607683148724,17.05002731410529],[73.39579348461031,17.050205807153077],[73.39607143285758,17.050659830086943],[73.39569723556825,17.050476143358036],[73.39569954980811,17.05020506513017],[73.39532303905735,17.050292455997933],[73.39522678930277,17.050562791916693],[73.39560098621777,17.05074647948706],[73.39550396501771,17.051107174934415],[73.3958781632864,17.05129086209885],[73.39578191366402,17.0515611982796],[73.39634475547372,17.051656009307116],[73.39615302803509,17.05210632268496],[73.39596515650257,17.052104838768052],[73.39623925122952,17.053010658716115],[73.39595512829825,17.053279510968473],[73.39576957015363,17.053006948607067],[73.39548621827029,17.053185440771554],[73.39511047318982,17.053182471348585],[73.39501885254282,17.052910650819246],[73.39483020835505,17.052999525132975],[73.39491951294958,17.05354242376831],[73.39538687999874,17.053817214053478],[73.39528831267498,17.05435862783767],[73.39556780824157,17.05463193297194],[73.39509426367106,17.055080017680673],[73.39584344675765,17.055357034649294],[73.39546461017186,17.055715502932372],[73.39565171357198,17.05580734697578],[73.39545920757033,17.056348018370073],[73.39573793440638,17.056711682843456],[73.39526747226752,17.05679833012817],[73.39489326421595,17.05661464105716],[73.394796237627,17.05697533559548],[73.39442048509578,17.056972364256573]]]},"id":"229"},{"type":"Feature","properties":{"id":"230","metrics:area":2600,"metrics:perimeter":220.25125332328435},"geometry":{"type":"Polygon","coordinates":[[[73.3733447656947,17.049846512373094],[73.37296981372107,17.049753144162764],[73.37288135657982,17.04911988282985],[73.37334867630979,17.049394720293435],[73.3733447656947,17.049846512373094]]]},"id":"230"},{"type":"Feature","properties":{"id":"231","metrics:area":750,"metrics:perimeter":111.6227766016838},"geometry":{"type":"Polygon","coordinates":[[[73.33624617601193,17.04900380139159],[73.3362477758542,17.048823087927033],[73.33653036959412,17.04873503941098],[73.336527970244,17.049006109647944],[73.33624617601193,17.04900380139159]]]},"id":"231"},{"type":"Feature","properties":{"id":"232","metrics:area":45050,"metrics:perimeter":1602.9031248480635},"geometry":{"type":"Polygon","coordinates":[[[73.34824958023759,17.051360871610804],[73.34862928329386,17.05091214100465],[73.34853773266664,17.050640305302572],[73.34891425785162,17.05055300314325],[73.34882350086774,17.050190810242217],[73.34854249717205,17.050098161601348],[73.34836495577743,17.048921989144706],[73.34873988966015,17.049015401610408],[73.34892457831715,17.04937835818524],[73.34948737799425,17.049473296567196],[73.34968079688518,17.04884232182006],[73.35033911389013,17.048757306232723],[73.35051825396518,17.049752763284143],[73.35183727114942,17.04931165266624],[73.35164465124736,17.04985227259758],[73.35070136072795,17.05029643334473],[73.35004462503207,17.05020073493445],[73.34995386592746,17.049838542352248],[73.34976600098874,17.049837015901414],[73.34966413314669,17.05073982596907],[73.34984882505141,17.051102781946476],[73.34947229901192,17.051190085776902],[73.34947468002014,17.050919013816543],[73.34919446865305,17.050736008651167],[73.34909577268417,17.051277388877736],[73.34824958023759,17.051360871610804]]]},"id":"232"},{"type":"Feature","properties":{"id":"233","metrics:area":11650,"metrics:perimeter":529.7982441350954},"geometry":{"type":"Polygon","coordinates":[[[73.3830199498326,17.04992377588388],[73.38264965714666,17.04928827211694],[73.3831224354894,17.04893057633761],[73.38359210344834,17.04893431482661],[73.38358744037319,17.049476468103535],[73.38405944068639,17.04920912893576],[73.38424653135554,17.049300982527164],[73.38424187006147,17.049843135960252],[73.38349117476426,17.049746797081927],[73.3830199498326,17.04992377588388]]]},"id":"233"},{"type":"Feature","properties":{"id":"234","metrics:area":6850,"metrics:perimeter":441.6319161372015},"geometry":{"type":"Polygon","coordinates":[[[73.30975365213459,17.04923685890997],[73.30919088371726,17.049141812194343],[73.30919494834224,17.04869003481487],[73.30872611183658,17.048595768928198],[73.30872855121373,17.048324702553778],[73.30994963819353,17.048334867187542],[73.30957066814459,17.04869316237794],[73.30975365213459,17.04923685890997]]]},"id":"234"},{"type":"Feature","properties":{"id":"235","metrics:area":63800,"metrics:perimeter":1701.8489909471934},"geometry":{"type":"Polygon","coordinates":[[[73.35923821436239,17.05163068227376],[73.35858225644286,17.051444652984873],[73.35877249146034,17.051175098196524],[73.35839991476303,17.05081063029177],[73.35840544020861,17.050178126167502],[73.35709590769206,17.049534988125075],[73.35700592485072,17.049082439842078],[73.35747637678735,17.048995881039392],[73.35775264682002,17.049630663837515],[73.35850253036631,17.049817454470844],[73.35897377284503,17.049640534540007],[73.35981837963297,17.04973772161005],[73.35981995688672,17.04955700600223],[73.35953815850634,17.04955472998343],[73.35945132475018,17.048740751100343],[73.35917189430754,17.04846740132457],[73.36086267514862,17.048481053783263],[73.36151232368894,17.0493899381478],[73.36076007330273,17.04947423206274],[73.36066219938522,17.049925263080546],[73.36047512166901,17.04983338869362],[73.36028173674485,17.050464376717386],[73.3599991483564,17.05055245902633],[73.35990048318622,17.05109384722041],[73.35923979235977,17.051449966752255],[73.35923821436239,17.05163068227376]]]},"id":"235"},{"type":"Feature","properties":{"id":"236","metrics:area":8350,"metrics:perimeter":500.4772650504359},"geometry":{"type":"Polygon","coordinates":[[[73.31078769725956,17.049155099915286],[73.31004031800913,17.0486970708554],[73.31004275550667,17.04842600429913],[73.31041928725514,17.048338774709354],[73.31069864021619,17.04861218535265],[73.31079744294915,17.04807083327409],[73.31145495103517,17.048076300675],[73.31154725727126,17.04825779274413],[73.31107598415653,17.048434598986066],[73.31078769725956,17.049155099915286]]]},"id":"236"},{"type":"Feature","properties":{"id":"237","metrics:area":5250,"metrics:perimeter":326.1508377260927},"geometry":{"type":"Polygon","coordinates":[[[73.30740865281633,17.048855880196033],[73.30712849084885,17.048672820807226],[73.3070386307081,17.048220260958033],[73.3072297452202,17.04786040521202],[73.30769776524538,17.048045029744888],[73.30750502393639,17.048585596789643],[73.30778518619894,17.048768655681368],[73.30740865281633,17.048855880196033]]]},"id":"237"},{"type":"Feature","properties":{"id":"238","metrics:area":1350,"metrics:perimeter":168.48191962583275},"geometry":{"type":"Polygon","coordinates":[[[73.34179371803151,17.048416626485047],[73.34207790344226,17.048147855951747],[73.34245362849902,17.04815092260525],[73.34226337496828,17.04842046040895],[73.34179371803151,17.048416626485047]]]},"id":"238"},{"type":"Feature","properties":{"id":"239","metrics:area":4050,"metrics:perimeter":323.9510638594899},"geometry":{"type":"Polygon","coordinates":[[[73.34545465892684,17.04871757379433],[73.34536390931342,17.048355379941455],[73.34480032031205,17.048350787720885],[73.34480270763623,17.048079716326317],[73.34574122606358,17.04817772620576],[73.34583118106886,17.04863027712733],[73.34545465892684,17.04871757379433]]]},"id":"239"},{"type":"Feature","properties":{"id":"240","metrics:area":2000,"metrics:perimeter":181.9803902718557},"geometry":{"type":"Polygon","coordinates":[[[73.3748586429207,17.048593525859026],[73.37476861679461,17.04814098176949],[73.3752382808323,17.048144739403057],[73.37514044201998,17.04859578050246],[73.3748586429207,17.048593525859026]]]},"id":"240"},{"type":"Feature","properties":{"id":"241","metrics:area":600,"metrics:perimeter":103.24555320336759},"geometry":{"type":"Polygon","coordinates":[[[73.34264228786395,17.048062098638184],[73.34264388146411,17.047881384568775],[73.34292647158843,17.047793326755272],[73.34292487826863,17.04797404085218],[73.34264228786395,17.048062098638184]]]},"id":"241"},{"type":"Feature","properties":{"id":"242","metrics:area":5950,"metrics:perimeter":329.7935906444121},"geometry":{"type":"Polygon","coordinates":[[[73.35766582086806,17.048816684861926],[73.35747874592867,17.048724807925932],[73.3575758368125,17.048364136711964],[73.3583320293565,17.047828065575395],[73.3585151580396,17.048371730482174],[73.35766582086806,17.048816684861926]]]},"id":"242"},{"type":"Feature","properties":{"id":"243","metrics:area":600,"metrics:perimeter":100},"geometry":{"type":"Polygon","coordinates":[[[73.36312098689444,17.048047445359778],[73.36312256080757,17.04786672942228],[73.36340435716473,17.0478690002511],[73.36340278352226,17.048049716214088],[73.36312098689444,17.048047445359778]]]},"id":"243"},{"type":"Feature","properties":{"id":"244","metrics:area":900,"metrics:perimeter":123.59173603117449},"geometry":{"type":"Polygon","coordinates":[[[73.34527395552267,17.04790282891061],[73.34527634209738,17.047631757439],[73.34565127139288,17.047725175262784],[73.34555574939772,17.047905124500783],[73.34527395552267,17.04790282891061]]]},"id":"244"},{"type":"Feature","properties":{"id":"245","metrics:area":650,"metrics:perimeter":123.10122064520763},"geometry":{"type":"Polygon","coordinates":[[[73.33700802132948,17.04783531784514],[73.3367278280477,17.04765229687861],[73.3369180881489,17.047382764869493],[73.33700802132948,17.04783531784514]]]},"id":"245"},{"type":"Feature","properties":{"id":"246","metrics:area":1200,"metrics:perimeter":142.4621125123532},"geometry":{"type":"Polygon","coordinates":[[[73.37195141779229,17.048028054817177],[73.37186061619421,17.047665868403946],[73.37214241348192,17.04766812708691],[73.37223321563566,17.04803031342067],[73.37195141779229,17.048028054817177]]]},"id":"246"},{"type":"Feature","properties":{"id":"247","metrics:area":1900,"metrics:perimeter":169.64724878581438},"geometry":{"type":"Polygon","coordinates":[[[73.30976990457661,17.047429748756134],[73.30967922567088,17.047067545025154],[73.30986789649303,17.046978752777278],[73.31014805912604,17.047161808427276],[73.3101456219721,17.047432875031994],[73.30976990457661,17.047429748756134]]]},"id":"247"},{"type":"Feature","properties":{"id":"248","metrics:area":8050,"metrics:perimeter":451.3854918926695},"geometry":{"type":"Polygon","coordinates":[[[73.3595499893258,17.04819936300957],[73.35955156668655,17.048018647398806],[73.35898797465724,17.048014094623944],[73.35917741635012,17.047834896809114],[73.3590874288399,17.047382349013287],[73.35993281415033,17.047389176930785],[73.3603038113075,17.04793435749436],[73.36030144635625,17.04820543101396],[73.3599280832951,17.047931323890435],[73.3595499893258,17.04819936300957]]]},"id":"248"},{"type":"Feature","properties":{"id":"249","metrics:area":500,"metrics:perimeter":92.36067977499789},"geometry":{"type":"Polygon","coordinates":[[[73.35636104161232,17.047631397032738],[73.35636341216063,17.04736032403515],[73.35655127524974,17.047361844170823],[73.35654969506945,17.047542559520455],[73.35636104161232,17.047631397032738]]]},"id":"249"},{"type":"Feature","properties":{"id":"250","metrics:area":2800,"metrics:perimeter":257.2767955776961},"geometry":{"type":"Polygon","coordinates":[[[73.35569798634653,17.048258578523843],[73.35551486613383,17.047714911784684],[73.35589454492096,17.047266165290374],[73.35588585027028,17.048260099352422],[73.35569798634653,17.048258578523843]]]},"id":"250"},{"type":"Feature","properties":{"id":"251","metrics:area":17150,"metrics:perimeter":718.0792611686168},"geometry":{"type":"Polygon","coordinates":[[[73.34790006198203,17.04837602560083],[73.34771617055752,17.04792271105025],[73.34715258218144,17.04791812546791],[73.34715417143177,17.047737410982574],[73.34668292533476,17.04791430295591],[73.34612172263566,17.047638642921875],[73.34612331284923,17.047457928525958],[73.34734759561579,17.047106438881272],[73.3477201422937,17.047470924701894],[73.34809586707257,17.047473980803087],[73.3480934845867,17.047745052666095],[73.34856314134598,17.047748871880533],[73.34855837759663,17.04829101571257],[73.34790006198203,17.04837602560083]]]},"id":"251"},{"type":"Feature","properties":{"id":"252","metrics:area":1250,"metrics:perimeter":158.309518948453},"geometry":{"type":"Polygon","coordinates":[[[73.33175191113091,17.047340398607307],[73.33175511910463,17.046978972444993],[73.33222236475108,17.047253898948817],[73.33222156297583,17.04734425550979],[73.33175191113091,17.047340398607307]]]},"id":"252"},{"type":"Feature","properties":{"id":"253","metrics:area":4300,"metrics:perimeter":290.50439503549524},"geometry":{"type":"Polygon","coordinates":[[[73.30854882358948,17.047419583564885],[73.30836665767228,17.046785530866217],[73.3093026963156,17.047154773448792],[73.30930025794386,17.04742583993501],[73.30854882358948,17.047419583564885]]]},"id":"253"},{"type":"Feature","properties":{"id":"254","metrics:area":1200,"metrics:perimeter":146.0555127546399},"geometry":{"type":"Polygon","coordinates":[[[73.37280306977975,17.047311962187216],[73.3728054165741,17.047040886947627],[73.37327507740413,17.047044648884544],[73.37308486666942,17.047314219517574],[73.37280306977975,17.047311962187216]]]},"id":"254"},{"type":"Feature","properties":{"id":"255","metrics:area":19350,"metrics:perimeter":663.5205236947082},"geometry":{"type":"Polygon","coordinates":[[[73.38190752301567,17.04819798071021],[73.38078110394798,17.04809863877954],[73.38097208357152,17.04773870130536],[73.38078733160103,17.047375768644702],[73.38116617540697,17.047017328422168],[73.38201156839514,17.047024064329694],[73.3828499647398,17.04784402648217],[73.38284840979246,17.048024744197416],[73.3824726773722,17.048021752272167],[73.38210005634718,17.047657324353107],[73.38190752301567,17.04819798071021]]]},"id":"255"},{"type":"Feature","properties":{"id":"256","metrics:area":1400,"metrics:perimeter":231.39245325934772},"geometry":{"type":"Polygon","coordinates":[[[73.34809745537224,17.047293266223555],[73.34800670098205,17.046931073119964],[73.3476325659977,17.046747302401464],[73.34838163074384,17.047024485903886],[73.34837924873665,17.04729555781807],[73.34809745537224,17.047293266223555]]]},"id":"256"},{"type":"Feature","properties":{"id":"257","metrics:area":2100,"metrics:perimeter":184.4425027842089},"geometry":{"type":"Polygon","coordinates":[[[73.34866501145584,17.046846062429886],[73.34857425608263,17.046483869488398],[73.3490447034535,17.046397329976394],[73.34913545972731,17.04675952278573],[73.34866501145584,17.046846062429886]]]},"id":"257"},{"type":"Feature","properties":{"id":"258","metrics:area":1100,"metrics:perimeter":134.4766094595442},"geometry":{"type":"Polygon","coordinates":[[[73.34378220267261,17.046625579864386],[73.34369066077093,17.046353742659157],[73.34397324817645,17.046265683132724],[73.34406399442,17.046627877356933],[73.34378220267261,17.046625579864386]]]},"id":"258"},{"type":"Feature","properties":{"id":"259","metrics:area":1300,"metrics:perimeter":147.96691275336337},"geometry":{"type":"Polygon","coordinates":[[[73.35580456559936,17.046813616722538],[73.35543042186306,17.04662985973087],[73.35552672460308,17.04635954731021],[73.35580772722969,17.046452186129695],[73.35580456559936,17.046813616722538]]]},"id":"259"},{"type":"Feature","properties":{"id":"260","metrics:area":1150,"metrics:perimeter":154.17850021390794},"geometry":{"type":"Polygon","coordinates":[[[73.34143314249685,17.046696775897033],[73.34134319875702,17.04624422394894],[73.34153185654984,17.04615540087654],[73.34162100350396,17.04669830978031],[73.34143314249685,17.046696775897033]]]},"id":"260"},{"type":"Feature","properties":{"id":"261","metrics:area":2550,"metrics:perimeter":225.04645297747447},"geometry":{"type":"Polygon","coordinates":[[[73.35458504188291,17.046623013374333],[73.35458820582011,17.046261582996866],[73.35534044384006,17.04617731105337],[73.35524414095825,17.046447623375194],[73.35458504188291,17.046623013374333]]]},"id":"261"},{"type":"Feature","properties":{"id":"262","metrics:area":4600,"metrics:perimeter":273.2084962721683},"geometry":{"type":"Polygon","coordinates":[[[73.39619698331873,17.04695583473927],[73.39601065912306,17.046773632389176],[73.39610767637488,17.046412936280934],[73.39685913991647,17.046418868460812],[73.39694999035441,17.04678104778057],[73.39619698331873,17.04695583473927]]]},"id":"262"},{"type":"Feature","properties":{"id":"263","metrics:area":1850,"metrics:perimeter":180.19578422302465},"geometry":{"type":"Polygon","coordinates":[[[73.37224495381048,17.046674937628207],[73.37196628853673,17.046311245689168],[73.37206256800864,17.046040923354287],[73.37243672974503,17.046224651005133],[73.37224495381048,17.046674937628207]]]},"id":"263"},{"type":"Feature","properties":{"id":"264","metrics:area":12900,"metrics:perimeter":659.2964171730899},"geometry":{"type":"Polygon","coordinates":[[[73.35786394903039,17.047643553462642],[73.35739744906634,17.047278324918825],[73.35749611830619,17.046736938196744],[73.35721590394435,17.046553943895113],[73.35722143190948,17.045921439883152],[73.35750243495595,17.04601407637647],[73.35740692481365,17.046194032279825],[73.35805654872597,17.04710292577186],[73.35880878979548,17.04701864114097],[73.35899507497821,17.047200874564084],[73.35889877653051,17.047471189002785],[73.35786394903039,17.047643553462642]]]},"id":"264"},{"type":"Feature","properties":{"id":"265","metrics:area":31050,"metrics:perimeter":1696.276763746547},"geometry":{"type":"Polygon","coordinates":[[[73.34431872228443,17.04970231621425],[73.3443242947285,17.04906981652036],[73.3441364310937,17.049068284930243],[73.34423275116144,17.048797979449933],[73.3440464801317,17.04861573361378],[73.34357602589638,17.048702260840976],[73.34273223524495,17.04851465028234],[73.34263989742723,17.048333169736008],[73.3440480724369,17.048435019425384],[73.34414359612681,17.04825507105509],[73.34386419059193,17.047981702192416],[73.3444301660264,17.047715225560523],[73.34462280327897,17.047174613980957],[73.3446283738235,17.046542114032412],[73.34434817393502,17.04635910308105],[73.34444528778985,17.045998440149248],[73.3456687677429,17.045737317214105],[73.34566638201534,17.046008388790096],[73.34510041338004,17.046274869512008],[73.34509564008272,17.046817012471582],[73.34471832568917,17.046994665215042],[73.34471593840453,17.047265736626912],[73.34509086661058,17.047359155400976],[73.34508927541434,17.047539869704067],[73.34433145894961,17.048256602567818],[73.34442061453528,17.048799510927456],[73.34498579619584,17.048623390047467],[73.34526599995804,17.04880640042813],[73.34535595395711,17.049258951460008],[73.34488311100749,17.049616553001165],[73.34441424648585,17.049522367771644],[73.34431872228443,17.04970231621425]]]},"id":"265"},{"type":"Feature","properties":{"id":"266","metrics:area":1150,"metrics:perimeter":139.9358721828541},"geometry":{"type":"Polygon","coordinates":[[[73.38840441773769,17.04644233042841],[73.38831203470201,17.04626086691641],[73.38868931385272,17.046083129475473],[73.38878092265276,17.04635495197951],[73.38840441773769,17.04644233042841]]]},"id":"266"},{"type":"Feature","properties":{"id":"267","metrics:area":163350,"metrics:perimeter":5555.264589953222},"geometry":{"type":"Polygon","coordinates":[[[73.35492121955896,17.051143936074563],[73.35473889074221,17.050509911168838],[73.35549509960538,17.04997385215638],[73.35549905315239,17.049522064123956],[73.35493466679499,17.049607857299694],[73.35512727720372,17.049067233391725],[73.35447054215037,17.048971549466653],[73.35427872131507,17.049421815047708],[73.35390299146933,17.049418770043715],[73.35333385461635,17.050046703793182],[73.35305205642236,17.05004441871349],[73.3528681508711,17.049591107680083],[73.35211589878634,17.049675369154688],[73.35221220812029,17.04940505893255],[73.35183727114942,17.04931165266624],[73.35212302957054,17.048862152043544],[73.353061558866,17.04896012874379],[73.35325100673359,17.048780937047226],[73.353161825266,17.048238030348028],[73.35381855672685,17.048333718233646],[73.35391486281755,17.04806340689753],[73.35288161358382,17.048055030261526],[73.35278372216237,17.04850605596859],[73.35175047108565,17.04849767336895],[73.35166367144691,17.047683694037396],[73.35063042547456,17.047675306133158],[73.35035101044365,17.047401945437468],[73.35025469981161,17.047672254684308],[73.35053649405157,17.04767454333604],[73.35034625195296,17.04794408977821],[73.35062725365,17.048036735738343],[73.3504338389371,17.048667711783274],[73.34968317724488,17.04857124976859],[73.34968159034325,17.048751964470405],[73.3493997946101,17.048749674492726],[73.34902565456689,17.04856590593978],[73.34921669281229,17.048206003637006],[73.34997131908112,17.047850680386325],[73.34969111146245,17.04766767620918],[73.34998004477909,17.04685674925118],[73.35044969976742,17.046860563911913],[73.35044573474138,17.047312350911188],[73.35072911422337,17.04713392442826],[73.35166763363777,17.04723190677658],[73.35138742501337,17.04704890486677],[73.35148531863679,17.046597879996014],[73.35130062704293,17.046234925463498],[73.35073942115443,17.04595927799771],[73.35102279823444,17.045780850880703],[73.35158479650966,17.045966140096343],[73.35224468718718,17.045700402375502],[73.35205365747372,17.046060308337385],[73.35148928098846,17.046146092727696],[73.35186104238623,17.046600928982873],[73.35252172704037,17.046244833038013],[73.35260932231391,17.046968454878716],[73.35223438982652,17.04687504972909],[73.35204177418791,17.047415670477204],[73.35222805258303,17.047597909568577],[73.35260536245094,17.047420242366044],[73.35260298647515,17.04769131484839],[73.35279084953883,17.04769283848984],[73.35317211770548,17.04706338260185],[73.35280589493664,17.045976045811724],[73.35421643794662,17.04580675120666],[73.35411301282718,17.046890281034393],[73.35448636447686,17.047164397966515],[73.35429533710891,17.04752430623124],[73.35457554960777,17.04770730442628],[73.35457159428792,17.048159092328966],[73.35419507565159,17.048246405645997],[73.35409718718171,17.048697432242964],[73.35334493883816,17.048781698637196],[73.3533417720143,17.04914312869853],[73.35390694870617,17.048966982349274],[73.35380985052211,17.049327651151284],[73.35485259892855,17.04825173264706],[73.3555085411729,17.048437772760625],[73.35559931079709,17.048799963776883],[73.3560697623575,17.048713408226607],[73.35598136303817,17.048080144416616],[73.35645418314247,17.047722514803528],[73.35616764619209,17.04826238026982],[73.35690804237976,17.049533468305363],[73.3569040922164,17.049985256657916],[73.35662071323756,17.050163691848393],[73.35671148557566,17.050525882566134],[73.35623944875597,17.050793154485394],[73.35567743068727,17.050607876590778],[73.35557954394868,17.051058904003856],[73.35492121955896,17.051143936074563]]]},"id":"267"},{"type":"Feature","properties":{"id":"268","metrics:area":900,"metrics:perimeter":123.59173603117449},"geometry":{"type":"Polygon","coordinates":[[[73.34970697844469,17.045860528838844],[73.34970935832494,17.045589456704366],[73.35008428661385,17.045682866196646],[73.34998876989114,17.045862818014598],[73.34970697844469,17.045860528838844]]]},"id":"268"},{"type":"Feature","properties":{"id":"269","metrics:area":2200,"metrics:perimeter":219.05976604068005},"geometry":{"type":"Polygon","coordinates":[[[73.39733111608663,17.046151496109736],[73.39676828976883,17.046056689117574],[73.39658273655536,17.045784127816216],[73.39742736006478,17.045881158634323],[73.39733111608663,17.046151496109736]]]},"id":"269"},{"type":"Feature","properties":{"id":"270","metrics:area":1050,"metrics:perimeter":131.6227766016838},"geometry":{"type":"Polygon","coordinates":[[[73.34473185280963,17.045458593738573],[73.34473423980283,17.04518752227639],[73.34510995945018,17.04519058350228],[73.34501364294378,17.045460889761745],[73.34473185280963,17.045458593738573]]]},"id":"270"},{"type":"Feature","properties":{"id":"271","metrics:area":6800,"metrics:perimeter":416.9930723113133},"geometry":{"type":"Polygon","coordinates":[[[73.34360150781986,17.045810834139004],[73.34341842535825,17.045267159613598],[73.34322897283272,17.045446341686542],[73.342760916323,17.04526179651573],[73.34351474396283,17.044996854297352],[73.34407752657734,17.045091806334998],[73.34426220268321,17.0454547661655],[73.34360150781986,17.045810834139004]]]},"id":"271"},{"type":"Feature","properties":{"id":"272","metrics:area":1500,"metrics:perimeter":161.9803902718557},"geometry":{"type":"Polygon","coordinates":[[[73.3481141313481,17.045395762935996],[73.34811651345585,17.045124691007597],[73.34858695747572,17.04503815226759],[73.34858457605901,17.045309224262848],[73.3481141313481,17.045395762935996]]]},"id":"272"},{"type":"Feature","properties":{"id":"273","metrics:area":17350,"metrics:perimeter":686.5206758360442},"geometry":{"type":"Polygon","coordinates":[[[73.34754022394418,17.046565823717145],[73.3469861751062,17.045476950990043],[73.34660965975722,17.045564250421982],[73.34651255026276,17.045924914785243],[73.34604369360963,17.045830734017574],[73.34595294370655,17.045468540352083],[73.34623791379147,17.04510940579024],[73.34652129319844,17.044930985202],[73.34755293335284,17.04512010726468],[73.34792388860177,17.045665307064628],[73.34754022394418,17.046565823717145]]]},"id":"273"},{"type":"Feature","properties":{"id":"274","metrics:area":30700,"metrics:perimeter":1112.4977685091064},"geometry":{"type":"Polygon","coordinates":[[[73.3090249733316,17.046700650246954],[73.30874887761958,17.04606581580621],[73.30799907561567,17.045878846988185],[73.30809788380651,17.045337496648813],[73.30931895098604,17.04534766334742],[73.30941694239739,17.044896667497667],[73.3098898322554,17.044539153304637],[73.31026310731073,17.04481334553625],[73.31073274765195,17.044817251551734],[73.31025660952659,17.04553619000853],[73.31053189777968,17.046261378377075],[73.31024929914011,17.04634938997559],[73.3096914140793,17.045712212204666],[73.30922258450232,17.04561794807745],[73.309312449356,17.046070507428297],[73.30959342270042,17.04616320817311],[73.30958935967209,17.046614985757994],[73.3090249733316,17.046700650246954]]]},"id":"274"},{"type":"Feature","properties":{"id":"275","metrics:area":6100,"metrics:perimeter":307.84329596282123},"geometry":{"type":"Polygon","coordinates":[[[73.35900848563132,17.04566479204361],[73.35835491564909,17.045207690400513],[73.35873379361185,17.044849295261823],[73.3593897293068,17.045035322200402],[73.35929106678931,17.045576710478347],[73.35900848563132,17.04566479204361]]]},"id":"275"},{"type":"Feature","properties":{"id":"276","metrics:area":14050,"metrics:perimeter":451.333600532227},"geometry":{"type":"Polygon","coordinates":[[[73.3548731618808,17.045902435012838],[73.35459453346273,17.045538722201695],[73.35469479098387,17.044816622147295],[73.35507209311642,17.044638949627746],[73.35582274391953,17.04473539063053],[73.35572090996432,17.045638206934573],[73.3548731618808,17.045902435012838]]]},"id":"276"},{"type":"Feature","properties":{"id":"277","metrics:area":3900,"metrics:perimeter":257.2683488998973},"geometry":{"type":"Polygon","coordinates":[[[73.35234495377527,17.044978304282846],[73.35206633177926,17.044614588513685],[73.35272621699634,17.04434884872309],[73.35300404834712,17.044802921209666],[73.35234495377527,17.044978304282846]]]},"id":"277"},{"type":"Feature","properties":{"id":"278","metrics:area":3150,"metrics:perimeter":234.21148459500188},"geometry":{"type":"Polygon","coordinates":[[[73.38005533867569,17.045110808021626],[73.37968272800151,17.044746376457702],[73.38034180446346,17.044570902376282],[73.38052577482995,17.045024194009645],[73.38005533867569,17.045110808021626]]]},"id":"278"},{"type":"Feature","properties":{"id":"279","metrics:area":1100,"metrics:perimeter":136.25118400082528},"geometry":{"type":"Polygon","coordinates":[[[73.3606124025209,17.04486446472477],[73.36042611773608,17.044682232810054],[73.36052241224992,17.04441191726269],[73.36080341516225,17.044504549146225],[73.3606124025209,17.04486446472477]]]},"id":"279"},{"type":"Feature","properties":{"id":"280","metrics:area":2750,"metrics:perimeter":210.99019513592785},"geometry":{"type":"Polygon","coordinates":[[[73.3824983375302,17.04503991009691],[73.38250222498198,17.04458811574842],[73.38306581335641,17.044592602418454],[73.3829679956246,17.04504364920206],[73.3824983375302,17.04503991009691]]]},"id":"280"},{"type":"Feature","properties":{"id":"281","metrics:area":1600,"metrics:perimeter":162.4621125123532},"geometry":{"type":"Polygon","coordinates":[[[73.34305146679769,17.044270167347992],[73.34305544883836,17.043818381906007],[73.34333723627478,17.043820680039865],[73.34342798052872,17.04418287442181],[73.34305146679769,17.044270167347992]]]},"id":"281"},{"type":"Feature","properties":{"id":"282","metrics:area":9150,"metrics:perimeter":445.3040921530145},"geometry":{"type":"Polygon","coordinates":[[[73.38878944237803,17.045361001424677],[73.3890751103152,17.044911440531042],[73.38879563818251,17.044638128230297],[73.38879951040664,17.044186332456626],[73.38964489385867,17.044193035523644],[73.38982966111462,17.044555961421448],[73.38954631782684,17.044734446038646],[73.38944851526001,17.045185497253478],[73.38878944237803,17.045361001424677]]]},"id":"282"},{"type":"Feature","properties":{"id":"283","metrics:area":6800,"metrics:perimeter":458.23612021769725},"geometry":{"type":"Polygon","coordinates":[[[73.30407120285086,17.04394848699896],[73.3035109005887,17.043582360386154],[73.3045465437666,17.043319919999227],[73.30539107277951,17.043417328577036],[73.30519996025218,17.043777182831434],[73.30454409912097,17.04359098591871],[73.30407120285086,17.04394848699896]]]},"id":"283"},{"type":"Feature","properties":{"id":"284","metrics:area":1000,"metrics:perimeter":134.97365151260954},"geometry":{"type":"Polygon","coordinates":[[[73.36014984404648,17.044047453202264],[73.36005827867838,17.04377562136577],[73.3605271403554,17.043869769953698],[73.36043163425902,17.044049727660678],[73.36014984404648,17.044047453202264]]]},"id":"284"},{"type":"Feature","properties":{"id":"285","metrics:area":2000,"metrics:perimeter":210.2426201726761},"geometry":{"type":"Polygon","coordinates":[[[73.3615572204991,17.044239537452878],[73.36090207253943,17.04396315965387],[73.36090364818494,17.043782443845124],[73.36165351314946,17.043969221197827],[73.3615572204991,17.044239537452878]]]},"id":"285"},{"type":"Feature","properties":{"id":"286","metrics:area":2500,"metrics:perimeter":203.85164807134504},"geometry":{"type":"Polygon","coordinates":[[[73.38137660477571,17.044398420077894],[73.38137971677855,17.044036984779005],[73.38185092762943,17.043860008559985],[73.38184626100667,17.044402161639397],[73.38137660477571,17.044398420077894]]]},"id":"286"},{"type":"Feature","properties":{"id":"287","metrics:area":68250,"metrics:perimeter":2137.638950592019},"geometry":{"type":"Polygon","coordinates":[[[73.37447744005085,17.049223028373277],[73.374481347792,17.04877123601097],[73.37410561544179,17.04876822848396],[73.3730778272465,17.048127445305177],[73.37317410634056,17.047857122432188],[73.37345590409952,17.047859379317824],[73.37336666360208,17.047316476457365],[73.37355687395944,17.04704690552595],[73.37430911318377,17.046962562844527],[73.37486801873301,17.047509223881395],[73.37487036257878,17.047238148368145],[73.37430989471251,17.046872204361247],[73.37431302077971,17.046510770419758],[73.37393885634452,17.046327046025738],[73.3741298463686,17.04596711589384],[73.37357329273878,17.04514937792817],[73.37310598261783,17.044874541747784],[73.3731075466237,17.044693824851663],[73.37348327064458,17.04469683352795],[73.37311302049388,17.04406131568887],[73.37330400932335,17.043701386195135],[73.37405310904359,17.0439784772849],[73.37423159304946,17.04506428278945],[73.37525702686744,17.045976134821682],[73.37562494514304,17.04688272521199],[73.37552945104903,17.04706269108015],[73.37496663859797,17.046967824362618],[73.37515059735965,17.047421119856693],[73.37505197765786,17.047962519466676],[73.37420658337375,17.047955754239872],[73.37439132254474,17.048318691832183],[73.37467312116648,17.048320947088623],[73.37466921399573,17.048772739514074],[73.37504494646042,17.048775745999475],[73.37485317337968,17.04922603529029],[73.37447744005085,17.049223028373277]]]},"id":"287"},{"type":"Feature","properties":{"id":"288","metrics:area":2850,"metrics:perimeter":210.1423134852115},"geometry":{"type":"Polygon","coordinates":[[[73.38870557893563,17.044185587454454],[73.38823669635264,17.04409150266064],[73.3881443144336,17.04391003914391],[73.38861629452346,17.043642687503084],[73.38889576502486,17.04391599992861],[73.38870557893563,17.044185587454454]]]},"id":"288"},{"type":"Feature","properties":{"id":"289","metrics:area":500,"metrics:perimeter":92.36067977499789},"geometry":{"type":"Polygon","coordinates":[[[73.38955328454043,17.04392121333735],[73.38955560669322,17.04365013575519],[73.3897434691839,17.04365162488496],[73.38974192126715,17.043832343290624],[73.38955328454043,17.04392121333735]]]},"id":"289"},{"type":"Feature","properties":{"id":"290","metrics:area":500,"metrics:perimeter":92.36067977499789},"geometry":{"type":"Polygon","coordinates":[[[73.33573219048726,17.043397066352775],[73.33582771875525,17.04321712228205],[73.33601557574984,17.043218661043916],[73.3360139762424,17.043399374586574],[73.33573219048726,17.043397066352775]]]},"id":"290"},{"type":"Feature","properties":{"id":"291","metrics:area":3100,"metrics:perimeter":231.58976872728965},"geometry":{"type":"Polygon","coordinates":[[[73.39114779871835,17.044204943409436],[73.39049259853576,17.043928657376114],[73.390683555421,17.043568708684678],[73.39105928046757,17.043571684671353],[73.39114779871835,17.044204943409436]]]},"id":"291"},{"type":"Feature","properties":{"id":"292","metrics:area":3000,"metrics:perimeter":224.72135954999578},"geometry":{"type":"Polygon","coordinates":[[[73.34249824727358,17.043090927922687],[73.34250143374524,17.042729499630443],[73.3431589338395,17.042734862796088],[73.34325126993922,17.042916343005725],[73.34315574863045,17.04309629120881],[73.34249824727358,17.043090927922687]]]},"id":"292"},{"type":"Feature","properties":{"id":"293","metrics:area":2450,"metrics:perimeter":275.71614468652825},"geometry":{"type":"Polygon","coordinates":[[[73.33479450563416,17.043208655989993],[73.33489323572712,17.042667285532886],[73.33526814837553,17.042760721256823],[73.33526974853609,17.042580007771562],[73.33555153300047,17.042582316539395],[73.33545440486088,17.042942973995235],[73.33507869154955,17.042939895308688],[73.33479450563416,17.043208655989993]]]},"id":"293"},{"type":"Feature","properties":{"id":"294","metrics:area":1450,"metrics:perimeter":153.6307051624961},"geometry":{"type":"Polygon","coordinates":[[[73.35743297953968,17.043212226900344],[73.35734220799631,17.042850036440928],[73.35762478536242,17.042761956872855],[73.35781027619547,17.04303454876306],[73.35743297953968,17.043212226900344]]]},"id":"294"},{"type":"Feature","properties":{"id":"295","metrics:area":600,"metrics:perimeter":100},"geometry":{"type":"Polygon","coordinates":[[[73.39698004177157,17.043257026782367],[73.3969823531227,17.04298594819136],[73.39717021563668,17.042987430399254],[73.39716790455616,17.04325850901524],[73.39698004177157,17.043257026782367]]]},"id":"295"},{"type":"Feature","properties":{"id":"296","metrics:area":2500,"metrics:perimeter":203.85164807134504},"geometry":{"type":"Polygon","coordinates":[[[73.35358424725,17.042909980754736],[73.35358741237947,17.04254855042786],[73.3540586395476,17.042371640606834],[73.35405389323519,17.042913786230397],[73.35358424725,17.042909980754736]]]},"id":"296"},{"type":"Feature","properties":{"id":"297","metrics:area":950,"metrics:perimeter":128.7048159266775},"geometry":{"type":"Polygon","coordinates":[[[73.396699788806,17.04307408407281],[73.39632560522853,17.042890399594203],[73.39642107781413,17.042710422002813],[73.39670210053478,17.04280300551425],[73.396699788806,17.04307408407281]]]},"id":"297"},{"type":"Feature","properties":{"id":"298","metrics:area":550,"metrics:perimeter":96.34413615167959},"geometry":{"type":"Polygon","coordinates":[[[73.38045208257542,17.04267411671055],[73.38045363930776,17.042493399115063],[73.38064227806561,17.042404537753583],[73.38073465181988,17.04258600402966],[73.38045208257542,17.04267411671055]]]},"id":"298"},{"type":"Feature","properties":{"id":"299","metrics:area":15550,"metrics:perimeter":672.1546633291754},"geometry":{"type":"Polygon","coordinates":[[[73.34644643788225,17.04276164673907],[73.34503591605863,17.042930888793588],[73.34513461689477,17.04238951075164],[73.34447870862262,17.04220343974487],[73.34448189111212,17.041842011057796],[73.3450438698198,17.042027316859944],[73.34532804048457,17.041758540367677],[73.34569898317682,17.04230374326505],[73.34598315344614,17.042034965817813],[73.34654433994194,17.042310624905376],[73.34663588467427,17.04258246111558],[73.34644643788225,17.04276164673907]]]},"id":"299"},{"type":"Feature","properties":{"id":"300","metrics:area":3350,"metrics:perimeter":224.8342231297161},"geometry":{"type":"Polygon","coordinates":[[[73.36786702995872,17.042392674929996],[73.36749366532702,17.0421185816127],[73.36759073283707,17.041757903434057],[73.36805959496638,17.041852034539325],[73.36814960304805,17.04230458022776],[73.36786702995872,17.042392674929996]]]},"id":"300"},{"type":"Feature","properties":{"id":"301","metrics:area":2700,"metrics:perimeter":214.0321551489818},"geometry":{"type":"Polygon","coordinates":[[[73.32869960949945,17.04198388702965],[73.3285173773681,17.041349846535976],[73.32898701347385,17.041353709600116],[73.32907772871982,17.04171590795036],[73.32869960949945,17.04198388702965]]]},"id":"301"},{"type":"Feature","properties":{"id":"302","metrics:area":4000,"metrics:perimeter":306.4011906169893},"geometry":{"type":"Polygon","coordinates":[[[73.36936912049391,17.04249510095197],[73.36852688952298,17.04212688113339],[73.36843688056261,17.04167433553384],[73.36946540112373,17.042224779904117],[73.36936912049391,17.04249510095197]]]},"id":"302"},{"type":"Feature","properties":{"id":"303","metrics:area":5900,"metrics:perimeter":347.7805076603229},"geometry":{"type":"Polygon","coordinates":[[[73.34645359011438,17.041948431407604],[73.34617736856036,17.041313637069166],[73.34702272107991,17.04132051633236],[73.3469264097473,17.04159082400999],[73.34720819439904,17.04159311648569],[73.34720501719825,17.041954545681048],[73.34645359011438,17.041948431407604]]]},"id":"303"},{"type":"Feature","properties":{"id":"304","metrics:area":1050,"metrics:perimeter":131.6227766016838},"geometry":{"type":"Polygon","coordinates":[[[73.35087139884104,17.041622883142665],[73.35087377641527,17.0413518107358],[73.3511563536514,17.041263740223766],[73.35115318410317,17.041625170152656],[73.35087139884104,17.041622883142665]]]},"id":"304"},{"type":"Feature","properties":{"id":"305","metrics:area":6000,"metrics:perimeter":370.2191243148413},"geometry":{"type":"Polygon","coordinates":[[[73.37200150184131,17.042245117601215],[73.372006978597,17.041612608635152],[73.37172753791843,17.04133927529588],[73.37229111353729,17.04134379101654],[73.37228876683375,17.041614866338307],[73.37257055511348,17.041617123651044],[73.37275528588745,17.041980062144454],[73.3726597920958,17.04216002672422],[73.37200150184131,17.042245117601215]]]},"id":"305"},{"type":"Feature","properties":{"id":"306","metrics:area":8650,"metrics:perimeter":447.0494115056424},"geometry":{"type":"Polygon","coordinates":[[[73.3503962074135,17.042251572695253],[73.34992894297812,17.04197668664919],[73.34984294466663,17.041072349560626],[73.35021865706408,17.04107540062637],[73.35049409979152,17.04180054808818],[73.3510576707843,17.041805122810224],[73.35105529340802,17.042076195230212],[73.3503962074135,17.042251572695253]]]},"id":"306"},{"type":"Feature","properties":{"id":"307","metrics:area":850,"metrics:perimeter":122.8538328578604},"geometry":{"type":"Polygon","coordinates":[[[73.3837489682015,17.041615989866767],[73.38375052166333,17.041435271957127],[73.38412701770385,17.041347901427436],[73.38403075808776,17.041618231289398],[73.3837489682015,17.041615989866767]]]},"id":"307"},{"type":"Feature","properties":{"id":"308","metrics:area":14150,"metrics:perimeter":517.3925334973775},"geometry":{"type":"Polygon","coordinates":[[[73.34889414226535,17.042149007392574],[73.34861632469578,17.041694930372504],[73.34814509534611,17.04187182727822],[73.34805354861616,17.04159999157033],[73.34852874551356,17.040971307999],[73.34880894247587,17.041154312929283],[73.34937409750076,17.04097817734787],[73.34956036728278,17.041160418218205],[73.34955481519079,17.041792920081104],[73.34926985663337,17.042152060399157],[73.34889414226535,17.042149007392574]]]},"id":"308"},{"type":"Feature","properties":{"id":"309","metrics:area":66500,"metrics:perimeter":2178.8373278827935},"geometry":{"type":"Polygon","coordinates":[[[73.38241218116148,17.044135573469813],[73.38185248313238,17.043679290860155],[73.38195030248076,17.043228244723437],[73.38148142705849,17.04313414481346],[73.38148376073298,17.0428630682928],[73.38092173428451,17.04267786004205],[73.38111426324743,17.042137204097873],[73.38064694757894,17.04186238489156],[73.38036515779955,17.041860138745893],[73.37941807036431,17.042756236313668],[73.37950732764402,17.043299138057137],[73.37884981357399,17.0432938923278],[73.37885838416554,17.04229994636241],[73.37932959234523,17.042122975796154],[73.37933192897444,17.041851899538045],[73.3789569885916,17.04175854342347],[73.37886539603959,17.041486717769946],[73.38055613074195,17.04150020097844],[73.3814923171737,17.041869120985933],[73.38176944085757,17.04241351873451],[73.38177644019329,17.04160028897621],[73.3825286565072,17.041515913623854],[73.382907484447,17.041157468664796],[73.38309378976547,17.041339681584702],[73.3828997130321,17.042061057826825],[73.3830867962397,17.042152911894817],[73.38280422846663,17.042241028001715],[73.38270641186203,17.042692074810148],[73.38232991265293,17.042779442409465],[73.38327077162661,17.042606201507088],[73.38298587173378,17.04296539454285],[73.38298198583661,17.043417189071643],[73.38335304699949,17.043962332780147],[73.38241218116148,17.044135573469813]]]},"id":"309"},{"type":"Feature","properties":{"id":"310","metrics:area":600,"metrics:perimeter":100},"geometry":{"type":"Polygon","coordinates":[[[73.37313882273104,17.041079486225996],[73.3731403863359,17.040898769259545],[73.37342217366235,17.040901025299632],[73.37342061032803,17.041081742291425],[73.37313882273104,17.041079486225996]]]},"id":"310"},{"type":"Feature","properties":{"id":"311","metrics:area":900,"metrics:perimeter":123.24555320336759},"geometry":{"type":"Polygon","coordinates":[[[73.36280821409497,17.040815778193167],[73.36281136108637,17.040454346114778],[73.36299921788508,17.040455859694074],[73.36309078646106,17.040727690516963],[73.36280821409497,17.040815778193167]]]},"id":"311"},{"type":"Feature","properties":{"id":"312","metrics:area":10250,"metrics:perimeter":564.220083167145},"geometry":{"type":"Polygon","coordinates":[[[73.35228032558712,17.0416343142885],[73.35162361847237,17.041538623466018],[73.35162678709948,17.041177193448178],[73.35190936381079,17.041089121833473],[73.3517246757782,17.04072616789722],[73.3521043472683,17.040277427755196],[73.35257477797428,17.040190878523397],[73.35266158117845,17.041004858082033],[73.35219273215475,17.04091069226796],[73.35200329200934,17.04108988371067],[73.35246976609008,17.04145512262125],[73.35228032558712,17.0416343142885]]]},"id":"312"},{"type":"Feature","properties":{"id":"313","metrics:area":7850,"metrics:perimeter":542.2107095502485},"geometry":{"type":"Polygon","coordinates":[[[73.37106768478509,17.041605080138208],[73.37107003324718,17.041334004981326],[73.37041566128853,17.0409672991054],[73.3703240817266,17.04069547067014],[73.37070136314873,17.040517767055096],[73.37126258795485,17.040793360615265],[73.37136043010645,17.040342321501925],[73.37154828759677,17.04034382716967],[73.37154593996873,17.040614902417612],[73.37135808220788,17.040613396724492],[73.37144731543027,17.04115630004065],[73.37116552799891,17.041154041229653],[73.37135025556869,17.04151698074531],[73.37106768478509,17.041605080138208]]]},"id":"313"},{"type":"Feature","properties":{"id":"314","metrics:area":650,"metrics:perimeter":103.98345637668169},"geometry":{"type":"Polygon","coordinates":[[[73.3437432004674,17.040390172422647],[73.34365166081133,17.040118335310108],[73.34393344278914,17.040120632134105],[73.34393185119767,17.040301346459586],[73.3437432004674,17.040390172422647]]]},"id":"314"},{"type":"Feature","properties":{"id":"315","metrics:area":13700,"metrics:perimeter":456.81277330350935},"geometry":{"type":"Polygon","coordinates":[[[73.32288175367279,17.041303405183008],[73.32203721801172,17.04120606936898],[73.32175866351825,17.040842317516503],[73.3218590414705,17.040120244186713],[73.32214323907236,17.039851502747418],[73.32251733158554,17.04003531715866],[73.3228857834282,17.04085162426406],[73.32288175367279,17.041303405183008]]]},"id":"315"},{"type":"Feature","properties":{"id":"316","metrics:area":900,"metrics:perimeter":123.59173603117449},"geometry":{"type":"Polygon","coordinates":[[[73.35398211326138,17.040383012173603],[73.3539844861689,17.04011193930802],[73.35435940664952,17.040205340191083],[73.3542638971084,17.04038529470958],[73.35398211326138,17.040383012173603]]]},"id":"316"},{"type":"Feature","properties":{"id":"317","metrics:area":6200,"metrics:perimeter":356.7835775821043},"geometry":{"type":"Polygon","coordinates":[[[73.35397657630817,17.0410155154973],[73.35407445933325,17.040564488310384],[73.35445096227714,17.040477173824904],[73.35464277157661,17.04002690687486],[73.35492455498398,17.040029188448685],[73.35491981185965,17.040571334433693],[73.35444621765537,17.041019319656613],[73.35397657630817,17.0410155154973]]]},"id":"317"},{"type":"Feature","properties":{"id":"318","metrics:area":4500,"metrics:perimeter":268.0983669457533},"geometry":{"type":"Polygon","coordinates":[[[73.37342217366235,17.040901025299632],[73.37342764518215,17.040268515801998],[73.37371177606438,17.039999695813446],[73.37399121807022,17.040273026533594],[73.3739873112183,17.040724819162765],[73.37342217366235,17.040901025299632]]]},"id":"318"},{"type":"Feature","properties":{"id":"319","metrics:area":20300,"metrics:perimeter":627.4674977165519},"geometry":{"type":"Polygon","coordinates":[[[73.31959754482072,17.040914818158452],[73.31922426169854,17.040640642464528],[73.31913598929992,17.040007373345023],[73.31829307901509,17.039729310665702],[73.31857970438809,17.039189506608018],[73.31970439037903,17.039469898264187],[73.3201707909369,17.039835205560376],[73.32016352600907,17.040648410145014],[73.31959754482072,17.040914818158452]]]},"id":"319"},{"type":"Feature","properties":{"id":"320","metrics:area":3600,"metrics:perimeter":235.35657871264738},"geometry":{"type":"Polygon","coordinates":[[[73.38357353690736,17.04016875213157],[73.3833880089678,17.039896180738186],[73.38357819732168,17.03962659836265],[73.38414021821669,17.039811798760805],[73.38413711233693,17.04017323470412],[73.38357353690736,17.04016875213157]]]},"id":"320"},{"type":"Feature","properties":{"id":"321","metrics:area":550,"metrics:perimeter":96.34413615167958},"geometry":{"type":"Polygon","coordinates":[[[73.36084910536033,17.039263789870585],[73.3607567529809,17.03908231628145],[73.36103932336043,17.038994231303228],[73.3610377483149,17.03917494720928],[73.36084910536033,17.039263789870585]]]},"id":"321"},{"type":"Feature","properties":{"id":"322","metrics:area":5100,"metrics:perimeter":299.14281662666167},"geometry":{"type":"Polygon","coordinates":[[[73.38526581557534,17.040001477093796],[73.38499178834361,17.039095647311846],[73.38546220796233,17.03900902033919],[73.38573778881953,17.039734131558323],[73.38526581557534,17.040001477093796]]]},"id":"322"},{"type":"Feature","properties":{"id":"323","metrics:area":1200,"metrics:perimeter":143.1375520796336},"geometry":{"type":"Polygon","coordinates":[[[73.37324760454388,17.039363426894493],[73.37306209313682,17.03909084739529],[73.37343936907992,17.038913138168958],[73.37343624281219,17.03927457222285],[73.37324760454388,17.039363426894493]]]},"id":"323"},{"type":"Feature","properties":{"id":"324","metrics:area":5800,"metrics:perimeter":443.1945593070515},"geometry":{"type":"Polygon","coordinates":[[[73.3612193040154,17.039899325976513],[73.36084674247103,17.039534863695327],[73.36112852602088,17.03953713660426],[73.36132031874253,17.039086861841533],[73.36188388467725,17.03909140584019],[73.36179231847412,17.038819574650564],[73.36207410108622,17.0388218461562],[73.36216409373635,17.039274393260456],[73.36141030961403,17.039539409122828],[73.3612193040154,17.039899325976513]]]},"id":"324"},{"type":"Feature","properties":{"id":"325","metrics:area":2950,"metrics:perimeter":248.90339623685338},"geometry":{"type":"Polygon","coordinates":[[[73.3874331627044,17.039205401430465],[73.3872491795073,17.038752114872825],[73.38818691767872,17.038940285726124],[73.38809143980777,17.039120259005056],[73.3874331627044,17.039205401430465]]]},"id":"325"},{"type":"Feature","properties":{"id":"326","metrics:area":2550,"metrics:perimeter":213.67114276290494},"geometry":{"type":"Polygon","coordinates":[[[73.3809513003813,17.03924422435651],[73.38086281769701,17.038610963997556],[73.38105145223055,17.03852210187467],[73.3814240545619,17.038886530315082],[73.3809513003813,17.03924422435651]]]},"id":"326"},{"type":"Feature","properties":{"id":"327","metrics:area":500,"metrics:perimeter":95.60623297836548},"geometry":{"type":"Polygon","coordinates":[[[73.37344093218516,17.03873242113699],[73.37353720470827,17.03846209739534],[73.37363113261408,17.038462849164542],[73.37372349771857,17.0386443179527],[73.37344093218516,17.03873242113699]]]},"id":"327"},{"type":"Feature","properties":{"id":"328","metrics:area":1550,"metrics:perimeter":162.22125139210445},"geometry":{"type":"Polygon","coordinates":[[[73.38846947851145,17.03885216146627],[73.38856650442729,17.03849146957052],[73.38894221893867,17.038494448611658],[73.38893989664716,17.038765526249023],[73.38846947851145,17.03885216146627]]]},"id":"328"},{"type":"Feature","properties":{"id":"329","metrics:area":20200,"metrics:perimeter":1261.4735196366914},"geometry":{"type":"Polygon","coordinates":[[[73.39689997866972,17.041629814016837],[73.3969022899021,17.04135873539316],[73.39624631839565,17.041172827491415],[73.39634487261536,17.040631411750777],[73.39681606372169,17.040454398830697],[73.39672521549367,17.04009221951471],[73.3964434261293,17.04008999588669],[73.39635180815466,17.039818175999212],[73.39663821976866,17.039278242439615],[73.39692077823707,17.039190106132835],[73.39701932898302,17.038648689711735],[73.39777153169122,17.038564256298645],[73.39682453785676,17.03946044376665],[73.39682299714727,17.03964116287673],[73.39710478589176,17.039643385921774],[73.3971017049574,17.040004824181842],[73.39766682359102,17.039828550022314],[73.39766451368068,17.040099628788518],[73.3978523733745,17.040101110122734],[73.39785160348517,17.04019146971811],[73.39691307509344,17.040093701716504],[73.39719255389937,17.040367003390095],[73.39690691223986,17.04081657812323],[73.39728032233214,17.041090620828122],[73.39737117195962,17.04145279999272],[73.39689997866972,17.041629814016837]]]},"id":"329"},{"type":"Feature","properties":{"id":"330","metrics:area":1000,"metrics:perimeter":131.2310562561766},"geometry":{"type":"Polygon","coordinates":[[[73.339350159897,17.037914501356042],[73.3393525535243,17.03764343043413],[73.33972745938318,17.037736857286603],[73.3397258639874,17.037917571268206],[73.339350159897,17.037914501356042]]]},"id":"330"},{"type":"Feature","properties":{"id":"331","metrics:area":2600,"metrics:perimeter":212.54526728774846},"geometry":{"type":"Polygon","coordinates":[[[73.36949830927637,17.038429730289653],[73.36893631056003,17.038244490939327],[73.36903415629577,17.037793453203623],[73.36950144294597,17.038068296916013],[73.36949830927637,17.038429730289653]]]},"id":"331"},{"type":"Feature","properties":{"id":"332","metrics:area":2400,"metrics:perimeter":251.2310562561766},"geometry":{"type":"Polygon","coordinates":[[[73.37278734532221,17.038275364699114],[73.37278890899178,17.03809464771457],[73.37231927062687,17.0380908865676],[73.37232083472813,17.03791016962196],[73.37316618305945,17.037916938829774],[73.37316383811756,17.038188014361054],[73.37278734532221,17.038275364699114]]]},"id":"332"},{"type":"Feature","properties":{"id":"333","metrics:area":900,"metrics:perimeter":123.24555320336759},"geometry":{"type":"Polygon","coordinates":[[[73.38809995933994,17.038126308082294],[73.38800835447259,17.03785448548405],[73.38829013931718,17.0378567205228],[73.38838174460446,17.03812854302859],[73.38809995933994,17.038126308082294]]]},"id":"333"},{"type":"Feature","properties":{"id":"334","metrics:area":1050,"metrics:perimeter":131.6227766016838},"geometry":{"type":"Polygon","coordinates":[[[73.3681880262363,17.037877025147132],[73.36819037830293,17.037605950280973],[73.36856608724219,17.037608966833833],[73.36846980833927,17.037879287664968],[73.3681880262363,17.037877025147132]]]},"id":"334"},{"type":"Feature","properties":{"id":"335","metrics:area":6150,"metrics:perimeter":367.8520640053352},"geometry":{"type":"Polygon","coordinates":[[[73.39636105494749,17.038733861558438],[73.39655507658777,17.038012467554985],[73.39627329036259,17.038010243953998],[73.3962748314437,17.037829524863785],[73.39674601533657,17.037652511471734],[73.39702472039053,17.038016172689176],[73.39692539989747,17.038647948742508],[73.39636105494749,17.038733861558438]]]},"id":"335"},{"type":"Feature","properties":{"id":"336","metrics:area":2500,"metrics:perimeter":193.2084962721683},"geometry":{"type":"Polygon","coordinates":[[[73.37185197920232,17.03781604898004],[73.37176118091082,17.037453862613145],[73.37195059994906,17.037274650739764],[73.37232552691732,17.037368018764955],[73.37222847133198,17.037728700330366],[73.37185197920232,17.03781604898004]]]},"id":"336"},{"type":"Feature","properties":{"id":"337","metrics:area":9250,"metrics:perimeter":378.7703474585342},"geometry":{"type":"Polygon","coordinates":[[[73.38687889035232,17.03811661880427],[73.3862268195319,17.03747888477468],[73.38651247955748,17.03702932665455],[73.38744943349573,17.037307859304857],[73.38716145035771,17.038028496304147],[73.38687889035232,17.03811661880427]]]},"id":"337"},{"type":"Feature","properties":{"id":"338","metrics:area":1250,"metrics:perimeter":150.99019513592785},"geometry":{"type":"Polygon","coordinates":[[[73.38914091175825,17.037230908680975],[73.38914245961627,17.037050190211733],[73.3896128729991,17.036963553012164],[73.38961055189536,17.037234630780016],[73.38914091175825,17.037230908680975]]]},"id":"338"},{"type":"Feature","properties":{"id":"339","metrics:area":46350,"metrics:perimeter":1651.4122145881695},"geometry":{"type":"Polygon","coordinates":[[[73.3846145209614,17.039273378895228],[73.38405094809481,17.039268897875715],[73.3842419112078,17.03890895572883],[73.38405793619661,17.038455666946906],[73.38377304472799,17.038814861891254],[73.38349125907766,17.03881262046851],[73.38311942940544,17.03835783653447],[73.38321646501015,17.037997148028893],[73.38349824940056,17.037999389728668],[73.38378391650417,17.037549836090395],[73.38453689237821,17.037375092787276],[73.38482333203703,17.036835178325592],[73.38548082547624,17.03684040280837],[73.38481945203557,17.037286973537487],[73.38519361177227,17.037470677412752],[73.38518818076709,17.038103190779974],[73.38650472745574,17.037932917795207],[73.3869704936326,17.038388441777286],[73.38725460380181,17.038119600901286],[73.38791210252056,17.038124817901238],[73.38743781171483,17.03866324657507],[73.38706287214436,17.03856990559579],[73.38677876098578,17.038838746111043],[73.38659322926459,17.038566177327642],[73.38574942362511,17.038378745569776],[73.3845236971072,17.038911196123184],[73.3846145209614,17.039273378895228]]]},"id":"339"},{"type":"Feature","properties":{"id":"340","metrics:area":4800,"metrics:perimeter":275.568728714165},"geometry":{"type":"Polygon","coordinates":[[[73.39674601533657,17.037652511471734],[73.3964703929639,17.03692741170664],[73.39703473239307,17.03684149811003],[73.39721796849048,17.03738513731745],[73.39702780109135,17.03765473437218],[73.39674601533657,17.037652511471734]]]},"id":"340"},{"type":"Feature","properties":{"id":"341","metrics:area":2800,"metrics:perimeter":260.72636601860114},"geometry":{"type":"Polygon","coordinates":[[[73.389046983745,17.03723016413106],[73.38820318059815,17.03704274284457],[73.38914555527559,17.036688753263213],[73.389046983745,17.03723016413106]]]},"id":"341"},{"type":"Feature","properties":{"id":"342","metrics:area":1250,"metrics:perimeter":148.27676414674434},"geometry":{"type":"Polygon","coordinates":[[[73.38332049076247,17.03682322867081],[73.38322967020427,17.036461045549498],[73.38369853053413,17.036555140139207],[73.3835083458554,17.03682472298482],[73.38332049076247,17.03682322867081]]]},"id":"342"},{"type":"Feature","properties":{"id":"343","metrics:area":1150,"metrics:perimeter":142.8538328578604},"geometry":{"type":"Polygon","coordinates":[[[73.39788085597523,17.036757804505914],[73.397790006789,17.036395625517454],[73.39807256040733,17.03630748717309],[73.39806871235162,17.036759285358794],[73.39788085597523,17.036757804505914]]]},"id":"343"},{"type":"Feature","properties":{"id":"344","metrics:area":2850,"metrics:perimeter":229.50566704735732},"geometry":{"type":"Polygon","coordinates":[[[73.38933263695773,17.036780601429502],[73.3891486508593,17.036327316301325],[73.38962138334904,17.035969601132347],[73.38961519406033,17.036692475236794],[73.38933263695773,17.036780601429502]]]},"id":"344"},{"type":"Feature","properties":{"id":"345","metrics:area":5200,"metrics:perimeter":281.8536337391621},"geometry":{"type":"Polygon","coordinates":[[[73.39694388484573,17.03647931888022],[73.39619323149438,17.03638303080955],[73.39619631347935,17.036021592582234],[73.39657433536824,17.035753478374648],[73.39694927577862,17.035846801746356],[73.39694388484573,17.03647931888022]]]},"id":"345"},{"type":"Feature","properties":{"id":"346","metrics:area":1300,"metrics:perimeter":147.96691275336337},"geometry":{"type":"Polygon","coordinates":[[[73.36200771761345,17.03565855858526],[73.36219871670538,17.03529864034425],[73.362479707454,17.0353912688835],[73.36238342150011,17.03566158623036],[73.36200771761345,17.03565855858526]]]},"id":"346"},{"type":"Feature","properties":{"id":"347","metrics:area":2500,"metrics:perimeter":265.85852494097924},"geometry":{"type":"Polygon","coordinates":[[[73.3884942547916,17.035960666975818],[73.38887228622224,17.035692568019268],[73.3888746081668,17.03542149030915],[73.38934501747201,17.035334853381183],[73.38934192245685,17.035696290413327],[73.3884942547916,17.035960666975818]]]},"id":"347"},{"type":"Feature","properties":{"id":"348","metrics:area":500,"metrics:perimeter":92.36067977499789},"geometry":{"type":"Polygon","coordinates":[[[73.36877275023137,17.0354418750395],[73.3687751010989,17.035170800029274],[73.3689629531823,17.035172307643304],[73.36896138612236,17.03535302433456],[73.36877275023137,17.0354418750395]]]},"id":"348"},{"type":"Feature","properties":{"id":"349","metrics:area":650,"metrics:perimeter":103.98345637668169},"geometry":{"type":"Polygon","coordinates":[[[73.36464157451016,17.035227946788368],[73.36464314570712,17.035047230485567],[73.36483178277986,17.034958383745874],[73.36492335214518,17.035230213880993],[73.36464157451016,17.035227946788368]]]},"id":"349"},{"type":"Feature","properties":{"id":"350","metrics:area":2250,"metrics:perimeter":225.18490367298529},"geometry":{"type":"Polygon","coordinates":[[[73.39732883618278,17.03539796678586],[73.39686073911325,17.0352135437171],[73.39696005695305,17.03458176735574],[73.39733037599936,17.03521724755558],[73.39732883618278,17.03539796678586]]]},"id":"350"},{"type":"Feature","properties":{"id":"351","metrics:area":1250,"metrics:perimeter":147.99724712947125},"geometry":{"type":"Polygon","coordinates":[[[73.38277246425189,17.035011565477674],[73.38258694194276,17.034738993752544],[73.3828710518218,17.034470158979076],[73.38296187106565,17.034832342187922],[73.38277246425189,17.035011565477674]]]},"id":"351"},{"type":"Feature","properties":{"id":"352","metrics:area":750,"metrics:perimeter":111.6227766016838},"geometry":{"type":"Polygon","coordinates":[[[73.37666958394769,17.034691818303365],[73.37667192332829,17.0344207422058],[73.3769537014467,17.034422992520454],[73.37695214213481,17.03460370994495],[73.37666958394769,17.034691818303365]]]},"id":"352"},{"type":"Feature","properties":{"id":"353","metrics:area":3400,"metrics:perimeter":332.2091790355906},"geometry":{"type":"Polygon","coordinates":[[[73.38127430462448,17.0344574484765],[73.38127741489824,17.034096012843083],[73.38231137918225,17.034013879575344],[73.38249767743017,17.034196092512342],[73.38240219718548,17.034376062939312],[73.38174626804705,17.034190111373633],[73.38127430462448,17.0344574484765]]]},"id":"353"},{"type":"Feature","properties":{"id":"354","metrics:area":1030600,"metrics:perimeter":14849.343289963519},"geometry":{"type":"Polygon","coordinates":[[[73.38499256637932,17.04993947212702],[73.385281356367,17.0491284823163],[73.385000331546,17.049035882727935],[73.38500266100357,17.04876480589189],[73.38453687660245,17.048309276061296],[73.3848202297107,17.04813079935729],[73.38501586045747,17.047228703678673],[73.3859544129213,17.047326529097166],[73.38567571852292,17.046962853651333],[73.3862424180533,17.046605896045637],[73.38643726419335,17.04579415718908],[73.38699930652065,17.045979351374445],[73.38681376836207,17.0457067823501],[73.38709634012869,17.0456186609757],[73.38728808045052,17.04516835715307],[73.38747594424765,17.045169848507804],[73.38756677583,17.045532030486253],[73.38803876090444,17.04526468064434],[73.3880364363314,17.045535757980502],[73.38756522563995,17.04571274866431],[73.38756290031937,17.04598382592513],[73.38793862961315,17.04598680809104],[73.38784082233028,17.04643785809542],[73.3888725316856,17.046626774457717],[73.38915665291418,17.046357931955885],[73.38897111112155,17.046085364615383],[73.38962941237159,17.046000219245713],[73.38963328292057,17.045548423346574],[73.38991817533216,17.04518922032485],[73.39038628807648,17.045373660747185],[73.39057802049446,17.044923353117348],[73.39114161212346,17.044927817473408],[73.39143036668194,17.044116815627145],[73.39218181931756,17.044122764329945],[73.39227884191867,17.043762070466688],[73.39209097908281,17.0437605836715],[73.39162750637571,17.04303399160619],[73.3913457133105,17.04303176053742],[73.39163369037358,17.042311117234615],[73.39097076262156,17.042938425907373],[73.39050110792721,17.042934705744877],[73.39050265502789,17.04275398725559],[73.39078367414707,17.042846578715775],[73.39106778667475,17.042577732727523],[73.39097694910708,17.042215551763025],[73.39013002658442,17.042389573456365],[73.3901269317182,17.04275101037809],[73.38965805163649,17.04265692909678],[73.38956257289642,17.042836902963543],[73.38843307957134,17.0430990424463],[73.38796729891565,17.042643520728433],[73.38758770154331,17.043092334754842],[73.38711959761548,17.042907888556368],[73.38646130693681,17.042993026637],[73.38617408509576,17.043623301742347],[73.38504225525622,17.044156498526657],[73.38503992652376,17.044427575490754],[73.38569667063743,17.044523160543626],[73.38570055027965,17.044071365456738],[73.38626568928015,17.043895125033504],[73.3862587083596,17.044708356416223],[73.38644657160157,17.04470984868366],[73.38663598585049,17.04453062266483],[73.38645587832796,17.043625540057754],[73.3867376716028,17.043627777982675],[73.3872966074377,17.044174407215262],[73.38729428195253,17.044445484481077],[73.38785709633522,17.04454031693566],[73.38766690813094,17.044809903292673],[73.38700861079498,17.044895042587502],[73.3870101614411,17.04471432444463],[73.38682229814232,17.04471283269787],[73.38691467905302,17.04489429672744],[73.38644269359767,17.045161643908894],[73.38531706402212,17.044971969462363],[73.38540711517304,17.04542451104643],[73.38474959174803,17.045419283775196],[73.38447012576627,17.045145966004238],[73.38418600042574,17.04541480156471],[73.38409439879726,17.045142977567124],[73.38371944882238,17.045049629513983],[73.38371245638733,17.04586285977976],[73.38314886402489,17.04585837457949],[73.38286862262727,17.045675413638136],[73.38315585889558,17.045045144540392],[73.38409905915317,17.044600823923258],[73.38400901141841,17.044148282025425],[73.38457725758515,17.043610610579247],[73.38448876183605,17.042977350845266],[73.38486681332685,17.04270926120636],[73.38477443535976,17.042527796467116],[73.38449109115277,17.0427062739165],[73.38411692226943,17.042522568009357],[73.38449497325249,17.0422544790185],[73.38431565383915,17.04125903639827],[73.3850733009468,17.040542138285865],[73.38544746716195,17.040725842209365],[73.38591789081686,17.04063921452368],[73.3860164739099,17.040097806265987],[73.38827310197644,17.039844622506465],[73.38855953580209,17.039304702309416],[73.38921703908699,17.03930991543954],[73.38930787229968,17.03967209688387],[73.38977597106941,17.039856537593003],[73.38996692441339,17.03949658920268],[73.38968668443229,17.03931363780264],[73.38968977948223,17.038952200837386],[73.38940721891124,17.03904032682986],[73.38941031444548,17.038678889904748],[73.38959971951557,17.03849966026377],[73.39044430436925,17.038596717116636],[73.39129507404058,17.03797089597153],[73.39120732924492,17.037247277806525],[73.3914914320237,17.036978430315035],[73.3925230956892,17.037167324208834],[73.39205731764437,17.036711812021792],[73.39205963514698,17.036440733912993],[73.39168546949836,17.036257042271355],[73.39140368657783,17.0362548121423],[73.39102333811698,17.036793993974214],[73.38999167867048,17.036605092758176],[73.39028274189602,17.03552301335098],[73.39066308944858,17.034983832803142],[73.39066772793005,17.034441676858613],[73.39197961232841,17.03481352200946],[73.3919842469672,17.03427136570404],[73.39264250587898,17.03418620685067],[73.39292660176281,17.033917356708702],[73.39405372054212,17.03392626525499],[73.3936710696565,17.034736531586315],[73.39320143481535,17.034732819395913],[73.39310982356513,17.034460998526033],[73.3928280431368,17.03445877059889],[73.39282495498135,17.03482020828276],[73.39263710102547,17.034818722747794],[73.39263555673915,17.034999441568022],[73.39319989107936,17.034913538267883],[73.39348012875593,17.03509648463091],[73.39367029801623,17.03482689104358],[73.39461033969226,17.034743952714837],[73.39461342440336,17.034382514710646],[73.39489597599585,17.034294380637952],[73.39536021439736,17.034930605559214],[73.39535867271589,17.03511132461963],[73.39488903654926,17.035107616248634],[73.39488518113632,17.035559413780856],[73.39563737159382,17.035474987282644],[73.39572821626214,17.035837166877386],[73.39516233765873,17.036103796082166],[73.39534788041829,17.036376357948903],[73.39525241062219,17.036556335328424],[73.39478277087302,17.036552626407218],[73.39477968607036,17.036914064364495],[73.39431081697047,17.036819994808475],[73.3939335615776,17.03699774487371],[73.3936425158273,17.038079830948174],[73.39336150185002,17.037987243886366],[73.39307894402478,17.0380753752635],[73.39373490093368,17.03826129227064],[73.39411293071021,17.037993183377974],[73.39467650255327,17.037997636175028],[73.39477505872509,17.03745622127533],[73.39552648598666,17.037462155362203],[73.39542870288976,17.037913211301696],[73.39608312097513,17.038279839940543],[73.39626481407984,17.03900419889041],[73.3956080804912,17.038908649143014],[73.395320895637,17.039538940555172],[73.39503833608225,17.039627074525615],[73.39540865669424,17.040262558217243],[73.39493669375202,17.04052992726687],[73.39511992623032,17.041073567968898],[73.39464564631754,17.041612014443956],[73.39483042156596,17.041974936482763],[73.39454940120493,17.041882350556534],[73.3943584534011,17.042242303712314],[73.39407666114319,17.042240076530717],[73.39397887109732,17.042691131064423],[73.3937940969864,17.042328208354853],[73.39341682966051,17.042505956391242],[73.39304265092507,17.04232226622043],[73.39294640311884,17.042592601329346],[73.39360083109038,17.04295923877315],[73.39350381152448,17.04331993354519],[73.39378483332321,17.04341252104403],[73.39378174528464,17.04377395858032],[73.39311804608445,17.04449163369616],[73.39301947967044,17.045033046716323],[73.39273536565143,17.045301895295133],[73.3937686202794,17.045310067960262],[73.39357612253785,17.045850738555657],[73.39385560386887,17.046124044986765],[73.39384093318435,17.047840872767416],[73.39421589534446,17.047934203002555],[73.3943067410448,17.048296383084793],[73.39393177811776,17.048203052955714],[73.39326883476413,17.04883036767282],[73.39298780542525,17.048737778843194],[73.39327578715069,17.04801713380665],[73.39280611923695,17.048013417899035],[73.39280920996619,17.047651980686886],[73.39327964942262,17.047565337185056],[73.39356453874211,17.047206128783856],[73.3928130732716,17.047200184152878],[73.39291164197911,17.046658771490183],[73.39216249772703,17.046381746771466],[73.39197849728967,17.045928463242614],[73.3914156756863,17.045833641695648],[73.39094137268857,17.046372077361905],[73.3904717094247,17.046368356405456],[73.39027920111862,17.046909022925984],[73.3906557064354,17.046821641009625],[73.39084666646988,17.046461692485718],[73.39141026278467,17.046466156486858],[73.39140794289888,17.04673723424197],[73.39112614431424,17.04673500239909],[73.39112305052579,17.047096439344063],[73.39140252966679,17.047369748974628],[73.39177826244212,17.04737272427454],[73.39186910317065,17.047734905046227],[73.39167968995588,17.047914136042333],[73.39242806635305,17.048281522241997],[73.392230922929,17.049364346428394],[73.39129158097118,17.049356908127827],[73.39167273070932,17.048727369277376],[73.39148795637486,17.04836444455055],[73.39111222167122,17.048361468546066],[73.39092667516516,17.04808890263615],[73.39036152637182,17.048265155264033],[73.39035533518985,17.048988028759375],[73.38988334307854,17.049255383379172],[73.38941522161105,17.049070941086793],[73.38951225282759,17.04871024938056],[73.38998192171975,17.04871397305031],[73.38951380143514,17.048529531081975],[73.3895153500238,17.048348812780056],[73.38913961571699,17.048345833129943],[73.38772441141474,17.049057525809168],[73.38791537947833,17.04869758078739],[73.38707307838203,17.048329432641953],[73.38717243965371,17.047697665223634],[73.38623310836917,17.04769020423961],[73.38632393827717,17.048052386587944],[73.38679360478618,17.048056117489235],[73.38697914492121,17.048328686666125],[73.38631617994781,17.048955976665965],[73.38630997294334,17.049678848668123],[73.38499256637932,17.04993947212702]]]},"id":"354"},{"type":"Feature","properties":{"id":"355","metrics:area":650,"metrics:perimeter":103.98345637668169},"geometry":{"type":"Polygon","coordinates":[[[73.397246457548,17.03404183185038],[73.39724799731366,17.033861112603343],[73.39743662052507,17.033772234163973],[73.39752823796415,17.034044053600898],[73.397246457548,17.03404183185038]]]},"id":"355"},{"type":"Feature","properties":{"id":"356","metrics:area":2200,"metrics:perimeter":191.2310562561766},"geometry":{"type":"Polygon","coordinates":[[[73.37808470984102,17.033980196047875],[73.37808782614911,17.033618760969894],[73.37865138042343,17.033623257079032],[73.37855433929242,17.033983942998102],[73.37808470984102,17.033980196047875]]]},"id":"356"},{"type":"Feature","properties":{"id":"357","metrics:area":600,"metrics:perimeter":103.24555320336759},"geometry":{"type":"Polygon","coordinates":[[[73.37705464375783,17.033610514049034],[73.37705620287481,17.033429796597698],[73.37733875897923,17.033341687513403],[73.37733720014218,17.033522404991697],[73.37705464375783,17.033610514049034]]]},"id":"357"},{"type":"Feature","properties":{"id":"358","metrics:area":1900,"metrics:perimeter":202.33345472033855},"geometry":{"type":"Polygon","coordinates":[[[73.36812780965394,17.03399086393504],[73.36813408044945,17.03326799735445],[73.36832193057296,17.033269505397623],[73.36841036965899,17.03390276770408],[73.36812780965394,17.03399086393504]]]},"id":"358"},{"type":"Feature","properties":{"id":"359","metrics:area":4600,"metrics:perimeter":264.6644178763718},"geometry":{"type":"Polygon","coordinates":[[[73.36690834853043,17.033800340456335],[73.36672442062503,17.03334703976451],[73.36691383952729,17.033167832575252],[73.367476605168,17.033262717837598],[73.36756660963056,17.033715263676374],[73.36690834853043,17.033800340456335]]]},"id":"359"},{"type":"Feature","properties":{"id":"360","metrics:area":2550,"metrics:perimeter":209.1371442514352},"geometry":{"type":"Polygon","coordinates":[[[73.38231448737798,17.033652443740326],[73.38231914952917,17.033110289962718],[73.38288192672103,17.033205133203758],[73.38259626513522,17.03365468613645],[73.38231448737798,17.033652443740326]]]},"id":"360"},{"type":"Feature","properties":{"id":"361","metrics:area":800,"metrics:perimeter":122.0079285608123},"geometry":{"type":"Polygon","coordinates":[[[73.3779970168656,17.0332565763921],[73.37790620787126,17.032894391791235],[73.37809483756396,17.0328055319955],[73.37818720489011,17.032986998981666],[73.3779970168656,17.0332565763921]]]},"id":"361"},{"type":"Feature","properties":{"id":"362","metrics:area":1650,"metrics:perimeter":166.70548092920544},"geometry":{"type":"Polygon","coordinates":[[[73.3830697781607,17.033206627615566],[73.38307288474344,17.03284519161607],[73.38344936341224,17.032757820833446],[73.38354095969312,17.033029644846238],[73.3830697781607,17.033206627615566]]]},"id":"362"},{"type":"Feature","properties":{"id":"363","metrics:area":13200,"metrics:perimeter":801.6434387951746},"geometry":{"type":"Polygon","coordinates":[[[73.37414295102879,17.03358724449968],[73.37405527342386,17.03286362442965],[73.37424312369882,17.032865126967494],[73.37424078104598,17.033136202778714],[73.37461726290272,17.033048848764977],[73.3746219470553,17.032506697028673],[73.37678066358845,17.032704676814546],[73.37658969423441,17.03306461147666],[73.37546415095103,17.032874889236126],[73.37489903867855,17.03305110175159],[73.3746133593111,17.03350064185555],[73.37414295102879,17.03358724449968]]]},"id":"363"},{"type":"Feature","properties":{"id":"364","metrics:area":1500,"metrics:perimeter":161.8033988749895},"geometry":{"type":"Polygon","coordinates":[[[73.39039986472802,17.032812977760642],[73.39021510578851,17.03245005286497],[73.39068473424118,17.03245377147115],[73.39077711410215,17.032635233758985],[73.39039986472802,17.032812977760642]]]},"id":"364"},{"type":"Feature","properties":{"id":"365","metrics:area":2100,"metrics:perimeter":206.17156233596347},"geometry":{"type":"Polygon","coordinates":[[[73.37706010058396,17.032978002954728],[73.37697085262027,17.032435100630092],[73.37734811160169,17.03225738257341],[73.37724795125405,17.032979502726125],[73.37706010058396,17.032978002954728]]]},"id":"365"},{"type":"Feature","properties":{"id":"366","metrics:area":3800,"metrics:perimeter":300.2615900300847},"geometry":{"type":"Polygon","coordinates":[[[73.39059699244827,17.03173015308338],[73.39022361056564,17.031456100249354],[73.3899410617647,17.03154422802363],[73.38985100309688,17.031091687494932],[73.39078793461161,17.0313702028121],[73.39087954131276,17.03164202439614],[73.39059699244827,17.03173015308338]]]},"id":"366"},{"type":"Feature","properties":{"id":"367","metrics:area":233750,"metrics:perimeter":3791.7520158426105},"geometry":{"type":"Polygon","coordinates":[[[73.38661105811619,17.036487917617404],[73.38642785420498,17.035944271469734],[73.38539232773762,17.036207143075895],[73.38520602462661,17.036024932419462],[73.38539698176125,17.035664988607934],[73.38521145486898,17.035392418917567],[73.38530926016372,17.03494136975724],[73.38512218253517,17.034849518192303],[73.38464944545842,17.035207222440906],[73.38437076956565,17.034843546531707],[73.38456250281739,17.034393244445134],[73.383906570842,17.034207299667575],[73.38400282585602,17.033936969367684],[73.38456560676232,17.034031808220558],[73.38466186074447,17.03376147751563],[73.38381807889272,17.03357403964886],[73.38372182385494,17.033844369863683],[73.38334611959982,17.033841381963168],[73.38335077883347,17.033299227918455],[73.38363100341797,17.033482186876768],[73.38391588612129,17.033122991286028],[73.38504299512903,17.033131949381612],[73.3857975028493,17.0327764814872],[73.3855172768705,17.03259352541497],[73.38580448057837,17.03196324933704],[73.38486290128496,17.03222686596983],[73.38477207909781,17.031864683317135],[73.38514700407654,17.031958027349624],[73.38533873195892,17.031507723999358],[73.38439715455068,17.031771338623674],[73.38430710939114,17.031318796772435],[73.38459198723248,17.030959599771375],[73.38562593424913,17.0308774480191],[73.38618715726399,17.03115300000727],[73.38637190704888,17.031515927841422],[73.38712253284436,17.03161225017105],[73.38750287997675,17.03107307543824],[73.38797173016385,17.03116715925309],[73.38853760163174,17.030900549557014],[73.38909882971723,17.03117609387088],[73.38919430193546,17.030996119559273],[73.38966392652326,17.03099984021556],[73.38937673701803,17.03163012303027],[73.3888116380679,17.031806375692753],[73.38880699500027,17.032348531281045],[73.38796243938867,17.03225147001788],[73.38842819659293,17.032706990006165],[73.38832730375243,17.03351947842614],[73.38964149644895,17.033620259923268],[73.38954215514839,17.034252030724698],[73.38907252247236,17.03424830909887],[73.3885990196144,17.03469638255994],[73.38897395265877,17.03478972014665],[73.38896930919606,17.035331875619587],[73.38840110166834,17.035869562968454],[73.38755653077207,17.03577249872467],[73.38736635218862,17.036042085740053],[73.38699684198846,17.035316230987902],[73.3868089880775,17.03531474002559],[73.3868936156947,17.036399795278943],[73.38661105811619,17.036487917617404]]]},"id":"367"},{"type":"Feature","properties":{"id":"368","metrics:area":4500,"metrics:perimeter":292.42597635797495},"geometry":{"type":"Polygon","coordinates":[[[73.38176880886239,17.03156970204605],[73.38177036325419,17.031388984135464],[73.38139466426475,17.03138599304651],[73.38168110183157,17.03084608270163],[73.3823354657129,17.031212751503936],[73.3821445082883,17.03157269247496],[73.38176880886239,17.03156970204605]]]},"id":"368"},{"type":"Feature","properties":{"id":"369","metrics:area":1500,"metrics:perimeter":162.00792856081227},"geometry":{"type":"Polygon","coordinates":[[[73.36618048856887,17.0310835545039],[73.36599499506241,17.030810969920665],[73.36637147457591,17.030723631095935],[73.36655618410668,17.031086573651656],[73.36618048856887,17.0310835545039]]]},"id":"369"},{"type":"Feature","properties":{"id":"370","metrics:area":1200,"metrics:perimeter":140},"geometry":{"type":"Polygon","coordinates":[[[73.38027612449835,17.03038306778946],[73.38027923589982,17.030021632190472],[73.38056100793612,17.030023876943726],[73.38055789707535,17.030385312593175],[73.38027612449835,17.03038306778946]]]},"id":"370"},{"type":"Feature","properties":{"id":"371","metrics:area":2850,"metrics:perimeter":276.58985972791464},"geometry":{"type":"Polygon","coordinates":[[[73.38271582483266,17.030673586811254],[73.3826257840701,17.030221044557592],[73.38234556515876,17.030038084654155],[73.3823486725192,17.02967664867194],[73.38290988647775,17.029952209028796],[73.38271582483266,17.030673586811254]]]},"id":"371"},{"type":"Feature","properties":{"id":"372","metrics:area":1200,"metrics:perimeter":155.35657871264738},"geometry":{"type":"Polygon","coordinates":[[[73.37906133790513,17.029650465024385],[73.37878112371365,17.029467500564287],[73.37878268077061,17.029286782884373],[73.37934466575071,17.029471993690724],[73.37906133790513,17.029650465024385]]]},"id":"372"},{"type":"Feature","properties":{"id":"373","metrics:area":2150,"metrics:perimeter":200.3682005076118},"geometry":{"type":"Polygon","coordinates":[[[73.3833818360277,17.02968486685098],[73.3834788651333,17.029324177500946],[73.38404318405247,17.029238298495883],[73.38375753199125,17.029687853979254],[73.3833818360277,17.02968486685098]]]},"id":"373"},{"type":"Feature","properties":{"id":"374","metrics:area":44200,"metrics:perimeter":1770.6478819925283},"geometry":{"type":"Polygon","coordinates":[[[73.39538796144363,17.031677661899998],[73.39388669629238,17.03148507484049],[73.39389055312418,17.03103327734947],[73.39332700235887,17.031028824137326],[73.3930490857816,17.03057479962177],[73.39201822912868,17.03029555187799],[73.39211447031573,17.030025216475078],[73.39277348600393,17.029849696440778],[73.39240396400733,17.02912385036015],[73.3930645195699,17.028767610115985],[73.39354185342731,17.02786772627648],[73.39372970052845,17.027869210388566],[73.3938197678536,17.028321749996024],[73.39344330130942,17.028409141192526],[73.39334243391512,17.0292216344648],[73.39287358466645,17.029127563208135],[73.39268264898553,17.02948751604675],[73.39342941456825,17.030035612123328],[73.39390058033555,17.02985860377503],[73.39465043505845,17.030045257617164],[73.39511697563027,17.030410403719713],[73.39511312189232,17.030862201510942],[73.3949245008243,17.030951077971586],[73.39445718835827,17.03067629089295],[73.39435863662355,17.03121770620798],[73.39539104407217,17.031316223648776],[73.39538796144363,17.031677661899998]]]},"id":"374"},{"type":"Feature","properties":{"id":"375","metrics:area":20600,"metrics:perimeter":746.4759107675326},"geometry":{"type":"Polygon","coordinates":[[[73.39531330223257,17.029417931285476],[73.39522323096968,17.028965392038216],[73.39437791361881,17.028958717960045],[73.39419237868236,17.028686155754894],[73.39494608289584,17.02842101032834],[73.39542109575308,17.027792199998565],[73.39579679017075,17.027795164565067],[73.39579062774878,17.028518041448194],[73.396354171679,17.02852248719749],[73.39653739984186,17.02906612659427],[73.39597385423322,17.02906168121523],[73.39578292429776,17.02942163747689],[73.39531330223257,17.029417931285476]]]},"id":"375"},{"type":"Feature","properties":{"id":"376","metrics:area":600,"metrics:perimeter":100},"geometry":{"type":"Polygon","coordinates":[[[73.37306741407696,17.027614560058286],[73.37306897643968,17.027433842859356],[73.37335074359159,17.02743609727157],[73.37334918149914,17.027616814495843],[73.37306741407696,17.027614560058286]]]},"id":"376"},{"type":"Feature","properties":{"id":"377","metrics:area":1050,"metrics:perimeter":131.6227766016838},"geometry":{"type":"Polygon","coordinates":[[[73.38340667631952,17.02679337703367],[73.3834090048479,17.0265222998194],[73.38378469450424,17.026525286360105],[73.38368844396008,17.026795617041987],[73.38340667631952,17.02679337703367]]]},"id":"377"},{"type":"Feature","properties":{"id":"378","metrics:area":19600,"metrics:perimeter":858.8587733094334},"geometry":{"type":"Polygon","coordinates":[[[73.3944841727612,17.027513706878178],[73.39429863889575,17.02724114484051],[73.39345178689953,17.027415186601505],[73.3931746460473,17.02687080302365],[73.39270503094899,17.02686709134747],[73.39270811780514,17.026505653402754],[73.39308458067568,17.026418263258662],[73.39298834316106,17.026688599487482],[73.39345641516287,17.026873029509247],[73.39373818432084,17.026875255604754],[73.39392834384205,17.026605660831745],[73.39580603323897,17.026710849140095],[73.39570902904046,17.027071546585173],[73.3944841727612,17.027513706878178]]]},"id":"378"},{"type":"Feature","properties":{"id":"379","metrics:area":1500,"metrics:perimeter":166.83728923454208},"geometry":{"type":"Polygon","coordinates":[[[73.36895284176228,17.025503206448217],[73.36886205291898,17.025141019355818],[73.36942401358155,17.025326255768324],[73.36932852668292,17.025506219517023],[73.36895284176228,17.025503206448217]]]},"id":"379"},{"type":"Feature","properties":{"id":"380","metrics:area":600,"metrics:perimeter":115.9524158061724},"geometry":{"type":"Polygon","coordinates":[[[73.37084143477308,17.024343604074204],[73.3704649696107,17.024430952508887],[73.37046731642982,17.024159876976505],[73.37084143477308,17.024343604074204]]]},"id":"380"},{"type":"Feature","properties":{"id":"381","metrics:area":1050,"metrics:perimeter":137.6782893563237},"geometry":{"type":"Polygon","coordinates":[[[73.37271828794393,17.024539361272417],[73.37243730655327,17.024446747757736],[73.37244043185262,17.02408531335772],[73.37272063153456,17.024268285438133],[73.37271828794393,17.024539361272417]]]},"id":"381"},{"type":"Feature","properties":{"id":"382","metrics:area":800,"metrics:perimeter":119.5153275036385},"geometry":{"type":"Polygon","coordinates":[[[73.38821607767501,17.024572421765665],[73.38821762520074,17.024391703154375],[73.38840701566694,17.024212473258387],[73.38849784266165,17.02457465482885],[73.38821607767501,17.024572421765665]]]},"id":"382"},{"type":"Feature","properties":{"id":"383","metrics:area":16050,"metrics:perimeter":607.7712463638288},"geometry":{"type":"Polygon","coordinates":[[[73.3939391391122,17.025340627172422],[73.3919675437822,17.02523468015634],[73.39225162585163,17.02496582966706],[73.39206995715153,17.02424146862565],[73.39244641558307,17.024154079286],[73.39281901600471,17.02451848678125],[73.39384984334313,17.02479772803382],[73.3939391391122,17.025340627172422]]]},"id":"383"},{"type":"Feature","properties":{"id":"384","metrics:area":2800,"metrics:perimeter":208.52579293242084},"geometry":{"type":"Polygon","coordinates":[[[73.3970470426864,17.024371126634623],[73.39676758576081,17.024097826374607],[73.39686381634259,17.023827487718624],[73.39742580789682,17.02401264874941],[73.3974234999139,17.02428372790444],[73.3970470426864,17.024371126634623]]]},"id":"384"},{"type":"Feature","properties":{"id":"385","metrics:area":600,"metrics:perimeter":103.24555320336759},"geometry":{"type":"Polygon","coordinates":[[[73.34877495159847,17.023623440808908],[73.34887124872412,17.023353130765475],[73.34896516792614,17.02335389327724],[73.34905670960981,17.02362572838278],[73.34877495159847,17.023623440808908]]]},"id":"385"},{"type":"Feature","properties":{"id":"386","metrics:area":1350,"metrics:perimeter":155.71155468592366},"geometry":{"type":"Polygon","coordinates":[[[73.34933767528244,17.023718373123575],[73.34934005241483,17.023447300450407],[73.34971731389936,17.023269634234122],[73.34961943351605,17.02372065993036],[73.34933767528244,17.023718373123575]]]},"id":"386"},{"type":"Feature","properties":{"id":"387","metrics:area":7500,"metrics:perimeter":468.63695707553063},"geometry":{"type":"Polygon","coordinates":[[[73.3712139900354,17.024708047626287],[73.37112476089743,17.024165144094],[73.37168828491318,17.024169657076136],[73.37169219325531,17.02371786423054],[73.37150435234801,17.023716360118776],[73.37160139956717,17.02335567792171],[73.37216179560717,17.023721623751644],[73.37215945129176,17.023992699524914],[73.3718737814976,17.024442236779535],[73.3712139900354,17.024708047626287]]]},"id":"387"},{"type":"Feature","properties":{"id":"388","metrics:area":1050,"metrics:perimeter":131.6227766016838},"geometry":{"type":"Polygon","coordinates":[[[73.39123006836158,17.023602267123238],[73.39123238516342,17.023331188776112],[73.39160806990404,17.02333416032612],[73.3915118323153,17.023604495888332],[73.39123006836158,17.023602267123238]]]},"id":"388"},{"type":"Feature","properties":{"id":"389","metrics:area":2250,"metrics:perimeter":221.38147668435636},"geometry":{"type":"Polygon","coordinates":[[[73.39235558095406,17.023791898837718],[73.39207690407875,17.023428233276093],[73.39292142418212,17.023525274340404],[73.3929198812548,17.02370599338627],[73.39235558095406,17.023791898837718]]]},"id":"389"},{"type":"Feature","properties":{"id":"390","metrics:area":800,"metrics:perimeter":123.1375520796336},"geometry":{"type":"Polygon","coordinates":[[[73.35206529536475,17.023288674173195],[73.35197295823757,17.023107197732802],[73.35235021698276,17.022929526348687],[73.35234863517289,17.023110241749038],[73.35206529536475,17.023288674173195]]]},"id":"390"},{"type":"Feature","properties":{"id":"391","metrics:area":8100,"metrics:perimeter":418.57351866180824},"geometry":{"type":"Polygon","coordinates":[[[73.38173782534655,17.0242498766163],[73.38070780189798,17.023880216734398],[73.38099111919703,17.023701742132737],[73.38099578226957,17.02315958818137],[73.38118440058048,17.023070724477847],[73.38155852914643,17.023254432579712],[73.3816470117427,17.023887693135844],[73.3819279980342,17.023980294240598],[73.38173782534655,17.0242498766163]]]},"id":"391"},{"type":"Feature","properties":{"id":"392","metrics:area":1550,"metrics:perimeter":162.8538328578604},"geometry":{"type":"Polygon","coordinates":[[[73.3870975352568,17.023569533761798],[73.38719455316829,17.02320884155498],[73.38747709002672,17.023120716575555],[73.38747321970637,17.02357251298859],[73.3870975352568,17.023569533761798]]]},"id":"392"},{"type":"Feature","properties":{"id":"393","metrics:area":2500,"metrics:perimeter":293.1850750567939},"geometry":{"type":"Polygon","coordinates":[[[73.39301534553518,17.02352601652126],[73.39292373853775,17.023254195765325],[73.39405233526332,17.023082379771054],[73.39395610124252,17.023352716805466],[73.39320473089366,17.023346781678715],[73.39301534553518,17.02352601652126]]]},"id":"393"},{"type":"Feature","properties":{"id":"394","metrics:area":19650,"metrics:perimeter":660.2363115661861},"geometry":{"type":"Polygon","coordinates":[[[73.2992760620893,17.023667315489824],[73.2990008433951,17.022942117163748],[73.29956352678508,17.023037184877335],[73.2997587052427,17.022225557965243],[73.30051085129176,17.02214148253758],[73.30116418808922,17.022598751799066],[73.30106700956212,17.022959388557734],[73.30040877696354,17.02304425068228],[73.29974646315239,17.023580886917852],[73.2992760620893,17.023667315489824]]]},"id":"394"},{"type":"Feature","properties":{"id":"395","metrics:area":1400,"metrics:perimeter":153.84402799378825},"geometry":{"type":"Polygon","coordinates":[[[73.37958852925446,17.022967650044507],[73.37949849812199,17.022515107033705],[73.3797802588136,17.02251735190983],[73.37987106832892,17.022879535907705],[73.37958852925446,17.022967650044507]]]},"id":"395"},{"type":"Feature","properties":{"id":"396","metrics:area":13400,"metrics:perimeter":604.234580292929},"geometry":{"type":"Polygon","coordinates":[[[73.37075455311405,17.02352962487891],[73.37066219707098,17.023348155365433],[73.37019181364175,17.023434750968836],[73.37028964541976,17.022983711078496],[73.37095177750747,17.022446827138193],[73.37141824957867,17.022812022370815],[73.37123431871052,17.022358725281002],[73.3716099977848,17.022361733597496],[73.37179549270968,17.022634313255953],[73.37169531984307,17.023356429939017],[73.37103865996237,17.02326080636254],[73.37075455311405,17.02352962487891]]]},"id":"396"},{"type":"Feature","properties":{"id":"397","metrics:area":10400,"metrics:perimeter":509.9484492928273},"geometry":{"type":"Polygon","coordinates":[[[73.39461355054512,17.023357907766375],[73.39452425322051,17.022815008737442],[73.39471363649258,17.02263577229474],[73.39499385863184,17.022818715358305],[73.3956543868285,17.022462464195478],[73.39631029400005,17.02264836877091],[73.39611860240802,17.023098685841322],[73.39536800253566,17.023002399151075],[73.39517784906869,17.02327199584552],[73.39461355054512,17.023357907766375]]]},"id":"397"},{"type":"Feature","properties":{"id":"398","metrics:area":900,"metrics:perimeter":133.84402799378825},"geometry":{"type":"Polygon","coordinates":[[[73.35489630137297,17.021775403409965],[73.35499258878141,17.02150508957324],[73.35536747370833,17.02159848558663],[73.35536668431925,17.021688843436547],[73.35489630137297,17.021775403409965]]]},"id":"398"},{"type":"Feature","properties":{"id":"399","metrics:area":900,"metrics:perimeter":123.24555320336759},"geometry":{"type":"Polygon","coordinates":[[[73.3366817533995,17.020994710551996],[73.33677806565552,17.020724407571844],[73.33705981761268,17.020726711382686],[73.33696350574725,17.020997014531666],[73.3366817533995,17.020994710551996]]]},"id":"399"},{"type":"Feature","properties":{"id":"400","metrics:area":1050,"metrics:perimeter":135.2145126328583},"geometry":{"type":"Polygon","coordinates":[[[73.34776325242457,17.02117539731722],[73.34776642444432,17.020813967282425],[73.347955053118,17.020725135542957],[73.34804579950567,17.02108732845324],[73.34776325242457,17.02117539731722]]]},"id":"400"},{"type":"Feature","properties":{"id":"401","metrics:area":600,"metrics:perimeter":111.2310562561766},"geometry":{"type":"Polygon","coordinates":[[[73.3598818712673,17.020912025206318],[73.35988344563121,17.02073130908124],[73.36025833232394,17.020824696158947],[73.36025754531968,17.0209150542381],[73.3598818712673,17.020912025206318]]]},"id":"401"},{"type":"Feature","properties":{"id":"402","metrics:area":1200,"metrics:perimeter":142.4621125123532},"geometry":{"type":"Polygon","coordinates":[[[73.35161627046789,17.020935568819517],[73.35161864390811,17.020664495760133],[73.35199510685983,17.020577182302226],[73.35199273397444,17.020848255415473],[73.35161627046789,17.020935568819517]]]},"id":"402"},{"type":"Feature","properties":{"id":"403","metrics:area":800,"metrics:perimeter":120},"geometry":{"type":"Polygon","coordinates":[[[73.36777887630893,17.020071905077803],[73.36778200969677,17.01971047136352],[73.36796984625882,17.019711978568953],[73.36796671323116,17.02007341231713],[73.36777887630893,17.020071905077803]]]},"id":"403"},{"type":"Feature","properties":{"id":"404","metrics:area":750,"metrics:perimeter":115.2145126328583},"geometry":{"type":"Polygon","coordinates":[[[73.3969946703583,17.019490961507582],[73.39690228953602,17.01930950185959],[73.39727873646515,17.0192221025054],[73.39727719813273,17.019402822014822],[73.3969946703583,17.019490961507582]]]},"id":"404"},{"type":"Feature","properties":{"id":"405","metrics:area":1300,"metrics:perimeter":145.7076657157208},"geometry":{"type":"Polygon","coordinates":[[[73.36130480578622,17.019296934105824],[73.36121403386446,17.018934744913892],[73.36149657294003,17.01884665649944],[73.36158734539066,17.019208845611555],[73.36130480578622,17.019296934105824]]]},"id":"405"},{"type":"Feature","properties":{"id":"406","metrics:area":600,"metrics:perimeter":100},"geometry":{"type":"Polygon","coordinates":[[[73.34759444942935,17.019005291125914],[73.34759682837263,17.018734218566525],[73.3477846620531,17.01873574432238],[73.34778228337994,17.019006816907506],[73.34759444942935,17.019005291125914]]]},"id":"406"},{"type":"Feature","properties":{"id":"407","metrics:area":1600,"metrics:perimeter":162.4621125123532},"geometry":{"type":"Polygon","coordinates":[[[73.34487085932534,17.018983147821594],[73.34487403646234,17.018621718238784],[73.34525049719204,17.018534417169796],[73.34524732079478,17.018895846824698],[73.34487085932534,17.018983147821594]]]},"id":"407"},{"type":"Feature","properties":{"id":"408","metrics:area":1400,"metrics:perimeter":155.95241580617238},"geometry":{"type":"Polygon","coordinates":[[[73.36112326223078,17.018572555699294],[73.36074837934189,17.018479170547543],[73.36075152591023,17.01811773805041],[73.36112562163844,17.01830148127914],[73.36112326223078,17.018572555699294]]]},"id":"408"},{"type":"Feature","properties":{"id":"409","metrics:area":3900,"metrics:perimeter":246.46461980895668},"geometry":{"type":"Polygon","coordinates":[[[73.34374703701545,17.018612545042433],[73.34346846702346,17.01824882143046],[73.34356635778883,17.017797799501288],[73.34403434945062,17.017982337394923],[73.3440295814889,17.018524481567177],[73.34374703701545,17.018612545042433]]]},"id":"409"},{"type":"Feature","properties":{"id":"410","metrics:area":15950,"metrics:perimeter":801.6205783993157},"geometry":{"type":"Polygon","coordinates":[[[73.37464351683681,17.01913286090126],[73.37446036078433,17.01858920747338],[73.37512246560712,17.018052307378994],[73.37559127512141,17.01814641656814],[73.37568986971738,17.017605013703484],[73.37615867854302,17.017699121517182],[73.37615634085978,17.017970197990394],[73.37559049560447,17.0182367753639],[73.375682854556,17.018418242918344],[73.37624947947067,17.018061306501785],[73.3761516653647,17.01851235091426],[73.37586991117347,17.01851010152515],[73.37586679354122,17.018871536740402],[73.3753040638922,17.018776677914108],[73.37530094512223,17.019138113018116],[73.37464351683681,17.01913286090126]]]},"id":"410"},{"type":"Feature","properties":{"id":"411","metrics:area":2100,"metrics:perimeter":195.08270432752164},"geometry":{"type":"Polygon","coordinates":[[[73.3708946062036,17.018199222284252],[73.37071068011797,17.01774592501955],[73.37108869484001,17.017477857718887],[73.37117948573403,17.017840044128796],[73.3708946062036,17.018199222284252]]]},"id":"411"},{"type":"Feature","properties":{"id":"412","metrics:area":2700,"metrics:perimeter":253.76627611524418},"geometry":{"type":"Polygon","coordinates":[[[73.35972001178554,17.01792869421967],[73.35991020687376,17.01765913444273],[73.35982101225858,17.017116228689297],[73.36010276210348,17.017118500121583],[73.36019195754339,17.017661405821713],[73.36000176283147,17.017930965896863],[73.35972001178554,17.01792869421967]]]},"id":"412"},{"type":"Feature","properties":{"id":"413","metrics:area":500,"metrics:perimeter":92.36067977499789},"geometry":{"type":"Polygon","coordinates":[[[73.39710474342958,17.017594146814616],[73.39710705090923,17.017323067524096],[73.39729488782027,17.01732454745482],[73.39729334968528,17.017505266999315],[73.39710474342958,17.017594146814616]]]},"id":"413"},{"type":"Feature","properties":{"id":"414","metrics:area":2800,"metrics:perimeter":260.36294405657486},"geometry":{"type":"Polygon","coordinates":[[[73.37550203453317,17.017603513805227],[73.3751271439306,17.017510154708386],[73.37494320781566,17.0170568604258],[73.37541279431841,17.017060611019506],[73.37550359358559,17.017422796209594],[73.37578612548295,17.017334687154985],[73.37550203453317,17.017603513805227]]]},"id":"414"},{"type":"Feature","properties":{"id":"415","metrics:area":4350,"metrics:perimeter":319.10438944972657},"geometry":{"type":"Polygon","coordinates":[[[73.34573040020193,17.017363589856046],[73.34582907871872,17.01682220883013],[73.34676823694032,17.01682984320532],[73.34667114776877,17.017190509938892],[73.34620236128555,17.01709633551895],[73.3460121484132,17.01736588083061],[73.34573040020193,17.017363589856046]]]},"id":"415"},{"type":"Feature","properties":{"id":"416","metrics:area":1900,"metrics:perimeter":179.80406387751742},"geometry":{"type":"Polygon","coordinates":[[[73.39447502486902,17.017573409241447],[73.39438418826971,17.01721122941318],[73.39485532012306,17.017034215842276],[73.39485223920866,17.017395654504867],[73.39447502486902,17.017573409241447]]]},"id":"416"},{"type":"Feature","properties":{"id":"417","metrics:area":750,"metrics:perimeter":111.6227766016838},"geometry":{"type":"Polygon","coordinates":[[[73.373909337659,17.0171389640378],[73.37391167845487,17.016867887845766],[73.37419342991483,17.016870139735985],[73.3741918696591,17.017050857223506],[73.373909337659,17.0171389640378]]]},"id":"417"},{"type":"Feature","properties":{"id":"418","metrics:area":3000,"metrics:perimeter":240.5402898796118},"geometry":{"type":"Polygon","coordinates":[[[73.33868989780261,17.01694476029564],[73.33841054312671,17.016671387887786],[73.33925817224122,17.016407218301918],[73.33925498476714,17.01676864693208],[73.33868989780261,17.01694476029564]]]},"id":"418"},{"type":"Feature","properties":{"id":"419","metrics:area":1200,"metrics:perimeter":143.1375520796336},"geometry":{"type":"Polygon","coordinates":[[[73.3334330354331,17.016630672277255],[73.33324760446324,17.016358062812504],[73.33362486347272,17.016180426425883],[73.33362166523479,17.01654185402622],[73.3334330354331,17.016630672277255]]]},"id":"419"},{"type":"Feature","properties":{"id":"420","metrics:area":600,"metrics:perimeter":104.7213595499958},"geometry":{"type":"Polygon","coordinates":[[[73.34442351986735,17.016449319569208],[73.3445190240813,17.01626936903187],[73.34480077048279,17.01627166154092],[73.34470526652434,17.01645161223398],[73.34442351986735,17.016449319569208]]]},"id":"420"},{"type":"Feature","properties":{"id":"421","metrics:area":5600,"metrics:perimeter":282.6042499956693},"geometry":{"type":"Polygon","coordinates":[[[73.37306408232129,17.017132205914166],[73.37288015163284,17.016678910207148],[73.37307110822648,17.016318977657534],[73.37335285874737,17.016321230641207],[73.3737246245179,17.016776027645143],[73.37343975131257,17.01713520995782],[73.37306408232129,17.017132205914166]]]},"id":"421"},{"type":"Feature","properties":{"id":"422","metrics:area":3550,"metrics:perimeter":281.76414713228445},"geometry":{"type":"Polygon","coordinates":[[[73.37024578529102,17.017200012060542],[73.37006186157546,17.01674671438459],[73.37034830401096,17.016206820141647],[73.37072397064769,17.016209829040566],[73.37024578529102,17.017200012060542]]]},"id":"422"},{"type":"Feature","properties":{"id":"423","metrics:area":1700,"metrics:perimeter":173.44059704059384},"geometry":{"type":"Polygon","coordinates":[[[73.33709971792409,17.016208859346726],[73.33710211155504,17.015937788157977],[73.33757248396032,17.0158512687462],[73.33766400607641,17.0161231074158],[73.33709971792409,17.016208859346726]]]},"id":"423"},{"type":"Feature","properties":{"id":"424","metrics:area":2550,"metrics:perimeter":248.21667977443792},"geometry":{"type":"Polygon","coordinates":[[[73.39767363719197,17.016966067630886],[73.39767594376256,17.016694988247938],[73.3972078911423,17.016510569557],[73.39739803415765,17.01624096996816],[73.39786531760988,17.016515747991164],[73.39786147379924,17.016967547008527],[73.39767363719197,17.016966067630886]]]},"id":"424"},{"type":"Feature","properties":{"id":"425","metrics:area":12000,"metrics:perimeter":653.0714904763248},"geometry":{"type":"Polygon","coordinates":[[[73.34751322037509,17.017558807834984],[73.34751718509368,17.01710702018629],[73.3481753899681,17.017022001774237],[73.34799389941796,17.01629761606817],[73.348180938131,17.016389498814867],[73.34874997841743,17.01576157015388],[73.3491248479921,17.015854976464155],[73.34921401105845,17.016397884242853],[73.3486489319467,17.016574026201017],[73.34836242947202,17.017113884418176],[73.34751322037509,17.017558807834984]]]},"id":"425"},{"type":"Feature","properties":{"id":"426","metrics:area":700,"metrics:perimeter":110.77687230463567},"geometry":{"type":"Polygon","coordinates":[[[73.34517960843374,17.015913287878476],[73.34508728119043,17.01573180907868],[73.34537061464768,17.015553385837848],[73.3453682329725,17.015824458176056],[73.34517960843374,17.015913287878476]]]},"id":"426"},{"type":"Feature","properties":{"id":"427","metrics:area":900,"metrics:perimeter":123.24555320336759},"geometry":{"type":"Polygon","coordinates":[[[73.35973732721865,17.015940816239578],[73.3598336041188,17.01567049910078],[73.36011535180303,17.01567277032868],[73.36001907529356,17.01594308763573],[73.35973732721865,17.015940816239578]]]},"id":"427"},{"type":"Feature","properties":{"id":"428","metrics:area":1300,"metrics:perimeter":157.2865690108165},"geometry":{"type":"Polygon","coordinates":[[[73.3736369503834,17.016052407058467],[73.37345145823892,17.01577982923907],[73.37401495781756,17.01578433362511],[73.37401339749623,17.01596505111581],[73.3736369503834,17.016052407058467]]]},"id":"428"},{"type":"Feature","properties":{"id":"429","metrics:area":5850,"metrics:perimeter":423.48815973525564},"geometry":{"type":"Polygon","coordinates":[[[73.3725029217992,17.016856622547277],[73.37250448365643,17.016675905208444],[73.37175471049112,17.016489175857448],[73.37185331464029,17.015947775641056],[73.37241993795685,17.01559084979797],[73.37251151177769,17.015862677142316],[73.37222898104257,17.015950781717276],[73.37241290955934,17.016404077848648],[73.37260074325837,17.0164055804959],[73.3725029217992,17.016856622547277]]]},"id":"429"},{"type":"Feature","properties":{"id":"430","metrics:area":6450,"metrics:perimeter":348.87308558160134},"geometry":{"type":"Polygon","coordinates":[[[73.38462213961087,17.01650138955564],[73.38462601506411,17.016049593466175],[73.38425422238555,17.01559481423222],[73.38472535742486,17.015417824570072],[73.38509870068982,17.015691884530533],[73.38509250185997,17.01641475845811],[73.38462213961087,17.01650138955564]]]},"id":"430"},{"type":"Feature","properties":{"id":"431","metrics:area":950,"metrics:perimeter":128.9093456125003},"geometry":{"type":"Polygon","coordinates":[[[73.34509283927581,17.015099307028823],[73.34509442725653,17.0149185921499],[73.34537775941118,17.014740168778008],[73.34546929274288,17.01501200490189],[73.34509283927581,17.015099307028823]]]},"id":"431"},{"type":"Feature","properties":{"id":"432","metrics:area":1900,"metrics:perimeter":187.7563860092225},"geometry":{"type":"Polygon","coordinates":[[[73.33748415271674,17.015218001705797],[73.33739582186926,17.014584734641463],[73.337677564731,17.01458703679203],[73.3377674915597,17.01503958961323],[73.33748415271674,17.015218001705797]]]},"id":"432"},{"type":"Feature","properties":{"id":"433","metrics:area":20950,"metrics:perimeter":884.7621285748169},"geometry":{"type":"Polygon","coordinates":[[[73.37485318955737,17.016604316304335],[73.3747639514473,17.016061413383827],[73.37523275583914,17.016155522976764],[73.37523509458705,17.015884446579896],[73.37485942775425,17.015881446064416],[73.37514507591466,17.015431902525595],[73.37514975340893,17.014889749709532],[73.37542994320825,17.01507271726612],[73.37580716705051,17.014894998922554],[73.37599188287236,17.015257933673805],[73.37674087806353,17.015535006234618],[73.37683012184682,17.01607790878168],[73.37626895784831,17.015802335577266],[73.37588705678844,17.016522207602133],[73.37579547771946,17.016250381349142],[73.37532589314714,17.01624663181151],[73.37513494075517,17.016606566857163],[73.37485318955737,17.016604316304335]]]},"id":"433"},{"type":"Feature","properties":{"id":"434","metrics:area":7800,"metrics:perimeter":591.3494321192286},"geometry":{"type":"Polygon","coordinates":[[[73.33663413309355,17.01575323531402],[73.33654261263796,17.015481396317718],[73.33616695393253,17.015478324445624],[73.336170147075,17.01511689633821],[73.33579448916778,17.01511382384232],[73.33579688451348,17.01484275280481],[73.3360802241342,17.014664343147683],[73.33645348682853,17.01493848617076],[73.33711647241903,17.01431136086717],[73.33720879106824,17.01449284257642],[73.33673602807765,17.014850432615763],[73.33672964399217,17.01557328904459],[73.33691587759357,17.015755538672305],[73.33663413309355,17.01575323531402]]]},"id":"434"},{"type":"Feature","properties":{"id":"435","metrics:area":1800,"metrics:perimeter":192.68827230335916},"geometry":{"type":"Polygon","coordinates":[[[73.33551514153939,17.014840448017065],[73.3355183358054,17.01447902000718],[73.33608341728102,17.014302915027393],[73.33589239563065,17.01466280694294],[73.33551514153939,17.014840448017065]]]},"id":"435"},{"type":"Feature","properties":{"id":"436","metrics:area":2500,"metrics:perimeter":204.1173631183176},"geometry":{"type":"Polygon","coordinates":[[[73.3823789879601,17.015218451719036],[73.38228972812695,17.014675550229928],[73.3826661698922,17.014588177678895],[73.38275543080805,17.015131079096374],[73.3823789879601,17.015218451719036]]]},"id":"436"},{"type":"Feature","properties":{"id":"437","metrics:area":1250,"metrics:perimeter":145.56395895082645},"geometry":{"type":"Polygon","coordinates":[[[73.38331970671034,17.015045198383845],[73.38313420058634,17.01477262825644],[73.38351141784752,17.014594894943546],[73.38360378330499,17.014776359462477],[73.38331970671034,17.015045198383845]]]},"id":"437"},{"type":"Feature","properties":{"id":"438","metrics:area":2000,"metrics:perimeter":225.38374965090895},"geometry":{"type":"Polygon","coordinates":[[[73.37674243572646,17.01535428849092],[73.37636910666794,17.015080214277294],[73.3762798644397,17.01453731163131],[73.37683790980657,17.01517432003777],[73.37674243572646,17.01535428849092]]]},"id":"438"},{"type":"Feature","properties":{"id":"439","metrics:area":2400,"metrics:perimeter":188.06344131545217},"geometry":{"type":"Polygon","coordinates":[[[73.3338262833807,17.014645897258298],[73.33364085348946,17.014373288223158],[73.33383107955243,17.014103755695313],[73.33411282118267,17.014106062717733],[73.334203538361,17.01446825941981],[73.3338262833807,17.014645897258298]]]},"id":"439"},{"type":"Feature","properties":{"id":"440","metrics:area":196000,"metrics:perimeter":4587.270031678207},"geometry":{"type":"Polygon","coordinates":[[[73.38901075446438,17.019518251480022],[73.38873286330201,17.019064222896546],[73.38892611320743,17.018433194988983],[73.38826790949251,17.018518346467623],[73.3882655891187,17.018789424546263],[73.38685990457871,17.018416820210334],[73.3868622269218,17.018145742310047],[73.38723944835232,17.017968002413912],[73.38724177008416,17.017696924450846],[73.38696001556318,17.017694690522344],[73.38696156363088,17.017513971901245],[73.38733800982152,17.01742659102389],[73.38715481725107,17.0168829459547],[73.38791234778462,17.016166026336997],[73.38838193508653,17.01616974681301],[73.38856203787515,17.017074828609193],[73.38752816717339,17.017157001965437],[73.38780527925387,17.017701391138285],[73.38865518261183,17.017165931920147],[73.38940343521892,17.01753331944544],[73.38987457153274,17.017356317886094],[73.39025410626351,17.01690749362471],[73.38998162282951,17.015820950493953],[73.39045429880778,17.01546322818706],[73.39045738778927,17.015101790238845],[73.39111712289782,17.014835911507227],[73.39186614385937,17.01511293012458],[73.39224721187328,17.014483382117984],[73.3924342742437,17.01457522587673],[73.39224412644484,17.01484482040699],[73.39242733269143,17.015388462075816],[73.39270985569021,17.015300328554684],[73.39271602485975,17.014577451829776],[73.39318638021405,17.0144908012701],[73.39327798449517,17.01476262180282],[73.39383994536163,17.01494779031348],[73.39430259737938,17.015764733773697],[73.39458435003363,17.01576695729074],[73.3947744957337,17.015497360390594],[73.39514939549632,17.015590683770707],[73.39533184095232,17.016224683252563],[73.39458357974296,17.015857316956833],[73.39439420376983,17.01603655396011],[73.39438881090712,17.016669071529304],[73.39316710630213,17.016749791400375],[73.39307858562884,17.0161165324211],[73.39251507973464,17.016112080739045],[73.39279143440783,17.01674682384202],[73.39325948233734,17.016931252377894],[73.39287609822969,17.017831880723495],[73.39231567313074,17.017465989850464],[73.39231798748432,17.017194911195112],[73.39137957795536,17.017097127380936],[73.39091230396976,17.016822335148756],[73.39090921552987,17.017183773117036],[73.39147195233262,17.017278589032856],[73.39137417461262,17.017729643945323],[73.3922186687815,17.017826685781372],[73.39230718680453,17.018459944855792],[73.39183682114603,17.01854659247384],[73.3914626897448,17.01836290314824],[73.39164589616284,17.0189065454399],[73.391174757124,17.019083550889746],[73.39117630128146,17.0189028319173],[73.390427266998,17.018625809663774],[73.39042958423686,17.01835473129158],[73.3895881805152,17.017896244212707],[73.3894919436099,17.01816657894708],[73.38995921837963,17.018441374515845],[73.38995690045124,17.018712452822832],[73.3898614362413,17.01889242829233],[73.3892994688755,17.018707248188054],[73.38948112329385,17.019431610724478],[73.38901075446438,17.019518251480022]]]},"id":"440"},{"type":"Feature","properties":{"id":"441","metrics:area":1400,"metrics:perimeter":153.84402799378825},"geometry":{"type":"Polygon","coordinates":[[[73.37693571982386,17.014723274863982],[73.37684569729028,17.014270731210274],[73.37712744527718,17.014272978705684],[73.37721824706612,17.014635163392654],[73.37693571982386,17.014723274863982]]]},"id":"441"},{"type":"Feature","properties":{"id":"442","metrics:area":1250,"metrics:perimeter":181.0654957016754},"geometry":{"type":"Polygon","coordinates":[[[73.34819837366898,17.01440163210412],[73.34810604399024,17.014220154459938],[73.34773197095646,17.01403638901652],[73.34829545804112,17.01404096416624],[73.34838699546505,17.014312799332547],[73.34819837366898,17.01440163210412]]]},"id":"442"},{"type":"Feature","properties":{"id":"443","metrics:area":1650,"metrics:perimeter":179.02377369982506},"geometry":{"type":"Polygon","coordinates":[[[73.39121181169344,17.014746294628676],[73.39102706566572,17.014383371225474],[73.39168371109514,17.014478928547877],[73.39158825098033,17.014658905222333],[73.39121181169344,17.014746294628676]]]},"id":"443"},{"type":"Feature","properties":{"id":"444","metrics:area":1550,"metrics:perimeter":158.8062486640328},"geometry":{"type":"Polygon","coordinates":[[[73.39036655984168,17.014739609288455],[73.39027573218337,17.01437742831482],[73.39065217099257,17.014290040612433],[73.39074377143874,17.014561861973],[73.39036655984168,17.014739609288455]]]},"id":"444"},{"type":"Feature","properties":{"id":"445","metrics:area":750,"metrics:perimeter":117.67828935632369},"geometry":{"type":"Polygon","coordinates":[[[73.37891029471047,17.014467921749546],[73.37910046002652,17.0141983412717],[73.37928829215134,17.014199837558113],[73.37919204328139,17.014470166411922],[73.37891029471047,17.014467921749546]]]},"id":"445"},{"type":"Feature","properties":{"id":"446","metrics:area":3600,"metrics:perimeter":237.62389118015628},"geometry":{"type":"Polygon","coordinates":[[[73.38689009171738,17.01489280692014],[73.38670767626697,17.01425880230911],[73.38708411588347,17.01417142133097],[73.38727117500295,17.01426326960115],[73.38726653257511,17.014805425710254],[73.38689009171738,17.01489280692014]]]},"id":"446"},{"type":"Feature","properties":{"id":"447","metrics:area":600,"metrics:perimeter":100},"geometry":{"type":"Polygon","coordinates":[[[73.36529563531168,17.013997531578628],[73.36529720380408,17.01381681484009],[73.36557894948825,17.013819078264724],[73.36557738126588,17.01399979502872],[73.36529563531168,17.013997531578628]]]},"id":"447"},{"type":"Feature","properties":{"id":"448","metrics:area":3750,"metrics:perimeter":259.9604890582209},"geometry":{"type":"Polygon","coordinates":[[[73.379661624328,17.014473906649716],[73.379289847241,17.014019119561947],[73.38013664548828,17.013845132556146],[73.3802282301577,17.01411695735201],[73.379661624328,17.014473906649716]]]},"id":"448"},{"type":"Feature","properties":{"id":"449","metrics:area":3250,"metrics:perimeter":229.7958167042255},"geometry":{"type":"Polygon","coordinates":[[[73.39534646918572,17.014507848884133],[73.39497234143485,17.014324166336035],[73.39488073479276,17.014052346366054],[73.39544500497314,17.013966431255795],[73.39572521577863,17.0141493724284],[73.39534646918572,17.014507848884133]]]},"id":"449"},{"type":"Feature","properties":{"id":"450","metrics:area":1450,"metrics:perimeter":154.084889114037},"geometry":{"type":"Polygon","coordinates":[[[73.39196700441899,17.014300436403353],[73.39197009027437,17.013938998144393],[73.39225261119151,17.01385086508007],[73.39234344257292,17.014213045490038],[73.39196700441899,17.014300436403353]]]},"id":"450"},{"type":"Feature","properties":{"id":"451","metrics:area":10650,"metrics:perimeter":588.8217611117872},"geometry":{"type":"Polygon","coordinates":[[[73.34894889934104,17.014498087983196],[73.34876582292421,17.013954417983683],[73.34839174963572,17.01377065373919],[73.34858195519226,17.013501105496623],[73.3504570762142,17.01387777241019],[73.34988963078094,17.014324991623102],[73.34951793095642,17.013870156340232],[73.34923143570407,17.01441001649464],[73.34894889934104,17.014498087983196]]]},"id":"451"},{"type":"Feature","properties":{"id":"452","metrics:area":10950,"metrics:perimeter":498.3268155325525},"geometry":{"type":"Polygon","coordinates":[[[73.33749212897918,17.014314430782512],[73.33768952707973,17.013231680158295],[73.33872018629212,17.013511188814917],[73.33890084177435,17.01432593679421],[73.33796409189763,17.0140471958443],[73.33768234980212,17.014044894161145],[73.33749212897918,17.014314430782512]]]},"id":"452"},{"type":"Feature","properties":{"id":"453","metrics:area":2800,"metrics:perimeter":217.8168254539608},"geometry":{"type":"Polygon","coordinates":[[[73.38999629945377,17.01410412058145],[73.3898123288651,17.01365083683222],[73.39037659884953,17.013564935875365],[73.39056211503781,17.013837500218592],[73.38999629945377,17.01410412058145]]]},"id":"453"},{"type":"Feature","properties":{"id":"454","metrics:area":900,"metrics:perimeter":126.05551275463989},"geometry":{"type":"Polygon","coordinates":[[[73.3947891283831,17.013780526370248],[73.39479143864607,17.01350944728685],[73.39516710445416,17.013512410606662],[73.39497696154778,17.01378200814177],[73.3947891283831,17.013780526370248]]]},"id":"454"},{"type":"Feature","properties":{"id":"455","metrics:area":500,"metrics:perimeter":123.85164807134504},"geometry":{"type":"Polygon","coordinates":[[[73.39450814889877,17.01368794370703],[73.39403856636513,17.013684237891578],[73.39404010725586,17.013503518568506],[73.39450814889877,17.01368794370703]]]},"id":"455"},{"type":"Feature","properties":{"id":"456","metrics:area":7300,"metrics:perimeter":421.52274953289157},"geometry":{"type":"Polygon","coordinates":[[[73.33477341404084,17.01375001635604],[73.33421073084453,17.01365504689324],[73.33440415143245,17.013024085822593],[73.33525017046972,17.012940645910394],[73.3354316088885,17.013665038642905],[73.33505914893007,17.01330053707082],[73.33477341404084,17.01375001635604]]]},"id":"456"},{"type":"Feature","properties":{"id":"457","metrics:area":2400,"metrics:perimeter":207.90966462797587},"geometry":{"type":"Polygon","coordinates":[[[73.36867893747848,17.013753591689298],[73.3681177941127,17.013477997551913],[73.36812014270738,17.013206922046173],[73.36868285050059,17.013301799061015],[73.36867893747848,17.013753591689298]]]},"id":"457"},{"type":"Feature","properties":{"id":"458","metrics:area":31350,"metrics:perimeter":834.1884645202445},"geometry":{"type":"Polygon","coordinates":[[[73.39674291660825,17.01596471082722],[73.39665361461357,17.015421812132168],[73.3970331300158,17.01497297343595],[73.39694844185146,17.013887916072605],[73.39676214669824,17.013705716550312],[73.39704697261526,17.013346497219107],[73.39742263851485,17.013349456348184],[73.3974195632334,17.013710895597438],[73.39807544296009,17.013896792200352],[73.39797845186118,17.01425749209029],[73.39825943431488,17.01435007017028],[73.39844342647125,17.014803348029265],[73.39749579660769,17.01578991080774],[73.39674291660825,17.01596471082722]]]},"id":"458"},{"type":"Feature","properties":{"id":"459","metrics:area":4950,"metrics:perimeter":291.4691468068077},"geometry":{"type":"Polygon","coordinates":[[[73.35684406508146,17.013839088857328],[73.35665781218844,17.013656855930435],[73.35675645683057,17.013115466510936],[73.35732230780579,17.012848942388853],[73.357221300677,17.01366140626852],[73.35684406508146,17.013839088857328]]]},"id":"459"},{"type":"Feature","properties":{"id":"460","metrics:area":19300,"metrics:perimeter":664.8220411301616},"geometry":{"type":"Polygon","coordinates":[[[73.38106415435932,17.015207993437315],[73.38078473504673,17.014934674102737],[73.38088331240138,17.014393267134306],[73.38060234063549,17.0143006657683],[73.38032525439068,17.013756268808876],[73.38042538602123,17.01303414394777],[73.38098887934125,17.013038628321592],[73.38117282748814,17.013491918217067],[73.38154849073456,17.013494906671145],[73.38154150265981,17.014308138580926],[73.3812582007749,17.014486615359637],[73.38134668094756,17.015119876131322],[73.38106415435932,17.015207993437315]]]},"id":"460"},{"type":"Feature","properties":{"id":"461","metrics:area":1400,"metrics:perimeter":172.78384429865275},"geometry":{"type":"Polygon","coordinates":[[[73.39554123088709,17.013696092689997],[73.3950747278768,17.01333095042356],[73.39517018401875,17.01315097175043],[73.39563668682017,17.01351611378203],[73.39554123088709,17.013696092689997]]]},"id":"461"},{"type":"Feature","properties":{"id":"462","metrics:area":1250,"metrics:perimeter":158.46006583622588},"geometry":{"type":"Polygon","coordinates":[[[73.39807928552183,17.01344499299945],[73.3979869060438,17.013263533903235],[73.39855194145623,17.013087249982544],[73.39845572012644,17.01335759038036],[73.39807928552183,17.01344499299945]]]},"id":"462"},{"type":"Feature","properties":{"id":"463","metrics:area":21300,"metrics:perimeter":688.1791418141895},"geometry":{"type":"Polygon","coordinates":[[[73.36604147059812,17.014636075375584],[73.36576129173628,17.014453095716714],[73.36614008945539,17.01409467916586],[73.36595539439155,17.013731737157745],[73.36718490893038,17.01274759545636],[73.36727490745551,17.013200141393163],[73.3677405672991,17.01365570127629],[73.36764351958111,17.01401638175372],[73.36708081047688,17.01392150173068],[73.3667935796277,17.01455174941147],[73.36604147059812,17.014636075375584]]]},"id":"463"},{"type":"Feature","properties":{"id":"464","metrics:area":9200,"metrics:perimeter":519.0901083405263},"geometry":{"type":"Polygon","coordinates":[[[73.39770746265505,17.012990235927735],[73.39733410390953,17.01271619794165],[73.39658354392431,17.01261991909443],[73.39658662060035,17.012258479954916],[73.39696074627705,17.01244215935505],[73.39855808736014,17.012364371024635],[73.39846032993714,17.012815431206903],[73.39770746265505,17.012990235927735]]]},"id":"464"},{"type":"Feature","properties":{"id":"465","metrics:area":1000,"metrics:perimeter":133.00563079745768},"geometry":{"type":"Polygon","coordinates":[[[73.39555354596382,17.01225033694501],[73.39555508526372,17.01206961746185],[73.39574445589452,17.011890378879027],[73.39592920940215,17.012253298645767],[73.39555354596382,17.01225033694501]]]},"id":"465"},{"type":"Feature","properties":{"id":"466","metrics:area":600,"metrics:perimeter":100},"geometry":{"type":"Polygon","coordinates":[[[73.39602466412336,17.012073319437896],[73.39602620295439,17.011892599909753],[73.3963079500566,17.011894820550758],[73.39630641149559,17.012075540103883],[73.39602466412336,17.012073319437896]]]},"id":"466"},{"type":"Feature","properties":{"id":"467","metrics:area":950,"metrics:perimeter":137.04570789056774},"geometry":{"type":"Polygon","coordinates":[[[73.36653377424868,17.012019451526328],[73.36653612490868,17.011748376196632],[73.36681943448718,17.011569920723687],[73.36672160302444,17.01202095922384],[73.36653377424868,17.012019451526328]]]},"id":"467"},{"type":"Feature","properties":{"id":"468","metrics:area":1150,"metrics:perimeter":147.5751924078562},"geometry":{"type":"Polygon","coordinates":[[[73.33779779326228,17.0116060191036],[73.33789489514254,17.011245357652506],[73.33817743020093,17.011157301518953],[73.33817503883024,17.011428372983282],[73.33779779326228,17.0116060191036]]]},"id":"468"},{"type":"Feature","properties":{"id":"469","metrics:area":7950,"metrics:perimeter":361.73506640173576},"geometry":{"type":"Polygon","coordinates":[[[73.34812743989951,17.01178049937728],[73.347095185728,17.011681753078758],[73.34709914999654,17.011229965265287],[73.34738247463368,17.01105153838836],[73.34832002032395,17.011239878331317],[73.34812743989951,17.01178049937728]]]},"id":"469"},{"type":"Feature","properties":{"id":"470","metrics:area":800,"metrics:perimeter":122.0079285608123},"geometry":{"type":"Polygon","coordinates":[[[73.33235245808763,17.01138073880361],[73.33226174547232,17.011018541614927],[73.3324503698484,17.010929723957414],[73.33254268244977,17.01111120730137],[73.33235245808763,17.01138073880361]]]},"id":"470"},{"type":"Feature","properties":{"id":"471","metrics:area":1800,"metrics:perimeter":183.2455532033676},"geometry":{"type":"Polygon","coordinates":[[[73.33836286432775,17.011429906798767],[73.33855547146234,17.010889297401352],[73.33874329645886,17.010890830818717],[73.33873851538121,17.011432973910182],[73.33836286432775,17.011429906798767]]]},"id":"471"},{"type":"Feature","properties":{"id":"472","metrics:area":56600,"metrics:perimeter":1277.6244349418605},"geometry":{"type":"Polygon","coordinates":[[[73.36943104267164,17.013669255558572],[73.36906085824762,17.01303373489851],[73.3684034533133,17.013028464450954],[73.36784309545051,17.012662511260448],[73.36784466136893,17.01248179426783],[73.36821953733096,17.012575165663232],[73.36822501666813,17.011942656049953],[73.36803875349102,17.011760432723587],[73.36775466163351,17.01202924846416],[73.36747448453046,17.011846271311434],[73.36747996611965,17.01121376188862],[73.36804345036168,17.011218281634683],[73.36814362628502,17.010496166574907],[73.36880102229877,17.01050143710163],[73.3693590297614,17.011138463070047],[73.36935590107252,17.011499897373174],[73.36982390849252,17.011684376859],[73.36972608400785,17.012135417414132],[73.37019565702163,17.01213917899322],[73.37047505584003,17.012412511274427],[73.37047271074981,17.012683587120257],[73.3699068754982,17.01295014948468],[73.36999844465467,17.0132219776059],[73.36943104267164,17.013669255558572]]]},"id":"472"},{"type":"Feature","properties":{"id":"473","metrics:area":9150,"metrics:perimeter":553.0415536574213},"geometry":{"type":"Polygon","coordinates":[[[73.39659431196127,17.011354882047694],[73.39631487334836,17.01108158252037],[73.39669284173634,17.010813463210496],[73.39781982431374,17.010822339199592],[73.39791220264095,17.011003798298553],[73.39847799931174,17.01073715409694],[73.39847646294302,17.010917873863168],[73.39819471700154,17.010915656347255],[73.39819241200823,17.011186735952904],[73.39659431196127,17.011354882047694]]]},"id":"473"},{"type":"Feature","properties":{"id":"474","metrics:area":900,"metrics:perimeter":120},"geometry":{"type":"Polygon","coordinates":[[[73.39538033857205,17.010532020768313],[73.39538264751664,17.010260941519732],[73.39566439209001,17.010263162845146],[73.39566208355042,17.01053424213122],[73.39538033857205,17.010532020768313]]]},"id":"474"},{"type":"Feature","properties":{"id":"475","metrics:area":3350,"metrics:perimeter":244.00041593399015},"geometry":{"type":"Polygon","coordinates":[[[73.38908804510403,17.010482308795233],[73.38918659544224,17.009940895342016],[73.3898432241057,17.010036457250845],[73.38984090722474,17.010307535765794],[73.38908804510403,17.010482308795233]]]},"id":"475"},{"type":"Feature","properties":{"id":"476","metrics:area":3500,"metrics:perimeter":230.61772596780045},"geometry":{"type":"Polygon","coordinates":[[[73.39791604490102,17.010551999005667],[73.39754345893138,17.01018760187576],[73.39754576471465,17.00991652232991],[73.39792142386781,17.009919479960562],[73.39820086344372,17.010192777362125],[73.39819855856314,17.01046385698781],[73.39791604490102,17.010551999005667]]]},"id":"476"},{"type":"Feature","properties":{"id":"477","metrics:area":20550,"metrics:perimeter":639.2900638058376},"geometry":{"type":"Polygon","coordinates":[[[73.36663317312541,17.011387696252704],[73.3663569161298,17.010752925504722],[73.36654866103379,17.010302640977805],[73.3662677040731,17.010210020902967],[73.36627083843354,17.009848587112366],[73.36645866502066,17.009850094866096],[73.36655571206528,17.009489414823147],[73.36740171338677,17.009405838525634],[73.3676779724831,17.010040608068305],[73.36720370636283,17.010578992056292],[73.36710352680424,17.01130110633314],[73.36663317312541,17.011387696252704]]]},"id":"477"},{"type":"Feature","properties":{"id":"478","metrics:area":2100,"metrics:perimeter":184.52542342751326},"geometry":{"type":"Polygon","coordinates":[[[73.39153599996625,17.0097787464418],[73.39135125728265,17.009415823523984],[73.39182237116523,17.00923881543633],[73.39191320028985,17.00960099593678],[73.39153599996625,17.0097787464418]]]},"id":"478"},{"type":"Feature","properties":{"id":"479","metrics:area":1750,"metrics:perimeter":225.4778881074241},"geometry":{"type":"Polygon","coordinates":[[[73.34993237316051,17.009445676495265],[73.34984162656775,17.00908348420308],[73.35012336298315,17.009085768407918],[73.34993791280624,17.008813172503732],[73.35021964883124,17.008815456540148],[73.35031118728428,17.00908729099468],[73.34993237316051,17.009445676495265]]]},"id":"479"},{"type":"Feature","properties":{"id":"480","metrics:area":4450,"metrics:perimeter":302.10058844970337},"geometry":{"type":"Polygon","coordinates":[[[73.35115323367742,17.00945557156218],[73.35096778160751,17.009182976444883],[73.35078707573197,17.008368234660935],[73.35125584418132,17.008462396896462],[73.35134184916247,17.009366735455995],[73.35115323367742,17.00945557156218]]]},"id":"480"},{"type":"Feature","properties":{"id":"481","metrics:area":2400,"metrics:perimeter":203.2455532033676},"geometry":{"type":"Polygon","coordinates":[[[73.36890979989988,17.00878537702939],[73.36834788774556,17.00860014320067],[73.36835023529501,17.008329067534074],[73.36891371115651,17.008333584128856],[73.36890979989988,17.00878537702939]]]},"id":"481"},{"type":"Feature","properties":{"id":"482","metrics:area":800,"metrics:perimeter":115.60623297836548},"geometry":{"type":"Polygon","coordinates":[[[73.36412260275097,17.008475860127646],[73.36421886873077,17.008205539848976],[73.3644998215212,17.00829816242608],[73.36440434028343,17.008478124489514],[73.36412260275097,17.008475860127646]]]},"id":"482"},{"type":"Feature","properties":{"id":"483","metrics:area":1350,"metrics:perimeter":173.89898319663484},"geometry":{"type":"Polygon","coordinates":[[[73.38121398122559,17.00870288537754],[73.3811247261542,17.00815998359477],[73.38131332873252,17.008071118357158],[73.38140180806934,17.00870437924573],[73.38121398122559,17.00870288537754]]]},"id":"483"},{"type":"Feature","properties":{"id":"484","metrics:area":98350,"metrics:perimeter":2036.942344331276},"geometry":{"type":"Polygon","coordinates":[[[73.37093837785066,17.01313914025963],[73.370755237035,17.012595484607402],[73.37122793675486,17.0122378093092],[73.37123106199662,17.01187637469435],[73.37085462242254,17.011963726111723],[73.37066366697486,17.012323656743124],[73.36982390849252,17.011684376859],[73.3699225143075,17.011142977594915],[73.36973468610634,17.011141472926486],[73.37011816031544,17.010240895935247],[73.36975110668801,17.009243942260103],[73.36994049657433,17.009064729508303],[73.36994596893624,17.008432219133304],[73.37032005684841,17.00861594473085],[73.37042022183341,17.007893827502436],[73.37088744060698,17.008168662593906],[73.3711644916472,17.00871306965171],[73.37078571440206,17.009071497497207],[73.37087025118045,17.010156553191894],[73.3716223416265,17.010072207609124],[73.3716192174868,17.010433642358493],[73.37199487285051,17.01043664792303],[73.37180314032699,17.01088693868753],[73.37274072015856,17.01107516810808],[73.37283073184032,17.01152771273751],[73.37339109750144,17.0118936527685],[73.37338875668239,17.01216472902247],[73.37272979215999,17.012340190253624],[73.3726327546916,17.012700874036817],[73.37225709469418,17.012697869262045],[73.37206535997021,17.01314816003393],[73.37178361437584,17.013145905674953],[73.37169282372002,17.01278371946939],[73.37093837785066,17.01313914025963]]]},"id":"484"},{"type":"Feature","properties":{"id":"485","metrics:area":600,"metrics:perimeter":106.05551275463989},"geometry":{"type":"Polygon","coordinates":[[[73.36356619094173,17.00765810515233],[73.3635685452307,17.007387030109708],[73.36366245716809,17.00738778514905],[73.36384792717311,17.007660370178733],[73.36356619094173,17.00765810515233]]]},"id":"485"},{"type":"Feature","properties":{"id":"486","metrics:area":2600,"metrics:perimeter":205.91032963050384},"geometry":{"type":"Polygon","coordinates":[[[73.3636663806622,17.00693599337338],[73.36367030403632,17.006484201576804],[73.36404673451487,17.006396862752588],[73.3642306354521,17.006850164189864],[73.3636663806622,17.00693599337338]]]},"id":"486"},{"type":"Feature","properties":{"id":"487","metrics:area":6600,"metrics:perimeter":403.92278521139724},"geometry":{"type":"Polygon","coordinates":[[[73.3982246780676,17.00739162079015],[73.3973817619064,17.00711388776574],[73.39729169135862,17.006661348965473],[73.39766811234736,17.00657394663209],[73.39822698246908,17.00712054107933],[73.39869731751223,17.00703387592345],[73.3986950137997,17.007304955699148],[73.3982246780676,17.00739162079015]]]},"id":"487"},{"type":"Feature","properties":{"id":"488","metrics:area":11350,"metrics:perimeter":698.8768777353861},"geometry":{"type":"Polygon","coordinates":[[[73.39212184924625,17.00716277021689],[73.39269072365295,17.006534703090935],[73.39344202675946,17.006540634436128],[73.39353825069162,17.006270296550806],[73.39438192600727,17.00645768498214],[73.394379616171,17.006728764198392],[73.39391159135413,17.00654434012003],[73.39325188948462,17.006810230923193],[73.39362677133366,17.006903555656123],[73.39371837358088,17.00717537592576],[73.39212184924625,17.00716277021689]]]},"id":"488"},{"type":"Feature","properties":{"id":"489","metrics:area":1500,"metrics:perimeter":169.29971408438087},"geometry":{"type":"Polygon","coordinates":[[[73.39738791000944,17.006391008799632],[73.39739098394817,17.00602956929655],[73.39786131642921,17.005942905866522],[73.39785977992851,17.006123625663005],[73.39738791000944,17.006391008799632]]]},"id":"489"},{"type":"Feature","properties":{"id":"490","metrics:area":3100,"metrics:perimeter":237.54521585905815},"geometry":{"type":"Polygon","coordinates":[[[73.36142192974022,17.005833561869263],[73.36104785730731,17.005649821087754],[73.36123882233639,17.00528990025872],[73.36189619791624,17.005295191515586],[73.36142192974022,17.005833561869263]]]},"id":"490"},{"type":"Feature","properties":{"id":"491","metrics:area":600,"metrics:perimeter":100},"geometry":{"type":"Polygon","coordinates":[[[73.35879556978492,17.005450944751527],[73.35879793061041,17.005179870299635],[73.35898575184063,17.005181384545843],[73.35898339128502,17.005452459023296],[73.35879556978492,17.005450944751527]]]},"id":"491"},{"type":"Feature","properties":{"id":"492","metrics:area":750,"metrics:perimeter":111.6227766016838},"geometry":{"type":"Polygon","coordinates":[[[73.36292764722987,17.005484218737795],[73.36292921716006,17.005303502062908],[73.36321173460489,17.005215409315444],[73.36320938012162,17.00548648436728],[73.36292764722987,17.005484218737795]]]},"id":"492"},{"type":"Feature","properties":{"id":"493","metrics:area":4600,"metrics:perimeter":336.2498064894078},"geometry":{"type":"Polygon","coordinates":[[[73.33221342476503,17.005867428396723],[73.33212431353604,17.00532451736016],[73.3325938606592,17.005328364195037],[73.33259705863233,17.00496693638701],[73.33287958577131,17.004878886949555],[73.33277848185115,17.005691330455292],[73.33221342476503,17.005867428396723]]]},"id":"493"},{"type":"Feature","properties":{"id":"494","metrics:area":36500,"metrics:perimeter":1430.3804751255643},"geometry":{"type":"Polygon","coordinates":[[[73.367317196663,17.008320783062636],[73.36685154992581,17.007865223206842],[73.36732189460201,17.007778631986536],[73.36714111739342,17.00696389861282],[73.36742363597655,17.006875800075232],[73.36742598460283,17.00660472448811],[73.36686486372227,17.006329128702347],[73.3667733016465,17.006057299672516],[73.36771241611783,17.00606483276435],[73.36761537361262,17.00642551381841],[73.3678971085728,17.00642777308262],[73.36818275601026,17.00597823911748],[73.36752694154735,17.00579225086985],[73.36772024292429,17.005161247242302],[73.36827979714397,17.005617557664127],[73.36827588503039,17.0060693505418],[73.36874387816,17.006253831353607],[73.36911326818475,17.006979710360106],[73.36826023537985,17.00787652184356],[73.36807319320839,17.007784657372756],[73.36807788881565,17.00724250606315],[73.36760754568621,17.00732909918106],[73.36769362982949,17.00823343767623],[73.367317196663,17.008320783062636]]]},"id":"494"},{"type":"Feature","properties":{"id":"495","metrics:area":750,"metrics:perimeter":111.6227766016838},"geometry":{"type":"Polygon","coordinates":[[[73.35710596490681,17.005346950441794],[73.35710832814677,17.00507587621759],[73.35739005960438,17.00507814984637],[73.35738848438578,17.005258866022263],[73.35710596490681,17.005346950441794]]]},"id":"495"},{"type":"Feature","properties":{"id":"496","metrics:area":3200,"metrics:perimeter":235.96217891612594},"geometry":{"type":"Polygon","coordinates":[[[73.35963762047155,17.00581919035527],[73.35945530500038,17.005185169403937],[73.3600195552983,17.005099351597703],[73.36011110700666,17.00537118280881],[73.35963762047155,17.00581919035527]]]},"id":"496"},{"type":"Feature","properties":{"id":"497","metrics:area":3400,"metrics:perimeter":301.8536337391621},"geometry":{"type":"Polygon","coordinates":[[[73.36311075978688,17.006027879256337],[73.36339563257386,17.005668711284564],[73.36340034101504,17.00512656113241],[73.3637767688001,17.005039222572922],[73.36377127689497,17.005671731205645],[73.36311075978688,17.006027879256337]]]},"id":"497"},{"type":"Feature","properties":{"id":"498","metrics:area":1557350,"metrics:perimeter":16106.163425843968},"geometry":{"type":"Polygon","coordinates":[[[73.37767926605193,17.015632856305857],[73.37711965914379,17.015176567659587],[73.37749843878369,17.014818128243412],[73.37750466613586,17.014095256925415],[73.37703897960203,17.013639717295884],[73.37647704332298,17.013454504078936],[73.37704754392763,17.01264576933204],[73.37582508860982,17.012816745503176],[73.37517002056848,17.01254042049219],[73.37507844396933,17.0122685940692],[73.3757358484412,17.01227384272917],[73.375927573623,17.01182354763032],[73.37574130244363,17.01164133072557],[73.37470668259091,17.011813799830197],[73.37424022871767,17.01144861355546],[73.3739655049142,17.01063313335241],[73.37368532293227,17.010450164390733],[73.37378781668757,17.0094569682325],[73.37360232992451,17.009184390920453],[73.37294571727502,17.00908877753711],[73.37284868246417,17.009449461713142],[73.37256694229019,17.0094472089131],[73.37136012821044,17.00781098586238],[73.37127012107064,17.007358440880303],[73.37043272515186,17.006448088929908],[73.37052898104501,17.006177764743843],[73.37090384653901,17.006271130282094],[73.3709061900716,17.00600005420747],[73.3721301634319,17.005648386571384],[73.37241579996387,17.005198845659045],[73.37260284217376,17.00529070612103],[73.37241189786582,17.005650639488383],[73.37297224617768,17.006016579303523],[73.37268895047717,17.00619504465949],[73.3730606968066,17.006649841456053],[73.37334243286814,17.006652093213905],[73.37334477294924,17.00638101681966],[73.37296990561401,17.00628765565711],[73.37306693800713,17.00592697115606],[73.37362806840913,17.006202550524257],[73.37372743892458,17.00557078912693],[73.37466031930215,17.006301160835747],[73.37541239379348,17.00621679974224],[73.37550318976255,17.006578984853817],[73.3756949084211,17.00612868928343],[73.3758788381699,17.006581982592387],[73.37606666240215,17.00658348120195],[73.3759782015558,17.00595021948767],[73.37616758245133,17.005771000089787],[73.37579115678693,17.005858361936916],[73.37579271442081,17.005677644107124],[73.37645476703288,17.005140734804495],[73.37673416629212,17.005414058557395],[73.3773923254255,17.005328940832594],[73.37720372419874,17.005417802534886],[73.37738843522385,17.005780735775758],[73.37804737328425,17.00560525700458],[73.37823286381077,17.005877830604923],[73.37804115130939,17.006328129119417],[73.37841679969091,17.00633112213251],[73.37860695637674,17.006061541266764],[73.37879400295103,17.00615339636198],[73.37869853602699,17.006333366437836],[73.37916731945374,17.006427465142096],[73.3792627860062,17.006247494813604],[73.3789841589266,17.005883815077596],[73.3793598065986,17.0058868062751],[73.37991861710908,17.00643344635391],[73.3798223741164,17.00670377612059],[73.38019802357893,17.006706765911247],[73.38020035380823,17.00643568859412],[73.38123183624568,17.006624625113233],[73.38170450228172,17.006266922278932],[73.3817006221888,17.00671871814791],[73.38217018450358,17.006722450949287],[73.38217328768768,17.006361014171762],[73.38264284922136,17.006364745806966],[73.382829898394,17.006456597383075],[73.38273288389989,17.006817288099946],[73.38348108367802,17.00718469328293],[73.38376514716977,17.00691585290572],[73.38442098632356,17.007101790498986],[73.3844233105366,17.006830712624925],[73.38489209925572,17.006924798483748],[73.38508147350103,17.00674557016347],[73.3855494882875,17.00693001385895],[73.3858273561533,17.007384045133275],[73.38629924264156,17.007116690439993],[73.38686271990615,17.007121157045784],[73.38723682471073,17.00730485274717],[73.38723450447561,17.007575930985855],[73.38761015705539,17.00757890724838],[73.38770638977243,17.0073085729043],[73.38873866063706,17.007407112921232],[73.38883489167287,17.007136777893656],[73.38921054367427,17.00713975112881],[73.3890188549032,17.007590062064015],[73.39146214313587,17.007428654802787],[73.39221113625523,17.00770566988478],[73.39277692921068,17.00743904130154],[73.3941856296016,17.00745016027747],[73.39531105158731,17.00763976798851],[73.39587068646172,17.008096008753313],[73.39690450729036,17.008013788389714],[73.39699611479674,17.00828560760155],[73.39774896328964,17.00811080390111],[73.39840098388925,17.008748497419234],[73.39793064441814,17.008835161502365],[73.39745646164772,17.009373623724734],[73.39689297470701,17.00936918586987],[73.39652039301947,17.009004787190968],[73.39623788103628,17.009092927008986],[73.396232496696,17.009725445582333],[73.39548117986183,17.00971952346014],[73.39538264751664,17.010260941519732],[73.39510090298562,17.010258719804632],[73.3949192321002,17.009534360578456],[73.3954842580958,17.009358084413645],[73.3954881057824,17.008906285586743],[73.39389233568228,17.00880333281721],[73.39407708298192,17.009166253812708],[73.39482685737283,17.009352900400323],[73.39472832346365,17.009894318018542],[73.394164065512,17.009980232179718],[73.39407246160957,17.009708412012383],[73.39379071808625,17.009706188553835],[73.3937860957344,17.0102483466484],[73.39322260719501,17.01024389841215],[73.39321952445296,17.010605337025062],[73.39434650386121,17.01061423213901],[73.394441959053,17.01043425370386],[73.39453279368921,17.010796433470023],[73.39509782384344,17.010620158751074],[73.3953772599134,17.010893459754726],[73.39518558071217,17.01134377726887],[73.39546578756269,17.011526718492238],[73.39546347855547,17.01179779771824],[73.39508627638963,17.01197555468125],[73.39517557307559,17.012518453719874],[73.39489536515588,17.012335512012665],[73.3945166210893,17.012693987159505],[73.39348508644376,17.012505114149484],[73.39338731698619,17.01295617085224],[73.39385458602624,17.013230956989993],[73.39366521229213,17.01341019352386],[73.39329108854805,17.013226508187753],[73.39310711041713,17.012773226780933],[73.39282459145461,17.012861361212348],[73.39245201203124,17.012496955282835],[73.3924574099933,17.011864438057874],[73.39217566347031,17.0118622120907],[73.39207712008151,17.012403627538763],[73.3916083128629,17.012309556821343],[73.39132965249267,17.01194589140684],[73.39123342183859,17.01221622758766],[73.39066992812292,17.01221177178578],[73.3904844131555,17.011939207621953],[73.39058218868809,17.011488152816817],[73.39133119581463,17.011765172294062],[73.39190085931733,17.011046749467003],[73.39274840805044,17.01078234814712],[73.39266682805042,17.009335852276777],[73.3922011123491,17.00888034503512],[73.3919193703234,17.00887811909151],[73.39135511489167,17.00896402561887],[73.39116265717982,17.009504698345626],[73.39078545647665,17.009682447416733],[73.39050448539871,17.009589859872833],[73.39050834507968,17.00913806216405],[73.39013191674788,17.00922545051205],[73.3900356861749,17.009495786167538],[73.38881402893124,17.009576483737273],[73.3887139321534,17.010298615862457],[73.3883367278966,17.01047636004779],[73.38740222260843,17.009926763841882],[73.38683641561845,17.010193376131447],[73.38692723524056,17.010555558049386],[73.3873944878543,17.01083035778316],[73.38870852215263,17.010931132016857],[73.3887031119203,17.011563648130327],[73.38954989382428,17.011389620208632],[73.3902026667947,17.011936978914225],[73.39019957793406,17.012298416929212],[73.39076075589318,17.01257395263294],[73.38954062357534,17.01247393392252],[73.38916805175782,17.012109522568807],[73.38888398676846,17.012378370349182],[73.38822657764638,17.012373164125552],[73.38764993505869,17.01390480943993],[73.38671232014484,17.0137166463207],[73.38671541596881,17.013355208978382],[73.38643599023828,17.013081896895553],[73.38634052616396,17.01326187076417],[73.38521508468565,17.013072211433496],[73.38521043668581,17.01361436705472],[73.38548986120138,17.01388768072344],[73.38567846807896,17.013798811799923],[73.38586242848235,17.014252098447763],[73.38557603201704,17.014792018704437],[73.38482392400319,17.01487641477066],[73.3846368657031,17.014784564304556],[73.38473465709131,17.014333513749634],[73.38426352486643,17.014510503683493],[73.38426507521356,17.014329785247003],[73.38313963059876,17.014140114084153],[73.38286253689128,17.013595719967135],[73.3833359944589,17.0131476556205],[73.38306045267336,17.012422543433853],[73.38343456318086,17.012606246618052],[73.38437449310841,17.012523346401586],[73.38437759318673,17.01216190943497],[73.38315514363967,17.012332930509157],[73.3833484027687,17.01170190850587],[73.38372561344455,17.011524174202155],[73.38419441313499,17.011618262594077],[73.38419828843416,17.011166466383898],[73.38382495499953,17.010892405530598],[73.38315979718209,17.011790775371487],[73.38269177360095,17.01160632543152],[73.38259553113893,17.011876656492834],[73.38184421078508,17.0118706833075],[73.38165870962555,17.01159811220213],[73.38137696500465,17.011595871321166],[73.38137230638888,17.012138025990065],[73.38183877719216,17.012503197214468],[73.38240614913063,17.012055881770024],[73.38268479128355,17.01241955795286],[73.38249463282257,17.01268914241942],[73.38268091205231,17.012871353768805],[73.38258466876103,17.013141684736247],[73.38155237283219,17.01304311113646],[73.38136764760225,17.012680180628884],[73.38071179345063,17.012494231887317],[73.38070946307661,17.012765309112194],[73.38023755495256,17.013032648810068],[73.3802336697045,17.013484444050494],[73.37910668099117,17.013475469334306],[73.3793907604836,17.013206636569787],[73.3790150982143,17.013203644182116],[73.37845627228144,17.012657000475055],[73.3785447426249,17.013290261695523],[73.37788655550851,17.01337538074678],[73.37787955167877,17.01418861118757],[73.37881637852968,17.014467173442135],[73.3787185731247,17.01491821992842],[73.37918971043345,17.014741243379756],[73.37919204328139,17.014470166411922],[73.37937909816456,17.014562021635495],[73.37928129401261,17.015013068499492],[73.37956304345077,17.015015312717907],[73.3797539858645,17.014655372597232],[73.3801280968204,17.014839081928535],[73.37965618252497,17.01510641971023],[73.37965229538024,17.01555821472838],[73.37918426695522,17.015373756275455],[73.37861921129307,17.015549984220588],[73.37833823925597,17.015457379684072],[73.3781581872909,17.014552293021474],[73.37778330085474,17.014458939202328],[73.37814962780729,17.015546241348247],[73.37767926605193,17.015632856305857]]]},"id":"498"},{"type":"Feature","properties":{"id":"499","metrics:area":1300,"metrics:perimeter":154.97365151260954},"geometry":{"type":"Polygon","coordinates":[[[73.36433944926287,17.005134109381782],[73.36424789135786,17.004862279549563],[73.36471744496298,17.00486605220391],[73.36480978761536,17.005047523458085],[73.36433944926287,17.005134109381782]]]},"id":"499"},{"type":"Feature","properties":{"id":"500","metrics:area":8100,"metrics:perimeter":538.3155722263372},"geometry":{"type":"Polygon","coordinates":[[[73.36574497809028,17.005506857503217],[73.36575203048041,17.004693631293378],[73.36631549474134,17.00469815414288],[73.36631314479739,17.004969229630035],[73.3667842653389,17.004792280511676],[73.36743850988208,17.005158987896372],[73.36734303319473,17.005338951771694],[73.3667826991546,17.004972997544684],[73.36640392251348,17.005331417287668],[73.36574497809028,17.005506857503217]]]},"id":"500"},{"type":"Feature","properties":{"id":"501","metrics:area":500,"metrics:perimeter":92.36067977499789},"geometry":{"type":"Polygon","coordinates":[[[73.359457664838,17.004914094855067],[73.35946002463233,17.00464302029867],[73.35964784539016,17.004644533887834],[73.35964627237865,17.004825250276646],[73.359457664838,17.004914094855067]]]},"id":"501"},{"type":"Feature","properties":{"id":"502","metrics:area":1900,"metrics:perimeter":218.1379615571165},"geometry":{"type":"Polygon","coordinates":[[[73.36189776881679,17.005114474930885],[73.36152448281389,17.004840376816954],[73.36115041214522,17.00465663636885],[73.3616207500625,17.00457005783695],[73.36190012513161,17.004843400047555],[73.36189776881679,17.005114474930885]]]},"id":"502"},{"type":"Feature","properties":{"id":"503","metrics:area":1450,"metrics:perimeter":154.084889114037},"geometry":{"type":"Polygon","coordinates":[[[73.36030285961415,17.004920904757956],[73.36021209400774,17.00455871539542],[73.36058852156054,17.00447138275958],[73.36058537735592,17.00483281571082],[73.36030285961415,17.004920904757956]]]},"id":"503"},{"type":"Feature","properties":{"id":"504","metrics:area":500,"metrics:perimeter":117.0820393249937},"geometry":{"type":"Polygon","coordinates":[[[73.3638714640712,17.00494961903156],[73.36368678089781,17.004586675802962],[73.36387538646775,17.004497827100554],[73.3638714640712,17.00494961903156]]]},"id":"504"},{"type":"Feature","properties":{"id":"505","metrics:area":3600,"metrics:perimeter":347.7556359067641},"geometry":{"type":"Polygon","coordinates":[[[73.3734464843548,17.005478179229026],[73.37344882411494,17.00520710278953],[73.37372977829418,17.00529971265194],[73.37373211762088,17.005028636169428],[73.37401463098455,17.00494052794846],[73.37392305878015,17.00466870127114],[73.37420557152366,17.00458059272804],[73.3741046442151,17.00539307228658],[73.3734464843548,17.005478179229026]]]},"id":"505"},{"type":"Feature","properties":{"id":"506","metrics:area":1700,"metrics:perimeter":217.9008315442217},"geometry":{"type":"Polygon","coordinates":[[[73.36490605042792,17.004777202530608],[73.3646266707007,17.00450386407723],[73.36509779125777,17.00432691889241],[73.36509465572736,17.004688352666363],[73.36537560397598,17.004780973648902],[73.36490605042792,17.004777202530608]]]},"id":"506"},{"type":"Feature","properties":{"id":"507","metrics:area":45450,"metrics:perimeter":1538.3035537701037},"geometry":{"type":"Polygon","coordinates":[[[73.39550426478161,17.00700873028587],[73.39466135532487,17.00673098646497],[73.39429109299607,17.006095505202538],[73.39344818975219,17.005817756829646],[73.39364063636306,17.005277080876375],[73.39317569767476,17.004731216640234],[73.39477220224222,17.004743812340184],[73.39505547754226,17.004565314240537],[73.39523945431468,17.005018593953597],[73.39504162533666,17.00619179026598],[73.39522714238134,17.006464350500565],[73.3958891483848,17.005927373513543],[73.39673282542675,17.006114752270335],[73.3964487800964,17.006383612449415],[73.39654115525923,17.006565071950856],[73.39720008398922,17.00638952987589],[73.39719777821591,17.006660609469478],[73.3967259060824,17.0069279908638],[73.39606774428034,17.007013171387623],[73.395975369413,17.006831711698915],[73.39635256014299,17.006653952057516],[73.39616781029073,17.00629103287983],[73.39550426478161,17.00700873028587]]]},"id":"507"},{"type":"Feature","properties":{"id":"508","metrics:area":5550,"metrics:perimeter":332.28930267304605},"geometry":{"type":"Polygon","coordinates":[[[73.37570191815696,17.005315459083548],[73.37561112218152,17.00495327403705],[73.37514312397252,17.00476880869846],[73.37533484121695,17.00431851330644],[73.37599066073021,17.004504476634185],[73.37588974111063,17.00531695774819],[73.37570191815696,17.005315459083548]]]},"id":"508"},{"type":"Feature","properties":{"id":"509","metrics:area":19350,"metrics:perimeter":737.983121707221},"geometry":{"type":"Polygon","coordinates":[[[73.3034829849654,17.004997458849825],[73.30339314447077,17.004544898181212],[73.303772028127,17.00418660613536],[73.3042423785888,17.004100162458933],[73.30462207263506,17.003651512929316],[73.306215248284,17.004026225069047],[73.30602337234835,17.004476440865968],[73.30480338509058,17.0043759223608],[73.3034829849654,17.004997458849825]]]},"id":"509"},{"type":"Feature","properties":{"id":"510","metrics:area":3800,"metrics:perimeter":284.7213595499958},"geometry":{"type":"Polygon","coordinates":[[[73.33212751240873,17.004963089638714],[73.33213710855729,17.003878806393995],[73.33223101725252,17.003879575778253],[73.33250954544924,17.004243311502286],[73.33250474842502,17.004785453223523],[73.33212751240873,17.004963089638714]]]},"id":"510"},{"type":"Feature","properties":{"id":"511","metrics:area":600,"metrics:perimeter":100},"geometry":{"type":"Polygon","coordinates":[[[73.32340201363799,17.003987777577084],[73.32340362131217,17.003807064502038],[73.3236853460447,17.00380938459873],[73.32368373864037,17.003990097699887],[73.32340201363799,17.003987777577084]]]},"id":"511"},{"type":"Feature","properties":{"id":"512","metrics:area":13200,"metrics:perimeter":591.6001438209776},"geometry":{"type":"Polygon","coordinates":[[[73.36987785279045,17.0054496319107],[73.36884873974816,17.004989563514545],[73.36876265004632,17.00408522488205],[73.36923298465403,17.003998628323796],[73.36941533307824,17.004632643326826],[73.36969706561219,17.004634899869803],[73.36979410298201,17.004274217339287],[73.3700742720552,17.004457190651642],[73.36988410572951,17.004726762673755],[73.37016114960413,17.005271170589104],[73.36987785279045,17.0054496319107]]]},"id":"512"},{"type":"Feature","properties":{"id":"513","metrics:area":900,"metrics:perimeter":123.59173603117449},"geometry":{"type":"Polygon","coordinates":[[[73.39815534406044,17.00449936452414],[73.39815764814594,17.00422828474567],[73.39853252823079,17.00432160023294],[73.39843708040478,17.004501581284224],[73.39815534406044,17.00449936452414]]]},"id":"513"},{"type":"Feature","properties":{"id":"514","metrics:area":2700,"metrics:perimeter":226.31376058369824},"geometry":{"type":"Polygon","coordinates":[[[73.35420341854044,17.00432949566861],[73.35401954447666,17.00387618736519],[73.35476924489768,17.0040629764501],[73.35476687844344,17.004334050381793],[73.35420341854044,17.00432949566861]]]},"id":"514"},{"type":"Feature","properties":{"id":"515","metrics:area":1850,"metrics:perimeter":173.45230764828105},"geometry":{"type":"Polygon","coordinates":[[[73.39449200564164,17.004560870956816],[73.39440117299496,17.004198691221234],[73.39487150157065,17.004112034416814],[73.39486842316879,17.00447347354031],[73.39449200564164,17.004560870956816]]]},"id":"515"},{"type":"Feature","properties":{"id":"516","metrics:area":1750,"metrics:perimeter":174.8418432072729},"geometry":{"type":"Polygon","coordinates":[[[73.33711347886867,17.00400988129667],[73.33711587065967,17.00373880978175],[73.33758700908211,17.00356193036843],[73.33758382095616,17.00392335914633],[73.33711347886867,17.00400988129667]]]},"id":"516"},{"type":"Feature","properties":{"id":"517","metrics:area":850,"metrics:perimeter":152.33356769717778},"geometry":{"type":"Polygon","coordinates":[[[73.36951237097345,17.004271960976947],[73.36951393447245,17.00409124368485],[73.36932845881971,17.003818663324825],[73.36979644781853,17.0040031413618],[73.36951237097345,17.004271960976947]]]},"id":"517"},{"type":"Feature","properties":{"id":"518","metrics:area":1400,"metrics:perimeter":153.84402799378825},"geometry":{"type":"Polygon","coordinates":[[[73.39759417639377,17.00422385013174],[73.39750256943933,17.0039520311793],[73.39797289661786,17.00386536703112],[73.39797059231884,17.00413644679465],[73.39759417639377,17.00422385013174]]]},"id":"518"},{"type":"Feature","properties":{"id":"519","metrics:area":900,"metrics:perimeter":126.05551275463989},"geometry":{"type":"Polygon","coordinates":[[[73.36895203514375,17.003906012597795],[73.36895516312555,17.003544578098502],[73.36923689396859,17.003546835138263],[73.36923533025711,17.003727552414986],[73.36895203514375,17.003906012597795]]]},"id":"519"},{"type":"Feature","properties":{"id":"520","metrics:area":1650,"metrics:perimeter":182.450401904666},"geometry":{"type":"Polygon","coordinates":[[[73.3116667491034,17.00352933562698],[73.31138583611111,17.00343664295805],[73.3112967862659,17.00289372810061],[73.31166998683862,17.003167911643942],[73.3116667491034,17.00352933562698]]]},"id":"520"},{"type":"Feature","properties":{"id":"521","metrics:area":950,"metrics:perimeter":128.7048159266775},"geometry":{"type":"Polygon","coordinates":[[[73.3698011373625,17.003460989384276],[73.36980348206995,17.003189913384233],[73.37008599392706,17.003101810523663],[73.37017834127161,17.00328327974276],[73.3698011373625,17.003460989384276]]]},"id":"521"},{"type":"Feature","properties":{"id":"522","metrics:area":3450,"metrics:perimeter":269.6757857924707},"geometry":{"type":"Polygon","coordinates":[[[73.39684518691973,17.00394685527814],[73.39713307012377,17.003226194681265],[73.39750871586673,17.00322915194624],[73.39760032257412,17.00350097088543],[73.39731781944992,17.003589112990237],[73.39731551424863,17.00386019267392],[73.39684518691973,17.00394685527814]]]},"id":"522"},{"type":"Feature","properties":{"id":"523","metrics:area":7850,"metrics:perimeter":401.68466642804924},"geometry":{"type":"Polygon","coordinates":[[[73.3925252503827,17.003912789453963],[73.39253295720813,17.00300919261264],[73.39356520949002,17.003107706394413],[73.3935636691427,17.00328842585946],[73.39318725364967,17.003375821021542],[73.39318263138692,17.00391797929155],[73.3925252503827,17.003912789453963]]]},"id":"523"},{"type":"Feature","properties":{"id":"524","metrics:area":850,"metrics:perimeter":134.58193116710237},"geometry":{"type":"Polygon","coordinates":[[[73.36116534112229,17.002939829214476],[73.36126082201123,17.00275986860219],[73.36163724558665,17.002672533658224],[73.36163567467563,17.002853250262568],[73.36116534112229,17.002939829214476]]]},"id":"524"},{"type":"Feature","properties":{"id":"525","metrics:area":650,"metrics:perimeter":103.98345637668169},"geometry":{"type":"Polygon","coordinates":[[[73.3951609312074,17.00321065767939],[73.39516323941339,17.00293957826547],[73.3953510618081,17.002941058777235],[73.3954434344831,17.003122518603316],[73.3951609312074,17.00321065767939]]]},"id":"525"},{"type":"Feature","properties":{"id":"526","metrics:area":1850,"metrics:perimeter":277.8078793933674},"geometry":{"type":"Polygon","coordinates":[[[73.36313508965148,17.003226770311777],[73.36304667332885,17.002593506655398],[73.36389185922363,17.002600300762097],[73.36332683263484,17.00277648850614],[73.36313508965148,17.003226770311777]]]},"id":"526"},{"type":"Feature","properties":{"id":"527","metrics:area":16150,"metrics:perimeter":672.7316213014465},"geometry":{"type":"Polygon","coordinates":[[[73.36529266608541,17.003515201137315],[73.36473155765673,17.0032396004515],[73.36407261968019,17.00341503578277],[73.36370090223785,17.002960224846245],[73.36426357653043,17.00305511134365],[73.36426592914084,17.002784036083924],[73.36454844224515,17.00269594107908],[73.36501799052509,17.002699712574792],[73.36511033261242,17.002881183662854],[73.36548832252932,17.00261312451104],[73.36595708744447,17.002707252320594],[73.36613864039631,17.003431627778728],[73.36529266608541,17.003515201137315]]]},"id":"527"},{"type":"Feature","properties":{"id":"528","metrics:area":1300,"metrics:perimeter":159.1118965504441},"geometry":{"type":"Polygon","coordinates":[[[73.36257241571398,17.00313188070017],[73.36238616640766,17.00294965327155],[73.36238930679059,17.002588219926814],[73.36267103527818,17.002590485927282],[73.36257241571398,17.00313188070017]]]},"id":"528"},{"type":"Feature","properties":{"id":"529","metrics:area":1200,"metrics:perimeter":142.4621125123532},"geometry":{"type":"Polygon","coordinates":[[[73.36726947565785,17.002988876364007],[73.36736651642678,17.002628195262798],[73.3675543359219,17.00262970138592],[73.36764511536762,17.002991888678068],[73.36726947565785,17.002988876364007]]]},"id":"529"},{"type":"Feature","properties":{"id":"530","metrics:area":633300,"metrics:perimeter":9393.57366955947},"geometry":{"type":"Polygon","coordinates":[[[73.39033827204003,17.007058307124243],[73.39005884909795,17.006785000203543],[73.38630388562656,17.006574534181336],[73.38658794445155,17.00630568942533],[73.387151419372,17.006310155025766],[73.38687122894609,17.006127203605498],[73.38583819286782,17.006119014144673],[73.38583509675834,17.00648045158669],[73.38414777142985,17.006105601911155],[73.38245657588733,17.006182534863772],[73.3824620052658,17.005550020371064],[73.38189930980212,17.005455182794936],[73.38180384612615,17.005635154623725],[73.38143130289586,17.005270731295084],[73.38114491033397,17.005810645851064],[73.38087016173536,17.00499517268373],[73.38058299161892,17.00562544549387],[73.38001952057854,17.005620961889814],[73.37983946543048,17.004715875990527],[73.38021433428638,17.004809224533492],[73.38021666421646,17.00453814716375],[73.37965475033143,17.00435294462349],[73.37964931193875,17.00498545830959],[73.37983558124283,17.005167671510133],[73.37955306950326,17.00525578801596],[73.37927288889684,17.005072826877637],[73.37937223978766,17.00444106098231],[73.37814906160335,17.004702415028262],[73.37777652774044,17.004337985738573],[73.37777808332329,17.004157267703388],[73.37805903866672,17.004249871645158],[73.37796746070082,17.003978046298712],[73.37721617356023,17.003972058724585],[73.37703068621218,17.00369948443531],[73.37656035427622,17.003786099392723],[73.37628173595785,17.003422416630634],[73.3760939148552,17.003420918489304],[73.3761862683682,17.003602385486897],[73.37562358339646,17.003507531306383],[73.37571282142372,17.004050434193655],[73.37505778288133,17.003774111222466],[73.37495997656531,17.0042251560601],[73.3742086895642,17.004219157305194],[73.37364132560162,17.004666450571083],[73.3731756704359,17.004210904494435],[73.3727922252683,17.00511149007263],[73.37232423004255,17.00492701845618],[73.37213406620471,17.005196592805444],[73.37157137962535,17.005101727199264],[73.37100478832897,17.005458653605483],[73.37100713159765,17.0051875774956],[73.37138355729036,17.005100224569517],[73.3713851190762,17.00491950712325],[73.37073008527139,17.00464317052809],[73.37101181800605,17.004645425253273],[73.37110807193194,17.00437510059664],[73.37054460728655,17.004370591092563],[73.37017209002379,17.00400614918822],[73.36979644781853,17.0040031413618],[73.36951940656832,17.00345873313621],[73.3697080087119,17.003369878683255],[73.36998739493356,17.003643210679382],[73.37083727493068,17.003107824106927],[73.37083493172173,17.003378900249093],[73.370457728119,17.003556611143008],[73.37073867805776,17.003649224811927],[73.3711174435212,17.003290795940906],[73.37139839348463,17.003383408695043],[73.371489180709,17.003745594914147],[73.37130057885948,17.00383445105486],[73.37158152972243,17.003927063628872],[73.37138980431911,17.0043773547644],[73.37213874937453,17.004654440258733],[73.37214109089501,17.004383363974092],[73.37176700891848,17.004199642222034],[73.3719587332328,17.003749350630457],[73.37223968438069,17.003841962313363],[73.3717740347554,17.003386413460117],[73.37177559599998,17.00320569594828],[73.37224592763637,17.003119092110314],[73.37215591952712,17.002666547330104],[73.37290563946425,17.002853270750936],[73.37280704864385,17.003394672993693],[73.37327582069236,17.003488784418305],[73.37337285057416,17.003128099502188],[73.37374849170605,17.003131100581292],[73.37375083068943,17.00286002403862],[73.37403256118367,17.002862274355543],[73.37403022260506,17.003133350936206],[73.37440508451465,17.003226709678984],[73.3745944637929,17.003047491592852],[73.37533951492499,17.003776359848324],[73.37552811515597,17.003687499794797],[73.37553200930809,17.003235705177044],[73.37515636763403,17.00323270737013],[73.37515792562135,17.00305198955092],[73.3757213876213,17.00305648595102],[73.37544277197763,17.00269280224667],[73.38042001679275,17.002732458772233],[73.38051082153736,17.003094642448705],[73.38088646393594,17.0030976303547],[73.38088879265084,17.00282655284905],[73.38107661360876,17.00282804651716],[73.38238593214851,17.003471011985646],[73.38257375388794,17.003472504327686],[73.38257685566931,17.0031110673627],[73.38220198854245,17.003017723346158],[73.382203539755,17.002837004890576],[73.38276777841361,17.00275112248611],[73.38323423064736,17.003116289079028],[73.38313411844223,17.0038384173675],[73.38332116550099,17.00393026832007],[73.38312869189853,17.004470932177018],[73.38275382176047,17.004377588934585],[73.38266301222029,17.004015405881404],[73.38265680856207,17.004738279764787],[73.38331341407677,17.00483386096815],[73.38350278740324,17.004654634030807],[73.38358894845818,17.00555897246585],[73.38377677238995,17.00556046387567],[73.38378142217944,17.00501830821104],[73.38359437382576,17.004926457579597],[73.38369448525026,17.004204329037382],[73.38360367391556,17.003842146250815],[73.383415851712,17.00384065482733],[73.38351906275842,17.00275708916204],[73.38380079446596,17.002759325951452],[73.3837030094468,17.003210376870943],[73.38398551662098,17.003122254158164],[73.38408252621612,17.002761562351367],[73.39178321054104,17.002822539795282],[73.39159384638623,17.003001775297527],[73.39168467315443,17.003363955820063],[73.39130825695432,17.003451347418814],[73.39111734895852,17.003811301614377],[73.39167850434254,17.00408683297255],[73.39213804037749,17.00526521773537],[73.39241746454628,17.005538521904388],[73.39288702640764,17.005542229739596],[73.39297862707473,17.005814050230416],[73.39212724652101,17.00653025276396],[73.39165768237406,17.006526542967737],[73.39155914171789,17.007067958547633],[73.39033827204003,17.007058307124243]]]},"id":"530"},{"type":"Feature","properties":{"id":"531","metrics:area":8500,"metrics:perimeter":433.84859104905024},"geometry":{"type":"Polygon","coordinates":[[[73.36858108639044,17.003360850885493],[73.36830170276957,17.00308751716299],[73.36801919033054,17.00317561747635],[73.36802544950939,17.002452748749757],[73.36933940383568,17.002553642270023],[73.3689622008048,17.002731350426213],[73.36895829103081,17.003183143585844],[73.36858108639044,17.003360850885493]]]},"id":"531"},{"type":"Feature","properties":{"id":"532","metrics:area":2700,"metrics:perimeter":214.0321551489818},"geometry":{"type":"Polygon","coordinates":[[[73.374598360027,17.00259569715678],[73.3743197472929,17.002232012143565],[73.37497867457174,17.00205654243211],[73.37497477938005,17.002508336977627],[73.374598360027,17.00259569715678]]]},"id":"532"},{"type":"Feature","properties":{"id":"533","metrics:area":750,"metrics:perimeter":111.6227766016838},"geometry":{"type":"Polygon","coordinates":[[[73.36952956841057,17.0022840705801],[73.3695311316992,17.002103353251243],[73.36981364197183,17.002015250630464],[73.3698112974508,17.0022863266631],[73.36952956841057,17.0022840705801]]]},"id":"533"},{"type":"Feature","properties":{"id":"534","metrics:area":2600,"metrics:perimeter":216.87427739915498},"geometry":{"type":"Polygon","coordinates":[[[73.29872060694164,17.001975758618215],[73.29891412743781,17.001344840110516],[73.29910193908829,17.001346409252772],[73.29928485907892,17.00189011080317],[73.29872060694164,17.001975758618215]]]},"id":"534"},{"type":"Feature","properties":{"id":"535","metrics:area":2500,"metrics:perimeter":201.9803902718557},"geometry":{"type":"Polygon","coordinates":[[[73.37544588727917,17.002331366534246],[73.37535587155261,17.0018788225081],[73.37591933010184,17.001883318059956],[73.375916215795,17.002244753873423],[73.37544588727917,17.002331366534246]]]},"id":"535"},{"type":"Feature","properties":{"id":"536","metrics:area":5800,"metrics:perimeter":406.90850435850615},"geometry":{"type":"Polygon","coordinates":[[[73.3705594504458,17.002653775814235],[73.37028006465503,17.002380444632976],[73.37037788059945,17.00192940284729],[73.37075351878181,17.00193240924585],[73.37103915196126,17.001482869906805],[73.37141010505188,17.002028027528425],[73.37075195668154,17.00211312668806],[73.37074805134728,17.00256492027897],[73.3705594504458,17.002653775814235]]]},"id":"536"},{"type":"Feature","properties":{"id":"537","metrics:area":600,"metrics:perimeter":103.24555320336759},"geometry":{"type":"Polygon","coordinates":[[[73.38033542400295,17.001647401856008],[73.38033697687203,17.001466683543473],[73.38061948249933,17.001378565400376],[73.38061792990958,17.001559283739812],[73.38033542400295,17.001647401856008]]]},"id":"537"},{"type":"Feature","properties":{"id":"538","metrics:area":900,"metrics:perimeter":132.3606797749979},"geometry":{"type":"Polygon","coordinates":[[[73.37658136805457,17.001346406979206],[73.37667683394115,17.001166437768983],[73.37705247178249,17.001169432418475],[73.37705091579404,17.001350150441393],[73.37658136805457,17.001346406979206]]]},"id":"538"},{"type":"Feature","properties":{"id":"539","metrics:area":1700,"metrics:perimeter":166.72928811080808},"geometry":{"type":"Polygon","coordinates":[[[73.37592322287824,17.001431523274338],[73.37573773967098,17.001158948116213],[73.3761149341907,17.000981226554607],[73.376299639468,17.001344160382626],[73.37592322287824,17.001431523274338]]]},"id":"539"},{"type":"Feature","properties":{"id":"540","metrics:area":900,"metrics:perimeter":135.95241580617238},"geometry":{"type":"Polygon","coordinates":[[[73.37357938395449,17.000960987779077],[73.37386422958427,17.00060180260069],[73.37405126826775,17.000693661439577],[73.3739558002688,17.00087362923145],[73.37357938395449,17.000960987779077]]]},"id":"540"},{"type":"Feature","properties":{"id":"541","metrics:area":3100,"metrics:perimeter":228.43782823948655},"geometry":{"type":"Polygon","coordinates":[[[73.37892910794123,17.001365113472026],[73.37855657843946,17.00100068593192],[73.37874750600501,17.00064074522976],[73.37921627556366,17.00073484266101],[73.37892910794123,17.001365113472026]]]},"id":"541"},{"type":"Feature","properties":{"id":"542","metrics:area":1050,"metrics:perimeter":131.6227766016838},"geometry":{"type":"Polygon","coordinates":[[[73.36785171379795,17.00082478839847],[73.36785406092247,17.000553712592502],[73.36813656937156,17.000465612154446],[73.36813344042137,17.000827046614916],[73.36785171379795,17.00082478839847]]]},"id":"542"},{"type":"Feature","properties":{"id":"543","metrics:area":10950,"metrics:perimeter":510.5994042566212},"geometry":{"type":"Polygon","coordinates":[[[73.31431959716264,17.00093079819369],[73.31394639638431,17.00065661950366],[73.31356996319516,17.00074386465628],[73.31347848224809,17.000472018491216],[73.31460697150216,17.00030063737672],[73.31479801472932,16.99994076727245],[73.31507973243606,16.999943098761623],[73.31526592918088,17.000125365257688],[73.31507165591741,17.00084666057198],[73.31431959716264,17.00093079819369]]]},"id":"543"},{"type":"Feature","properties":{"id":"544","metrics:area":750,"metrics:perimeter":111.6227766016838},"geometry":{"type":"Polygon","coordinates":[[[73.38795141152443,17.00062345956256],[73.38795372972285,17.000352381043097],[73.38823545845503,17.000354611391497],[73.38823391326395,17.000535330430417],[73.38795141152443,17.00062345956256]]]},"id":"544"},{"type":"Feature","properties":{"id":"545","metrics:area":2700,"metrics:perimeter":210.8276253029822},"geometry":{"type":"Polygon","coordinates":[[[73.31310770942298,16.99992677016063],[73.31311175221775,16.99947498968356],[73.31367518579314,16.99947965681363],[73.31367195264622,16.999841081302034],[73.31310770942298,16.99992677016063]]]},"id":"545"},{"type":"Feature","properties":{"id":"546","metrics:area":700,"metrics:perimeter":107.96691275336337},"geometry":{"type":"Polygon","coordinates":[[[73.3725534040553,17.000139503971457],[73.37246105558252,16.99995803571227],[73.37274356155298,16.9998699286117],[73.37283591027442,17.00005139676388],[73.3725534040553,17.000139503971457]]]},"id":"546"},{"type":"Feature","properties":{"id":"547","metrics:area":4050,"metrics:perimeter":251.72747282920034},"geometry":{"type":"Polygon","coordinates":[[[73.30484239262317,17.000038849469963],[73.30456311426228,16.99976543672722],[73.30456799011849,16.999223302544184],[73.30512979572167,16.999408704692776],[73.30512573381961,16.999860483304367],[73.30484239262317,17.000038849469963]]]},"id":"547"},{"type":"Feature","properties":{"id":"548","metrics:area":20750,"metrics:perimeter":716.2351638533352},"geometry":{"type":"Polygon","coordinates":[[[73.30155000568662,17.000643948017633],[73.3013654514005,17.00028095904307],[73.30080446246343,17.000005191101017],[73.3009008109668,16.99973490819759],[73.30146261345786,16.999920320274274],[73.3019394648332,16.999111036450987],[73.30334722501914,16.999213134022316],[73.3018317225093,17.000646297925968],[73.30155000568662,17.000643948017633]]]},"id":"548"},{"type":"Feature","properties":{"id":"549","metrics:area":5100,"metrics:perimeter":294.58611540745073},"geometry":{"type":"Polygon","coordinates":[[[73.3744269046763,17.000696660851098],[73.37405672398336,17.00006114924844],[73.37434234646055,16.99961160427275],[73.374714085545,17.000066397557475],[73.37470941112021,17.000608551043914],[73.3744269046763,17.000696660851098]]]},"id":"549"},{"type":"Feature","properties":{"id":"550","metrics:area":9750,"metrics:perimeter":375.23631368919007},"geometry":{"type":"Polygon","coordinates":[[[73.31113811711506,16.999639354472865],[73.31076492390548,16.999365170555887],[73.31076978180985,16.998823034608026],[73.31096002072063,16.99855352458125],[73.31152426017469,16.998467841386613],[73.31180031123209,16.999102669505298],[73.31113811711506,16.999639354472865]]]},"id":"550"},{"type":"Feature","properties":{"id":"551","metrics:area":650,"metrics:perimeter":103.98345637668169},"geometry":{"type":"Polygon","coordinates":[[[73.37490891368307,16.99925466632296],[73.37491125043272,16.998983589520595],[73.37509906700456,16.99898508837373],[73.3751914177391,16.999166555629774],[73.37490891368307,16.99925466632296]]]},"id":"551"},{"type":"Feature","properties":{"id":"552","metrics:area":2650,"metrics:perimeter":214.23574833929544},"geometry":{"type":"Polygon","coordinates":[[[73.30391390669072,16.998856405412525],[73.30335210420293,16.99867100015251],[73.30335454372768,16.998399933206294],[73.30401187584458,16.99840540919527],[73.30391390669072,16.998856405412525]]]},"id":"552"},{"type":"Feature","properties":{"id":"553","metrics:area":31400,"metrics:perimeter":1230.0439349977976},"geometry":{"type":"Polygon","coordinates":[[[73.37508193182332,17.00097298493541],[73.3748033202036,17.00060930065459],[73.37499113838466,17.000610799746127],[73.37508972082792,17.0000693956393],[73.37556082233284,16.999892424356617],[73.3753753409893,16.999619849003704],[73.37566563099514,16.998628148011584],[73.37641533991146,16.998814857492498],[73.37641300534861,16.99908593450227],[73.37612972349426,16.999264405939254],[73.37622129707057,16.9995362318096],[73.37678708295665,16.999269647319366],[73.37781774425783,16.99954895667724],[73.37706647482192,16.999542970061864],[73.37668850594575,16.999811052743418],[73.37659070639778,17.000262099044413],[73.37696478643818,17.000445811729634],[73.37686932124303,17.00062578114203],[73.37602258180043,17.000799759595974],[73.37583865605023,17.000346466624862],[73.3755577077256,17.000253860176116],[73.37555381435939,17.0007056549317],[73.37508193182332,17.00097298493541]]]},"id":"553"},{"type":"Feature","properties":{"id":"554","metrics:area":1450,"metrics:perimeter":153.6307051624961},"geometry":{"type":"Polygon","coordinates":[[[73.33312254110754,16.998645791729693],[73.33303183078306,16.998283594860826],[73.3333143474566,16.998195543864163],[73.333499763145,16.998468152168126],[73.33312254110754,16.998645791729693]]]},"id":"554"},{"type":"Feature","properties":{"id":"555","metrics:area":700,"metrics:perimeter":112.36067977499789},"geometry":{"type":"Polygon","coordinates":[[[73.3041082188537,16.998135124246936],[73.30411065721003,16.997864057179957],[73.30429927858717,16.997775265520087],[73.30429602781493,16.99813668831296],[73.3041082188537,16.998135124246936]]]},"id":"555"},{"type":"Feature","properties":{"id":"556","metrics:area":3000,"metrics:perimeter":232.95603220332404},"geometry":{"type":"Polygon","coordinates":[[[73.382423928149,16.99904340865548],[73.38252326356857,16.998411639687873],[73.38299280538513,16.998415368826418],[73.38308438884798,16.99868719244256],[73.382423928149,16.99904340865548]]]},"id":"556"},{"type":"Feature","properties":{"id":"557","metrics:area":1050,"metrics:perimeter":168.70481592667747},"geometry":{"type":"Polygon","coordinates":[[[73.30213948086974,16.9977572687193],[73.30157849774892,16.997481503418197],[73.30223582605738,16.99748698485196],[73.30213948086974,16.9977572687193]]]},"id":"557"},{"type":"Feature","properties":{"id":"558","metrics:area":1000,"metrics:perimeter":144.72135954999578},"geometry":{"type":"Polygon","coordinates":[[[73.3743532549689,16.99834657953197],[73.3745441870395,16.997986643141157],[73.37482591036357,16.997988891735904],[73.37454107085412,16.998348078845204],[73.3743532549689,16.99834657953197]]]},"id":"558"},{"type":"Feature","properties":{"id":"559","metrics:area":76150,"metrics:perimeter":1537.6222821118936},"geometry":{"type":"Polygon","coordinates":[[[73.37151494388499,17.00076375607022],[73.3711408694854,17.00058003377517],[73.37086460919188,16.999945268559348],[73.37067679206018,16.999943765719262],[73.37076757682436,17.000305952115546],[73.37039194187973,17.000302946021552],[73.36964457965489,16.999845138315155],[73.36974239521156,16.999394096745014],[73.37049288026365,16.9994904690575],[73.370309750381,16.99894681355844],[73.36993333693498,16.999034165563955],[73.37003271365886,16.998402406285155],[73.36975177174179,16.998309792299306],[73.37012740259591,16.998312799232444],[73.37022521588186,16.99786175719724],[73.37060162685029,16.997774404429002],[73.37069397257918,16.997955873323043],[73.37088491085522,16.997595940918625],[73.37238274949596,16.998150108638566],[73.37247275700916,16.998602653372075],[73.3728491688338,16.998515296491057],[73.37275838052521,16.998153110692368],[73.37313245217979,16.99833682977766],[73.37303308576273,16.99896859147083],[73.37217932964863,16.99995578359392],[73.37198683016298,17.000496434722017],[73.37151494388499,17.00076375607022]]]},"id":"559"},{"type":"Feature","properties":{"id":"560","metrics:area":2750,"metrics:perimeter":214.8418432072729},"geometry":{"type":"Polygon","coordinates":[[[73.37013052723367,16.997951364322773],[73.36947317454802,16.997946101854],[73.36966489639083,16.99749581208272],[73.37004052560732,16.997498819036572],[73.37013052723367,16.997951364322773]]]},"id":"560"},{"type":"Feature","properties":{"id":"561","metrics:area":1450,"metrics:perimeter":154.08488911403703},"geometry":{"type":"Polygon","coordinates":[[[73.385157343034,16.997890352519693],[73.38525434682062,16.997529659555422],[73.38562920531002,16.99762299719488],[73.38553297592935,16.997893330970772],[73.385157343034,16.997890352519693]]]},"id":"561"},{"type":"Feature","properties":{"id":"562","metrics:area":1450,"metrics:perimeter":160.30234460588738},"geometry":{"type":"Polygon","coordinates":[[[73.37492059700239,16.997899282235984],[73.3747351183336,16.997626706496412],[73.37483136256043,16.997356379133056],[73.3752038776739,16.997720812381147],[73.37492059700239,16.997899282235984]]]},"id":"562"},{"type":"Feature","properties":{"id":"563","metrics:area":16700,"metrics:perimeter":756.8441924631258},"geometry":{"type":"Polygon","coordinates":[[[73.30654730200543,16.99842651101146],[73.30627451702097,16.99743025422127],[73.30571352767306,16.997154499854133],[73.30562287164621,16.996792295463838],[73.30684443392974,16.9967120931168],[73.30702980775848,16.99698472204197],[73.30740623513181,16.996897488555543],[73.30711965529478,16.997437281884928],[73.30665094551888,16.997343022246262],[73.30664851089308,16.99761408968466],[73.30711884397762,16.997527637719706],[73.30711722132837,16.99770834938674],[73.30682982774847,16.99833849789786],[73.30654730200543,16.99842651101146]]]},"id":"563"},{"type":"Feature","properties":{"id":"564","metrics:area":1000,"metrics:perimeter":163.1883050779801},"geometry":{"type":"Polygon","coordinates":[[[73.30740623513181,16.996897488555543],[73.30750176135477,16.996717557317375],[73.30806437422748,16.996812595116374],[73.30806356339453,16.99690295100095],[73.30740623513181,16.996897488555543]]]},"id":"564"},{"type":"Feature","properties":{"id":"565","metrics:area":3650,"metrics:perimeter":297.99938675764395},"geometry":{"type":"Polygon","coordinates":[[[73.3654375062219,16.997642653197495],[73.3652528257483,16.997279711498845],[73.3658154845259,16.997374592358426],[73.36591174099296,16.99710427029712],[73.36619346178449,16.997106530717843],[73.36609485652305,16.99764792859917],[73.3654375062219,16.997642653197495]]]},"id":"565"},{"type":"Feature","properties":{"id":"566","metrics:area":6400,"metrics:perimeter":323.7871661412524},"geometry":{"type":"Polygon","coordinates":[[[73.30430252927985,16.997413842713804],[73.30468627040928,16.99651341293548],[73.30506188523445,16.996516539539495],[73.30524806833886,16.99669881409158],[73.30515091560983,16.997059455574696],[73.30477204997185,16.997417751945815],[73.30430252927985,16.997413842713804]]]},"id":"566"},{"type":"Feature","properties":{"id":"567","metrics:area":7250,"metrics:perimeter":332.8358212962645},"geometry":{"type":"Polygon","coordinates":[[[73.3086221243296,16.997449766858004],[73.30825218225729,16.996814155416985],[73.30891194177329,16.99654854732932],[73.30919203299247,16.996731598386692],[73.30918555054497,16.997454445868],[73.3086221243296,16.997449766858004]]]},"id":"567"},{"type":"Feature","properties":{"id":"568","metrics:area":800,"metrics:perimeter":129.64724878581438},"geometry":{"type":"Polygon","coordinates":[[[73.36929083030248,16.997312087044666],[73.36938786335651,16.996951404201592],[73.36957645875171,16.99686254926051],[73.36957411464337,16.997133625397918],[73.36929083030248,16.997312087044666]]]},"id":"568"},{"type":"Feature","properties":{"id":"569","metrics:area":15450,"metrics:perimeter":631.7142227273486},"geometry":{"type":"Polygon","coordinates":[[[73.30326633152444,16.99776666120943],[73.30317568012622,16.997404456144903],[73.30233135733576,16.997307056519393],[73.30205452776131,16.99676257414391],[73.30224477598468,16.996493073140623],[73.30308990828959,16.996500117147708],[73.30356267826355,16.99614260625879],[73.303364301379,16.997315665345965],[73.30364601349527,16.9973180122994],[73.30364276156382,16.99767943498577],[73.30326633152444,16.99776666120943]]]},"id":"569"},{"type":"Feature","properties":{"id":"570","metrics:area":2450,"metrics:perimeter":263.8766505352027},"geometry":{"type":"Polygon","coordinates":[[[73.37004052560732,16.997498819036572],[73.3700436502529,16.997137384113742],[73.37032615269055,16.99704928007863],[73.3704231836269,16.996688596550776],[73.37079724983171,16.99687231950711],[73.37004052560732,16.997498819036572]]]},"id":"570"},{"type":"Feature","properties":{"id":"571","metrics:area":16000,"metrics:perimeter":761.2419064125552},"geometry":{"type":"Polygon","coordinates":[[[73.39351288297402,16.998227538736444],[73.39323577716854,16.997683157372382],[73.39211041688213,16.997493543229574],[73.39173786662991,16.997129138162666],[73.39174172035723,16.996677339627308],[73.3921181226092,16.996589946004384],[73.39220894844672,16.99695212633468],[73.39249067269033,16.996954350365733],[73.39286245398057,16.99740911390806],[73.3942710794892,16.99742022594003],[73.39426723164283,16.997872025005208],[73.39351288297402,16.998227538736444]]]},"id":"571"},{"type":"Feature","properties":{"id":"572","metrics:area":800,"metrics:perimeter":115.60623297836548},"geometry":{"type":"Polygon","coordinates":[[[73.38281816464796,16.996877769169707],[73.3827265822187,16.996605945495432],[73.38300907953759,16.996517823276637],[73.38300675478666,16.99678890123486],[73.38281816464796,16.996877769169707]]]},"id":"572"},{"type":"Feature","properties":{"id":"573","metrics:area":25350,"metrics:perimeter":1264.2742546766688},"geometry":{"type":"Polygon","coordinates":[[[73.3819598135452,16.998407163293876],[73.38158805865102,16.9979523819548],[73.38196911925152,16.997322852150504],[73.38168739592241,16.997320613520657],[73.3815019073876,16.997048043142836],[73.38103159343768,16.997134670085302],[73.38066372332356,16.996228091322408],[73.38197454726476,16.99669033726135],[73.38225316853857,16.997054012548567],[73.38300288010697,16.997240697815204],[73.38394350723786,16.997067433588306],[73.38346932018979,16.997605862932502],[73.38346467165275,16.998148018907244],[73.38318294688212,16.99814578224066],[73.38281041422351,16.997781362217214],[73.38281351445018,16.99741992500823],[73.38253256603782,16.997327328242125],[73.38234087402797,16.997777632792978],[73.3819652419569,16.997774648474852],[73.38196214003581,16.99813608551931],[73.38224308926426,16.998228683144823],[73.38224153853554,16.998409401685567],[73.3819598135452,16.998407163293876]]]},"id":"573"},{"type":"Feature","properties":{"id":"574","metrics:area":1000,"metrics:perimeter":135.9524158061724},"geometry":{"type":"Polygon","coordinates":[[[73.38742273402785,16.996552820171484],[73.38742427961228,16.996372101134448],[73.38780145511053,16.996194356073705],[73.3877991372946,16.996465434683238],[73.38742273402785,16.996552820171484]]]},"id":"574"},{"type":"Feature","properties":{"id":"575","metrics:area":1500,"metrics:perimeter":162.0079285608123},"geometry":{"type":"Polygon","coordinates":[[[73.38564003675683,16.99635796511991],[73.38583094588289,16.995998016057573],[73.38620580177903,16.996091352413146],[73.38601566668974,16.99636094242076],[73.38564003675683,16.99635796511991]]]},"id":"575"},{"type":"Feature","properties":{"id":"576","metrics:area":3300,"metrics:perimeter":234.96584254532053},"geometry":{"type":"Polygon","coordinates":[[[73.37615307152686,16.996553635932717],[73.37597070516507,16.995919625208433],[73.37634711049388,16.995832261237187],[73.37662416316596,16.996376661290437],[73.37615307152686,16.996553635932717]]]},"id":"576"},{"type":"Feature","properties":{"id":"577","metrics:area":600,"metrics:perimeter":115.9524158061724},"geometry":{"type":"Polygon","coordinates":[[[73.37334053697857,16.995988999327345],[73.37296413045205,16.99607635759117],[73.37296646953344,16.995805280967055],[73.37334053697857,16.995988999327345]]]},"id":"577"},{"type":"Feature","properties":{"id":"578","metrics:area":5100,"metrics:perimeter":335.35447673656233},"geometry":{"type":"Polygon","coordinates":[[[73.37108365473682,16.99633242043765],[73.37080583809917,16.995878373000583],[73.37165333811778,16.995614055864475],[73.3716486561933,16.996156208760294],[73.37192959617384,16.996248819950612],[73.37108365473682,16.99633242043765]]]},"id":"578"},{"type":"Feature","properties":{"id":"579","metrics:area":1100,"metrics:perimeter":141.7008732545826},"geometry":{"type":"Polygon","coordinates":[[[73.3829198217525,16.99597492170981],[73.3827335574719,16.99579271169654],[73.38273510747601,16.99561199306539],[73.38320386759673,16.995706080457595],[73.3829198217525,16.99597492170981]]]},"id":"579"},{"type":"Feature","properties":{"id":"580","metrics:area":4000,"metrics:perimeter":282.842712474619},"geometry":{"type":"Polygon","coordinates":[[[73.39005369324637,16.99639290469089],[73.38986742109186,16.996210700589444],[73.38996672952489,16.995578925566317],[73.39071181844503,16.996307740614505],[73.39005369324637,16.99639290469089]]]},"id":"580"},{"type":"Feature","properties":{"id":"581","metrics:area":500,"metrics:perimeter":92.36067977499789},"geometry":{"type":"Polygon","coordinates":[[[73.38226402224524,16.995788982517887],[73.38226634791859,16.995517904632877],[73.38245416172532,16.995519396408923],[73.38245261146096,16.995700115016554],[73.38226402224524,16.995788982517887]]]},"id":"581"},{"type":"Feature","properties":{"id":"582","metrics:area":1650,"metrics:perimeter":200.81584143595728},"geometry":{"type":"Polygon","coordinates":[[[73.38855503189731,16.995929223239028],[73.38865125581235,16.995658887529633],[73.38921701515542,16.99539226589439],[73.38883675410531,16.995931452193656],[73.38855503189731,16.995929223239028]]]},"id":"582"},{"type":"Feature","properties":{"id":"583","metrics:area":750,"metrics:perimeter":117.67828935632369},"geometry":{"type":"Polygon","coordinates":[[[73.37343834099497,16.995537954884245],[73.37334677295692,16.995266128171163],[73.37372239842273,16.995269127953968],[73.37372161912192,16.995359486868303],[73.37343834099497,16.995537954884245]]]},"id":"583"},{"type":"Feature","properties":{"id":"584","metrics:area":33550,"metrics:perimeter":1770.9103453288537},"geometry":{"type":"Polygon","coordinates":[[[73.37275994031684,16.99797239299911],[73.37238977002649,16.997336879144672],[73.3724860173281,16.99706655315932],[73.37286242601446,16.99697919597683],[73.3729508748466,16.997612458319196],[73.37342041243946,16.997616209353687],[73.37361368366453,16.99698519722248],[73.37305257948799,16.99670961993607],[73.37381084991004,16.995902390203884],[73.37418647672985,16.99590538923977],[73.3738163048011,16.995269877791532],[73.37438130112942,16.995093658018273],[73.37456677710342,16.995366233887143],[73.37418959311981,16.995543953513046],[73.37456444038611,16.995637310739095],[73.3745621036259,16.99590838758353],[73.37437429016835,16.995906888498162],[73.37446430197434,16.996359432765402],[73.37390163960217,16.99626457569046],[73.37389930179785,16.996535652428726],[73.37436727882124,16.996720118910414],[73.37484148744949,16.996181712762038],[73.37512320811904,16.99618396071431],[73.37521555775521,16.996365427891373],[73.3756850927731,16.996369173439202],[73.37568275751688,16.99664025041545],[73.37539947895627,16.996818721133266],[73.37502462883822,16.996725365218],[73.37492760647939,16.9970860516936],[73.37436416254306,16.997081554627478],[73.37436260437538,16.997262272481002],[73.37370681150085,16.997076306081983],[73.37398385770825,16.997620709167435],[73.37275994031684,16.99797239299911]]]},"id":"584"},{"type":"Feature","properties":{"id":"585","metrics:area":3700,"metrics:perimeter":253.23705037221026},"geometry":{"type":"Polygon","coordinates":[[[73.37954304985416,16.99549625443626],[73.3793606725013,16.994862245796195],[73.38001879393588,16.99477711623434],[73.38011037170224,16.995048940763592],[73.37954304985416,16.99549625443626]]]},"id":"585"},{"type":"Feature","properties":{"id":"586","metrics:area":550,"metrics:perimeter":115.21451263285829},"geometry":{"type":"Polygon","coordinates":[[[73.3256469764812,16.994427747034166],[73.3254591691427,16.994426202981444],[73.32517826068133,16.99433352987382],[73.3255546774641,16.99424626158547],[73.3256469764812,16.994427747034166]]]},"id":"586"},{"type":"Feature","properties":{"id":"587","metrics:area":1500,"metrics:perimeter":161.06514158872864},"geometry":{"type":"Polygon","coordinates":[[[73.37015708356797,16.994879167050883],[73.36987770889034,16.994605836160158],[73.36997317687478,16.99442587023684],[73.37044114417014,16.994610344999874],[73.37015708356797,16.994879167050883]]]},"id":"587"},{"type":"Feature","properties":{"id":"588","metrics:area":21000,"metrics:perimeter":651.4345878673165},"geometry":{"type":"Polygon","coordinates":[[[73.38085386545563,16.995958506953023],[73.38038588252469,16.99577405498881],[73.3805760245121,16.99550447086224],[73.38039674788808,16.994509025971073],[73.3809632889689,16.994152068700362],[73.38171453838427,16.9941580391069],[73.38198850394575,16.995063870215688],[73.381610550799,16.99533196351877],[73.3812364751301,16.995148259764928],[73.38085386545563,16.995958506953023]]]},"id":"588"},{"type":"Feature","properties":{"id":"589","metrics:area":1600,"metrics:perimeter":196.83238505927557},"geometry":{"type":"Polygon","coordinates":[[[73.34461720483098,16.994402090034388],[73.34461879121862,16.99422137483239],[73.3449991671463,16.993682281674495],[73.3449944091785,16.99422442740369],[73.34461720483098,16.994402090034388]]]},"id":"589"},{"type":"Feature","properties":{"id":"590","metrics:area":700,"metrics:perimeter":112.36067977499789},"geometry":{"type":"Polygon","coordinates":[[[73.36753319263194,16.994225597994863],[73.36753632144365,16.99386416340908],[73.36772413222621,16.99386566862354],[73.36772178589429,16.994136744589557],[73.36753319263194,16.994225597994863]]]},"id":"590"},{"type":"Feature","properties":{"id":"591","metrics:area":550,"metrics:perimeter":96.34413615167959},"geometry":{"type":"Polygon","coordinates":[[[73.38415532683085,16.99426778320243],[73.38415687532532,16.994087064417],[73.38434546203344,16.993998194926167],[73.38443782005925,16.994179658625132],[73.38415532683085,16.99426778320243]]]},"id":"591"},{"type":"Feature","properties":{"id":"592","metrics:area":1200,"metrics:perimeter":166.49110640673518},"geometry":{"type":"Polygon","coordinates":[[[73.30818665269497,16.993650918646644],[73.3076248598864,16.993465526102256],[73.30818989510298,16.993289494965104],[73.30818665269497,16.993650918646644]]]},"id":"592"},{"type":"Feature","properties":{"id":"593","metrics:area":2400,"metrics:perimeter":201.6552506059644},"geometry":{"type":"Polygon","coordinates":[[[73.38791081272551,16.99438790845456],[73.38800935372386,16.99384649432239],[73.38838497909506,16.993849466828628],[73.3882864391566,16.994390881234235],[73.38791081272551,16.99438790845456]]]},"id":"593"},{"type":"Feature","properties":{"id":"594","metrics:area":3950,"metrics:perimeter":257.04570789056777},"geometry":{"type":"Polygon","coordinates":[[[73.31119234254301,16.993585500336238],[73.31129029065882,16.993134498590774],[73.31185370476223,16.993139169071416],[73.31203908326161,16.993411793859337],[73.31203746574265,16.993592506059823],[73.31119234254301,16.993585500336238]]]},"id":"594"},{"type":"Feature","properties":{"id":"595","metrics:area":5800,"metrics:perimeter":316.4826722493167},"geometry":{"type":"Polygon","coordinates":[[[73.36274558398141,16.99400643884792],[73.36227762731184,16.99382194716414],[73.36228155080342,16.993370155101594],[73.36331293652714,16.9935591749702],[73.36330979968267,16.99392060880223],[73.36274558398141,16.99400643884792]]]},"id":"595"},{"type":"Feature","properties":{"id":"596","metrics:area":26550,"metrics:perimeter":1354.2101779653633},"geometry":{"type":"Polygon","coordinates":[[[73.37193037637644,16.99615846112489],[73.3718395905864,16.9957962750856],[73.37231302334439,16.995348234050827],[73.37222379704588,16.99480533042389],[73.37147410929643,16.99461860716178],[73.37166660263722,16.99407795582974],[73.37119629381101,16.994164560320883],[73.37091613787888,16.9939815895995],[73.37091457670918,16.994162307197193],[73.37063285965034,16.994160053684226],[73.37054129626036,16.993888226079694],[73.37063676321296,16.993708259747162],[73.37110551006634,16.993802374090347],[73.37148581391651,16.99326322477973],[73.37167362447133,16.993264726301867],[73.37176284884578,16.99380763004952],[73.3719506599686,16.993809131362877],[73.37204846563333,16.993358087683823],[73.3724240870564,16.993361089533998],[73.37260877880784,16.993724025719338],[73.3727973695911,16.993635167358583],[73.37279581025744,16.99381588513202],[73.37242018785912,16.993812883889362],[73.37241706841543,16.994174319358624],[73.37288893623992,16.993906994224247],[73.37297972351709,16.99426917995506],[73.37241160920526,16.99480683139769],[73.3724022500153,16.995891137655143],[73.37193037637644,16.99615846112489]]]},"id":"596"},{"type":"Feature","properties":{"id":"597","metrics:area":2000,"metrics:perimeter":189.29971408438087},"geometry":{"type":"Polygon","coordinates":[[[73.38800935372386,16.99384649432239],[73.3874459158088,16.99384203426544],[73.38754368510793,16.993390979971437],[73.38801089848526,16.993665775185057],[73.38800935372386,16.99384649432239]]]},"id":"597"},{"type":"Feature","properties":{"id":"598","metrics:area":3750,"metrics:perimeter":378.9903222793702},"geometry":{"type":"Polygon","coordinates":[[[73.37364018166323,16.99391299432125],[73.37326611780715,16.99372927680476],[73.37336236156754,16.993458950046875],[73.37279814925077,16.993544808470606],[73.37261345726229,16.99318187243468],[73.37308142473044,16.993366341106658],[73.37364641568544,16.99319012291007],[73.37364018166323,16.99391299432125]]]},"id":"598"},{"type":"Feature","properties":{"id":"599","metrics:area":800,"metrics:perimeter":121.2899020449196},"geometry":{"type":"Polygon","coordinates":[[[73.39280089312277,16.993613262591364],[73.39261462058211,16.99343106096375],[73.39261616089154,16.993250341408565],[73.3929902459792,16.993434024908893],[73.39280089312277,16.993613262591364]]]},"id":"599"},{"type":"Feature","properties":{"id":"600","metrics:area":1600,"metrics:perimeter":162.4621125123532},"geometry":{"type":"Polygon","coordinates":[[[73.38491276888278,16.993550866447396],[73.3849158642629,16.993189428712288],[73.3852922614047,16.9931020473579],[73.38528916676265,16.993463485163428],[73.38491276888278,16.993550866447396]]]},"id":"600"},{"type":"Feature","properties":{"id":"601","metrics:area":1200,"metrics:perimeter":140},"geometry":{"type":"Polygon","coordinates":[[[73.30838256256105,16.992748919236526],[73.3083849939561,16.992477851425136],[73.30876060146602,16.992480970491272],[73.30875817061022,16.992752038355345],[73.30838256256105,16.992748919236526]]]},"id":"601"},{"type":"Feature","properties":{"id":"602","metrics:area":27250,"metrics:perimeter":731.9327953349856},"geometry":{"type":"Polygon","coordinates":[[[73.36893317945392,16.995230828881372],[73.36865458794271,16.994867137738687],[73.36829538278747,16.992966596367015],[73.36923521411401,16.992883758092546],[73.36932599390916,16.993245944840737],[73.36951380424424,16.993247448352374],[73.36941677399217,16.993608131566177],[73.36977911602376,16.995147236978873],[73.36893317945392,16.995230828881372]]]},"id":"602"},{"type":"Feature","properties":{"id":"603","metrics:area":3300,"metrics:perimeter":292.1110255092798},"geometry":{"type":"Polygon","coordinates":[[[73.3626595239132,16.99310209966219],[73.36284968666335,16.992832533975193],[73.36388263813099,16.992840833787888],[73.36369247675837,16.993110400566568],[73.3626595239132,16.99310209966219]]]},"id":"603"},{"type":"Feature","properties":{"id":"604","metrics:area":600,"metrics:perimeter":115.9524158061724},"geometry":{"type":"Polygon","coordinates":[[[73.38285071125333,16.99308267745859],[73.38247431343568,16.993170054205816],[73.38247663842675,16.992898976222996],[73.38285071125333,16.99308267745859]]]},"id":"604"},{"type":"Feature","properties":{"id":"605","metrics:area":750,"metrics:perimeter":130.99019513592785},"geometry":{"type":"Polygon","coordinates":[[[73.36453840401796,16.9930268298037],[73.36454232190039,16.99257503719375],[73.36463622650679,16.99257579114721],[73.36472621368497,16.993028337709827],[73.36453840401796,16.9930268298037]]]},"id":"605"},{"type":"Feature","properties":{"id":"606","metrics:area":650,"metrics:perimeter":103.98345637668169},"geometry":{"type":"Polygon","coordinates":[[[73.33270654199579,16.992588025876668],[73.33270813961362,16.992407311738287],[73.3328967443508,16.99231849185235],[73.33298825131097,16.99259033162751],[73.33270654199579,16.992588025876668]]]},"id":"606"},{"type":"Feature","properties":{"id":"607","metrics:area":650,"metrics:perimeter":103.98345637668169},"geometry":{"type":"Polygon","coordinates":[[[73.33270893841521,16.992316954667842],[73.33261743196498,16.992045114807354],[73.3328991404566,16.992047420610024],[73.33289754305763,16.99222813477241],[73.33270893841521,16.992316954667842]]]},"id":"607"},{"type":"Feature","properties":{"id":"608","metrics:area":3100,"metrics:perimeter":291.96584238514373},"geometry":{"type":"Polygon","coordinates":[[[73.37242876593565,16.992818936279992],[73.37252734947154,16.992277533299646],[73.37280906398529,16.992279783951314],[73.37280750479474,16.992460501749804],[73.37318390399062,16.992373143131296],[73.37318000685347,16.99282493770156],[73.37289985061233,16.99264196969258],[73.37242876593565,16.992818936279992]]]},"id":"608"},{"type":"Feature","properties":{"id":"609","metrics:area":1350,"metrics:perimeter":151.6227766016838},"geometry":{"type":"Polygon","coordinates":[[[73.36388420590836,16.99266011680252],[73.36388734140554,16.99229868282176],[73.36416983846144,16.99221058691236],[73.36416591977607,16.992662379454103],[73.36388420590836,16.99266011680252]]]},"id":"609"},{"type":"Feature","properties":{"id":"610","metrics:area":4250,"metrics:perimeter":255.8670039117867},"geometry":{"type":"Polygon","coordinates":[[[73.37533982619189,16.992842176370242],[73.37506044608305,16.99256885215282],[73.3751590219815,16.992027447224626],[73.37562776795777,16.992121551005333],[73.37562232021202,16.992754064183423],[73.37533982619189,16.992842176370242]]]},"id":"610"},{"type":"Feature","properties":{"id":"611","metrics:area":6750,"metrics:perimeter":376.0483665708908},"geometry":{"type":"Polygon","coordinates":[[[73.37364641568544,16.99319012291007],[73.37346717729118,16.99219467502814],[73.37356264056994,16.99201470698085],[73.37412606914616,16.992019204964624],[73.37421841611186,16.99220067240739],[73.3739343643576,16.992469500565537],[73.37411750044058,16.993013153492793],[73.37364641568544,16.99319012291007]]]},"id":"611"},{"type":"Feature","properties":{"id":"612","metrics:area":850,"metrics:perimeter":123.4987838803202},"geometry":{"type":"Polygon","coordinates":[[[73.37459169941961,16.99247474699871],[73.37450090952267,16.992112561733702],[73.37468949789395,16.99202370139151],[73.3747810667832,16.992295527614584],[73.37459169941961,16.99247474699871]]]},"id":"612"},{"type":"Feature","properties":{"id":"613","metrics:area":1900,"metrics:perimeter":194.0321551489818},"geometry":{"type":"Polygon","coordinates":[[[73.36585933561054,16.992314512852424],[73.36576856290186,16.991952325140204],[73.36642432820739,16.992138314990747],[73.36642276291437,16.992319032215313],[73.36585933561054,16.992314512852424]]]},"id":"613"},{"type":"Feature","properties":{"id":"614","metrics:area":13000,"metrics:perimeter":513.4565252228249},"geometry":{"type":"Polygon","coordinates":[[[73.38631981368144,16.993742749987327],[73.38585569650962,16.99310651318259],[73.38642222419385,16.992749539430235],[73.3865215411288,16.992117766710244],[73.38680403023886,16.992029638462537],[73.38708188261833,16.992483667045605],[73.38707724594933,16.993025824261526],[73.38688943419565,16.9930243369592],[73.38679089067766,16.993565750353664],[73.38631981368144,16.993742749987327]]]},"id":"614"},{"type":"Feature","properties":{"id":"615","metrics:area":950,"metrics:perimeter":142.22125139210445},"geometry":{"type":"Polygon","coordinates":[[[73.37168142605576,16.99236113785823],[73.37140283261837,16.991997450286856],[73.37177923127939,16.99191009423788],[73.37168142605576,16.99236113785823]]]},"id":"615"},{"type":"Feature","properties":{"id":"616","metrics:area":3400,"metrics:perimeter":252.73339444294197},"geometry":{"type":"Polygon","coordinates":[[[73.38980514735059,16.992505212760133],[73.38914935076491,16.992319296137868],[73.3892455715345,16.992048959826235],[73.39009072118849,16.992055641178993],[73.38980514735059,16.992505212760133]]]},"id":"616"},{"type":"Feature","properties":{"id":"617","metrics:area":2800,"metrics:perimeter":234.57313802163299},"geometry":{"type":"Polygon","coordinates":[[[73.34585619350113,16.992333782163296],[73.34585936347375,16.99197235145564],[73.34642595289625,16.991615495211484],[73.34623180793808,16.992336832124906],[73.34585619350113,16.992333782163296]]]},"id":"617"},{"type":"Feature","properties":{"id":"618","metrics:area":3300,"metrics:perimeter":224.38377028552912},"geometry":{"type":"Polygon","coordinates":[[[73.30613621969025,16.991916987486125],[73.3058561385482,16.99173393304696],[73.30585857341921,16.991462865563868],[73.30632970245095,16.991286058180798],[73.30651263696944,16.99182975474208],[73.30613621969025,16.991916987486125]]]},"id":"618"},{"type":"Feature","properties":{"id":"619","metrics:area":3000,"metrics:perimeter":232.6812590421443},"geometry":{"type":"Polygon","coordinates":[[[73.36848710116826,16.99251630730012],[73.36839788662695,16.991973402916376],[73.3687758491126,16.991705335093556],[73.36886350173724,16.992428956851523],[73.36848710116826,16.99251630730012]]]},"id":"619"},{"type":"Feature","properties":{"id":"620","metrics:area":5300,"metrics:perimeter":332.886306862141},"geometry":{"type":"Polygon","coordinates":[[[73.36463779353632,16.99239507408889],[73.36463936054668,16.992214357027226],[73.36426452654665,16.992120982506727],[73.36436313261011,16.99157958543508],[73.3648326531704,16.991583354968885],[73.3649218572185,16.992126260032368],[73.36510966602503,16.99212776750762],[73.3651073161908,16.992398843165034],[73.36463779353632,16.99239507408889]]]},"id":"620"},{"type":"Feature","properties":{"id":"621","metrics:area":3150,"metrics:perimeter":335.37201601748757},"geometry":{"type":"Polygon","coordinates":[[[73.39402937194089,16.992719293448427],[73.3936575958526,16.992264532382798],[73.39412635556694,16.99235859441012],[73.39469440550683,16.99182087632991],[73.39478677305235,16.992002336128206],[73.39402937194089,16.992719293448427]]]},"id":"621"},{"type":"Feature","properties":{"id":"622","metrics:area":1700,"metrics:perimeter":173.44059704059384},"geometry":{"type":"Polygon","coordinates":[[[73.36529747485073,16.99212927480988],[73.36520748650531,16.99167672838009],[73.36548998215609,16.99158863049993],[73.36557918812522,16.99213153543893],[73.36529747485073,16.99212927480988]]]},"id":"622"},{"type":"Feature","properties":{"id":"623","metrics:area":1600,"metrics:perimeter":162.61297173761164},"geometry":{"type":"Polygon","coordinates":[[[73.34755200081705,16.99171499725367],[73.34746047254038,16.991443162197676],[73.34793078022703,16.991356612872817],[73.34792761434464,16.991718043981503],[73.34755200081705,16.99171499725367]]]},"id":"623"},{"type":"Feature","properties":{"id":"624","metrics:area":1500,"metrics:perimeter":170.8276253029822},"geometry":{"type":"Polygon","coordinates":[[[73.3914061698584,16.991975667695968],[73.39140771118554,16.991794948222616],[73.39197191447465,16.9917090370406],[73.39196960330001,16.99198011632703],[73.3914061698584,16.991975667695968]]]},"id":"624"},{"type":"Feature","properties":{"id":"625","metrics:area":3100,"metrics:perimeter":277.6409195040511},"geometry":{"type":"Polygon","coordinates":[[[73.3712158036884,16.991905589792434],[73.37121970530575,16.991453795624114],[73.37178313154857,16.991458299942735],[73.37206250499167,16.991731628135863],[73.37168610677728,16.991818984751962],[73.37159376250875,16.991637516379836],[73.37149751746242,16.991907842209766],[73.3712158036884,16.991905589792434]]]},"id":"625"},{"type":"Feature","properties":{"id":"626","metrics:area":500,"metrics:perimeter":117.0820393249937},"geometry":{"type":"Polygon","coordinates":[[[73.36802461430516,16.99169931781703],[73.3676505610738,16.991515590794403],[73.3681200822475,16.991519352739115],[73.36802461430516,16.99169931781703]]]},"id":"626"},{"type":"Feature","properties":{"id":"627","metrics:area":6700,"metrics:perimeter":359.38395298892965},"geometry":{"type":"Polygon","coordinates":[[[73.37299843267667,16.9921005663508],[73.37253358712148,16.991554662173666],[73.37281530055667,16.991556912723947],[73.37291154354534,16.991286586084176],[73.37319169790722,16.991469553928145],[73.373661999406,16.991382944148327],[73.37375356654528,16.991654770695824],[73.37346873582392,16.99201395716552],[73.37299843267667,16.9921005663508]]]},"id":"627"},{"type":"Feature","properties":{"id":"628","metrics:area":1500,"metrics:perimeter":163.2455532033676},"geometry":{"type":"Polygon","coordinates":[[[73.36596028583921,16.991502038841695],[73.36605653832052,16.99123171628578],[73.36652605841327,16.99123548184271],[73.36642980658209,16.991505804678464],[73.36596028583921,16.991502038841695]]]},"id":"628"},{"type":"Feature","properties":{"id":"629","metrics:area":1450,"metrics:perimeter":218.2629993130107},"geometry":{"type":"Polygon","coordinates":[[[73.36661604986656,16.991688027963676],[73.36671386648389,16.991236987762772],[73.36652684095976,16.991145123216583],[73.36718260450752,16.991331110461125],[73.36661604986656,16.991688027963676]]]},"id":"629"},{"type":"Feature","properties":{"id":"630","metrics:area":1500,"metrics:perimeter":161.9803902718557},"geometry":{"type":"Polygon","coordinates":[[[73.3741307427425,16.991477051179405],[73.37413385837806,16.991115615305898],[73.3746026013986,16.991209721216144],[73.37460104403021,16.9913904391951],[73.3741307427425,16.991477051179405]]]},"id":"630"},{"type":"Feature","properties":{"id":"631","metrics:area":2300,"metrics:perimeter":199.69501106260532},"geometry":{"type":"Polygon","coordinates":[[[73.34793236313917,16.99117589731346],[73.34793632033475,16.99072410840042],[73.34840662608163,16.99063755779483],[73.34849815548114,16.99090939253103],[73.34793236313917,16.99117589731346]]]},"id":"631"},{"type":"Feature","properties":{"id":"632","metrics:area":550,"metrics:perimeter":96.34413615167958},"geometry":{"type":"Polygon","coordinates":[[[73.37141063488271,16.991093861853127],[73.37131829118127,16.99091239339708],[73.37160078358737,16.99082428668708],[73.3715992233811,16.99100500440242],[73.37141063488271,16.991093861853127]]]},"id":"632"},{"type":"Feature","properties":{"id":"633","metrics:area":3100,"metrics:perimeter":217.58398533184277},"geometry":{"type":"Polygon","coordinates":[[[73.3697180171936,16.991351417728147],[73.36924927731089,16.991257300753446],[73.36925162102644,16.990986224503953],[73.36962958033581,16.990718154796152],[73.36990738754163,16.991172203159643],[73.3697180171936,16.991351417728147]]]},"id":"633"},{"type":"Feature","properties":{"id":"634","metrics:area":16950,"metrics:perimeter":623.7230325031078},"geometry":{"type":"Polygon","coordinates":[[[73.3873643721021,16.992395538047884],[73.38709579160405,16.9908571952176],[73.38737827857591,16.990769065978785],[73.38756145334797,16.99131271007594],[73.3885028201612,16.991049062194804],[73.38868522651184,16.991683065182997],[73.38811947816781,16.991949686317493],[73.38802248359336,16.99231038154867],[73.3873643721021,16.992395538047884]]]},"id":"634"},{"type":"Feature","properties":{"id":"635","metrics:area":1150,"metrics:perimeter":142.3996489063195},"geometry":{"type":"Polygon","coordinates":[[[73.36014295221518,16.99091310262554],[73.36014530896422,16.990642027603847],[73.36042859016221,16.99046357845338],[73.36052013734285,16.990735409289634],[73.36014295221518,16.99091310262554]]]},"id":"635"},{"type":"Feature","properties":{"id":"636","metrics:area":2100,"metrics:perimeter":190.8276253029822},"geometry":{"type":"Polygon","coordinates":[[[73.3839022568289,16.990922250380276],[73.38381299759774,16.990379348925803],[73.38418861528612,16.99038232857991],[73.38418397091118,16.9909244851315],[73.3839022568289,16.990922250380276]]]},"id":"636"},{"type":"Feature","properties":{"id":"637","metrics:area":600,"metrics:perimeter":114.04918347287665},"geometry":{"type":"Polygon","coordinates":[[[73.3852184700661,16.990751956950014],[73.38493907719906,16.990478645273335],[73.38522156431988,16.990390519061112],[73.3852184700661,16.990751956950014]]]},"id":"637"},{"type":"Feature","properties":{"id":"638","metrics:area":8200,"metrics:perimeter":359.5563943200263},"geometry":{"type":"Polygon","coordinates":[[[73.36277303837319,16.990843893286076],[73.36268305651727,16.990391346263007],[73.36287243189288,16.990212138715574],[73.36371834607253,16.990128570243726],[73.36390458526837,16.990310795688654],[73.36380676274321,16.99076183403991],[73.36277303837319,16.990843893286076]]]},"id":"638"},{"type":"Feature","properties":{"id":"639","metrics:area":1300,"metrics:perimeter":152.3606797749979},"geometry":{"type":"Polygon","coordinates":[[[73.38606438539453,16.99066829500308],[73.38606825115407,16.99021649744712],[73.38634996448447,16.990218729113895],[73.38644232300727,16.990400191974732],[73.38606438539453,16.99066829500308]]]},"id":"639"},{"type":"Feature","properties":{"id":"640","metrics:area":2100,"metrics:perimeter":194.70650405204032},"geometry":{"type":"Polygon","coordinates":[[[73.38324802220254,16.99055559691729],[73.38306176244842,16.990373387541904],[73.38315953947918,16.989922335947742],[73.38362518878198,16.990377858839288],[73.38324802220254,16.99055559691729]]]},"id":"640"},{"type":"Feature","properties":{"id":"641","metrics:area":14950,"metrics:perimeter":709.8734844595998},"geometry":{"type":"Polygon","coordinates":[[[73.39028161708609,16.991695686702123],[73.39028547299424,16.991243888250604],[73.38972435651645,16.990968356143654],[73.3889723450389,16.99105277598981],[73.3889746603863,16.99078169707946],[73.38954040408247,16.990515073137978],[73.38926023310893,16.99033212653655],[73.38935799555436,16.98988107069754],[73.3895458044079,16.989882555458156],[73.38972898498335,16.990426198109745],[73.39029241333162,16.990430650985314],[73.39075808251259,16.990886159119256],[73.39056410426763,16.99160755303043],[73.39028161708609,16.991695686702123]]]},"id":"641"},{"type":"Feature","properties":{"id":"642","metrics:area":8100,"metrics:perimeter":437.6816133226199},"geometry":{"type":"Polygon","coordinates":[[[73.37085345345768,16.990366485993956],[73.37076501289437,16.989733223207736],[73.3712360907952,16.989556259889195],[73.37161170449667,16.989559262586127],[73.37179717152958,16.989831840307357],[73.37207966210765,16.989743732765394],[73.3718871754963,16.99028438519112],[73.37104360208035,16.99009691133524],[73.3710412610695,16.990367987850945],[73.37085345345768,16.990366485993956]]]},"id":"642"},{"type":"Feature","properties":{"id":"643","metrics:area":700,"metrics:perimeter":107.96691275336337},"geometry":{"type":"Polygon","coordinates":[[[73.36757073331897,16.989888382083418],[73.36747917597387,16.98961655355213],[73.36766776444368,16.98952769976272],[73.36775932203736,16.98979952823122],[73.36757073331897,16.989888382083418]]]},"id":"643"},{"type":"Feature","properties":{"id":"644","metrics:area":900,"metrics:perimeter":120},"geometry":{"type":"Polygon","coordinates":[[[73.38550714482881,16.98994095447783],[73.385509464994,16.989669876002157],[73.3857911774304,16.989672108371877],[73.38578885766962,16.98994318688527],[73.38550714482881,16.98994095447783]]]},"id":"644"},{"type":"Feature","properties":{"id":"645","metrics:area":900,"metrics:perimeter":123.24555320336759},"geometry":{"type":"Polygon","coordinates":[[[73.3883235031027,16.990053620654844],[73.3882319149151,16.989781798888153],[73.38860753223462,16.989784770295316],[73.38860598841883,16.98996548955461],[73.3883235031027,16.990053620654844]]]},"id":"645"},{"type":"Feature","properties":{"id":"646","metrics:area":2500,"metrics:perimeter":215.8787145194739},"geometry":{"type":"Polygon","coordinates":[[[73.38663245072556,16.99013060085265],[73.38635305646771,16.98985729100383],[73.38635460243096,16.98967657194379],[73.38710429078563,16.98986324007852],[73.38710274552244,16.99004395920223],[73.38663245072556,16.99013060085265]]]},"id":"646"},{"type":"Feature","properties":{"id":"647","metrics:area":1150,"metrics:perimeter":192.59469274354575},"geometry":{"type":"Polygon","coordinates":[[[73.3901069174938,16.990158087788057],[73.3902054489547,16.989616671652243],[73.39067419975478,16.989710740944574],[73.39029704001086,16.989888492770916],[73.3901069174938,16.990158087788057]]]},"id":"647"},{"type":"Feature","properties":{"id":"648","metrics:area":3400,"metrics:perimeter":255.48518238826426},"geometry":{"type":"Polygon","coordinates":[[[73.36512924629952,16.989868803403464],[73.36522784813711,16.98932740548198],[73.36597750700362,16.989514149488883],[73.36597594153902,16.989694866719482],[73.36512924629952,16.989868803403464]]]},"id":"648"},{"type":"Feature","properties":{"id":"649","metrics:area":10400,"metrics:perimeter":524.7358626276674},"geometry":{"type":"Polygon","coordinates":[[[73.39141310568192,16.9911624300396],[73.39122760750732,16.990889867683006],[73.3913261363753,16.990348450800944],[73.39095128823546,16.990255124579264],[73.3908596960795,16.989983303668847],[73.39105135883636,16.989532988356178],[73.39161401443128,16.989627797114984],[73.39142158228084,16.99016847281227],[73.39198038841876,16.990715079592775],[73.39188340191457,16.991075777387746],[73.39141310568192,16.9911624300396]]]},"id":"649"},{"type":"Feature","properties":{"id":"650","metrics:area":6400,"metrics:perimeter":389.9278979923505},"geometry":{"type":"Polygon","coordinates":[[[73.37836810330278,16.99015534785381],[73.37818651038283,16.9894309794573],[73.378470551644,16.98916214437707],[73.37912787666627,16.989167375188735],[73.37921789835973,16.989619918343998],[73.37856057173153,16.98961468768772],[73.37865214551536,16.989886512609935],[73.37836810330278,16.99015534785381]]]},"id":"650"},{"type":"Feature","properties":{"id":"651","metrics:area":15200,"metrics:perimeter":497.93169235571247},"geometry":{"type":"Polygon","coordinates":[[[73.31160516106793,16.98943223397285],[73.3109527119976,16.988884648750282],[73.31095513911407,16.988613580475434],[73.31114455713582,16.98843442517787],[73.31245834916699,16.988535674729132],[73.31273358395873,16.989260857326027],[73.31160516106793,16.98943223397285]]]},"id":"651"},{"type":"Feature","properties":{"id":"652","metrics:area":3400,"metrics:perimeter":227.2188645609533},"geometry":{"type":"Polygon","coordinates":[[[73.3412803510165,16.98940492468583],[73.34100261862676,16.988950843414493],[73.34119280569323,16.98868130018332],[73.34156761759174,16.988774715615598],[73.34156285122152,16.989316860661],[73.3412803510165,16.98940492468583]]]},"id":"652"},{"type":"Feature","properties":{"id":"653","metrics:area":650,"metrics:perimeter":126.70548092920544},"geometry":{"type":"Polygon","coordinates":[[[73.36945505097844,16.989180552532442],[73.36898709784307,16.988996076653393],[73.36936349108643,16.988908724625674],[73.36945505097844,16.989180552532442]]]},"id":"653"},{"type":"Feature","properties":{"id":"654","metrics:area":850,"metrics:perimeter":135.47442467302884},"geometry":{"type":"Polygon","coordinates":[[[73.38034939958038,16.989086724665245],[73.38025782356078,16.98881490030952],[73.38072578969269,16.988999351199425],[73.38072501405058,16.98908971048393],[73.38034939958038,16.989086724665245]]]},"id":"654"},{"type":"Feature","properties":{"id":"655","metrics:area":4000,"metrics:perimeter":273.7415566171036},"geometry":{"type":"Polygon","coordinates":[[[73.37227526624139,16.988841644416052],[73.37180809044568,16.988566815959476],[73.37218526169407,16.98838909962155],[73.37284180257929,16.98848470941147],[73.37283868498045,16.988846145145388],[73.37227526624139,16.988841644416052]]]},"id":"655"},{"type":"Feature","properties":{"id":"656","metrics:area":1950,"metrics:perimeter":182.22125139210445},"geometry":{"type":"Polygon","coordinates":[[[73.38410786975716,16.98884547340991],[73.38401706228919,16.98848329084838],[73.38458048324533,16.988487759022686],[73.38457816191675,16.98875883740513],[73.38410786975716,16.98884547340991]]]},"id":"656"},{"type":"Feature","properties":{"id":"657","metrics:area":1150,"metrics:perimeter":142.8538328578604},"geometry":{"type":"Polygon","coordinates":[[[73.32326010624362,16.988263409276456],[73.32316941838184,16.987901209776652],[73.32345192233245,16.987813171412636],[73.32344790723526,16.988264954813225],[73.32326010624362,16.988263409276456]]]},"id":"657"},{"type":"Feature","properties":{"id":"658","metrics:area":1000,"metrics:perimeter":138.41619252963778},"geometry":{"type":"Polygon","coordinates":[[[73.34091666374832,16.988046503902133],[73.34054344335124,16.987772372478418],[73.3406389339725,16.987592422329186],[73.34091904769457,16.987775431438493],[73.34091666374832,16.988046503902133]]]},"id":"658"},{"type":"Feature","properties":{"id":"659","metrics:area":2500,"metrics:perimeter":231.98070350615293},"geometry":{"type":"Polygon","coordinates":[[[73.37302882920166,16.988576568218065],[73.37312584921872,16.98821588229452],[73.372940381525,16.987943305713532],[73.3732228688048,16.9878551962806],[73.37340989504943,16.987947054704907],[73.37331053825983,16.988578817701573],[73.37302882920166,16.988576568218065]]]},"id":"659"},{"type":"Feature","properties":{"id":"660","metrics:area":9050,"metrics:perimeter":488.0722695455901},"geometry":{"type":"Polygon","coordinates":[[[73.3650463072917,16.988603029726622],[73.36523724472075,16.988243102415495],[73.36495710360006,16.988060124651],[73.36439212258887,16.988236319446553],[73.36439447284002,16.98796524377575],[73.3655244322626,16.987612852360133],[73.36589769298598,16.987886941135763],[73.36589534490577,16.988158017012776],[73.36551660350744,16.98851643844298],[73.3650463072917,16.988603029726622]]]},"id":"660"},{"type":"Feature","properties":{"id":"661","metrics:area":900,"metrics:perimeter":123.24555320336759},"geometry":{"type":"Polygon","coordinates":[[[73.37125481449064,16.987387647169818],[73.37135105696433,16.98711732117102],[73.37163276360832,16.987119572786447],[73.37153652152465,16.98738989895299],[73.37125481449064,16.987387647169818]]]},"id":"661"},{"type":"Feature","properties":{"id":"662","metrics:area":1600,"metrics:perimeter":162.61297173761164},"geometry":{"type":"Polygon","coordinates":[[[73.3234583462324,16.98709031792817],[73.32346155806442,16.986728891165864],[73.32374406010867,16.986640852219107],[73.32383394593866,16.98709340825664],[73.3234583462324,16.98709031792817]]]},"id":"662"},{"type":"Feature","properties":{"id":"663","metrics:area":1350,"metrics:perimeter":151.6227766016838},"geometry":{"type":"Polygon","coordinates":[[[73.37200837253377,16.987122574335075],[73.37201071168117,16.98685149760238],[73.37248022227149,16.986855248502028],[73.37238398153559,16.987125575191968],[73.37200837253377,16.987122574335075]]]},"id":"663"},{"type":"Feature","properties":{"id":"664","metrics:area":700,"metrics:perimeter":112.36067977499789},"geometry":{"type":"Polygon","coordinates":[[[73.3262801555775,16.986571337600967],[73.32628175874922,16.986390623950545],[73.32665735760715,16.98639370895244],[73.32656185498313,16.986573651443294],[73.3262801555775,16.986571337600967]]]},"id":"664"},{"type":"Feature","properties":{"id":"665","metrics:area":1400,"metrics:perimeter":162.61297173761164},"geometry":{"type":"Polygon","coordinates":[[[73.3735139249774,16.98677313769659],[73.37342235991079,16.98650131115011],[73.37398577198451,16.986505808107697],[73.37398421448268,16.986686526114397],[73.3735139249774,16.98677313769659]]]},"id":"665"},{"type":"Feature","properties":{"id":"666","metrics:area":900,"metrics:perimeter":123.24555320336759},"geometry":{"type":"Polygon","coordinates":[[[73.31914539538207,16.98633187750253],[73.31914861532182,16.98597045151521],[73.3193364136344,16.985972000638295],[73.31942789825492,16.986243844666],[73.31914539538207,16.98633187750253]]]},"id":"666"},{"type":"Feature","properties":{"id":"667","metrics:area":900,"metrics:perimeter":150.8276253029822},"geometry":{"type":"Polygon","coordinates":[[[73.34036676948607,16.986505838170988],[73.3403715384559,16.985963693305965],[73.34046543862627,16.985964458111148],[73.34055457037071,16.986507367789805],[73.34036676948607,16.986505838170988]]]},"id":"667"},{"type":"Feature","properties":{"id":"668","metrics:area":24450,"metrics:perimeter":962.2728251955617},"geometry":{"type":"Polygon","coordinates":[[[73.36852696022831,16.987908012360446],[73.36843462069898,16.98772654291598],[73.36768340186116,16.987720525746795],[73.3676880927132,16.987178373476887],[73.36815838467045,16.987091775669033],[73.36787980531736,16.98672808435415],[73.36797839689835,16.986186684117268],[73.3686302389547,16.986824459219108],[73.37060374138163,16.98665952071937],[73.37050749816419,16.986929846304474],[73.37013188990372,16.98692684202274],[73.36956301136898,16.987554845892202],[73.36890725754569,16.987368867178063],[73.36871789049016,16.987548081127898],[73.3688094489464,16.987819909222495],[73.36852696022831,16.987908012360446]]]},"id":"668"},{"type":"Feature","properties":{"id":"669","metrics:area":1800,"metrics:perimeter":175.9524158061724},"geometry":{"type":"Polygon","coordinates":[[[73.38365693183357,16.986673122631448],[73.38347222353718,16.986310194995706],[73.38394173545537,16.98631391937605],[73.38403254211535,16.986676101943452],[73.38365693183357,16.986673122631448]]]},"id":"669"},{"type":"Feature","properties":{"id":"670","metrics:area":900,"metrics:perimeter":123.24555320336759},"geometry":{"type":"Polygon","coordinates":[[[73.37126651540383,16.986032263976],[73.37117495393109,16.98576043670994],[73.37145665852485,16.985762688394516],[73.37154822041623,16.986034515568928],[73.37126651540383,16.986032263976]]]},"id":"670"},{"type":"Feature","properties":{"id":"671","metrics:area":1500,"metrics:perimeter":170.8276253029822},"geometry":{"type":"Polygon","coordinates":[[[73.37061232519525,16.98566557331442],[73.37061388582656,16.985484855593572],[73.37117807411556,16.985399001166765],[73.37117573398436,16.985670077825404],[73.37061232519525,16.98566557331442]]]},"id":"671"},{"type":"Feature","properties":{"id":"672","metrics:area":6600,"metrics:perimeter":349.479708334296},"geometry":{"type":"Polygon","coordinates":[[[73.33042294540115,16.985340236666843],[73.329390852541,16.985241413860194],[73.32911235535515,16.984877676228294],[73.32939565266248,16.984699271964168],[73.33033304391454,16.984887682138496],[73.33042294540115,16.985340236666843]]]},"id":"672"},{"type":"Feature","properties":{"id":"673","metrics:area":8400,"metrics:perimeter":431.1635037834402},"geometry":{"type":"Polygon","coordinates":[[[73.34318695873968,16.98616733387369],[73.34309623238269,16.985805139894158],[73.34337793306169,16.985807430393358],[73.34319171950729,16.985625188213813],[73.34328958659198,16.98517416361056],[73.3437630519282,16.984726192087525],[73.3439476791719,16.98508914903615],[73.34375194765151,16.985991199058663],[73.34318695873968,16.98616733387369]]]},"id":"673"},{"type":"Feature","properties":{"id":"674","metrics:area":12750,"metrics:perimeter":648.2512088072822},"geometry":{"type":"Polygon","coordinates":[[[73.37258191855625,16.985952409135482],[73.3723972330815,16.98558947332],[73.37173992272433,16.985584221869367],[73.37174226203264,16.98531314513213],[73.37240035089192,16.98522803755036],[73.37286751985776,16.985502864097],[73.37305688109407,16.985323645737704],[73.37287375356733,16.98477999236871],[73.3736241838092,16.98487634840232],[73.37342781290381,16.985868798277686],[73.37258191855625,16.985952409135482]]]},"id":"674"},{"type":"Feature","properties":{"id":"675","metrics:area":1000,"metrics:perimeter":126.49110640673517},"geometry":{"type":"Polygon","coordinates":[[[73.32677048847377,16.984225915507462],[73.3266789936536,16.983954073875022],[73.32696149034203,16.98386602994129],[73.3270529855509,16.98413787148132],[73.32677048847377,16.984225915507462]]]},"id":"675"},{"type":"Feature","properties":{"id":"676","metrics:area":9250,"metrics:perimeter":487.8652725400698},"geometry":{"type":"Polygon","coordinates":[[[73.32375610168353,16.985285501532797],[73.32376011529615,16.984833717928854],[73.32423522667956,16.98420508230617],[73.32405224481028,16.983661397386836],[73.32433393955057,16.983663713924],[73.32452013148468,16.98384597160145],[73.32441339503563,16.98529090763685],[73.32375610168353,16.985285501532797]]]},"id":"676"},{"type":"Feature","properties":{"id":"677","metrics:area":2250,"metrics:perimeter":211.6227766016838},"geometry":{"type":"Polygon","coordinates":[[[73.32564611032313,16.983945589745964],[73.32489492281937,16.98393941618547],[73.32489732916379,16.983668345831372],[73.32555461726926,16.983673747756786],[73.32564611032313,16.983945589745964]]]},"id":"677"},{"type":"Feature","properties":{"id":"678","metrics:area":23800,"metrics:perimeter":824.5238167353009},"geometry":{"type":"Polygon","coordinates":[[[73.3823477195965,16.986030173925283],[73.38226001538163,16.985306553349147],[73.38132177263181,16.985208736843123],[73.38132564842682,16.98475694010676],[73.38179825563365,16.984399231613583],[73.3818029049697,16.983857075356344],[73.382272410397,16.983860803060598],[73.38217618519438,16.984131135788978],[73.38283194510186,16.98431707199333],[73.38282884744501,16.98467850966957],[73.38320290510552,16.984862209035295],[73.38319903377885,16.985314006187433],[73.38282420081758,16.9852206661589],[73.38263484813454,16.985399894405948],[73.38272332835497,16.986033155540788],[73.3823477195965,16.986030173925283]]]},"id":"678"},{"type":"Feature","properties":{"id":"679","metrics:area":2400,"metrics:perimeter":201.2899020449196},"geometry":{"type":"Polygon","coordinates":[[[73.32602010101654,16.984129389158436],[73.32574161220931,16.98376564759972],[73.32612041181407,16.98340730576183],[73.32630500253374,16.983770275643327],[73.32602010101654,16.984129389158436]]]},"id":"679"},{"type":"Feature","properties":{"id":"680","metrics:area":58450,"metrics:perimeter":1503.9283436071214},"geometry":{"type":"Polygon","coordinates":[[[73.32205868779498,16.986084800125987],[73.32168710921347,16.985629923616372],[73.3214150580961,16.984543323822955],[73.3211333624656,16.984541003135593],[73.32113014661391,16.984902429542753],[73.32047446428857,16.984716299829852],[73.32037895704521,16.98489623900185],[73.31972247107508,16.984800463474187],[73.31943916574376,16.98497885345683],[73.31954111158437,16.984076062568853],[73.32001221171024,16.983899220617527],[73.31973293099918,16.98362582844119],[73.3198300471059,16.98326517644169],[73.32170800485923,16.983280651224778],[73.32245356560294,16.983919333010157],[73.32301775845292,16.983833613485487],[73.32291984481674,16.984284624189982],[73.32263814935442,16.984282305616482],[73.32245276231059,16.984009689680047],[73.3220659198838,16.98527159039684],[73.32262770708263,16.9854569423295],[73.32262369060304,16.985908725643],[73.32205868779498,16.986084800125987]]]},"id":"680"},{"type":"Feature","properties":{"id":"681","metrics:area":9250,"metrics:perimeter":490.8739146973367},"geometry":{"type":"Polygon","coordinates":[[[73.32836596577519,16.98432937348446],[73.327334681436,16.98414018393445],[73.32771427987988,16.9836914820292],[73.32762358463242,16.983329283794824],[73.32809307592478,16.983333136175286],[73.32818297155697,16.983785691217935],[73.32902645797472,16.9839733365369],[73.32836596577519,16.98432937348446]]]},"id":"681"},{"type":"Feature","properties":{"id":"682","metrics:area":1400,"metrics:perimeter":155.95241580617238},"geometry":{"type":"Polygon","coordinates":[[[73.32527532809877,16.983400362491416],[73.32527933760278,16.982948578451687],[73.32565412770651,16.98304202152192],[73.3256525242691,16.983222735173424],[73.32527532809877,16.983400362491416]]]},"id":"682"},{"type":"Feature","properties":{"id":"683","metrics:area":1200,"metrics:perimeter":140},"geometry":{"type":"Polygon","coordinates":[[[73.32452574744272,16.98321347421275],[73.32452895645356,16.982852047115088],[73.32481065005497,16.982854362886528],[73.32480744158305,16.98321579003638],[73.32452574744272,16.98321347421275]]]},"id":"683"},{"type":"Feature","properties":{"id":"684","metrics:area":1650,"metrics:perimeter":194.8683298050514},"geometry":{"type":"Polygon","coordinates":[[[73.38236708609993,16.98377118906745],[73.38236863529218,16.9835904702563],[73.38209003127821,16.983226796348976],[73.38265188711924,16.98341198735299],[73.38264956375643,16.983683065611263],[73.38236708609993,16.98377118906745]]]},"id":"684"},{"type":"Feature","properties":{"id":"685","metrics:area":4050,"metrics:perimeter":251.95036913004506},"geometry":{"type":"Polygon","coordinates":[[[73.38349389912689,16.983780130579557],[73.38293281550088,16.983504582308015],[73.3832176150664,16.983145379666972],[73.38377947206664,16.98333056763608],[73.383776376415,16.983692005516893],[73.38349389912689,16.983780130579557]]]},"id":"685"},{"type":"Feature","properties":{"id":"686","metrics:area":1000,"metrics:perimeter":147.70329614269008},"geometry":{"type":"Polygon","coordinates":[[[73.32105795458429,16.98246202748585],[73.32058685892595,16.982638872285712],[73.32059007536336,16.98227744589947],[73.32105795458429,16.98246202748585]]]},"id":"686"},{"type":"Feature","properties":{"id":"687","metrics:area":8450,"metrics:perimeter":548.6476345902306},"geometry":{"type":"Polygon","coordinates":[[[73.32912995747216,16.982889822674913],[73.32885306416837,16.982345370997223],[73.32847587227941,16.98252300467864],[73.32876636788997,16.98153138817804],[73.32942205017984,16.981717490997717],[73.32932575296265,16.981987792312776],[73.32895096243946,16.981894356013502],[73.32913555764868,16.98225732373211],[73.32951114883066,16.982260402748693],[73.32941245169955,16.982801775090916],[73.32912995747216,16.982889822674913]]]},"id":"687"},{"type":"Feature","properties":{"id":"688","metrics:area":2000,"metrics:perimeter":174.0224255080033},"geometry":{"type":"Polygon","coordinates":[[[73.32895496276974,16.981442571055915],[73.32876956844487,16.981169960234965],[73.32886586590459,16.980899659195636],[73.32923985454428,16.981083452492193],[73.32923745482371,16.981354523518327],[73.32895496276974,16.981442571055915]]]},"id":"688"},{"type":"Feature","properties":{"id":"689","metrics:area":2300,"metrics:perimeter":202.0586815591588},"geometry":{"type":"Polygon","coordinates":[[[73.32014873683154,16.979111095783235],[73.31949146643848,16.97910567783688],[73.31958857983916,16.97874502563392],[73.32015114926456,16.978840025962292],[73.32014873683154,16.979111095783235]]]},"id":"689"},{"type":"Feature","properties":{"id":"690","metrics:area":124100,"metrics:perimeter":3143.822691666613},"geometry":{"type":"Polygon","coordinates":[[[73.32330507334547,16.983203434482242],[73.32199210910989,16.983011900984245],[73.32199692981288,16.98246976102776],[73.32265340964167,16.98256552862768],[73.32246882722312,16.98220255612322],[73.32265983449486,16.981842675068343],[73.32209805768117,16.981657324113854],[73.32229067143956,16.981116730028628],[73.3220089807958,16.98111441100477],[73.32191267368161,16.98138470791698],[73.32088061085196,16.98128584426285],[73.32078269411046,16.981736853711528],[73.32050100275985,16.981734532521894],[73.32031964203073,16.98101013209786],[73.32125941339473,16.980927511758843],[73.32117114282576,16.980294241848398],[73.3208902574255,16.980201564756392],[73.32098576139735,16.980021625011027],[73.32126745026235,16.980023945304044],[73.32135893568659,16.98029578860692],[73.32220400380379,16.980302746881332],[73.32221123265587,16.979489536631004],[73.3227746091974,16.979494173300974],[73.32296480986852,16.97922464830896],[73.32371437295595,16.97941154085924],[73.32381549060801,16.97859910205828],[73.32419107348764,16.978602190232202],[73.32427774969982,16.979416173355038],[73.32380104712936,16.980225523973747],[73.32323525989892,16.980491960161253],[73.32379783725129,16.980586951029263],[73.32398242105937,16.980949922470998],[73.32435961309714,16.980772297180064],[73.32482829524645,16.980866513323072],[73.32482348315716,16.981408654153263],[73.32538927144,16.981142213622306],[73.32557466056225,16.98141482708572],[73.32604494804333,16.98132832690459],[73.32613644101046,16.981600168695138],[73.32641813297609,16.98160248207998],[73.32660913235007,16.98124259658008],[73.32698472102702,16.981245680072984],[73.32679612559947,16.981334495307994],[73.32697911399785,16.981878178381475],[73.32669662038131,16.981966222620247],[73.3265987167696,16.982417236037374],[73.3262223244236,16.982504508485253],[73.325658937901,16.982499880547334],[73.32566615286147,16.98168666902899],[73.3251958643812,16.981773168238167],[73.32481706676319,16.982131508546672],[73.32425528642693,16.98194616328242],[73.32396958188365,16.98239563064489],[73.32349929120146,16.982482125705687],[73.32330507334547,16.983203434482242]]]},"id":"690"},{"type":"Feature","properties":{"id":"691","metrics:area":2500,"metrics:perimeter":232.00073993695264},"geometry":{"type":"Polygon","coordinates":[[[73.32137098961344,16.978940438740135],[73.32128111180819,16.978487882138865],[73.32194079042654,16.978222224038195],[73.32193918391769,16.978402937430307],[73.32137098961344,16.978940438740135]]]},"id":"691"},{"type":"Feature","properties":{"id":"692","metrics:area":3650,"metrics:perimeter":292.7512202507249},"geometry":{"type":"Polygon","coordinates":[[[73.32587398476734,16.979429290312474],[73.32559950998595,16.978613764727463],[73.32607219419995,16.978256193185672],[73.32606578384978,16.978979048265348],[73.32587398476734,16.979429290312474]]]},"id":"692"},{"type":"Feature","properties":{"id":"693","metrics:area":800,"metrics:perimeter":115.60623297836548},"geometry":{"type":"Polygon","coordinates":[[[73.37799412424914,16.979037428315014],[73.37799645362193,16.978766350559756],[73.37818502671779,16.97867748558224],[73.37827659609437,16.97894931045102],[73.37799412424914,16.979037428315014]]]},"id":"693"},{"type":"Feature","properties":{"id":"694","metrics:area":1200,"metrics:perimeter":159.89954074842814},"geometry":{"type":"Polygon","coordinates":[[[73.35575054613913,16.97768447154628],[73.35584680389641,16.977414154121675],[73.35631707396811,16.977327581934205],[73.35612692016204,16.977597142460752],[73.35575054613913,16.97768447154628]]]},"id":"694"},{"type":"Feature","properties":{"id":"695","metrics:area":1400,"metrics:perimeter":167.44338410251953},"geometry":{"type":"Polygon","coordinates":[[[73.35500094684338,16.977497694648367],[73.35500488374826,16.977045903516988],[73.35538125668533,16.976958575722836],[73.35518952745858,16.977408851770193],[73.35500094684338,16.977497694648367]]]},"id":"695"},{"type":"Feature","properties":{"id":"696","metrics:area":500,"metrics:perimeter":92.36067977499789},"geometry":{"type":"Polygon","coordinates":[[[73.34908862817002,16.977088440677115],[73.34909099875436,16.976817366799228],[73.34927879083175,16.97681888753816],[73.34927721062658,16.976999603474717],[73.34908862817002,16.977088440677115]]]},"id":"696"},{"type":"Feature","properties":{"id":"697","metrics:area":5050,"metrics:perimeter":354.05926172273314},"geometry":{"type":"Polygon","coordinates":[[[73.38598633039464,16.97783574945313],[73.38589706779895,16.977292848260337],[73.38552379415297,16.977018795163886],[73.38562078283827,16.976658100340533],[73.38645891121118,16.97747802767719],[73.38626802523551,16.97783797965748],[73.38598633039464,16.97783574945313]]]},"id":"697"},{"type":"Feature","properties":{"id":"698","metrics:area":900,"metrics:perimeter":123.24555320336759},"geometry":{"type":"Polygon","coordinates":[[[73.38308322569978,16.976909086303127],[73.38317944500245,16.976638752536417],[73.38346113766627,16.976640986465974],[73.38336491875346,16.976911320400077],[73.38308322569978,16.976909086303127]]]},"id":"698"},{"type":"Feature","properties":{"id":"699","metrics:area":950,"metrics:perimeter":128.9093456125003},"geometry":{"type":"Polygon","coordinates":[[[73.35444465578227,16.976679923725627],[73.35435312253527,16.97640809115335],[73.35472949436085,16.97632076447339],[73.35472791942114,16.9765014809162],[73.35444465578227,16.976679923725627]]]},"id":"699"},{"type":"Feature","properties":{"id":"700","metrics:area":1600,"metrics:perimeter":182.33345472033855},"geometry":{"type":"Polygon","coordinates":[[[73.34862468025487,16.97645213243268],[73.348533155718,16.976180297981262],[73.34918963555937,16.97627597938626],[73.34918805532249,16.97645669532428],[73.34862468025487,16.97645213243268]]]},"id":"700"},{"type":"Feature","properties":{"id":"701","metrics:area":8550,"metrics:perimeter":513.2881221339236},"geometry":{"type":"Polygon","coordinates":[[[73.34853394613859,16.976089940040158],[73.34787983962826,16.975723182865828],[73.34712788525074,16.97580745198066],[73.3471302584599,16.975536378337814],[73.34731963101268,16.975357184987946],[73.34750583971352,16.975539423031748],[73.34797689769675,16.975362512083876],[73.34909969052448,16.975823429182658],[73.34900342442748,16.97609374268812],[73.34853394613859,16.976089940040158]]]},"id":"701"},{"type":"Feature","properties":{"id":"702","metrics:area":950,"metrics:perimeter":135.2145126328583},"geometry":{"type":"Polygon","coordinates":[[[73.35726862078775,16.975889417487394],[73.3572717656648,16.975527984114198],[73.35755423910008,16.975439895331398],[73.35745719885391,16.97580057226438],[73.35726862078775,16.975889417487394]]]},"id":"702"},{"type":"Feature","properties":{"id":"703","metrics:area":600,"metrics:perimeter":103.24555320336759},"geometry":{"type":"Polygon","coordinates":[[[73.35783907007489,16.97508073101295],[73.35784064189775,16.97490001426185],[73.35812311417399,16.974811924580486],[73.35812154263009,16.974992641358845],[73.35783907007489,16.97508073101295]]]},"id":"703"},{"type":"Feature","properties":{"id":"704","metrics:area":10300,"metrics:perimeter":551.6870300712243},"geometry":{"type":"Polygon","coordinates":[[[73.35549010787322,16.975242526312364],[73.35558951233402,16.974610775773478],[73.35596509335168,16.97461380472733],[73.35559187322069,16.97433970094014],[73.35559659486391,16.97379755125093],[73.35662865196956,16.973896237118996],[73.35662550618234,16.974257670432895],[73.35624913910958,16.97434500106618],[73.35596115934194,16.97506559618488],[73.35549010787322,16.975242526312364]]]},"id":"704"},{"type":"Feature","properties":{"id":"705","metrics:area":15700,"metrics:perimeter":510.98193124704915},"geometry":{"type":"Polygon","coordinates":[[[73.35455115257253,16.97523495017297],[73.35427104132994,16.97505196006527],[73.35456453932395,16.973698860249158],[73.35540959220536,16.97370567831572],[73.35520920841273,16.975149895670125],[73.35455115257253,16.97523495017297]]]},"id":"705"},{"type":"Feature","properties":{"id":"706","metrics:area":700,"metrics:perimeter":107.96691275336337},"geometry":{"type":"Polygon","coordinates":[[[73.32705038547758,16.973836411121525],[73.32695889384968,16.973564569760317],[73.32714748109902,16.973475753615705],[73.32723897297582,16.97374759491474],[73.32705038547758,16.973836411121525]]]},"id":"706"},{"type":"Feature","properties":{"id":"707","metrics:area":2950,"metrics:perimeter":223.86339214800728},"geometry":{"type":"Polygon","coordinates":[[[73.32851520022024,16.956860055851195],[73.32833222462813,16.95631637463757],[73.32880324669767,16.95613950503237],[73.32898861994694,16.956412114291673],[73.32851520022024,16.956860055851195]]]},"id":"707"},{"type":"Feature","properties":{"id":"708","metrics:area":2950,"metrics:perimeter":212.33356769717778},"geometry":{"type":"Polygon","coordinates":[[[73.32739257677798,16.956399038917176],[73.32720880522031,16.955945714137453],[73.32749285751059,16.955676951198896],[73.32777291235193,16.955859973622243],[73.32777051430791,16.956131045113736],[73.32739257677798,16.956399038917176]]]},"id":"708"},{"type":"Feature","properties":{"id":"709","metrics:area":7000,"metrics:perimeter":451.17949105695254},"geometry":{"type":"Polygon","coordinates":[[[73.3280561645804,16.955681566993604],[73.32730588807905,16.95558505511003],[73.32730988576827,16.955133269370148],[73.32768622202407,16.95504598981234],[73.32805936132675,16.95532013826783],[73.32778250408715,16.954775687581087],[73.32843809470484,16.954961785723405],[73.3280561645804,16.955681566993604]]]},"id":"709"},{"type":"Feature","properties":{"id":"710","metrics:area":13050,"metrics:perimeter":669.0899675486008},"geometry":{"type":"Polygon","coordinates":[[[73.32964821000266,16.9561464229008],[73.32946363449975,16.95578345692941],[73.32965619434601,16.955242850365728],[73.32927905965533,16.955420490841444],[73.32919076558888,16.95478722156328],[73.32966417820008,16.954339277747128],[73.32994583003365,16.954341582666547],[73.33003253015498,16.955155566403278],[73.33059264453797,16.955521604253182],[73.3305902505871,16.955792676144977],[73.3299354526761,16.95551622722349],[73.32964821000266,16.9561464229008]]]},"id":"710"},{"type":"Feature","properties":{"id":"711","metrics:area":3450,"metrics:perimeter":243.41617149390282},"geometry":{"type":"Polygon","coordinates":[[[73.32862666197508,16.954872966348997],[73.32797266977838,16.954506154451114],[73.328163633978,16.954146263891083],[73.32872454026129,16.95442194910045],[73.32862666197508,16.954872966348997]]]},"id":"711"},{"type":"Feature","properties":{"id":"712","metrics:area":800,"metrics:perimeter":127.96691275336339},"geometry":{"type":"Polygon","coordinates":[[[73.32891390557626,16.954242772165355],[73.32891550299571,16.95406205769932],[73.32929263513046,16.95388441766335],[73.32919635573563,16.95415472086155],[73.32891390557626,16.954242772165355]]]},"id":"712"},{"type":"Feature","properties":{"id":"713","metrics:area":1000,"metrics:perimeter":126.49110640673517},"geometry":{"type":"Polygon","coordinates":[[[73.39482156084495,16.95477177726536],[73.39472997547965,16.954499958177784],[73.39501240388967,16.95441181312025],[73.39510398964181,16.954683632114204],[73.39482156084495,16.95477177726536]]]},"id":"713"},{"type":"Feature","properties":{"id":"714","metrics:area":600,"metrics:perimeter":103.24555320336759},"geometry":{"type":"Polygon","coordinates":[[[73.32920114709913,16.953612577370347],[73.32929742613693,16.9533422741311],[73.32948519299589,16.95334381103693],[73.32948359619257,16.953524525568366],[73.32920114709913,16.953612577370347]]]},"id":"714"},{"type":"Feature","properties":{"id":"715","metrics:area":1350,"metrics:perimeter":155.71155468592366},"geometry":{"type":"Polygon","coordinates":[[[73.32799025049893,16.95251829615052],[73.32818121229553,16.95215840532606],[73.3284628606672,16.9521607120039],[73.32846046416681,16.952431783689253],[73.32799025049893,16.95251829615052]]]},"id":"715"},{"type":"Feature","properties":{"id":"716","metrics:area":1550,"metrics:perimeter":158.8062486640328},"geometry":{"type":"Polygon","coordinates":[[[73.3314655179116,16.952366007146523],[73.33137402718779,16.952094167577773],[73.33175115334141,16.951916522412013],[73.33184184734706,16.952278719241836],[73.3314655179116,16.952366007146523]]]},"id":"716"},{"type":"Feature","properties":{"id":"717","metrics:area":2000,"metrics:perimeter":193.44059704059384},"geometry":{"type":"Polygon","coordinates":[[[73.32696073652767,16.952148405235977],[73.32705941615156,16.95160703172984],[73.32752802924318,16.951701235626036],[73.32724318411458,16.952060356422407],[73.32696073652767,16.952148405235977]]]},"id":"717"},{"type":"Feature","properties":{"id":"718","metrics:area":2600,"metrics:perimeter":220.52234878106367},"geometry":{"type":"Polygon","coordinates":[[[73.32875569028661,16.95089801681363],[73.32857271811447,16.95035433596237],[73.3291376064611,16.950178232818892],[73.32913521122485,16.950449304650448],[73.32875569028661,16.95089801681363]]]},"id":"718"},{"type":"Feature","properties":{"id":"719","metrics:area":16800,"metrics:perimeter":579.5156186410738},"geometry":{"type":"Polygon","coordinates":[[[73.32743814313251,16.95124868042574],[73.3276426894439,16.949352717494268],[73.3280182149418,16.949355793475565],[73.32839134433857,16.949629940516814],[73.32848203108401,16.949992138250487],[73.32838415553572,16.95044315572173],[73.32810171081829,16.95053120638959],[73.32828627942183,16.950894173085587],[73.328001436996,16.951253295203298],[73.32743814313251,16.95124868042574]]]},"id":"719"},{"type":"Feature","properties":{"id":"720","metrics:area":2250,"metrics:perimeter":228.48191962583275},"geometry":{"type":"Polygon","coordinates":[[[73.37272340907676,16.94772900392257],[73.37300738916124,16.947460170674276],[73.37366456732613,16.947465406625334],[73.37347447081667,16.947734988830504],[73.37272340907676,16.94772900392257]]]},"id":"720"},{"type":"Feature","properties":{"id":"721","metrics:area":65900,"metrics:perimeter":1106.4344312719745},"geometry":{"type":"Polygon","coordinates":[[[73.32895303671658,16.94981526678579],[73.32820677652644,16.94926697396445],[73.32830704779396,16.948544884752625],[73.32812487735886,16.94791084644437],[73.3285004000872,16.94791392128544],[73.32859667641311,16.947643618064266],[73.32832381983205,16.946647382225464],[73.32907964989165,16.946111386186796],[73.3296429289312,16.946115995081897],[73.33019105112085,16.947837392184187],[73.33018706213636,16.948289178912912],[73.32999850232665,16.94837800043101],[73.3300867981917,16.949011269714106],[73.32961100659601,16.949730287921525],[73.32895303671658,16.94981526678579]]]},"id":"721"},{"type":"Feature","properties":{"id":"722","metrics:area":750,"metrics:perimeter":111.6227766016838},"geometry":{"type":"Polygon","coordinates":[[[73.37602172016518,16.946309416405132],[73.37602404760327,16.946038338047927],[73.37621181164039,16.946039831354582],[73.37630336663122,16.94631165633836],[73.37602172016518,16.946309416405132]]]},"id":"722"},{"type":"Feature","properties":{"id":"723","metrics:area":43000,"metrics:perimeter":963.7435469460577},"geometry":{"type":"Polygon","coordinates":[[[73.33188170212131,16.947760848953823],[73.33132001201379,16.94757553099736],[73.33113783183886,16.94694149450911],[73.33085778568733,16.94675847743371],[73.33104953271348,16.946308225331997],[73.33078144833303,16.944769847275882],[73.33125084460092,16.944773683923966],[73.33171625642139,16.945229306711322],[73.33255957919131,16.945416923175046],[73.33264947634073,16.945869477206358],[73.33283803252405,16.945780652886267],[73.3326462902522,16.946230907114828],[73.33236465010677,16.94622860698783],[73.3322588188522,16.94758320197077],[73.33188170212131,16.947760848953823]]]},"id":"723"},{"type":"Feature","properties":{"id":"724","metrics:area":1800,"metrics:perimeter":171.2310562561766},"geometry":{"type":"Polygon","coordinates":[[[73.29407341165613,16.944647194911543],[73.29407667110807,16.944285772152377],[73.29445299469664,16.944198553242618],[73.29444892128998,16.94465033178219],[73.29407341165613,16.944647194911543]]]},"id":"724"},{"type":"Feature","properties":{"id":"725","metrics:area":1600,"metrics:perimeter":176.21232784634293},"geometry":{"type":"Polygon","coordinates":[[[73.29239748511685,16.943097024993847],[73.29240074745353,16.942735602496725],[73.29296400575141,16.942740311641913],[73.29286849864545,16.942920238186687],[73.29239748511685,16.943097024993847]]]},"id":"725"},{"type":"Feature","properties":{"id":"726","metrics:area":600,"metrics:perimeter":111.2310562561766},"geometry":{"type":"Polygon","coordinates":[[[73.36262790695785,16.94258784158319],[73.36262947101746,16.942407123822953],[73.36300420754294,16.942500493164577],[73.3630034256899,16.942590852061272],[73.36262790695785,16.94258784158319]]]},"id":"726"},{"type":"Feature","properties":{"id":"727","metrics:area":2600,"metrics:perimeter":208.95321891908839},"geometry":{"type":"Polygon","coordinates":[[[73.38988704620056,16.93882846804785],[73.38979624261317,16.93846628746563],[73.39036105326693,16.938290006634457],[73.39045185790548,16.938652187056622],[73.38988704620056,16.93882846804785]]]},"id":"727"},{"type":"Feature","properties":{"id":"728","metrics:area":750,"metrics:perimeter":115.2145126328583},"geometry":{"type":"Polygon","coordinates":[[[73.29239411368987,16.933066761198866],[73.29230187236699,16.932885265206757],[73.29267817325693,16.932798047495776],[73.29267654337764,16.932978758947673],[73.29239411368987,16.933066761198866]]]},"id":"728"},{"type":"Feature","properties":{"id":"729","metrics:area":6450,"metrics:perimeter":313.27048315916363},"geometry":{"type":"Polygon","coordinates":[[[73.29053300181477,16.93124394885343],[73.29034770855213,16.930971311215668],[73.29044565846853,16.930520318399708],[73.29110438122439,16.930345103352003],[73.29119172710207,16.931068733757083],[73.29053300181477,16.93124394885343]]]},"id":"729"},{"type":"Feature","properties":{"id":"730","metrics:area":700,"metrics:perimeter":112.36067977499789},"geometry":{"type":"Polygon","coordinates":[[[73.39221306175845,16.930261989699588],[73.39221536368433,16.929990908744156],[73.39240388051903,16.929902025480118],[73.39240081165198,16.93026346678906],[73.39221306175845,16.930261989699588]]]},"id":"730"},{"type":"Feature","properties":{"id":"731","metrics:area":1300,"metrics:perimeter":148.66848449225154},"geometry":{"type":"Polygon","coordinates":[[[73.37421321085179,16.92731824150056],[73.37412166560355,16.92704641614705],[73.3744048344504,16.926867937131906],[73.374494828811,16.927320481492554],[73.37421321085179,16.92731824150056]]]},"id":"731"},{"type":"Feature","properties":{"id":"732","metrics:area":1750,"metrics:perimeter":168.7048159266775},"geometry":{"type":"Polygon","coordinates":[[[73.39102263232917,16.926728333529482],[73.39093106245024,16.926456513645515],[73.39111957610555,16.926367631288052],[73.39149353303678,16.926551307282068],[73.3914919980661,16.926732027916263],[73.39102263232917,16.926728333529482]]]},"id":"732"},{"type":"Feature","properties":{"id":"733","metrics:area":5950,"metrics:perimeter":309.21155774840634},"geometry":{"type":"Polygon","coordinates":[[[73.3749765980086,16.925878460705825],[73.37451266696404,16.92524221162054],[73.37460808953287,16.925062238952833],[73.37517054370035,16.925157076482808],[73.37544905828287,16.925520753321294],[73.3754459579087,16.925882191750222],[73.3749765980086,16.925878460705825]]]},"id":"733"},{"type":"Feature","properties":{"id":"734","metrics:area":8550,"metrics:perimeter":510.9135468950107},"geometry":{"type":"Polygon","coordinates":[[[73.37554835525673,16.92488898207194],[73.37546068400827,16.92416535909426],[73.37611623270949,16.924351299487025],[73.37649868838466,16.923541045026518],[73.3766864301563,16.923542535976203],[73.37677642922417,16.923995079807035],[73.3765855890922,16.92435502758914],[73.37620932930982,16.92444240484659],[73.37611235910478,16.92480309772271],[73.37554835525673,16.92488898207194]]]},"id":"734"},{"type":"Feature","properties":{"id":"735","metrics:area":3350,"metrics:perimeter":269.57968537227674},"geometry":{"type":"Polygon","coordinates":[[[73.37405261741497,16.92415416393293],[73.37396262492953,16.923701619464467],[73.37368178826112,16.92360901965777],[73.3737779863932,16.923338687795162],[73.37443197919954,16.923705352371353],[73.37442965273519,16.923976431105057],[73.37405261741497,16.92415416393293]]]},"id":"735"},{"type":"Feature","properties":{"id":"736","metrics:area":650,"metrics:perimeter":103.98345637668169},"geometry":{"type":"Polygon","coordinates":[[[73.37372755418528,16.918277804982566],[73.37372910528212,16.91809708579029],[73.37391761685328,16.918008219211508],[73.37400915863965,16.918280044483872],[73.37372755418528,16.918277804982566]]]},"id":"736"},{"type":"Feature","properties":{"id":"737","metrics:area":1200,"metrics:perimeter":166.49110640673518},"geometry":{"type":"Polygon","coordinates":[[[73.3723226374138,16.91790516352994],[73.37176098307226,16.917719960570494],[73.37232574219519,16.917543725382075],[73.3723226374138,16.91790516352994]]]},"id":"737"},{"type":"Feature","properties":{"id":"738","metrics:area":850,"metrics:perimeter":122.8538328578604},"geometry":{"type":"Polygon","coordinates":[[[73.3756149881867,16.917118051767215],[73.37561653737126,16.916937332384613],[73.37599278209062,16.91684995489409],[73.37589659118265,16.91712028852124],[73.3756149881867,16.917118051767215]]]},"id":"738"},{"type":"Feature","properties":{"id":"739","metrics:area":1700,"metrics:perimeter":173.84402799378825},"geometry":{"type":"Polygon","coordinates":[[[73.37439625937932,16.916927635416762],[73.37449322734687,16.91656694302284],[73.37496256407049,16.916570673187177],[73.37486637191626,16.91684100622185],[73.37439625937932,16.916927635416762]]]},"id":"739"},{"type":"Feature","properties":{"id":"740","metrics:area":900,"metrics:perimeter":123.24555320336759},"geometry":{"type":"Polygon","coordinates":[[[73.37345913577043,16.91673945206868],[73.37346223815791,16.91637801367489],[73.37364997254953,16.91637950679984],[73.37374151337141,16.916651332132318],[73.37345913577043,16.91673945206868]]]},"id":"740"},{"type":"Feature","properties":{"id":"741","metrics:area":600,"metrics:perimeter":100},"geometry":{"type":"Polygon","coordinates":[[[73.37233816055841,16.916097972657514],[73.37233971276804,16.91591725355197],[73.37262131352051,16.915919494661026],[73.37261976157913,16.916100213791907],[73.37233816055841,16.916097972657514]]]},"id":"741"}]}