{"type":"FeatureCollection","features":[{"type":"Feature","properties":{"id":"1","metrics:area":900,"metrics:perimeter":123.59173603117449},"geometry":{"type":"Polygon","coordinates":[[[73.57326101293472,16.212577921650304],[73.5732629642441,16.212306799230884],[73.57363645630043,16.212399686841827],[73.57354162005069,16.212579806836956],[73.57326101293472,16.212577921650304]]]},"id":"1"},{"type":"Feature","properties":{"id":"2","metrics:area":500,"metrics:perimeter":100.6449510224598},"geometry":{"type":"Polygon","coordinates":[[[73.63593333042692,16.212628241016112],[73.63593519604358,16.212357111332405],[73.63612289403383,16.212267936375287],[73.63612165047165,16.21244868951425],[73.63593333042692,16.212628241016112]]]},"id":"2"},{"type":"Feature","properties":{"id":"3","metrics:area":1300,"metrics:perimeter":147.96691275336337},"geometry":{"type":"Polygon","coordinates":[[[73.65651428577229,16.212397924068117],[73.65642258442858,16.21212620026771],[73.65670381319806,16.212037598189063],[73.6568884414809,16.212400290882332],[73.65651428577229,16.212397924068117]]]},"id":"3"},{"type":"Feature","properties":{"id":"4","metrics:area":550,"metrics:perimeter":96.34413615167958},"geometry":{"type":"Polygon","coordinates":[[[73.65595672871675,16.211852108720894],[73.65586441559606,16.211670762058624],[73.65614564389274,16.21158216068585],[73.65614441863836,16.21176291533789],[73.65595672871675,16.211852108720894]]]},"id":"4"},{"type":"Feature","properties":{"id":"5","metrics:area":6050,"metrics:perimeter":435.62868078492585},"geometry":{"type":"Polygon","coordinates":[[[73.71161289757578,16.21219706757732],[73.71152288105478,16.21165422398996],[73.71114754339153,16.211832712184744],[73.7111510687049,16.211290436192083],[73.7115275800196,16.21093118920748],[73.71171466063207,16.210932324140238],[73.71180526475798,16.211384788339817],[73.71161583435531,16.211745170851184],[73.7119894099661,16.211837819867412],[73.71161289757578,16.21219706757732]]]},"id":"5"},{"type":"Feature","properties":{"id":"6","metrics:area":1700,"metrics:perimeter":178.32825753088923},"geometry":{"type":"Polygon","coordinates":[[[73.63491623401987,16.210904475039598],[73.63510641966514,16.210453794718703],[73.63547994638364,16.210546575526212],[73.6354787023747,16.210727328645838],[73.63491623401987,16.210904475039598]]]},"id":"6"},{"type":"Feature","properties":{"id":"7","metrics:area":2550,"metrics:perimeter":205.03065686686216},"geometry":{"type":"Polygon","coordinates":[[[73.65849144653185,16.210512416781896],[73.65821266713186,16.210239511809828],[73.65868280264104,16.209880956366522],[73.65886682166143,16.210334024970454],[73.65849144653185,16.210512416781896]]]},"id":"7"},{"type":"Feature","properties":{"id":"8","metrics:area":800,"metrics:perimeter":115.60623297836548},"geometry":{"type":"Polygon","coordinates":[[[73.63052996956797,16.209430149081225],[73.630625378567,16.209159623020575],[73.63090536371007,16.209251808445405],[73.63081057911344,16.20943195826258],[73.63052996956797,16.209430149081225]]]},"id":"8"},{"type":"Feature","properties":{"id":"9","metrics:area":3400,"metrics:perimeter":236.38014662890984},"geometry":{"type":"Polygon","coordinates":[[[73.7280894897917,16.21021757360688],[73.72799942809065,16.209674733736566],[73.728468288876,16.20949677435377],[73.72855777227095,16.21012999408161],[73.7280894897917,16.21021757360688]]]},"id":"9"},{"type":"Feature","properties":{"id":"10","metrics:area":600,"metrics:perimeter":115.95241580617241},"geometry":{"type":"Polygon","coordinates":[[[73.68787097495725,16.209430614483814],[73.68749801662757,16.209247545662972],[73.68787276917851,16.209159478944756],[73.68787097495725,16.209430614483814]]]},"id":"10"},{"type":"Feature","properties":{"id":"11","metrics:area":15050,"metrics:perimeter":766.8163541464354},"geometry":{"type":"Polygon","coordinates":[[[73.65708776322498,16.210593926795426],[73.65747109494313,16.209240631492506],[73.6567191216616,16.209778164349324],[73.656816944992,16.209146114343557],[73.65709755720093,16.209147888770218],[73.65719293074379,16.20887734800076],[73.65737816944477,16.209149662826388],[73.65822000638566,16.209154982771963],[73.65831048610136,16.2096074608015],[73.65802987310215,16.209605687928228],[73.6580268146246,16.210057574986706],[73.65736837751386,16.210595701018313],[73.65708776322498,16.210593926795426]]]},"id":"11"},{"type":"Feature","properties":{"id":"12","metrics:area":196500,"metrics:perimeter":2749.2098821217933},"geometry":{"type":"Polygon","coordinates":[[[73.69364239269274,16.2137141625591],[73.69355004305244,16.213532829694543],[73.69242814914837,16.213435541917093],[73.69224285632168,16.21316325391226],[73.6915892650012,16.212978463131805],[73.69140516694812,16.212525417273092],[73.69009799175161,16.212155829029335],[73.68944978319549,16.21115762506002],[73.68963925171415,16.210797265202032],[73.68936341297392,16.210072505131343],[73.68945934154398,16.209711568086927],[73.68908458841442,16.20979963757611],[73.68889990102996,16.209436968600002],[73.6904942385198,16.20881412853293],[73.69096193117123,16.208817011502987],[73.69133489239977,16.209000074421997],[73.69142485232464,16.209542922587907],[73.69105010012044,16.20963099563511],[73.69076709626144,16.20999078046377],[73.69123419516878,16.210084041665144],[73.69151123389489,16.210628042541614],[73.69216720221921,16.210451318398942],[73.69225835707265,16.210813409038497],[73.69300548184061,16.21099877300545],[73.69300786501154,16.210637258260224],[73.69356969745718,16.210550332728815],[73.69366621428264,16.210099014539328],[73.69413450580804,16.210011512013946],[73.69469098115299,16.210737992093417],[73.6945015215305,16.211098357138734],[73.69525102919388,16.21092219837901],[73.69543751389767,16.211013726419687],[73.69515629986194,16.211102381208228],[73.69524746048293,16.211464470964323],[73.69571694400852,16.211196207586376],[73.69580810570237,16.211558297176634],[73.69552570164237,16.211827709946498],[73.69496624572656,16.211553125444496],[73.69496208113767,16.21218577668171],[73.69542978257803,16.212188650396108],[73.69514380772674,16.213000335028493],[73.69477024014972,16.212907656791735],[73.69467312879684,16.21344935417557],[73.69364239269274,16.2137141625591]]]},"id":"12"},{"type":"Feature","properties":{"id":"13","metrics:area":700,"metrics:perimeter":112.36067977499789},"geometry":{"type":"Polygon","coordinates":[[[73.65700585618181,16.208876165193995],[73.65700769253463,16.208605033045046],[73.65719537886564,16.208515838439467],[73.65719293074379,16.20887734800076],[73.65700585618181,16.208876165193995]]]},"id":"13"},{"type":"Feature","properties":{"id":"14","metrics:area":900,"metrics:perimeter":146.0555127546399},"geometry":{"type":"Polygon","coordinates":[[[73.71294065861973,16.209403247258965],[73.71266238682946,16.209040028949946],[73.71294417847278,16.208860970758746],[73.71294065861973,16.209403247258965]]]},"id":"14"},{"type":"Feature","properties":{"id":"15","metrics:area":16950,"metrics:perimeter":957.1310607397528},"geometry":{"type":"Polygon","coordinates":[[[73.62014115187765,16.210266708765662],[73.61939789448648,16.209538837993936],[73.62005264743652,16.209543093180436],[73.6202441219831,16.208911676628155],[73.62005830818937,16.208729709302638],[73.61949646445133,16.208816438284366],[73.61931253933646,16.208363342472744],[73.61968856893348,16.208094646293667],[73.6206220376229,16.208371850755327],[73.62090453014808,16.20810254482978],[73.62127615867213,16.208466477910427],[73.62080848027057,16.208463441586993],[73.62052598707055,16.20873274732605],[73.62061512186807,16.20936598686762],[73.62005076044716,16.20981422112545],[73.62023720409086,16.209905812531183],[73.62014115187765,16.210266708765662]]]},"id":"15"},{"type":"Feature","properties":{"id":"16","metrics:area":1850,"metrics:perimeter":175.71155468592366},"geometry":{"type":"Polygon","coordinates":[[[73.68824871722562,16.2088906544812],[73.68815816835199,16.20843818412866],[73.68862585967815,16.20844107217669],[73.68862406657034,16.20871220781613],[73.68824871722562,16.2088906544812]]]},"id":"16"},{"type":"Feature","properties":{"id":"17","metrics:area":1000,"metrics:perimeter":131.2310562561766},"geometry":{"type":"Polygon","coordinates":[[[73.61875258508645,16.208178941708375],[73.61875447364966,16.207907813870595],[73.61912798564312,16.208000622509118],[73.61912672693778,16.208181374428758],[73.61875258508645,16.208178941708375]]]},"id":"17"},{"type":"Feature","properties":{"id":"18","metrics:area":650,"metrics:perimeter":103.98345637668169},"geometry":{"type":"Polygon","coordinates":[[[73.72557260919085,16.208846735549237],[73.7254808120952,16.208575034681395],[73.72576143122275,16.208576718346876],[73.72576026965696,16.208757478097407],[73.72557260919085,16.208846735549237]]]},"id":"18"},{"type":"Feature","properties":{"id":"19","metrics:area":2000,"metrics:perimeter":181.13821708216153},"geometry":{"type":"Polygon","coordinates":[[[73.63222048502294,16.208446857653726],[73.63194112375476,16.208264297550954],[73.63203715365242,16.20790339418428],[73.63250358643664,16.208087158626213],[73.63222048502294,16.208446857653726]]]},"id":"19"},{"type":"Feature","properties":{"id":"20","metrics:area":1500,"metrics:perimeter":163.2455532033676},"geometry":{"type":"Polygon","coordinates":[[[73.62024978171807,16.208098292636244],[73.6203452035749,16.20782777219369],[73.62081288038597,16.207830809421267],[73.62071745914815,16.20810133012315],[73.62024978171807,16.208098292636244]]]},"id":"20"},{"type":"Feature","properties":{"id":"21","metrics:area":1550,"metrics:perimeter":177.04570789056774},"geometry":{"type":"Polygon","coordinates":[[[73.72445071281892,16.20874961772954],[73.72426537771781,16.208477354692462],[73.7249201551003,16.20848128639211],[73.72491899277497,16.208662046084875],[73.72445071281892,16.20874961772954]]]},"id":"21"},{"type":"Feature","properties":{"id":"22","metrics:area":4000,"metrics:perimeter":331.39383260480713},"geometry":{"type":"Polygon","coordinates":[[[73.72790820712231,16.209312653728777],[73.72809760635441,16.208952254310866],[73.72856646530981,16.208774294571437],[73.72847524357597,16.208412214733084],[73.72884824381079,16.208595214213165],[73.728563567722,16.209226194427867],[73.72790820712231,16.209312653728777]]]},"id":"22"},{"type":"Feature","properties":{"id":"23","metrics:area":2200,"metrics:perimeter":237.88289044567352},"geometry":{"type":"Polygon","coordinates":[[[73.6383003406226,16.208485922949528],[73.63830282311869,16.208124416204928],[73.63811885418887,16.207671333403905],[73.63858405221565,16.208035838279073],[73.63858094974437,16.20848772176462],[73.6383003406226,16.208485922949528]]]},"id":"23"},{"type":"Feature","properties":{"id":"24","metrics:area":1400,"metrics:perimeter":158.32825753088923},"geometry":{"type":"Polygon","coordinates":[[[73.71360364475532,16.208141901879582],[73.71351186471394,16.20787019702083],[73.71398073165574,16.20769227022479],[73.71388484813589,16.208053221731017],[73.71360364475532,16.208141901879582]]]},"id":"24"},{"type":"Feature","properties":{"id":"25","metrics:area":1600,"metrics:perimeter":162.4621125123532},"geometry":{"type":"Polygon","coordinates":[[[73.71061098429226,16.2080333735055],[73.71051979618348,16.207671288307942],[73.71098748986853,16.20767412699531],[73.71098572741977,16.207945265069824],[73.71061098429226,16.2080333735055]]]},"id":"25"},{"type":"Feature","properties":{"id":"26","metrics:area":6350,"metrics:perimeter":437.0951843255022},"geometry":{"type":"Polygon","coordinates":[[[73.6183841104143,16.207363124923344],[73.61829246445515,16.207091388702324],[73.61875950964262,16.20718480626836],[73.61904263200907,16.20682512688951],[73.61997735157186,16.20692158168788],[73.61988192976536,16.207192101982407],[73.61941425464443,16.20718906282181],[73.61931946116904,16.207369206814395],[73.6183841104143,16.207363124923344]]]},"id":"26"},{"type":"Feature","properties":{"id":"27","metrics:area":4050,"metrics:perimeter":344.29918412864305},"geometry":{"type":"Polygon","coordinates":[[[73.70593227446673,16.208276068944027],[73.70537163153334,16.208182269763967],[73.70528222335503,16.20754904554406],[73.70584463390476,16.207371707302308],[73.70603053128333,16.207553605364886],[73.70565578738548,16.207641704953087],[73.70565401765171,16.207912842456256],[73.70593227446673,16.208276068944027]]]},"id":"27"},{"type":"Feature","properties":{"id":"28","metrics:area":4900,"metrics:perimeter":353.1610800233207},"geometry":{"type":"Polygon","coordinates":[[[73.63643458579422,16.207750908443597],[73.63634291431484,16.207479178107015],[73.63671892153405,16.207210449843654],[73.63681680595276,16.206578413646074],[73.63700387678168,16.206579614066417],[73.63699642275098,16.2076641338316],[73.63643458579422,16.207750908443597]]]},"id":"28"},{"type":"Feature","properties":{"id":"29","metrics:area":4650,"metrics:perimeter":295.78454177346185},"geometry":{"type":"Polygon","coordinates":[[[73.60482411277225,16.206912973318737],[73.60492146167924,16.206371335090434],[73.60576390368102,16.206286486531948],[73.605761362179,16.206647988372172],[73.60482411277225,16.206912973318737]]]},"id":"29"},{"type":"Feature","properties":{"id":"30","metrics:area":3450,"metrics:perimeter":228.48191962583275},"geometry":{"type":"Polygon","coordinates":[[[73.72417881583905,16.20739223495034],[73.72389994329455,16.20711940984947],[73.72408876566554,16.206849394136942],[73.72455645990632,16.206852202814368],[73.7245529722615,16.20739448188915],[73.72417881583905,16.20739223495034]]]},"id":"30"},{"type":"Feature","properties":{"id":"31","metrics:area":7500,"metrics:perimeter":448.33893064853453},"geometry":{"type":"Polygon","coordinates":[[[73.6161392702317,16.20734851159233],[73.61642302785879,16.20689846023294],[73.61652223689855,16.206085686591553],[73.61670930566525,16.20608690484516],[73.61679968835617,16.206539393339668],[73.61736089605387,16.20654304697316],[73.61688881071501,16.20717263357448],[73.6161392702317,16.20734851159233]]]},"id":"31"},{"type":"Feature","properties":{"id":"32","metrics:area":1300,"metrics:perimeter":175.0643123566165},"geometry":{"type":"Polygon","coordinates":[[[73.71248587065644,16.20741206563762],[73.71230114075698,16.207049413983622],[73.71239702647837,16.206688463332235],[73.71258292972105,16.206870356058577],[73.71248587065644,16.20741206563762]]]},"id":"32"},{"type":"Feature","properties":{"id":"33","metrics:area":900,"metrics:perimeter":120},"geometry":{"type":"Polygon","coordinates":[[[73.7219367908874,16.206926840721426],[73.72193853824957,16.206655701453176],[73.72221915427289,16.206657389603567],[73.72221740729412,16.206928528901567],[73.7219367908874,16.206926840721426]]]},"id":"33"},{"type":"Feature","properties":{"id":"34","metrics:area":3450,"metrics:perimeter":241.72281628083903},"geometry":{"type":"Polygon","coordinates":[[[73.59061079902901,16.20627686771929],[73.59052047711623,16.20582437275763],[73.5908971784699,16.205465355288567],[73.59117392572534,16.20600946578133],[73.59061079902901,16.20627686771929]]]},"id":"34"},{"type":"Feature","properties":{"id":"35","metrics:area":2200,"metrics:perimeter":191.9126858219925},"geometry":{"type":"Polygon","coordinates":[[[73.71108749017353,16.20668052157203],[73.7109968890293,16.206228057144735],[73.71146516660234,16.206140515147254],[73.71155694315283,16.20641222067348],[73.71108749017353,16.20668052157203]]]},"id":"35"},{"type":"Feature","properties":{"id":"36","metrics:area":600,"metrics:perimeter":106.70046377709969},"geometry":{"type":"Polygon","coordinates":[[[73.69630967659798,16.206409576142324],[73.69621732730658,16.20622824438708],[73.69649912791115,16.206049208761172],[73.69649793987047,16.20622996646569],[73.69630967659798,16.206409576142324]]]},"id":"36"},{"type":"Feature","properties":{"id":"37","metrics:area":2900,"metrics:perimeter":246.00464672459503},"geometry":{"type":"Polygon","coordinates":[[[73.6174569508583,16.206182152125916],[73.61671056640185,16.205906153075],[73.6172749227806,16.20545792725862],[73.6174569508583,16.206182152125916]]]},"id":"37"},{"type":"Feature","properties":{"id":"38","metrics:area":1800,"metrics:perimeter":204.86254698531658},"geometry":{"type":"Polygon","coordinates":[[[73.63981304039378,16.206145716818632],[73.63916015364731,16.20587039317938],[73.6391620140331,16.205599262958245],[73.63972136472684,16.20587398760399],[73.63981304039378,16.206145716818632]]]},"id":"38"},{"type":"Feature","properties":{"id":"39","metrics:area":1650,"metrics:perimeter":166.94261094210026},"geometry":{"type":"Polygon","coordinates":[[[73.61007027442113,16.205772429141795],[73.61016697505613,16.205321162930066],[73.6105404770002,16.205413986005183],[73.61035087636485,16.20577426494707],[73.61007027442113,16.205772429141795]]]},"id":"39"},{"type":"Feature","properties":{"id":"40","metrics:area":2750,"metrics:perimeter":236.76619087329465},"geometry":{"type":"Polygon","coordinates":[[[73.59996607660084,16.20606759444339],[73.59997118047123,16.20534459250465],[73.60025305627015,16.205165691085696],[73.60034212494547,16.20579893417292],[73.59996607660084,16.20606759444339]]]},"id":"40"},{"type":"Feature","properties":{"id":"41","metrics:area":2800,"metrics:perimeter":222.8010988928052},"geometry":{"type":"Polygon","coordinates":[[[73.61371873422613,16.205705889948238],[73.61372189277195,16.205254011074157],[73.61437663000237,16.205258282658185],[73.61437473578123,16.20552941006029],[73.61371873422613,16.205705889948238]]]},"id":"41"},{"type":"Feature","properties":{"id":"42","metrics:area":2650,"metrics:perimeter":257.33044231740456},"geometry":{"type":"Polygon","coordinates":[[[73.62802949654696,16.205798797665874],[73.62793783756902,16.205527064604865],[73.62756307392789,16.20561502408969],[73.62747141567004,16.205343290878496],[73.62821969149073,16.205348124128506],[73.6283107257333,16.205710233426096],[73.62802949654696,16.205798797665874]]]},"id":"42"},{"type":"Feature","properties":{"id":"43","metrics:area":900,"metrics:perimeter":134.3397840021018},"geometry":{"type":"Polygon","coordinates":[[[73.67217952111085,16.205898588578453],[73.67199426372358,16.205626285290517],[73.671995474046,16.20544552936147],[73.67236780403054,16.205719001862327],[73.67217952111085,16.205898588578453]]]},"id":"43"},{"type":"Feature","properties":{"id":"44","metrics:area":6000,"metrics:perimeter":366.3641605573848},"geometry":{"type":"Polygon","coordinates":[[[73.67301711629915,16.206536494817055],[73.67292599859383,16.206174398516858],[73.67320781770844,16.20599539534287],[73.67302437284134,16.20545195883689],[73.6736791268617,16.205456047728383],[73.67348600931484,16.206358659842408],[73.67301711629915,16.206536494817055]]]},"id":"44"},{"type":"Feature","properties":{"id":"45","metrics:area":900,"metrics:perimeter":121.66174573300538},"geometry":{"type":"Polygon","coordinates":[[[73.64047274402819,16.2054268939133],[73.6403810676858,16.20515516492204],[73.64066229175855,16.205066583827882],[73.64075458785014,16.205247935922046],[73.64047274402819,16.2054268939133]]]},"id":"45"},{"type":"Feature","properties":{"id":"46","metrics:area":1500,"metrics:perimeter":162.00792856081227},"geometry":{"type":"Polygon","coordinates":[[[73.70622822133079,16.20592791936466],[73.70623057961703,16.20556640254245],[73.70651237122786,16.2053873528923],[73.70660355115724,16.2057494392806],[73.70622822133079,16.20592791936466]]]},"id":"46"},{"type":"Feature","properties":{"id":"47","metrics:area":76550,"metrics:perimeter":1814.2688817631724},"geometry":{"type":"Polygon","coordinates":[[[73.72631860582206,16.209212743817783],[73.72631976691336,16.209031984035587],[73.72585148645341,16.209119558748295],[73.7260414697302,16.208668781527386],[73.72585613240516,16.20839651972608],[73.72623261317317,16.20803724426325],[73.72520309812897,16.208121451354167],[73.72511304493918,16.207578610787284],[73.72539772889034,16.206947635717885],[73.72483940100669,16.206492368088323],[73.72484172545944,16.20613084863718],[73.72521529866214,16.20622347411583],[73.7254988184441,16.205773258451515],[73.72596767155764,16.205595304028172],[73.72671597820515,16.205599790462912],[73.72708955155396,16.20569241264023],[73.7275537644361,16.206237494286427],[73.72783438048343,16.20623917497809],[73.72783727916915,16.205787275123246],[73.7283072896204,16.20542855540666],[73.72811557618053,16.20615047532004],[73.72858384890839,16.206062895019187],[73.72830149443396,16.206332355292687],[73.72839329468496,16.206604055198707],[73.72745790606467,16.20659845379059],[73.7274544264099,16.207140733492515],[73.72670263190146,16.20767852875974],[73.72688680935794,16.208131549715834],[73.72660386919809,16.208491387214117],[73.72707040740471,16.208674950475203],[73.7267868863777,16.209125168076618],[73.72631860582206,16.209212743817783]]]},"id":"47"},{"type":"Feature","properties":{"id":"48","metrics:area":2500,"metrics:perimeter":200.53212221418408},"geometry":{"type":"Polygon","coordinates":[[[73.5832300635092,16.205052843649437],[73.58304493538914,16.204780472229434],[73.5830468723368,16.204509348455627],[73.58360677538317,16.204693840017214],[73.58351066119671,16.205054714820818],[73.5832300635092,16.205052843649437]]]},"id":"48"},{"type":"Feature","properties":{"id":"49","metrics:area":900,"metrics:perimeter":152.13591931880694},"geometry":{"type":"Polygon","coordinates":[[[73.62850154492116,16.205169183236023],[73.62850279483762,16.204988430550667],[73.62831697624657,16.204806470086044],[73.62878339786035,16.204990241927447],[73.62878214819942,16.205170994634084],[73.62850154492116,16.205169183236023]]]},"id":"49"},{"type":"Feature","properties":{"id":"50","metrics:area":2400,"metrics:perimeter":213.3834581899916},"geometry":{"type":"Polygon","coordinates":[[[73.61026240864315,16.205050647914106],[73.6101714082084,16.204688533433643],[73.61035974156125,16.204509005870207],[73.61091967608222,16.204693427417077],[73.61026240864315,16.205050647914106]]]},"id":"50"},{"type":"Feature","properties":{"id":"51","metrics:area":1550,"metrics:perimeter":161.52993742766873},"geometry":{"type":"Polygon","coordinates":[[[73.60016207444063,16.204803573745284],[73.59997692201607,16.20453121526298],[73.60044586242725,16.204353546176854],[73.60044331155405,16.204715047259818],[73.60016207444063,16.204803573745284]]]},"id":"51"},{"type":"Feature","properties":{"id":"52","metrics:area":900,"metrics:perimeter":120},"geometry":{"type":"Polygon","coordinates":[[[73.63832516275144,16.204870854934086],[73.63832702415742,16.204599724781914],[73.63860762778457,16.20460152314271],[73.6386057667619,16.20487265332657],[73.63832516275144,16.204870854934086]]]},"id":"52"},{"type":"Feature","properties":{"id":"53","metrics:area":2400,"metrics:perimeter":200.759920853119},"geometry":{"type":"Polygon","coordinates":[[[73.70482810659426,16.205467473899873],[73.7047363398273,16.205195766141692],[73.70520579664071,16.20492747961397],[73.70529579402911,16.20547032474053],[73.70482810659426,16.205467473899873]]]},"id":"53"},{"type":"Feature","properties":{"id":"54","metrics:area":3800,"metrics:perimeter":263.48396928124106},"geometry":{"type":"Polygon","coordinates":[[[73.61933393253236,16.205290559219268],[73.61887003807213,16.204745263342897],[73.61887255537164,16.204383759423006],[73.61933896555553,16.204567551261952],[73.6195222588813,16.20511102294045],[73.61933393253236,16.205290559219268]]]},"id":"54"},{"type":"Feature","properties":{"id":"55","metrics:area":1200,"metrics:perimeter":149.4427190999916},"geometry":{"type":"Polygon","coordinates":[[[73.62682105459493,16.204706425669894],[73.62701062533797,16.204346129593183],[73.62729122727613,16.204347942870704],[73.62710165702033,16.20470823923694],[73.62682105459493,16.204706425669894]]]},"id":"55"},{"type":"Feature","properties":{"id":"56","metrics:area":800,"metrics:perimeter":128.2842712474619},"geometry":{"type":"Polygon","coordinates":[[[73.72830786911885,16.205338175413722],[73.72830960759214,16.20506703543018],[73.72849784269805,16.20488739518222],[73.7284949456869,16.20533929519161],[73.72830786911885,16.205338175413722]]]},"id":"56"},{"type":"Feature","properties":{"id":"57","metrics:area":2850,"metrics:perimeter":210.19924765741987},"geometry":{"type":"Polygon","coordinates":[[[73.61157314536518,16.204878458888626],[73.61138860910533,16.20451573343409],[73.61176527309172,16.20415667574902],[73.61195044226275,16.204429025200387],[73.6118543787567,16.20478991690221],[73.61157314536518,16.204878458888626]]]},"id":"57"},{"type":"Feature","properties":{"id":"58","metrics:area":550,"metrics:perimeter":112.26772762414359},"geometry":{"type":"Polygon","coordinates":[[[73.6542285651919,16.20461067041926],[73.6540427214826,16.204428730688303],[73.65395041308865,16.204247383463414],[73.65423040483076,16.204339538471853],[73.6542285651919,16.20461067041926]]]},"id":"58"},{"type":"Feature","properties":{"id":"59","metrics:area":2050,"metrics:perimeter":190.6701987234509},"geometry":{"type":"Polygon","coordinates":[[[73.60110123038667,16.204267483139574],[73.60138501547756,16.203817454066822],[73.6017572350478,16.2040910427096],[73.60166242790245,16.204271177736576],[73.60110123038667,16.204267483139574]]]},"id":"59"},{"type":"Feature","properties":{"id":"60","metrics:area":1900,"metrics:perimeter":183.90287378253123},"geometry":{"type":"Polygon","coordinates":[[[73.72709361191933,16.205059752989154],[73.72700297418002,16.20460729275533],[73.72737828554095,16.20442877441104],[73.72747008381425,16.20470047461048],[73.72709361191933,16.205059752989154]]]},"id":"60"},{"type":"Feature","properties":{"id":"61","metrics:area":3150,"metrics:perimeter":219.44773603061452},"geometry":{"type":"Polygon","coordinates":[[[73.61662774844139,16.20436915386257],[73.6163484086623,16.204186574729327],[73.61653862744215,16.20373591351859],[73.61700440341257,16.204010086122075],[73.61700251293666,16.20428121385819],[73.61662774844139,16.20436915386257]]]},"id":"61"},{"type":"Feature","properties":{"id":"62","metrics:area":4300,"metrics:perimeter":264.45634949876955},"geometry":{"type":"Polygon","coordinates":[[[73.7046451635461,16.204833679199236],[73.70455516811386,16.20429083391561],[73.70511697967827,16.204203876102067],[73.70529992384158,16.204837670500126],[73.7046451635461,16.204833679199236]]]},"id":"62"},{"type":"Feature","properties":{"id":"63","metrics:area":1000,"metrics:perimeter":131.2310562561766},"geometry":{"type":"Polygon","coordinates":[[[73.72625525159509,16.20451242767069],[73.72625641238895,16.204331667813126],[73.72663114356314,16.20424353073824],[73.72662940288897,16.204514670565292],[73.72625525159509,16.20451242767069]]]},"id":"63"},{"type":"Feature","properties":{"id":"64","metrics:area":3550,"metrics:perimeter":296.50912292651253},"geometry":{"type":"Polygon","coordinates":[[[73.61840866417872,16.203838462756163],[73.61859761921994,16.203568551254605],[73.61962711442195,16.203484862535113],[73.61934399832347,16.20384454325399],[73.61840866417872,16.203838462756163]]]},"id":"64"},{"type":"Feature","properties":{"id":"65","metrics:area":4000,"metrics:perimeter":256.71552327707445},"geometry":{"type":"Polygon","coordinates":[[[73.72812542910232,16.204614015551964],[73.72794067176616,16.204251375545237],[73.72850421579938,16.20389321509222],[73.72878135321915,16.20443717441261],[73.72812542910232,16.204614015551964]]]},"id":"65"},{"type":"Feature","properties":{"id":"66","metrics:area":24150,"metrics:perimeter":803.1560881052213},"geometry":{"type":"Polygon","coordinates":[[[73.59819532472257,16.20515212261171],[73.59819724101041,16.2048809970734],[73.59782438656893,16.204697777647972],[73.5980165630734,16.20397601083656],[73.59773596515379,16.203974158941477],[73.59764498837582,16.203612040887332],[73.59792558577229,16.203613892862343],[73.59830354756171,16.20307411039999],[73.59867831498381,16.202986203163597],[73.59867129169419,16.20398033048491],[73.59932410587996,16.204255773809564],[73.59932155297884,16.20461727472188],[73.59960215199912,16.204619124594494],[73.5996008757798,16.204799875067632],[73.59819532472257,16.20515212261171]]]},"id":"66"},{"type":"Feature","properties":{"id":"67","metrics:area":1000,"metrics:perimeter":131.2310562561766},"geometry":{"type":"Polygon","coordinates":[[[73.61682237835556,16.203285861006066],[73.61682489914699,16.202924357350128],[73.61701196495663,16.202925575106395],[73.617102977587,16.203287687621668],[73.61682237835556,16.203285861006066]]]},"id":"67"},{"type":"Feature","properties":{"id":"68","metrics:area":850,"metrics:perimeter":123.98345637668169},"geometry":{"type":"Polygon","coordinates":[[[73.57333058670598,16.20290788427752],[73.57333318667979,16.20254638737725],[73.57361377961257,16.2025482713352],[73.57351829891212,16.202818766088892],[73.57333058670598,16.20290788427752]]]},"id":"68"},{"type":"Feature","properties":{"id":"69","metrics:area":1950,"metrics:perimeter":214.96485836714018},"geometry":{"type":"Polygon","coordinates":[[[73.72653818612187,16.20415259014556],[73.72644696964034,16.203790509698422],[73.72672990270854,16.203430671795733],[73.72691523717117,16.203702932712712],[73.72672816226147,16.203701811653954],[73.72681995936207,16.203973512064916],[73.72653818612187,16.20415259014556]]]},"id":"69"},{"type":"Feature","properties":{"id":"70","metrics:area":8500,"metrics:perimeter":460.25970484334687},"geometry":{"type":"Polygon","coordinates":[[[73.60961844326847,16.203509978044778],[73.6090610484389,16.202964050940253],[73.6091577494293,16.20251278514476],[73.6094383466534,16.20251462179615],[73.60952871154359,16.202967112115832],[73.61055757072724,16.202973843081278],[73.61046150566439,16.20333473405849],[73.60961844326847,16.203509978044778]]]},"id":"70"},{"type":"Feature","properties":{"id":"71","metrics:area":5400,"metrics:perimeter":362.05704248974706},"geometry":{"type":"Polygon","coordinates":[[[73.6388027598044,16.203427824206962],[73.63871046627857,16.203246471435126],[73.63786866121701,16.203241076087497],[73.6375905425469,16.20287777008228],[73.6381529857316,16.202700614552466],[73.63899106803653,16.20324826914366],[73.6388027598044,16.203427824206962]]]},"id":"71"},{"type":"Feature","properties":{"id":"72","metrics:area":2400,"metrics:perimeter":224.5100827033965},"geometry":{"type":"Polygon","coordinates":[[[73.5984925276596,16.20280421884598],[73.59840091126557,16.202532476219794],[73.59924333743793,16.202447652438376],[73.59914789078273,16.202718161488885],[73.5984925276596,16.20280421884598]]]},"id":"72"},{"type":"Feature","properties":{"id":"73","metrics:area":600,"metrics:perimeter":100},"geometry":{"type":"Polygon","coordinates":[[[73.72663694557123,16.20333973126348],[73.72663868610194,16.203068591405692],[73.72682576040802,16.203069712500653],[73.72682402013285,16.203340852378208],[73.72663694557123,16.20333973126348]]]},"id":"73"},{"type":"Feature","properties":{"id":"74","metrics:area":800,"metrics:perimeter":121.2899020449196},"geometry":{"type":"Polygon","coordinates":[[[73.67051585679143,16.20290558670881],[73.67032999846619,16.20272366020114],[73.67033121007617,16.202542904345282],[73.67070413804203,16.202726001318997],[73.67051585679143,16.20290558670881]]]},"id":"74"},{"type":"Feature","properties":{"id":"75","metrics:area":1750,"metrics:perimeter":262.81428994687053},"geometry":{"type":"Polygon","coordinates":[[[73.71166809346283,16.20370140582725],[73.71167513737942,16.202616852761953],[73.71176867376836,16.202617419901163],[73.7118557541949,16.203612160720052],[73.71166809346283,16.20370140582725]]]},"id":"75"},{"type":"Feature","properties":{"id":"76","metrics:area":3250,"metrics:perimeter":316.479655022267},"geometry":{"type":"Polygon","coordinates":[[[73.72813122444268,16.20371021558203],[73.72813470147057,16.203167935562256],[73.72776113215905,16.20307531550626],[73.72785698779585,16.202714355587872],[73.72841821002278,16.20271771508998],[73.72813122444268,16.20371021558203]]]},"id":"76"},{"type":"Feature","properties":{"id":"77","metrics:area":900,"metrics:perimeter":128.3130955811703},"geometry":{"type":"Polygon","coordinates":[[[73.61645644065558,16.202108538200495],[73.61655249425384,16.201747643577423],[73.61673955893244,16.201748861487534],[73.61683183099386,16.201930222231002],[73.61645644065558,16.202108538200495]]]},"id":"77"},{"type":"Feature","properties":{"id":"78","metrics:area":52450,"metrics:perimeter":1370.174549243589},"geometry":{"type":"Polygon","coordinates":[[[73.67255669151321,16.205449036965412],[73.67237324886179,16.204905600040195],[73.67256455491284,16.204274123081724],[73.67191162052333,16.203998897125622],[73.67200939165102,16.203366835950373],[73.671261715154,16.203271779516186],[73.67116999630424,16.20300006066114],[73.6717342325247,16.20255168003932],[73.67229423192444,16.202735943724758],[73.67248372115267,16.2023756006067],[73.6730413026267,16.20292137444098],[73.67313786035814,16.202470068442704],[73.67285725575455,16.202468315906568],[73.67286088357076,16.2019260477587],[73.6732350220279,16.20192838430888],[73.67388432691514,16.202745874238374],[73.67387949326775,16.20346889867434],[73.67369242252998,16.20346773094098],[73.67331223614116,16.204369175248473],[73.67349870326822,16.204460721408996],[73.67349568105163,16.20491261154378],[73.67284032412086,16.2049989002208],[73.67255669151321,16.205449036965412]]]},"id":"78"},{"type":"Feature","properties":{"id":"79","metrics:area":1500,"metrics:perimeter":160},"geometry":{"type":"Polygon","coordinates":[[[73.63703430818997,16.20215115717667],[73.63703741290426,16.201699273713817],[73.63731801227814,16.20170107346459],[73.63731490820255,16.20215295698032],[73.63703430818997,16.20215115717667]]]},"id":"79"},{"type":"Feature","properties":{"id":"80","metrics:area":1200,"metrics:perimeter":161.2899020449196},"geometry":{"type":"Polygon","coordinates":[[[73.67201544215074,16.202463056076134],[73.6716437236448,16.202099205387018],[73.67201907226645,16.201920788113693],[73.67201544215074,16.202463056076134]]]},"id":"80"},{"type":"Feature","properties":{"id":"81","metrics:area":650,"metrics:perimeter":103.98345637668169},"geometry":{"type":"Polygon","coordinates":[[[73.70391281109906,16.20238887845376],[73.70391399208744,16.2022081201502],[73.70410165431223,16.202118882032075],[73.70419341909223,16.20239058997446],[73.70391281109906,16.20238887845376]]]},"id":"81"},{"type":"Feature","properties":{"id":"82","metrics:area":1800,"metrics:perimeter":187.90966462797587},"geometry":{"type":"Polygon","coordinates":[[[73.5756773023724,16.201748706811177],[73.57577472603869,16.201207087784443],[73.57614884783085,16.201209595146306],[73.57586436376292,16.201749960700866],[73.5756773023724,16.201748706811177]]]},"id":"82"},{"type":"Feature","properties":{"id":"83","metrics:area":1000,"metrics:perimeter":131.2310562561766},"geometry":{"type":"Polygon","coordinates":[[[73.69465276626893,16.202332190503533],[73.69465514509443,16.20197067522558],[73.6949357514609,16.201972398927328],[73.69483983751684,16.20233333970619],[73.69465276626893,16.202332190503533]]]},"id":"83"},{"type":"Feature","properties":{"id":"84","metrics:area":650,"metrics:perimeter":103.98345637668169},"geometry":{"type":"Polygon","coordinates":[[[73.57493165383939,16.20138219241454],[73.57493295224694,16.20120144381364],[73.5751206621732,16.201112324008342],[73.57521224532171,16.201384074130498],[73.57493165383939,16.20138219241454]]]},"id":"84"},{"type":"Feature","properties":{"id":"85","metrics:area":1250,"metrics:perimeter":142.8538328578604},"geometry":{"type":"Polygon","coordinates":[[[73.67510511162851,16.20203043529337],[73.67510692243044,16.201759300964195],[73.67538812975302,16.201670672333798],[73.67547925062361,16.202032767907113],[73.67510511162851,16.20203043529337]]]},"id":"85"},{"type":"Feature","properties":{"id":"86","metrics:area":2900,"metrics:perimeter":223.26714211667726},"geometry":{"type":"Polygon","coordinates":[[[73.61234227884366,16.201900948597455],[73.61206547597293,16.201356861384628],[73.61253440004042,16.201179164123847],[73.61262350764277,16.20181240521328],[73.61234227884366,16.201900948597455]]]},"id":"86"},{"type":"Feature","properties":{"id":"87","metrics:area":550,"metrics:perimeter":96.34413615167958},"geometry":{"type":"Polygon","coordinates":[[[73.67014959330288,16.20172833222472],[73.67005727067558,16.201546990945342],[73.67033847941339,16.201458369143857],[73.67033726789559,16.201639125018655],[73.67014959330288,16.20172833222472]]]},"id":"87"},{"type":"Feature","properties":{"id":"88","metrics:area":1500,"metrics:perimeter":162.1393827532022},"geometry":{"type":"Polygon","coordinates":[[[73.66622115146635,16.201703708872248],[73.66603529841976,16.20152177896492],[73.6661312632468,16.20116085501823],[73.6665029692467,16.2015247144994],[73.66622115146635,16.201703708872248]]]},"id":"88"},{"type":"Feature","properties":{"id":"89","metrics:area":900,"metrics:perimeter":123.24555320336759},"geometry":{"type":"Polygon","coordinates":[[[73.7273945209026,16.20189813498973],[73.72739626023471,16.201626995015097],[73.72767744938565,16.20153829544714],[73.72767571044785,16.20180943545376],[73.7273945209026,16.20189813498973]]]},"id":"89"},{"type":"Feature","properties":{"id":"90","metrics:area":750,"metrics:perimeter":111.6227766016838},"geometry":{"type":"Polygon","coordinates":[[[73.6382570659863,16.201164809503116],[73.63825892703626,16.200893679264258],[73.63844599261746,16.200894878006107],[73.63853766474719,16.20116660758587],[73.6382570659863,16.201164809503116]]]},"id":"90"},{"type":"Feature","properties":{"id":"91","metrics:area":1950,"metrics:perimeter":191.6227766016838},"geometry":{"type":"Polygon","coordinates":[[[73.6167433399436,16.201206605939625],[73.61674775094151,16.200573974431048],[73.6170283463289,16.20057580084812],[73.61702456625187,16.201118056493666],[73.6167433399436,16.201206605939625]]]},"id":"91"},{"type":"Feature","properties":{"id":"92","metrics:area":600,"metrics:perimeter":112.11102550927978},"geometry":{"type":"Polygon","coordinates":[[[73.66959141739908,16.20127292949538],[73.66931202731753,16.20109041659711],[73.66959384172041,16.20091141784007],[73.66959141739908,16.20127292949538]]]},"id":"92"},{"type":"Feature","properties":{"id":"93","metrics:area":4250,"metrics:perimeter":329.2057396749512},"geometry":{"type":"Polygon","coordinates":[[[73.72785988576503,16.202262455579383],[73.72776924704327,16.20180999552306],[73.72814571118637,16.201450715312532],[73.72814802885227,16.201089195223727],[73.72833510140217,16.201090314857026],[73.72823461246233,16.20217431532905],[73.72785988576503,16.202262455579383]]]},"id":"93"},{"type":"Feature","properties":{"id":"94","metrics:area":1500,"metrics:perimeter":173.17784875350438},"geometry":{"type":"Polygon","coordinates":[[[73.59878908294951,16.200546688849833],[73.59822917377655,16.200362237052058],[73.59832462024589,16.200091728365685],[73.59879035955495,16.20036593836747],[73.59878908294951,16.200546688849833]]]},"id":"94"},{"type":"Feature","properties":{"id":"95","metrics:area":1050,"metrics:perimeter":131.6227766016838},"geometry":{"type":"Polygon","coordinates":[[[73.67511295818814,16.200855519815637],[73.67511476884083,16.200584385455677],[73.67548890511075,16.200586717850136],[73.67539356076806,16.200857269204032],[73.67511295818814,16.200855519815637]]]},"id":"95"},{"type":"Feature","properties":{"id":"96","metrics:area":1400,"metrics:perimeter":160},"geometry":{"type":"Polygon","coordinates":[[[73.66669428944698,16.200893243784222],[73.66669550422449,16.20071248816542],[73.66707146107974,16.200443701923565],[73.66706842501642,16.200895591045466],[73.66669428944698,16.200893243784222]]]},"id":"96"},{"type":"Feature","properties":{"id":"97","metrics:area":1500,"metrics:perimeter":160.10469622751654},"geometry":{"type":"Polygon","coordinates":[[[73.60066097986818,16.20037826538961],[73.60047583034299,16.200105907502802],[73.6005712736801,16.199835397550306],[73.60094348499496,16.20010898704429],[73.60066097986818,16.20037826538961]]]},"id":"97"},{"type":"Feature","properties":{"id":"98","metrics:area":3250,"metrics:perimeter":245.02143751025633},"geometry":{"type":"Polygon","coordinates":[[[73.61721603985417,16.200486642302963],[73.61722170889782,16.199673258709733],[73.61759583446593,16.19967569288438],[73.61768621750349,16.200128181196522],[73.61721603985417,16.200486642302963]]]},"id":"98"},{"type":"Feature","properties":{"id":"99","metrics:area":1850,"metrics:perimeter":175.71155468592366},"geometry":{"type":"Polygon","coordinates":[[[73.70644948118958,16.20068706307807],[73.70645124900416,16.20041592530532],[73.70682656784281,16.200237443966103],[73.70691715765628,16.200689909533704],[73.70644948118958,16.20068706307807]]]},"id":"99"},{"type":"Feature","properties":{"id":"100","metrics:area":2950,"metrics:perimeter":279.3791626109063},"geometry":{"type":"Polygon","coordinates":[[[73.600004987076,16.2005547033802],[73.59981920052705,16.200372720265985],[73.59982494083664,16.19955934269747],[73.60010489509625,16.199651566643908],[73.60000817579204,16.200102826932874],[73.60028749329163,16.200285426001273],[73.600004987076,16.2005547033802]]]},"id":"100"},{"type":"Feature","properties":{"id":"101","metrics:area":1550,"metrics:perimeter":169.18162720937468},"geometry":{"type":"Polygon","coordinates":[[[73.6767983825374,16.200594876046615],[73.67661252000786,16.200412954730183],[73.67670906806623,16.199961646310634],[73.6769884642225,16.200144149886786],[73.6767983825374,16.200594876046615]]]},"id":"101"},{"type":"Feature","properties":{"id":"102","metrics:area":18050,"metrics:perimeter":589.0700581496029},"geometry":{"type":"Polygon","coordinates":[[[73.63507694917168,16.20114440535304],[73.63451824076392,16.200779293261146],[73.63480070427005,16.20050996638177],[73.6347109034078,16.19996710572707],[73.63527271841154,16.19988033398452],[73.63536873705678,16.199519428059947],[73.6357434866249,16.199431453604404],[73.63602035475186,16.1999755148575],[73.6358320473956,16.200155067372688],[73.6360153840135,16.200698528198405],[73.63507694917168,16.20114440535304]]]},"id":"102"},{"type":"Feature","properties":{"id":"103","metrics:area":5700,"metrics:perimeter":296.02065597684623},"geometry":{"type":"Polygon","coordinates":[[[73.6128232107249,16.200006111008147],[73.61198206086401,16.199910238423445],[73.61217291649521,16.199369205632674],[73.61254767267873,16.199281272867903],[73.6129199012936,16.199554842599305],[73.6128232107249,16.200006111008147]]]},"id":"103"},{"type":"Feature","properties":{"id":"104","metrics:area":2200,"metrics:perimeter":204.85978045196399},"geometry":{"type":"Polygon","coordinates":[[[73.6158181080703,16.199754500597013],[73.6151646502262,16.199569483103843],[73.61516654263325,16.199298355459046],[73.61572709891729,16.199392387722263],[73.6158181080703,16.199754500597013]]]},"id":"104"},{"type":"Feature","properties":{"id":"105","metrics:area":3650,"metrics:perimeter":234.82345123636776},"geometry":{"type":"Polygon","coordinates":[[[73.6697875753659,16.19991843180912],[73.66969707171559,16.199465956639028],[73.67025887745507,16.199379091101587],[73.67044473282073,16.199561017488605],[73.6702552431301,16.199921358804833],[73.6697875753659,16.19991843180912]]]},"id":"105"},{"type":"Feature","properties":{"id":"106","metrics:area":900,"metrics:perimeter":123.24555320336759},"geometry":{"type":"Polygon","coordinates":[[[73.61722359850717,16.19940213083108],[73.61722611793036,16.1990406269818],[73.61741318011043,16.19904184410133],[73.61750482202818,16.19931358051973],[73.61722359850717,16.19940213083108]]]},"id":"106"},{"type":"Feature","properties":{"id":"107","metrics:area":750,"metrics:perimeter":111.6227766016838},"geometry":{"type":"Polygon","coordinates":[[[73.64257133304653,16.1994751780419],[73.64257318799731,16.1992040472727],[73.6427602523219,16.199205242096046],[73.64285192992244,16.199476970246806],[73.64257133304653,16.1994751780419]]]},"id":"107"},{"type":"Feature","properties":{"id":"108","metrics:area":2900,"metrics:perimeter":254.58130568706073},"geometry":{"type":"Polygon","coordinates":[[[73.66389557840311,16.199791085824074],[73.663616804883,16.199518188251595],[73.663990937389,16.199520540736465],[73.66417982910089,16.199250583546736],[73.66455335288417,16.19934331274584],[73.66445799474977,16.199613858154134],[73.66389557840311,16.199791085824074]]]},"id":"108"},{"type":"Feature","properties":{"id":"109","metrics:area":2300,"metrics:perimeter":195.54898485297798},"geometry":{"type":"Polygon","coordinates":[[[73.61619475492924,16.199395433575027],[73.61619790653963,16.198943553958227],[73.61675846255005,16.199037583463095],[73.61656887981073,16.199397869516776],[73.61619475492924,16.199395433575027]]]},"id":"109"},{"type":"Feature","properties":{"id":"110","metrics:area":1050,"metrics:perimeter":153.25403217417505},"geometry":{"type":"Polygon","coordinates":[[[73.70065681163452,16.1996575119872],[73.70093919062931,16.19938809032095],[73.70121979404719,16.199389805459454],[73.70121861082141,16.199570563617254],[73.70065681163452,16.1996575119872]]]},"id":"110"},{"type":"Feature","properties":{"id":"111","metrics:area":1000,"metrics:perimeter":131.2310562561766},"geometry":{"type":"Polygon","coordinates":[[[73.69476473489068,16.199531021286507],[73.69476711307837,16.199169505897245],[73.69495418135317,16.199170654781287],[73.69504533781945,16.19953274459137],[73.69476473489068,16.199531021286507]]]},"id":"111"},{"type":"Feature","properties":{"id":"112","metrics:area":178000,"metrics:perimeter":2701.417806851627},"geometry":{"type":"Polygon","coordinates":[[[73.60503787876192,16.203118433290538],[73.60466565589624,16.202844850161792],[73.60363807234843,16.202657339903126],[73.60345291665158,16.202384984180846],[73.60307560603245,16.202834401656702],[73.60242087995678,16.202830095874894],[73.60233307862201,16.2020161023433],[73.60252205240747,16.20174620666857],[73.60205503044763,16.201652754941236],[73.60224464096886,16.201292484139877],[73.6019653201106,16.201109887409306],[73.60168472576906,16.201108041046037],[73.60168345173854,16.201288791740193],[73.60130996285332,16.201195953985373],[73.60168663678456,16.200836914998845],[73.60131442305334,16.20056332663768],[73.60140922844623,16.200383191590976],[73.60196914133894,16.200567635242717],[73.60224591448849,16.201111733402325],[73.60262004038219,16.20111419415038],[73.60299798475889,16.20057440183503],[73.60300053029047,16.200212900215757],[73.60244125380434,16.199938083893336],[73.60253733099638,16.19957719744362],[73.60235026949701,16.199575967192494],[73.60244825635986,16.198943954587406],[73.60226374206782,16.198581222743996],[73.60263786319352,16.198583683087204],[73.60282237819895,16.198946414659368],[73.60338356107862,16.198950103533285],[73.60431314453602,16.199769627546054],[73.60430996569235,16.20022150484077],[73.60580646426183,16.20023132882478],[73.60599162159988,16.20050368264444],[73.60636638179872,16.200415761174725],[73.60645800866166,16.200687501195905],[73.60776427796114,16.201147962685646],[73.6076663061567,16.2017799788556],[73.60850492458614,16.202237371383102],[73.60812889325031,16.20250604758819],[73.60728773670796,16.202410155785948],[73.6068175364272,16.20276859191601],[73.6062582468986,16.20249378473057],[73.60616153943293,16.20294504869237],[73.60503787876192,16.203118433290538]]]},"id":"112"},{"type":"Feature","properties":{"id":"113","metrics:area":600,"metrics:perimeter":100},"geometry":{"type":"Polygon","coordinates":[[[73.59898954684014,16.198650041931984],[73.5989914612319,16.198378916135614],[73.59917852133353,16.198380149254334],[73.5991766071972,16.198651275072443],[73.59898954684014,16.198650041931984]]]},"id":"113"},{"type":"Feature","properties":{"id":"114","metrics:area":2950,"metrics:perimeter":225.6694685102551},"geometry":{"type":"Polygon","coordinates":[[[73.61114723839897,16.19891060529286],[73.61133746255197,16.198459949048452],[73.61180574778541,16.19837262862754],[73.61170842317111,16.19891427217915],[73.61114723839897,16.19891060529286]]]},"id":"114"},{"type":"Feature","properties":{"id":"115","metrics:area":20750,"metrics:perimeter":870.3265194741034},"geometry":{"type":"Polygon","coordinates":[[[73.63246675441596,16.199862294778384],[73.63218802739837,16.199589359237677],[73.63237758312798,16.19922905707793],[73.63172348407193,16.199134465972758],[73.63191428639769,16.198593411191183],[73.63228716629803,16.19877657242818],[73.63247111490197,16.199229658997695],[73.6329400192231,16.19905191485679],[73.63275606964618,16.198598828616458],[73.63406488872722,16.198697625707698],[73.63406240003421,16.1990591321322],[73.63387533652623,16.199057929664335],[73.63405928907919,16.199511015145035],[73.63387098056556,16.199690565827304],[73.63284275103602,16.19959357248711],[73.63246675441596,16.199862294778384]]]},"id":"115"},{"type":"Feature","properties":{"id":"116","metrics:area":700,"metrics:perimeter":112.36067977499789},"geometry":{"type":"Polygon","coordinates":[[[73.66755005476294,16.19881983367568],[73.66755187550827,16.198548700098723],[73.66773954796291,16.19845949502438],[73.66773712065076,16.198821006489474],[73.66755005476294,16.19881983367568]]]},"id":"116"},{"type":"Feature","properties":{"id":"117","metrics:area":18000,"metrics:perimeter":847.2782879092912},"geometry":{"type":"Polygon","coordinates":[[[73.6297530775744,16.200025574552424],[73.62966266661,16.19957308925025],[73.62919250981518,16.199931578655278],[73.62882212949125,16.199386906452013],[73.62900981740678,16.199297736980373],[73.62929915315127,16.198034277088766],[73.6298578435064,16.198399401668723],[73.6303254999666,16.198402416250264],[73.62947872436749,16.199120000731146],[73.62966453920937,16.19930195994625],[73.63022822520226,16.198944072192138],[73.63012782979463,16.19993761027196],[73.6297530775744,16.200025574552424]]]},"id":"117"},{"type":"Feature","properties":{"id":"118","metrics:area":700,"metrics:perimeter":111.5298244508295},"geometry":{"type":"Polygon","coordinates":[[[73.60151804791101,16.198214798625596],[73.60151932183719,16.198034047892058],[73.60170765555635,16.19785452800949],[73.60179927497894,16.198126269511285],[73.60151804791101,16.198214798625596]]]},"id":"118"},{"type":"Feature","properties":{"id":"119","metrics:area":2600,"metrics:perimeter":207.05481427033436},"geometry":{"type":"Polygon","coordinates":[[[73.59188318938203,16.19833193570721],[73.59169869565939,16.197969196232407],[73.59179414936077,16.197698691032294],[73.59207473768848,16.19770055007381],[73.59216377861581,16.198333794701806],[73.59188318938203,16.19833193570721]]]},"id":"119"},{"type":"Feature","properties":{"id":"120","metrics:area":2400,"metrics:perimeter":230.21912431484128},"geometry":{"type":"Polygon","coordinates":[[[73.66960778037506,16.198832725576914],[73.6696108102484,16.198380835899226],[73.66942435068079,16.198289286834363],[73.66979969350214,16.19811087303178],[73.67007847435539,16.198383763013904],[73.66960778037506,16.198832725576914]]]},"id":"120"},{"type":"Feature","properties":{"id":"121","metrics:area":8550,"metrics:perimeter":461.68064246488063},"geometry":{"type":"Polygon","coordinates":[[[73.69579539470338,16.199266201608612],[73.69533010078283,16.19890181544469],[73.69580074122416,16.198452791609622],[73.69636075672037,16.198636992714395],[73.69626959809221,16.198274903293537],[73.69645666563608,16.19827605079362],[73.69663898387277,16.19900022949794],[73.6962648474076,16.19899793455443],[73.69626306583875,16.199269071264254],[73.69579539470338,16.199266201608612]]]},"id":"121"},{"type":"Feature","properties":{"id":"122","metrics:area":500,"metrics:perimeter":92.36067977499789},"geometry":{"type":"Polygon","coordinates":[[[73.59777940296021,16.197828645522137],[73.59778131890272,16.197557519845766],[73.59796837813295,16.19755875396866],[73.59796710101224,16.197739504434864],[73.59777940296021,16.197828645522137]]]},"id":"122"},{"type":"Feature","properties":{"id":"123","metrics:area":3700,"metrics:perimeter":242.7176679651282},"geometry":{"type":"Polygon","coordinates":[[[73.6324760980776,16.198506646629458],[73.63219737279795,16.19823371121235],[73.6321069566526,16.197781226511133],[73.63257461209729,16.197784236032657],[73.6327579379006,16.198327698935866],[73.6324760980776,16.198506646629458]]]},"id":"123"},{"type":"Feature","properties":{"id":"124","metrics:area":950,"metrics:perimeter":137.04570789056774},"geometry":{"type":"Polygon","coordinates":[[[73.62294092991688,16.19772203229006],[73.62294218429167,16.19754127990151],[73.62341046433744,16.19745393332936],[73.62322152200663,16.197723850219496],[73.62294092991688,16.19772203229006]]]},"id":"124"},{"type":"Feature","properties":{"id":"125","metrics:area":13100,"metrics:perimeter":694.3489969876883},"geometry":{"type":"Polygon","coordinates":[[[73.69439000297845,16.199619101802543],[73.69420590834446,16.199166058257724],[73.69401884012998,16.199164908715424],[73.69430420035475,16.198443602285845],[73.69411772761929,16.198352074047897],[73.6941159431919,16.198623210541417],[73.69383415176097,16.198802243741763],[73.69355533521743,16.198529382485486],[73.69355831050254,16.198077488423095],[73.69393422944249,16.19780865151634],[73.6942148298427,16.197810375739504],[73.69467833548164,16.198445900604128],[73.6944882946788,16.198896645742778],[73.69486243068734,16.198898943799474],[73.69439000297845,16.199619101802543]]]},"id":"125"},{"type":"Feature","properties":{"id":"126","metrics:area":2350,"metrics:perimeter":237.04570789056774},"geometry":{"type":"Polygon","coordinates":[[[73.66914435858561,16.198197151913913],[73.66886618564165,16.197833882902525],[73.66924031577487,16.19783622591032],[73.66924213409445,16.197565092121323],[73.66952273135162,16.19756684891427],[73.66942616880257,16.19801815303656],[73.66914435858561,16.198197151913913]]]},"id":"126"},{"type":"Feature","properties":{"id":"127","metrics:area":1200,"metrics:perimeter":154.9847350245616},"geometry":{"type":"Polygon","coordinates":[[[73.66643312648917,16.197999392957467],[73.66643555604672,16.197637881657013],[73.6667173675856,16.197458886486814],[73.66680968543926,16.197640228915358],[73.66643312648917,16.197999392957467]]]},"id":"127"},{"type":"Feature","properties":{"id":"128","metrics:area":12000,"metrics:perimeter":513.7131974948193},"geometry":{"type":"Polygon","coordinates":[[[73.69495774801071,16.198628381633213],[73.6947730582837,16.198265717368866],[73.69514957044082,16.197906499349923],[73.6948707531149,16.19763363975728],[73.69533901444825,16.19754613228329],[73.69561842645066,16.19772861241024],[73.6959949360987,16.19736939268895],[73.69617843974815,16.1979128138459],[73.6954254174864,16.198631253022107],[73.69495774801071,16.198628381633213]]]},"id":"128"},{"type":"Feature","properties":{"id":"129","metrics:area":94500,"metrics:perimeter":2139.145137296538},"geometry":{"type":"Polygon","coordinates":[[[73.72524085641832,16.20224675877536],[73.72487135706595,16.201521474529933],[73.72506481872226,16.20052841800636],[73.72459713929629,16.20052561151249],[73.724781887346,16.200888253866836],[73.72459423422421,16.20097751101923],[73.72413178480538,16.20016128443637],[73.72506946494278,16.199805378622674],[73.72497767179055,16.199533677660593],[73.72535123288345,16.199626302072517],[73.72535007162062,16.199807061946103],[73.72591244582757,16.1996296675689],[73.72591592799489,16.19908738781058],[73.72544883237084,16.19899420348601],[73.72535761956581,16.19863212271149],[73.72536052245599,16.198180222970432],[73.72582877684816,16.198092647422833],[73.72573930474957,16.197459426856128],[73.72592637370201,16.197460548365488],[73.72601758718884,16.197822628970375],[73.72639114574615,16.197915251372773],[73.72638882535882,16.198276771321662],[73.72591941002973,16.1985451080239],[73.72666769007384,16.19854959273205],[73.72695003471381,16.198280133806087],[73.7271324663019,16.19900429437585],[73.72741191273505,16.199186734924393],[73.72740959401519,16.19954825497406],[73.72703545197264,16.1995460141208],[73.72703429225001,16.199726774114566],[73.72731258005349,16.20008997485359],[73.72796675107638,16.20018427521446],[73.72796443321674,16.200545795308464],[73.72712086970672,16.200811894332162],[73.72730446316595,16.201355294815937],[73.7270221142746,16.201624753858948],[73.7263685194592,16.20144007033684],[73.72561558389616,16.20215862322619],[73.72524085641832,16.20224675877536]]]},"id":"129"},{"type":"Feature","properties":{"id":"130","metrics:area":1050,"metrics:perimeter":131.6227766016838},"geometry":{"type":"Polygon","coordinates":[[[73.66297668894191,16.197345005216064],[73.66288498381958,16.19707328369002],[73.66325911160439,16.19707563711791],[73.66325728516941,16.197346770256402],[73.66297668894191,16.197345005216064]]]},"id":"130"},{"type":"Feature","properties":{"id":"131","metrics:area":1200,"metrics:perimeter":142.4621125123532},"geometry":{"type":"Polygon","coordinates":[[[73.70038982299076,16.197577077786484],[73.70039159872566,16.197305940587288],[73.70076632435067,16.19721784895312],[73.70067042378665,16.19757879346388],[73.70038982299076,16.197577077786484]]]},"id":"131"},{"type":"Feature","properties":{"id":"132","metrics:area":1150,"metrics:perimeter":143.9834563766817},"geometry":{"type":"Polygon","coordinates":[[[73.72723411770085,16.197739534387015],[73.72714174251927,16.197558214183953],[73.72751761950494,16.19728931448503],[73.72751530126412,16.19765083461403],[73.72723411770085,16.197739534387015]]]},"id":"132"},{"type":"Feature","properties":{"id":"133","metrics:area":2450,"metrics:perimeter":219.327393409663},"geometry":{"type":"Polygon","coordinates":[[[73.69524726381927,16.197274421443694],[73.69515551341557,16.197002710576125],[73.69581262128911,16.196645213605397],[73.69581024539664,16.19700672923148],[73.69524726381927,16.197274421443694]]]},"id":"133"},{"type":"Feature","properties":{"id":"134","metrics:area":199150,"metrics:perimeter":3947.96726914545},"geometry":{"type":"Polygon","coordinates":[[[73.67435924957957,16.201664255760004],[73.6732350220279,16.20192838430888],[73.673331578662,16.201477078112813],[73.67417338853302,16.201482332418905],[73.67408347832956,16.200939480304093],[73.674271754593,16.200759891340304],[73.67408589441428,16.200577967976574],[73.67352227327028,16.200935977680295],[73.67268409387617,16.20038845278014],[73.67249521192734,16.20065841828686],[73.67296288195105,16.200661339454346],[73.67305399799378,16.20102343573782],[73.67258572238345,16.20111089273162],[73.67230149062289,16.201651407676223],[73.6717408890788,16.20155752220851],[73.67183623868652,16.201286972907056],[73.67146149641341,16.20137501196489],[73.67155745146891,16.201014084819747],[73.67127684910483,16.201012330349975],[73.67136675154839,16.201555183079897],[73.67099200861664,16.201643221254017],[73.67090089621468,16.201281124365696],[73.67118392034186,16.20092136747096],[73.67062332159817,16.200827479240658],[73.67015868064694,16.20037266320177],[73.67062756070717,16.20019483354308],[73.67081281164342,16.200467137640626],[73.67118936832566,16.20010796567416],[73.67119360543145,16.199475319787986],[73.67100653866322,16.199474149970328],[73.67110188801807,16.19920360094698],[73.67091603231248,16.199021675108977],[73.67044776093192,16.199109127687688],[73.67007605131585,16.19874527482645],[73.67185499389217,16.19848525468998],[73.6724234476651,16.197404224666],[73.67223880164823,16.197041543899854],[73.67289896731005,16.19623223049023],[73.67345955479621,16.19632611186829],[73.67354946218558,16.196868964193605],[73.6742940976049,16.197415901516607],[73.67428926712756,16.198138926434915],[73.67475512070109,16.198412977596522],[73.6748450321706,16.19895582960395],[73.67521795845406,16.199138918521413],[73.67512261460452,16.199409469813755],[73.6745632248708,16.199134835918965],[73.67474606591634,16.199768649403804],[73.67558666241992,16.199954653858434],[73.67577614284015,16.19959430706953],[73.67530907821266,16.199501014142072],[73.67531028503318,16.1993202578655],[73.6757791588175,16.19914241629048],[73.67596984417168,16.19860131288239],[73.67615570450153,16.198783234621494],[73.67643751000743,16.19860422604448],[73.67671630132584,16.198877108034797],[73.67671268476484,16.19941937718692],[73.67633493278962,16.199959316151514],[73.67651536851211,16.200954641224396],[73.6761418344828,16.2008619324294],[73.67614545294356,16.200319663476286],[73.6750230455289,16.200312667897418],[73.67483477034955,16.200492257616546],[73.67492528617696,16.20094473146254],[73.67436106135753,16.201393121503628],[73.67435924957957,16.201664255760004]]]},"id":"134"},{"type":"Feature","properties":{"id":"135","metrics:area":2350,"metrics:perimeter":207.58545018230862},"geometry":{"type":"Polygon","coordinates":[[[73.66625638811674,16.196461796057008],[73.6661646786999,16.19619007561879],[73.66672829739476,16.195832085263802],[73.66672526146179,16.196283974518074],[73.66625638811674,16.196461796057008]]]},"id":"135"},{"type":"Feature","properties":{"id":"136","metrics:area":700,"metrics:perimeter":107.96691275336337},"geometry":{"type":"Polygon","coordinates":[[[73.63427185645807,16.19580677590529],[73.63417957021187,16.195625421626715],[73.63446078252174,16.19553684784478],[73.63455306900048,16.195718202019222],[73.63427185645807,16.19580677590529]]]},"id":"136"},{"type":"Feature","properties":{"id":"137","metrics:area":5700,"metrics:perimeter":315.918030862131},"geometry":{"type":"Polygon","coordinates":[[[73.61902710988755,16.195617893193866],[73.61837491988393,16.195252134247333],[73.61837617821473,16.195071382165693],[73.61940562901972,16.19498769104672],[73.6194960150007,16.19544017893669],[73.61902710988755,16.195617893193866]]]},"id":"137"},{"type":"Feature","properties":{"id":"138","metrics:area":5150,"metrics:perimeter":304.7345045505043},"geometry":{"type":"Polygon","coordinates":[[[73.58956486036874,16.19551480742643],[73.58957064088064,16.194701433078503],[73.59013309256265,16.194524406084415],[73.59003314408892,16.19542753517866],[73.58956486036874,16.19551480742643]]]},"id":"138"},{"type":"Feature","properties":{"id":"139","metrics:area":900,"metrics:perimeter":120},"geometry":{"type":"Polygon","coordinates":[[[73.62277393935548,16.194828781762986],[73.62277582078528,16.19455765312442],[73.6230564083822,16.194559470926666],[73.62305452733541,16.19483059959729],[73.62277393935548,16.194828781762986]]]},"id":"139"},{"type":"Feature","properties":{"id":"140","metrics:area":2450,"metrics:perimeter":201.06549570167536},"geometry":{"type":"Polygon","coordinates":[[[73.59097227710056,16.194891487556482],[73.59069425987782,16.19452812747375],[73.59078907116862,16.194347997599603],[73.59134831381789,16.194622842225154],[73.59125286136037,16.19489334736963],[73.59097227710056,16.194891487556482]]]},"id":"140"},{"type":"Feature","properties":{"id":"141","metrics:area":1500,"metrics:perimeter":168.0983669457533},"geometry":{"type":"Polygon","coordinates":[[[73.6223050380698,16.19500650360278],[73.62202633240503,16.19473355621179],[73.62202758736852,16.1945528038423],[73.62258750795444,16.194737193462885],[73.6223050380698,16.19500650360278]]]},"id":"141"},{"type":"Feature","properties":{"id":"142","metrics:area":4450,"metrics:perimeter":316.15630614186523},"geometry":{"type":"Polygon","coordinates":[[[73.62127495938138,16.195180585007986],[73.62127684290172,16.19490945654998],[73.62062276603235,16.194814832737013],[73.62071880757362,16.19445393512947],[73.62100002272012,16.1943653794877],[73.62165158779375,16.19482150672454],[73.62127495938138,16.195180585007986]]]},"id":"142"},{"type":"Feature","properties":{"id":"143","metrics:area":4850,"metrics:perimeter":278.58975440786975},"geometry":{"type":"Polygon","coordinates":[[[73.6728126882191,16.19514710952951],[73.67197151044638,16.19505147377982],[73.67197453419274,16.194599583506616],[73.67244279436558,16.194512126683705],[73.67272217887422,16.19469463509881],[73.6728126882191,16.19514710952951]]]},"id":"143"},{"type":"Feature","properties":{"id":"144","metrics:area":2400,"metrics:perimeter":204.1629857669358},"geometry":{"type":"Polygon","coordinates":[[[73.58817286538641,16.193969120281743],[73.58751881591922,16.193874396040773],[73.58761491582118,16.193513518048313],[73.58808190945919,16.193606999542077],[73.58817286538641,16.193969120281743]]]},"id":"144"},{"type":"Feature","properties":{"id":"145","metrics:area":6550,"metrics:perimeter":308.8726347092444},"geometry":{"type":"Polygon","coordinates":[[[73.5757317940963,16.194157260633823],[73.57526480731765,16.194063752362563],[73.57517322661685,16.193792002346292],[73.575456401963,16.193432385341865],[73.57601821099098,16.193345770814016],[73.57610719932025,16.193979018194923],[73.5757317940963,16.194157260633823]]]},"id":"145"},{"type":"Feature","properties":{"id":"146","metrics:area":1900,"metrics:perimeter":177.69567606513328},"geometry":{"type":"Polygon","coordinates":[[[73.66645741929166,16.194384279384526],[73.66636631759704,16.19402218117831],[73.66683457787083,16.19393473679184],[73.66692628743318,16.194206456987573],[73.66645741929166,16.194384279384526]]]},"id":"146"},{"type":"Feature","properties":{"id":"147","metrics:area":109150,"metrics:perimeter":2105.8132536004273},"geometry":{"type":"Polygon","coordinates":[[[73.60647451261529,16.198337736993153],[73.6061958261627,16.198064770248568],[73.60619836545351,16.19770326804979],[73.60685307567105,16.197707560872885],[73.60657692796582,16.197073092359087],[73.60704457669182,16.197076157918207],[73.60704774865857,16.196624279962045],[73.60686195851052,16.19644230272423],[73.60658010099664,16.19662121449301],[73.60611372304507,16.196437396879848],[73.6060227329715,16.196075281237288],[73.60649101384837,16.195987972255306],[73.60658644675647,16.195717458701505],[73.6064012924759,16.19544510556681],[73.60574658984753,16.195440811935047],[73.60593682187938,16.194990161081467],[73.60556334198905,16.194897331523784],[73.60528656661906,16.19435323734442],[73.60509760427583,16.194623136505975],[73.60453833953194,16.194348326570527],[73.60482337168905,16.19371753971453],[73.60529101215931,16.193720608513516],[73.60538644530891,16.193450095485446],[73.60576055726311,16.1934525495767],[73.60575801787795,16.193814051852165],[73.60734609488443,16.194095601527206],[73.60780929913903,16.194731294336798],[73.60771323442431,16.195092184263736],[73.60799128539416,16.19545552456866],[73.60864408785767,16.195730938281912],[73.60863078096098,16.19762882701646],[73.60806643071248,16.198077030398505],[73.60759814522993,16.198164342505255],[73.60675827650134,16.19788769888006],[73.6067563727813,16.198158825590458],[73.60647451261529,16.198337736993153]]]},"id":"147"},{"type":"Feature","properties":{"id":"148","metrics:area":3800,"metrics:perimeter":282.2929753251347},"geometry":{"type":"Polygon","coordinates":[[[73.69011964331278,16.194712174056242],[73.69012322214141,16.194169901731428],[73.68993675548515,16.194078370224652],[73.69003207652008,16.193807810471572],[73.69049794487393,16.19408182808077],[73.69049377077879,16.194714479223997],[73.69011964331278,16.194712174056242]]]},"id":"148"},{"type":"Feature","properties":{"id":"149","metrics:area":63200,"metrics:perimeter":1576.4902624730246},"geometry":{"type":"Polygon","coordinates":[[[73.6679399607689,16.196472354210638],[73.66775593070969,16.196019292304594],[73.6683171205477,16.19602280911785],[73.66831954636122,16.19566129747219],[73.6685066093308,16.195662469386672],[73.66879084114206,16.195121959354413],[73.66804319785507,16.195026893954],[73.66813915501325,16.194665968378246],[73.6684203544047,16.194577348395864],[73.66832864261387,16.194305628688433],[73.66720566587985,16.194388972249946],[73.66739758198177,16.193667121913037],[73.66824056949255,16.193491641396665],[73.66917345032915,16.193859010754174],[73.66935748211431,16.194312071614053],[73.67076165637394,16.194140093371836],[73.67057035706068,16.194771569592234],[73.6706572292026,16.195766312576932],[73.67028068050152,16.196125484285297],[73.66897426682209,16.1956653984531],[73.66831408819428,16.196474698657177],[73.6679399607689,16.196472354210638]]]},"id":"149"},{"type":"Feature","properties":{"id":"150","metrics:area":2250,"metrics:perimeter":208.08145381752738},"geometry":{"type":"Polygon","coordinates":[[[73.66683518492245,16.1938443589186],[73.66646227711273,16.19366125651836],[73.66674468976936,16.193391882949705],[73.66730405147754,16.19366653555863],[73.66683518492245,16.1938443589186]]]},"id":"150"},{"type":"Feature","properties":{"id":"151","metrics:area":4900,"metrics:perimeter":279.8782715602134},"geometry":{"type":"Polygon","coordinates":[[[73.68264130584674,16.194033283362856],[73.6821766499286,16.1935784924602],[73.68227198097603,16.193307936937945],[73.68301902898398,16.19349333078756],[73.6831101614709,16.19385542411202],[73.68264130584674,16.194033283362856]]]},"id":"151"},{"type":"Feature","properties":{"id":"152","metrics:area":1000,"metrics:perimeter":129.64724878581438},"geometry":{"type":"Polygon","coordinates":[[[73.66730526512828,16.19348577977213],[73.6673070855755,16.193214646086467],[73.66749475288518,16.193125440815994],[73.66767999347718,16.19339774700722],[73.66730526512828,16.19348577977213]]]},"id":"152"},{"type":"Feature","properties":{"id":"153","metrics:area":1500450,"metrics:perimeter":20180.2756213546},"geometry":{"type":"Polygon","coordinates":[[[73.63558903133178,16.20828776213801],[73.63447033174438,16.207738289669777],[73.634002652465,16.207735282524407],[73.63400016219386,16.20809678863257],[73.63362539541177,16.20818475862977],[73.63297188929448,16.207999792648156],[73.63260023841573,16.207635878438275],[73.63269751300464,16.207094221669756],[73.6329762504799,16.2073671572172],[73.63335039304032,16.2073695647703],[73.63344641985746,16.207008660507018],[73.63363224542319,16.20719061696607],[73.63391534244859,16.20683091568142],[73.63391658756677,16.20665016261384],[73.6334482881914,16.20673753096222],[73.63307726147067,16.206283241152967],[73.6331726652202,16.206012713487425],[73.63363971761825,16.20610609867832],[73.63354991869666,16.20556323785936],[73.63326931430234,16.205561432715317],[73.63308411338141,16.205289099539844],[73.63318138498886,16.204747442244123],[73.63346198822144,16.204749247416185],[73.63355739055032,16.204478719443177],[73.6329955619753,16.20456548555705],[73.63262267087278,16.204382324775764],[73.63252789046535,16.20456247573775],[73.63084364997562,16.20464200830553],[73.63056055116509,16.205001705379487],[73.6311217577686,16.20500532233053],[73.63130570823563,16.205458409890706],[73.63186629286379,16.205552401439277],[73.63195484025472,16.20627601554565],[73.6312065597602,16.206271195181607],[73.6311148961498,16.20599946315244],[73.63083429142476,16.205997654745254],[73.63045703128022,16.206447124995677],[73.63027433045077,16.205813284013843],[73.63055493484907,16.20581509314057],[73.63055680699001,16.205543963893998],[73.62990144000264,16.205630118488045],[73.62961833802768,16.205989814033956],[73.62877839912163,16.205713252735045],[73.62896984181866,16.205081825667012],[73.62981477331569,16.204635374894764],[73.62972311223416,16.204363642428753],[73.62859882878958,16.20462752898967],[73.62841426035267,16.204264815931385],[73.62831822630167,16.204625717408543],[73.62803699869609,16.204714281785563],[73.62766911503671,16.203808102081275],[73.62729247822851,16.204167190263377],[73.62682543446046,16.20407379167683],[73.62692585008492,16.20308025696613],[73.62664650142044,16.202897690764217],[73.62674316301015,16.20244641385797],[73.62646193804402,16.20253497635066],[73.6264600606739,16.20280610520729],[73.62589760928014,16.2029832289467],[73.62626485744009,16.203979787314285],[73.62579405785493,16.20442864402322],[73.62495099923017,16.204603949546804],[73.62495225233569,16.2044231971219],[73.62439167563723,16.204329187810277],[73.62420335414161,16.20450872881798],[73.62438854158587,16.204781068763843],[73.62419645807319,16.20550286679402],[73.62354297177725,16.205317873105013],[73.62269990805417,16.20549316923286],[73.62261076724266,16.204859929962787],[73.62223851449856,16.20458637553982],[73.62204830727494,16.205037042760218],[73.62232702627847,16.205309990986706],[73.62222972502398,16.20585164098013],[73.62138791473164,16.205846179491978],[73.62138163222468,16.20674994010497],[73.62100812115581,16.20665713552077],[73.62100937802184,16.20647638343145],[73.61997923830636,16.206650453677582],[73.61988696141402,16.206469093986676],[73.62026424401856,16.206019644365654],[73.62110731137251,16.205844358255153],[73.62110856808167,16.20566360614445],[73.62017448220702,16.20547678070885],[73.61998930028442,16.205204437502378],[73.62083550646746,16.204577271956374],[73.62093218219839,16.204125998847584],[73.62121341134441,16.204037444054485],[73.62187442582017,16.203137931215018],[73.62159445425829,16.203045734819828],[73.62112427560183,16.203404204493634],[73.62056307589022,16.203400561486706],[73.6200979244193,16.203036020362998],[73.61888199467634,16.203028119610664],[73.61841307062214,16.20320583095771],[73.61841055267841,16.203567334847293],[73.61822348615283,16.203566118275383],[73.61813310095447,16.20311363011736],[73.61729256370104,16.202927401432188],[73.61748466855722,16.202205611226827],[73.61701763573723,16.202112191769835],[73.61701952592551,16.201841063976737],[73.6175832395578,16.201483212179483],[73.6177646366055,16.202297812806883],[73.61823167034368,16.20239123068087],[73.61842251234253,16.201850191259012],[73.61889332065726,16.20140135160083],[73.61889583736641,16.201039847563827],[73.61945703000514,16.201043494457544],[73.61954804660856,16.20140560626617],[73.6187972714512,16.201762247636978],[73.61898244882754,16.202034591592884],[73.61944948275185,16.20212800678772],[73.61935406309372,16.202398527086125],[73.61907346485236,16.20239670354027],[73.61907157740247,16.20266783155503],[73.62009918181833,16.202855268281727],[73.62094412047249,16.20240885351801],[73.62094914668404,16.20168584487273],[73.62029567652922,16.20150084233313],[73.61992531934604,16.200956156353744],[73.61955119099484,16.200953726092937],[73.61955370643209,16.20059222194011],[73.61964912475196,16.200321701419103],[73.62030447584696,16.200235577409533],[73.62011929803461,16.19996323455096],[73.62030761827116,16.199783697042093],[73.62114563383477,16.200331417454873],[73.62142748536915,16.200152485810467],[73.62152604051897,16.199430083607783],[73.62134148957821,16.199067365601884],[73.62162396690377,16.198798057390782],[73.62096987711226,16.19870343367572],[73.6208750896877,16.198883578925113],[73.62115505512106,16.198975775823484],[73.6210590114864,16.19933667337147],[73.62059449623628,16.198881757771606],[73.62078469959437,16.198431091399105],[73.62143941626927,16.198435339480664],[73.62144255574094,16.19798345882009],[73.6219120925607,16.19771536338159],[73.62201189918099,16.19681220823357],[73.62145134573214,16.19671819286528],[73.62126240166337,16.19698810787941],[73.62144506724663,16.19762195427739],[73.62079035325345,16.19761770642052],[73.61967050153909,16.1972489154069],[73.61882872865466,16.19724344660141],[73.61883124480013,16.196881942433116],[73.61911246411367,16.19679338964084],[73.61883376088178,16.196520438252175],[73.61686648297773,16.196959545199157],[73.61668194281708,16.19659682390169],[73.6169663117076,16.196056394108506],[73.61921291137173,16.195799860615242],[73.61967804518724,16.19616440247837],[73.62005216452985,16.196166831817838],[73.61996366244665,16.195443215776685],[73.62024487928622,16.19535466127691],[73.62034092184344,16.194993763931336],[73.62089832960713,16.195539662506643],[73.62183048753872,16.19599760986383],[73.62257998090357,16.19582170786996],[73.62248331447162,16.196272982673026],[73.62276265002492,16.1964555534449],[73.6225743352395,16.19663509360053],[73.62266410170577,16.19717795687941],[73.6224764134848,16.19726712069677],[73.62247453131396,16.197538249232093],[73.6227544958181,16.197630443944686],[73.62275324126509,16.1978111963174],[73.62247264910728,16.19780937776029],[73.62247076686482,16.198080506281375],[73.62275135940574,16.198082324870548],[73.62256116077032,16.198532993389364],[73.62359062957414,16.198449283271504],[73.6238693423586,16.19872222908731],[73.62434013133465,16.198273375702335],[73.6243457703642,16.197459989491076],[73.62529046807117,16.19611039717829],[73.62501363504677,16.195566324425304],[73.62454473356101,16.195744051216067],[73.62435955330393,16.195471711816097],[73.62548378763454,16.195207843910246],[73.62549004674541,16.19430408075367],[73.62577251157781,16.194034765951727],[73.6254938020214,16.193761822821767],[73.62540715786777,16.192767078453393],[73.6251271985181,16.192674887629583],[73.62512907647023,16.192403758667158],[73.62597208225286,16.19222844823315],[73.6261610151926,16.191958528069616],[73.6269079898277,16.192144114837177],[73.62699214087475,16.19350036474963],[73.62624265907523,16.193676283322016],[73.62614725344822,16.193946807909334],[73.62661614940986,16.193769077114982],[73.62698713935065,16.194223375792948],[73.62726772697293,16.19422518800079],[73.62736000610806,16.194406544769155],[73.62689235964535,16.19440352438724],[73.62698338804104,16.194765634042227],[73.62810574180831,16.194772880908516],[73.62819677257535,16.19513499021501],[73.62960221438539,16.19478253418487],[73.6302531789415,16.195329013148374],[73.6303435901358,16.19578149832933],[73.63108996058165,16.196057448255054],[73.6311809972973,16.19641955670449],[73.631651142014,16.19606106186874],[73.63230647672252,16.195974899316152],[73.63258955832777,16.19561519838765],[73.63315011640367,16.19570918454574],[73.6331519837683,16.195438054746816],[73.63361901165872,16.195531438164593],[73.63399002160425,16.19598572602751],[73.63473826418426,16.195990533621835],[73.63482806421442,16.196533394329887],[73.63538924787095,16.19653699817854],[73.63529198807657,16.197078657661223],[73.63501077380555,16.19716723239191],[73.63482744248226,16.19662377098443],[73.63417272809775,16.19661956459819],[73.6340760870647,16.197070846640916],[73.63379549461814,16.197069043110606],[73.63379798347478,16.196707536658938],[73.63351739157453,16.196705732800854],[73.63342137141132,16.19706663782769],[73.63201840994824,16.19705761215549],[73.63201529474492,16.197509494866374],[73.63164054776409,16.197597462912338],[73.63173220917588,16.19786919468033],[73.63135808478417,16.19786678565041],[73.63117289294262,16.197594451369543],[73.63061233097834,16.197500459674092],[73.6306173203641,16.19677744775198],[73.63024319820533,16.196775036917693],[73.6300536414669,16.19713533713612],[73.62921248968973,16.19703953304737],[73.62884148959813,16.196585237574233],[73.62884461183963,16.196133355426],[73.62809762012046,16.195947774238057],[73.62819614788062,16.19522536663011],[73.62791555873503,16.195223555538874],[73.62763371971303,16.195402496862734],[73.62781765486199,16.195855586543704],[73.62762746991487,16.196306260741448],[73.627904311254,16.19685033068375],[73.6268685970217,16.19783782595685],[73.62658800433961,16.197836012829303],[73.62630428332888,16.19828608092545],[73.62714918973948,16.1978396387142],[73.62761684434842,16.197842659153782],[73.62808012498016,16.198478313263195],[73.62892315537563,16.198302993004727],[73.62891815932198,16.19902600430895],[73.6287310962488,16.199024797316042],[73.62864006328748,16.19866268815466],[73.62835821969796,16.198841630057842],[73.62835447100636,16.1993838883846],[73.62872859778635,16.1993863029208],[73.62853778606511,16.19992735407582],[73.62816303339035,16.200015315498543],[73.62816428319582,16.1998345627514],[73.6278836875376,16.19983275111724],[73.62760746789739,16.199198304621927],[73.62769787400062,16.199650790440607],[73.62741602818649,16.199829730904206],[73.62741415245061,16.200100859938573],[73.62825531563333,16.200196672052506],[73.62853341284101,16.20055998877083],[73.62890754186651,16.200562403162376],[73.62890941561828,16.200291273969558],[73.62909647989935,16.200292480897208],[73.6293708325016,16.201198055105802],[73.62974621132263,16.20101971526837],[73.63030615852075,16.20120408639585],[73.630304910555,16.201384839282372],[73.6299314039144,16.201292050803026],[73.63002244009073,16.201654159598057],[73.63077257413872,16.201387853419973],[73.63058862793945,16.200934765612992],[73.6306865269276,16.20030273313814],[73.63040780198268,16.200029795413023],[73.63097086535757,16.199762282248173],[73.6309746069921,16.199220023344957],[73.63162995237212,16.199133863727436],[73.63181016026185,16.20012920983692],[73.63115481159006,16.200215369756187],[73.63115169377944,16.200667252169428],[73.63161873247692,16.200760640811975],[73.63208826428,16.20049252239633],[73.63283340921794,16.2009492207059],[73.6334887600369,16.200863055743643],[73.63460617518699,16.201593283759195],[73.63554150512111,16.201599292150583],[73.6357242203824,16.202233129837474],[73.6360035774994,16.20241568468025],[73.63703244531416,16.202422287244886],[73.6372151659889,16.20305612402381],[73.63665334230352,16.203142900255976],[73.63665085760667,16.203504406920814],[73.63711542253392,16.203959290876586],[73.63598928350055,16.204494347407927],[73.63589201963948,16.20503600659879],[73.63607722441009,16.205308337608823],[73.63663967569116,16.205131186756027],[73.63710362303529,16.20567644762161],[73.63757129806652,16.205679447570194],[73.6375737814378,16.205317940840267],[73.63785624809648,16.205048610185816],[73.63776519628905,16.204686503646265],[73.63804642056566,16.204597926050756],[73.63822852545425,16.20532213894113],[73.63757067721387,16.205769824250705],[73.63747465853683,16.20613073103979],[73.63691468958616,16.20594637731922],[73.63606727964365,16.206754363549987],[73.63578667326878,16.206752561601853],[73.63560146773135,16.206480230301686],[73.63560519834381,16.205937970689096],[73.63522981426824,16.206116320492303],[73.63532086179893,16.20647842776795],[73.63494361016801,16.206927906678636],[73.63540880015437,16.207292417955657],[73.63493801112239,16.20774129578615],[73.63549860462577,16.20783527835223],[73.63550109212338,16.207473772008573],[73.63578356468352,16.207204444614014],[73.6360629284912,16.207386999835578],[73.63558903133178,16.20828776213801]]]},"id":"153"},{"type":"Feature","properties":{"id":"154","metrics:area":2646250,"metrics:perimeter":16479.15893610154},"geometry":{"type":"Polygon","coordinates":[[[73.68048623991744,16.208661808055457],[73.67983267692577,16.208476982906404],[73.68002516728062,16.207664741447367],[73.67983809211975,16.20766357883188],[73.67974696136918,16.20730148453351],[73.67937281179005,16.20729915869858],[73.67937521923474,16.206937645811713],[73.67797216141271,16.206928918270208],[73.67750809182715,16.20638373808788],[73.67741756852234,16.205931264946127],[73.67629452556201,16.20601465185178],[73.67611107200864,16.205471217383423],[73.67555226779294,16.205106206774207],[73.67537364553122,16.203839747033896],[73.67518657433025,16.20383858058997],[73.67509062397322,16.204199509670964],[73.67471648095108,16.204197176069815],[73.67444130953676,16.203382022814495],[73.67472372709847,16.203112639102383],[73.67500433282618,16.203114389241573],[73.67509545343657,16.203476484928956],[73.67537605972123,16.203478234615464],[73.67537787032357,16.20320710029335],[73.67677969456007,16.2033965993346],[73.67753038846776,16.203039745639877],[73.6775315935426,16.202858989260545],[73.67799686039602,16.20322341255346],[73.67827927326026,16.202954023734584],[73.67828168201665,16.20259251086018],[73.67790995091754,16.202228670269772],[73.67782003018442,16.2016858189894],[73.67847657920672,16.201418757474407],[73.67894124294105,16.201873556874475],[73.67950245188547,16.20187704538486],[73.67987839552192,16.201608235378224],[73.67996772054246,16.20224146449095],[73.68043539571468,16.20224436949098],[73.68071299552105,16.202698003548058],[73.68108773753066,16.202609948059628],[73.68043840160087,16.2017924779716],[73.68053554311598,16.201250788961303],[73.68025554062311,16.201158668016667],[73.6800714780891,16.20070561455897],[73.68016982227157,16.199983169076184],[73.67988922038464,16.19998142608534],[73.67997854511914,16.200614655236066],[73.67979027376981,16.200794249653786],[73.67848019141806,16.20087648803653],[73.67838906532968,16.200514393345284],[73.67820199703529,16.200513229788093],[73.67791537179166,16.201415266350857],[73.677076574306,16.20095813594841],[73.67754665568899,16.200599534252518],[73.67783207654465,16.199878254612003],[73.67708681908077,16.19942170660564],[73.67737043217812,16.1989715621598],[73.67727810378135,16.19879022357752],[73.67680983464365,16.198877690430646],[73.67681164274484,16.198606555833663],[73.67643811287047,16.1985138478576],[73.67644052428443,16.19815233510218],[73.67681586151387,16.197973908413065],[73.67710188292011,16.19716225127544],[73.6780390145576,16.196896936311873],[73.67804082074645,16.196625801529386],[73.67766849822183,16.196352339431794],[73.67823149712814,16.196084695329798],[73.67804985117529,16.195270127510422],[73.67786399201218,16.195088207485156],[73.67730220030292,16.19517509431776],[73.67720987346206,16.194993755778594],[73.67702220800194,16.195082969807313],[73.67701618320584,16.195986752145874],[73.67748444536328,16.195899284301838],[73.67729256242772,16.196621146173182],[73.67691843336004,16.196618817507883],[73.67645499148378,16.195983258304476],[73.67524088646326,16.19570454873695],[73.67524209304754,16.195523792400927],[73.67571035456733,16.195436328439833],[73.67533683121299,16.19534361898221],[73.67533864091008,16.19507248445726],[73.67618283564485,16.194716215963727],[73.67618404129377,16.19453545954184],[73.6756240600085,16.194351207424184],[73.67562586919632,16.19408007284236],[73.676284805607,16.19345150338154],[73.67647608553627,16.192820020493063],[73.67731725752522,16.192915637889282],[73.67769258380815,16.192737208772517],[73.67806550188378,16.192920292123667],[73.67815662498268,16.19328238690273],[73.67844082760801,16.19274186163625],[73.67862788859614,16.192743024440954],[73.67871901268471,16.19310511905478],[73.6789066755596,16.193015903316148],[73.67890968311947,16.1925640116846],[73.6792826021748,16.19274709296204],[73.67956680097014,16.192206565879204],[73.67993972007766,16.1923896460047],[73.68059563428848,16.192212953615925],[73.6808750240788,16.192395451667085],[73.68049729773576,16.192935400208867],[73.6800320484847,16.192570983496097],[73.67956439618246,16.192568079294283],[73.67956259255165,16.192839214347316],[73.67974785030665,16.193111511238317],[73.68049429371693,16.1933872921149],[73.68049189043326,16.193748805625532],[73.6810512750188,16.194023423529227],[73.68104827204813,16.194475315490287],[73.68179532288093,16.19466071386244],[73.68160465764217,16.19520182415146],[73.68207111619506,16.195385481165445],[73.68215924673707,16.1961994668609],[73.68131925817906,16.19592311068235],[73.68140738567571,16.196737096439215],[73.68159324975865,16.196919013692526],[73.68271504102296,16.197016351586583],[73.68289790725663,16.197650159963196],[73.68345910515431,16.197653637143887],[73.68355803428479,16.19684081040622],[73.68309217053864,16.196566777879706],[73.68318810182733,16.19620584358122],[73.68263110765831,16.195569716935314],[73.68347829137232,16.194761526300123],[73.68394535028347,16.194854800767825],[73.68441720231354,16.194225046143696],[73.68525778783963,16.19441101136253],[73.68563251251922,16.194322946485972],[73.68563430803387,16.194051810806357],[73.68600783524988,16.194144502349918],[73.68591250867193,16.194415059873727],[73.68666016323127,16.194510062870876],[73.68712423435562,16.195055223457267],[73.68740483009667,16.195056956383887],[73.68666135932368,16.194329305680313],[73.68694434561493,16.19396952471102],[73.68694733506534,16.19351763165409],[73.68732385061435,16.193158427724708],[73.68769857225502,16.19307035895302],[73.6881638380106,16.19343475999062],[73.68872502518037,16.19343822239276],[73.68872801047405,16.192986328989754],[73.6894750651183,16.19317170050511],[73.68955845222725,16.19470871507075],[73.69011964331278,16.194712174056242],[73.69020899999934,16.195345401443326],[73.69058133976588,16.195618842727416],[73.69114610990124,16.19508002670055],[73.69086789830531,16.194716783733682],[73.69105734628968,16.19435642072623],[73.69133794148621,16.19435814838924],[73.6914267061306,16.19508175432142],[73.69161377030241,16.195082905863014],[73.69161674933972,16.19463101200586],[73.69189734498731,16.19463273895902],[73.69226909053981,16.19499655616947],[73.69225896623588,16.196532995552346],[73.69272424877252,16.196897387700986],[73.69309838074803,16.196899688586843],[73.69309599987231,16.197261203811742],[73.69394077274006,16.196814484335],[73.69393660887623,16.197447136188714],[73.6935612856933,16.19762559434099],[73.69355890554823,16.197987109608256],[73.6930900474188,16.19816499181879],[73.69234296996233,16.19797963146922],[73.69234177876028,16.198160389010216],[73.69271531762293,16.19825306952645],[73.69242995211636,16.19897437343117],[73.69289702654909,16.199067629224047],[73.69289821731577,16.198886871658242],[73.69336648218004,16.19879936882221],[73.69383296185333,16.19898300137674],[73.6938299870182,16.19943489545037],[73.69308111803082,16.19952067368148],[73.69270876757332,16.199247236085682],[73.6922410971545,16.19924435861317],[73.69214577585925,16.19951491925214],[73.69242518722577,16.19969740353388],[73.69232807885085,16.200239100504948],[73.69260927806926,16.20015044833794],[73.69270519462644,16.199789508714122],[73.69317167583024,16.199973142829833],[73.69392233136844,16.199616227965205],[73.69401289114153,16.20006869689476],[73.69419996020753,16.200069846504626],[73.69372871723024,16.200609244980335],[73.69391400181884,16.20088153129169],[73.6937209810264,16.20178416930228],[73.69409095764443,16.202419120705237],[73.6935309343214,16.202234913053278],[73.69352676768084,16.202867564481114],[73.69315202896951,16.202955642284447],[73.6929661482674,16.202773734048353],[73.69296495726122,16.20295449155308],[73.6926843497271,16.202952765147398],[73.69277550316964,16.20331485563005],[73.69258723975867,16.20349446201063],[73.6927743119478,16.203495613111787],[73.69277252508672,16.20376674932847],[73.69258485692895,16.203855976937582],[73.69314428816848,16.204130566076145],[73.69323127464364,16.205125307642376],[73.69351248065222,16.205036654797357],[73.69351545729576,16.204584761018946],[73.69407727226327,16.204497832824355],[73.69407846237561,16.204317075265347],[73.69370491148874,16.20422439631419],[73.69408441271109,16.203413287422972],[73.69464562943051,16.20341673626168],[73.69464325036373,16.203778251489148],[73.69483151234499,16.203598643174175],[73.69501739560019,16.203780549945918],[73.69454852442284,16.20395843437432],[73.69464027644541,16.204230145505743],[73.69398135520512,16.204858772928368],[73.69463849204917,16.204501281906218],[73.69473381296181,16.204230720198545],[73.69510736448314,16.20432339737604],[73.69510617530779,16.20450415500933],[73.6944496340864,16.204771268750015],[73.69407132147514,16.205401620572065],[73.6935106946208,16.205307791054935],[73.69350950391433,16.205488548556037],[73.69379011512797,16.205490274134476],[73.69378713893467,16.205942167924125],[73.69285117054889,16.206026793108236],[73.69322472424858,16.20611947376523],[73.69340882178362,16.20657251818073],[73.69369181575765,16.206212729009756],[73.69434836274168,16.205945618071073],[73.69454079138742,16.20513335871202],[73.69500788145561,16.205226610945637],[73.69510260769127,16.20504642789028],[73.69622564506406,16.204962940530805],[73.69631561757801,16.205505787671385],[73.69565194133583,16.206857450847018],[73.69518365777803,16.20694495733822],[73.69508774116191,16.20730589792184],[73.69462302586027,16.206851130412996],[73.6945277032603,16.207121691902834],[73.6948059375543,16.20748493143047],[73.69424470928911,16.207481482173872],[73.69377404256349,16.20793050036423],[73.69330694701776,16.20783724501607],[73.69274393068754,16.208104927829716],[73.69199920146328,16.207558049006575],[73.6913396641517,16.208277045267167],[73.69059135787876,16.208272433500944],[73.68985141137418,16.207002518716326],[73.6894766635804,16.207090589308184],[73.68928421201792,16.207902842272357],[73.68666574679318,16.20779628610518],[73.68638393572637,16.207975307819616],[73.68573456085834,16.207157851418337],[73.68536041064579,16.207155536148125],[73.68516854168033,16.207877405705133],[73.68498146593043,16.207876247603988],[73.68442443581753,16.207240123496707],[73.68320904810327,16.20714221056366],[73.68255608721091,16.206867015612293],[73.68236661063426,16.207227368607732],[73.68255248473399,16.20740928563861],[73.68254828167109,16.208041933966733],[73.68086339840987,16.2082122407949],[73.68048623991744,16.208661808055457]]]},"id":"154"},{"type":"Feature","properties":{"id":"155","metrics:area":7150,"metrics:perimeter":340.08723618841645},"geometry":{"type":"Polygon","coordinates":[[[73.70228945332752,16.19315993020862],[73.70248242428308,16.192257280243506],[73.70304302082991,16.192351083815478],[73.70332184337677,16.192623933095216],[73.70275711128603,16.193162784529303],[73.70228945332752,16.19315993020862]]]},"id":"155"},{"type":"Feature","properties":{"id":"156","metrics:area":563350,"metrics:perimeter":9738.129731594034},"geometry":{"type":"Polygon","coordinates":[[[73.61055757072724,16.202973843081278],[73.61028077169505,16.20242975386041],[73.60953187906946,16.202515233930992],[73.60934861565084,16.201971755815393],[73.60954138104474,16.201159599257718],[73.60935558452601,16.20097762376595],[73.6078597122519,16.200877448745366],[73.60767455190617,16.200605096335746],[73.6065547139332,16.200236236867514],[73.60646372187658,16.199874121340123],[73.6062766597832,16.199872894522827],[73.60627856437117,16.199601767911613],[73.60712034276864,16.19960728719631],[73.60730994220017,16.1992470109336],[73.60759053458504,16.199248849664666],[73.607681528548,16.199610964868302],[73.60749446660546,16.199609739142183],[73.60739649512135,16.200241755268518],[73.60814474533987,16.20024665771644],[73.60824334843274,16.19952426544506],[73.60787239523171,16.199069936818585],[73.60824651817552,16.199072387361678],[73.60843611505288,16.19871210987666],[73.60796846219434,16.198709047078307],[73.60787302933849,16.198979561213932],[73.60759370575745,16.19879697169543],[73.60806262676357,16.198619284105234],[73.60815932704334,16.198168018597475],[73.60843991800428,16.198169856088295],[73.60862380997456,16.19862295907145],[73.6090914627609,16.198626020412107],[73.60918309283397,16.19889775952907],[73.60946368494915,16.198899595748827],[73.60984224017481,16.198269413676773],[73.61012156537038,16.198452000351057],[73.61049632039462,16.1983640711336],[73.61021826093082,16.198000733527554],[73.60975124260058,16.197907299094663],[73.6097563081137,16.19718429357727],[73.60938535515483,16.19672996756676],[73.60957368100208,16.19655044003644],[73.61022648954467,16.19682584931267],[73.61041544764025,16.196555945262933],[73.61023092005578,16.196193219295417],[73.6096722759843,16.195828046309188],[73.60958191265408,16.195375555984132],[73.60864535508874,16.195550186955664],[73.60790029212652,16.19509340946522],[73.60790346173572,16.194641531259936],[73.60837300607659,16.1943734664673],[73.60809812465915,16.193558248401114],[73.60865929356984,16.193561922157947],[73.60875472215933,16.1932914072485],[73.6083806100307,16.193288958449422],[73.60838314455346,16.192927455751466],[73.60772718182545,16.193103920170927],[73.60707629183386,16.1925573774663],[73.60642286753264,16.192372335448074],[73.60642477099076,16.192101208628973],[73.60736004505713,16.19210733755983],[73.6077309853244,16.192561666260975],[73.60782958374837,16.19183927349505],[73.60755090366284,16.191566308933627],[73.60783148521945,16.191568146499595],[73.60802044079021,16.191298244313813],[73.60857843591799,16.191753796255117],[73.60998451018739,16.191311094961033],[73.61054124509693,16.191947393636056],[73.61119530523878,16.192042047397376],[73.6112869359812,16.192313785757705],[73.61156751904076,16.19231561847602],[73.61146830147426,16.19312838978124],[73.6118411496717,16.193311584737167],[73.6118398855351,16.193492336347408],[73.61146577253623,16.19348989294744],[73.61136971512417,16.193850785133815],[73.61211794251567,16.193855671719678],[73.61239347306122,16.194580510067166],[73.61267658637414,16.19422083825951],[73.61342481557618,16.194225720354545],[73.613700982722,16.19486018153058],[73.61435505466791,16.19495482640578],[73.61416421007529,16.195495862167746],[73.61509067343127,16.196767220993905],[73.61574223084408,16.19722336581079],[73.61592992155546,16.197134208173434],[73.61565059213193,16.196951628842523],[73.61574664388897,16.1965907343341],[73.6163084533615,16.196504012618327],[73.61649488299949,16.196595606317207],[73.61639757228643,16.19713725316743],[73.61676980299484,16.197410816306608],[73.61667438258503,16.19768133541035],[73.61545533438313,16.198125297141047],[73.61386657769835,16.19793418061652],[73.61377178451133,16.198114322237416],[73.61274231726392,16.198197984590603],[73.61292558760186,16.198741460417832],[73.61460851115909,16.198842818302438],[73.61460661804578,16.199113945894627],[73.61404416941129,16.199291038297634],[73.61422807541464,16.199744137460797],[73.61469510092685,16.199837562536683],[73.61469194571082,16.20028944182743],[73.61440882625071,16.20064911573247],[73.61516149613448,16.200021362496024],[73.615628522899,16.200114785602192],[73.61572394614271,16.199844267229786],[73.61600327949407,16.200026846737508],[73.6159065955049,16.20047811705752],[73.61618466910457,16.200841448215847],[73.6159021818527,16.20111074834616],[73.61580423569931,16.20174277029126],[73.6153353125863,16.20192047488585],[73.61552048508722,16.20219282149893],[73.61608231068108,16.20210610166472],[73.61608041917944,16.202377229343348],[73.61495802810686,16.202369915657297],[73.61486954389605,16.201646299129624],[73.61505850115631,16.20137639093426],[73.61459273411458,16.20110221468637],[73.61393801053957,16.201097944832597],[73.61412886239414,16.200556910017003],[73.61366183558653,16.200463483591424],[73.61366309863757,16.20028273195952],[73.61394369324589,16.200284562417156],[73.6140416441505,16.199652541650455],[73.61348361457706,16.1991970016769],[73.61301532779751,16.199284325695942],[73.6122696080876,16.19891793758457],[73.61255715205274,16.197925636042836],[73.61199976290311,16.19737971696407],[73.61162437788441,16.197558024800188],[73.61162248085284,16.197829152081248],[73.61115609455751,16.197645344971335],[73.61115166657652,16.198277975151484],[73.61077564639008,16.198546657003604],[73.61086474783338,16.199179898453636],[73.6106776860434,16.199178675560752],[73.6106757875182,16.199449802691316],[73.61189042650341,16.19963850020371],[73.6115131394983,16.20008793468041],[73.61216343360513,16.200724842052463],[73.6121615369189,16.20099596931505],[73.61140948707008,16.20153333512045],[73.61140695664031,16.201894837992256],[73.61205978517025,16.202170243068846],[73.61131026110168,16.202346105259444],[73.61131342444202,16.201894226705452],[73.61112699279869,16.201802628302417],[73.61131785295007,16.201261596696614],[73.6108514591867,16.201077788368877],[73.61094562377197,16.200988024123138],[73.61085399049391,16.200716285554794],[73.61075792739568,16.20107717686755],[73.61010193861199,16.20125364655112],[73.61010003904356,16.201524773562365],[73.61047416697089,16.201527220544655],[73.61037557031244,16.20224961427557],[73.61065363538924,16.202612952021504],[73.61102776545665,16.202615398188847],[73.6108381687707,16.20297567793506],[73.61055757072724,16.202973843081278]]]},"id":"156"},{"type":"Feature","properties":{"id":"157","metrics:area":25850,"metrics:perimeter":920.2126702585109},"geometry":{"type":"Polygon","coordinates":[[[73.67403403115293,16.194341294921426],[73.67403644628973,16.193979782377152],[73.67347828103202,16.19352439049614],[73.67339139473987,16.192529647480598],[73.67357966299329,16.19235005844501],[73.67320916701374,16.19180545510344],[73.67349096445496,16.191626449780912],[73.67470685187905,16.191634032869814],[73.67470504172445,16.19190516741276],[73.67423618478593,16.1920830079348],[73.67385783817261,16.192713321538026],[73.67469418007352,16.193531974521267],[73.67450229016102,16.19425383344519],[73.67403403115293,16.194341294921426]]]},"id":"157"},{"type":"Feature","properties":{"id":"158","metrics:area":900,"metrics:perimeter":162.26784060098282},"geometry":{"type":"Polygon","coordinates":[[[73.62831403610339,16.191701289332013],[73.62831528509483,16.191520536432265],[73.62803470117146,16.191518725900828],[73.62812947828772,16.191338576563712],[73.62859586905383,16.191522346593654],[73.62831403610339,16.191701289332013]]]},"id":"158"},{"type":"Feature","properties":{"id":"159","metrics:area":1100,"metrics:perimeter":134.4766094595442},"geometry":{"type":"Polygon","coordinates":[[[73.72128342802948,16.192190430892005],[73.72119164291067,16.191918728728595],[73.72156635177991,16.191830598969354],[73.72156460559547,16.19210173857562],[73.72128342802948,16.192190430892005]]]},"id":"159"},{"type":"Feature","properties":{"id":"160","metrics:area":162300,"metrics:perimeter":3439.526722272552},"geometry":{"type":"Polygon","coordinates":[[[73.72863829611427,16.197567171830634],[73.72770758571947,16.196838534206073],[73.72686577760243,16.196833493360213],[73.72677398299419,16.196561793022727],[73.72649338074883,16.19656011190654],[73.7264916407571,16.196831251914716],[73.72611692379576,16.196919389799],[73.72602513020709,16.196647689210547],[73.72555862058574,16.19646412554073],[73.72556152260847,16.196012225672177],[73.7247197187011,16.196007176578085],[73.72463083140235,16.195283575795134],[73.72509849848188,16.195286381332494],[73.72463547761697,16.19456053617791],[73.72482835034224,16.193657858805086],[73.72454426774182,16.194198455159107],[73.72417013620233,16.194196209982678],[73.72323829586001,16.193648314694673],[73.72202004486572,16.194002527713874],[73.72183705348557,16.193368743954142],[73.72239882969934,16.19328173757628],[73.72240115659771,16.19292021802162],[73.72277528547362,16.19292246613888],[73.72334287288292,16.191931657877337],[73.72408880357169,16.192297669700306],[73.72418407818543,16.192027091148912],[73.72465115685104,16.192120277097665],[73.7244629315214,16.192299914764085],[73.72474120498308,16.19266311803696],[73.72511649465338,16.192484602023775],[73.72474468876993,16.19212083817195],[73.72502702600939,16.19185138117525],[73.7255882169003,16.19185474595777],[73.72577354012071,16.192127007274898],[73.72680239191675,16.192133171401807],[73.72670306246901,16.19303641168367],[73.72651541777907,16.193125671189545],[73.72642304510381,16.192944350797738],[73.7263271929873,16.193305310543014],[73.72595364298334,16.193212688611354],[73.72623076047157,16.19375665022703],[73.72548075756957,16.194023305243263],[73.72510256244279,16.194653721554744],[73.7257590351715,16.194386507432142],[73.72603847402384,16.19456894930941],[73.72584676600056,16.19529086805338],[73.72780981066126,16.195483393291248],[73.72818162840333,16.1958471525198],[73.72865045541774,16.195669190167227],[73.72864756049236,16.196121090594776],[73.72902111748766,16.196213708246756],[73.729112336325,16.196575787926598],[73.7286411913334,16.197115271466085],[73.72863829611427,16.197567171830634]]]},"id":"160"},{"type":"Feature","properties":{"id":"161","metrics:area":4800,"metrics:perimeter":282.42706743590304},"geometry":{"type":"Polygon","coordinates":[[[73.69144458149108,16.192370391085845],[73.69107284210524,16.19200657281776],[73.69107522585007,16.191645057707614],[73.69191521339727,16.19192137509757],[73.69191283113904,16.1922828903201],[73.69144458149108,16.192370391085845]]]},"id":"161"},{"type":"Feature","properties":{"id":"162","metrics:area":600,"metrics:perimeter":111.2310562561766},"geometry":{"type":"Polygon","coordinates":[[[73.72193873280645,16.192103988054395],[73.72194106036409,16.191742468524886],[73.72203459200584,16.191743030778554],[73.72212579643409,16.19210511254704],[73.72193873280645,16.192103988054395]]]},"id":"162"},{"type":"Feature","properties":{"id":"163","metrics:area":5250,"metrics:perimeter":357.88661632744993},"geometry":{"type":"Polygon","coordinates":[[[73.61297106638737,16.192234400658663],[73.61260074556169,16.19168970435446],[73.61288637996083,16.190968528368142],[73.61316506719882,16.191241486454636],[73.61306648847061,16.19196388327245],[73.61334580859321,16.19214646535283],[73.61297106638737,16.192234400658663]]]},"id":"163"},{"type":"Feature","properties":{"id":"164","metrics:area":5350,"metrics:perimeter":301.48821067477667},"geometry":{"type":"Polygon","coordinates":[[[73.5829533953314,16.191403777507357],[73.58267410752855,16.191221157752686],[73.58277085955348,16.190769907763546],[73.58370482828506,16.19095688970858],[73.58370289394458,16.19122801390489],[73.5829533953314,16.191403777507357]]]},"id":"164"},{"type":"Feature","properties":{"id":"165","metrics:area":1758650,"metrics:perimeter":11006.476266645097},"geometry":{"type":"Polygon","coordinates":[[[73.57752652971624,16.2047435930577],[73.57762395057435,16.204201973044785],[73.57706275908568,16.204198214975943],[73.57706470413547,16.203927091893007],[73.57743883126716,16.20392959739267],[73.57753625177158,16.20338797736705],[73.57781814235807,16.2032091070758],[73.57735437409971,16.202663729776873],[73.57735826297673,16.202121483456768],[73.57707767018887,16.202119604491102],[73.5770750771097,16.20248110199685],[73.57688801493106,16.202479849117918],[73.57660871866747,16.202297220776483],[73.57642619657432,16.201663347026745],[73.57707961495508,16.201848481353466],[73.57736539220045,16.20112736512912],[73.57773692239556,16.201491367322472],[73.57801751437563,16.20149324534693],[73.57802010557101,16.201131747659137],[73.57708804184801,16.200673614341266],[73.5769074639765,16.199768617736478],[73.57634758218471,16.19958411003498],[73.57625924059397,16.198860488442723],[73.576541125403,16.19868161935101],[73.57635601216903,16.198409243148006],[73.57654566382796,16.198048998629183],[73.57636314468996,16.197415124908257],[73.57598967857284,16.19732224411872],[73.57570714667331,16.19759148697821],[73.57579743209705,16.198043985594815],[73.57560842791392,16.198313854985695],[73.57476926303556,16.197946714052435],[73.5747705613006,16.197765965406038],[73.57523820523687,16.197769101067877],[73.57552073799319,16.197499858907445],[73.57496021500293,16.197405722462374],[73.5746776816946,16.197674963829584],[73.57430356680639,16.19767245441001],[73.57430551479915,16.19740133148739],[73.57468157662159,16.197132717888728],[73.57430941067352,16.196859085620755],[73.57449971336644,16.196408468732244],[73.57422107695388,16.1961354636925],[73.57459648720214,16.195957224362505],[73.57506347792075,16.196050734417554],[73.57497189681888,16.195778984312376],[73.57469131329078,16.19577710291177],[73.57488550767133,16.194784239375764],[73.5746049255599,16.194782357973434],[73.57441397578866,16.19532334949774],[73.57394568838082,16.195410586794715],[73.57375603513135,16.195770828903356],[73.57384631556016,16.196223328002123],[73.57365925954387,16.196222072752306],[73.57366120823274,16.195950949869093],[73.57338062462222,16.19594906671914],[73.5734020619658,16.19296671489831],[73.57349363989121,16.19323846547386],[73.57452178359462,16.19333574123026],[73.57479587417814,16.194241366167635],[73.5755421453466,16.194517504732836],[73.57572530850818,16.195061004519612],[73.57600524269692,16.195153258869983],[73.57610071551653,16.194882762243886],[73.57675735221665,16.194616023743425],[73.57676448096593,16.193621904975554],[73.57732434688558,16.19380641036646],[73.57742305581863,16.19308404058752],[73.5781725641405,16.192908297412593],[73.57826932737744,16.192457050423055],[73.5777088165061,16.19236292221903],[73.57799198528453,16.19200330125914],[73.57827256388276,16.19200517787833],[73.57836285379781,16.19245767589894],[73.57873695952027,16.192460177391325],[73.57902077365866,16.192010180387125],[73.57930135239233,16.192012055649542],[73.5792981182271,16.192463928396432],[73.57976445732626,16.192647802233292],[73.58032690957313,16.192470801394816],[73.58051784026577,16.191929802911254],[73.58089194534445,16.191932300532898],[73.58098353344735,16.192204048686712],[73.58145181139695,16.192116795003546],[73.58126798824594,16.191663673605373],[73.58154985832662,16.19148479657664],[73.5822980672082,16.191489787397323],[73.58295016960606,16.191855650997557],[73.58444916920172,16.19150412134991],[73.58519673497788,16.19159947676121],[73.58557277203106,16.191330841694963],[73.58566951765144,16.19087958987139],[73.58604490899253,16.190701328619525],[73.58613328552589,16.1914249492309],[73.5866905824375,16.191970929548102],[73.58659319483418,16.19251255676731],[73.5867783180708,16.19278492487749],[73.58556118045833,16.192957588026694],[73.58565728326003,16.192596711136545],[73.58612491723278,16.19259982188232],[73.58566050297966,16.192144837147126],[73.5854689416129,16.19277621612601],[73.58509418998088,16.192864101203075],[73.58509161306146,16.193225600283043],[73.58555989242413,16.19313833760327],[73.58555538417572,16.193770961096327],[73.58649065771395,16.19377718244654],[73.58657903630595,16.19450080290747],[73.5867654482203,16.194592421483073],[73.5870492485244,16.194142412638392],[73.58742271561567,16.194235273950216],[73.58741885622743,16.1947775230426],[73.58779103855404,16.195051133526604],[73.58816707942299,16.19478249419399],[73.58798388145593,16.194239002428994],[73.58835799209764,16.194241487259095],[73.58854376201782,16.194423479215697],[73.58853540635698,16.19559835276227],[73.58816129312932,16.19559586804208],[73.5880645498695,16.19604712107329],[73.5887218203087,16.195689969765574],[73.5888192044794,16.195148341390713],[73.58919331697004,16.195150824886422],[73.58909079352712,16.19641545272129],[73.58965068133641,16.196599927122204],[73.58973971424248,16.19723317217908],[73.59021378052921,16.19633252542488],[73.59058917920095,16.19615425672724],[73.5905904629084,16.19597350680855],[73.59003121782888,16.19569866000413],[73.59003314408892,16.19542753517866],[73.59087489891002,16.195433117405713],[73.59115035123439,16.19615797727652],[73.59170895799343,16.19652319634803],[73.591519334417,16.196883456754783],[73.59105104758227,16.196970732046687],[73.59067436392115,16.197329751363238],[73.5909536681026,16.197512361765796],[73.59085628796976,16.198053991371523],[73.58963847683007,16.19831705042364],[73.58963654966834,16.198588175129306],[73.59066601929145,16.198504625671013],[73.59084858588993,16.199138490748748],[73.59065510604546,16.200040999563814],[73.59027841542576,16.200400017560447],[73.58896641562333,16.20075282582451],[73.58858714880353,16.20147333980165],[73.5883071986817,16.20138110091001],[73.58774343905108,16.201738870893358],[73.58606116682579,16.201546924605452],[73.58531098533243,16.20181306813772],[73.58502781347299,16.202172698473333],[73.5846536884198,16.202170206597955],[73.58464917462955,16.202802829305874],[73.58604635039613,16.203625543318417],[73.58547935786274,16.204435179850947],[73.58491880858311,16.2043410678095],[73.58472980938909,16.204610945672474],[73.58379513080915,16.204514337905493],[73.58267468062067,16.204235729006175],[73.58295721408649,16.20396647704219],[73.58267726379246,16.203874230679133],[73.58258114847416,16.204235104986182],[73.58220508186851,16.204503732176693],[73.58183159907256,16.20441086043768],[73.58173612815384,16.204681359662214],[73.58126782014001,16.20476861152248],[73.58089498406372,16.204585363625668],[73.58108528121,16.204134740552014],[73.58043249749466,16.203859243194806],[73.58034155298122,16.203497120229127],[73.58015448957848,16.203495870149382],[73.57987324745726,16.203584369197205],[73.57968165396436,16.204215739957295],[73.57865215438673,16.20429923341236],[73.57837026282432,16.20447810472933],[73.57836831948906,16.20474922795249],[73.57752652971624,16.2047435930577]]]},"id":"165"},{"type":"Feature","properties":{"id":"166","metrics:area":14900,"metrics:perimeter":688.0002976764866},"geometry":{"type":"Polygon","coordinates":[[[73.57976963030517,16.19192480569448],[73.57883760332932,16.191466682794452],[73.57856090818034,16.19092255980697],[73.57912206249831,16.190926310930564],[73.57940522660394,16.19056668767285],[73.58015213857131,16.1907524349571],[73.58014826020265,16.1912946825159],[73.57958710459289,16.191290934017523],[73.57958451791072,16.191652432286066],[73.5802404934147,16.191476056309007],[73.58023855427805,16.191747180083972],[73.57976963030517,16.19192480569448]]]},"id":"166"},{"type":"Feature","properties":{"id":"167","metrics:area":600,"metrics:perimeter":100},"geometry":{"type":"Polygon","coordinates":[[[73.71520737681854,16.191611498544795],[73.71520854669569,16.191430739251018],[73.71548914044979,16.19143243474124],[73.71548797082797,16.191613194054952],[73.71520737681854,16.191611498544795]]]},"id":"167"},{"type":"Feature","properties":{"id":"168","metrics:area":4500,"metrics:perimeter":290.4897137747171},"geometry":{"type":"Polygon","coordinates":[[[73.61204210859721,16.191324538096605],[73.61148347375513,16.19095937051827],[73.61223358563761,16.19069312832998],[73.6126039037704,16.191237825100238],[73.61204210859721,16.191324538096605]]]},"id":"168"},{"type":"Feature","properties":{"id":"169","metrics:area":2650,"metrics:perimeter":203.9834563766817},"geometry":{"type":"Polygon","coordinates":[[[73.69893120458556,16.191783662909916],[73.69883945096305,16.191511953313352],[73.69912241202856,16.191152154122246],[73.69930888090987,16.19124367770283],[73.69930532785123,16.191785952168896],[73.69893120458556,16.191783662909916]]]},"id":"169"},{"type":"Feature","properties":{"id":"170","metrics:area":15000,"metrics:perimeter":789.8283786778934},"geometry":{"type":"Polygon","coordinates":[[[73.62784202274145,16.192330906538558],[73.62718982455415,16.191965174116717],[73.62700526866819,16.191602460520173],[73.62644472627949,16.191508459232907],[73.62616664444366,16.19114514075216],[73.62672718562806,16.191239142686772],[73.62691861693617,16.190607716060885],[73.62766558751902,16.190793299851407],[73.6271948246045,16.19124216285846],[73.62728710250798,16.191423519595862],[73.62794242252089,16.1913373694336],[73.62765871494251,16.191787440557196],[73.62812510620819,16.191971211660377],[73.6281232324004,16.192242340975657],[73.62784202274145,16.192330906538558]]]},"id":"170"},{"type":"Feature","properties":{"id":"171","metrics:area":1200,"metrics:perimeter":147.33433128760743},"geometry":{"type":"Polygon","coordinates":[[[73.62813197653173,16.190977070776796],[73.62832152981429,16.19061677188612],[73.6286014881704,16.190708958409907],[73.62860023950554,16.19088971134516],[73.62813197653173,16.190977070776796]]]},"id":"171"},{"type":"Feature","properties":{"id":"172","metrics:area":2200,"metrics:perimeter":191.2310562561766},"geometry":{"type":"Polygon","coordinates":[[[73.58473554669177,16.190692616441034],[73.58483164951618,16.190331739881966],[73.58529927798698,16.190334852020538],[73.5852967018655,16.190696351218488],[73.58473554669177,16.190692616441034]]]},"id":"172"},{"type":"Feature","properties":{"id":"173","metrics:area":3900,"metrics:perimeter":279.4578810497105},"geometry":{"type":"Polygon","coordinates":[[[73.72268756896004,16.19201810513036],[73.72250341351594,16.191565081620876],[73.72222340054688,16.191473015477364],[73.72231867715765,16.19120243789559],[73.72287986562007,16.191205809694814],[73.72287521402728,16.191928849043386],[73.72268756896004,16.19201810513036]]]},"id":"173"},{"type":"Feature","properties":{"id":"174","metrics:area":2950,"metrics:perimeter":318.7657469248328},"geometry":{"type":"Polygon","coordinates":[[[73.72062987031723,16.192005732165118],[73.72072922631352,16.191102496579116],[73.72119746502459,16.191014930129988],[73.72082042811252,16.191464578737026],[73.72100399721026,16.192007983275616],[73.72062987031723,16.192005732165118]]]},"id":"174"},{"type":"Feature","properties":{"id":"175","metrics:area":2250,"metrics:perimeter":194.8418432072729},"geometry":{"type":"Polygon","coordinates":[[[73.58043400816724,16.19057355937055],[73.58034371394481,16.19012106184422],[73.58090486643303,16.19012480808286],[73.58090292837424,16.190395931970563],[73.58043400816724,16.19057355937055]]]},"id":"175"},{"type":"Feature","properties":{"id":"176","metrics:area":2450,"metrics:perimeter":206.53917998890583},"geometry":{"type":"Polygon","coordinates":[[[73.6107365224141,16.190773730980858],[73.61045847196155,16.19041039423259],[73.61102026485626,16.19032368526747],[73.61120478937784,16.190686410430636],[73.6107365224141,16.190773730980858]]]},"id":"176"},{"type":"Feature","properties":{"id":"177","metrics:area":11750,"metrics:perimeter":541.313752471534},"geometry":{"type":"Polygon","coordinates":[[[73.6907886737656,16.192547117629328],[73.69004400551388,16.192000235855158],[73.69042647487021,16.19073723817204],[73.69070706488066,16.190738966292322],[73.69079761475197,16.19119143612453],[73.69117054394302,16.1913744971838],[73.69116935218595,16.191555254751954],[73.6907952305721,16.19155295120982],[73.6907886737656,16.192547117629328]]]},"id":"177"},{"type":"Feature","properties":{"id":"178","metrics:area":3350,"metrics:perimeter":264.8949214282278},"geometry":{"type":"Polygon","coordinates":[[[73.72624293977383,16.191858669666267],[73.72634169044902,16.19104580965527],[73.72652933316718,16.190956550150858],[73.72671059907957,16.19186147108148],[73.72624293977383,16.191858669666267]]]},"id":"178"},{"type":"Feature","properties":{"id":"179","metrics:area":2000,"metrics:perimeter":185.91032963050384},"geometry":{"type":"Polygon","coordinates":[[[73.62766558751902,16.190793299851407],[73.62785576606595,16.19034262497952],[73.6282292512428,16.190435415540616],[73.62822737776467,16.19070654490686],[73.62766558751902,16.190793299851407]]]},"id":"179"},{"type":"Feature","properties":{"id":"180","metrics:area":2250,"metrics:perimeter":208.7401674548911},"geometry":{"type":"Polygon","coordinates":[[[73.60905367149404,16.190672347838632],[73.6085873043187,16.190488536467832],[73.60858920458783,16.19021740935038],[73.60933615123935,16.190403056124104],[73.60905367149404,16.190672347838632]]]},"id":"180"},{"type":"Feature","properties":{"id":"181","metrics:area":1898750,"metrics:perimeter":12295.915724808674},"geometry":{"type":"Polygon","coordinates":[[[73.7146214431545,16.209865340951062],[73.71452966106845,16.20959363641714],[73.71481203784126,16.209324196210776],[73.71425783228409,16.20823624583262],[73.71425959029298,16.207965107415554],[73.71463550380408,16.2076962334372],[73.7144531131184,16.206972065410948],[73.71398366217961,16.207240372885305],[73.71398190387643,16.20751151129136],[73.7128606120107,16.207323953743273],[73.7128647181925,16.206691297719953],[73.71352007303283,16.206604884675578],[73.71361537007314,16.206334312748382],[73.7131511976457,16.205789203372714],[73.71259114343138,16.205605044057954],[73.71287879514712,16.204522191060978],[73.71231698448257,16.20460916958497],[73.71241404203865,16.204067459878328],[73.71297467825933,16.204161239901172],[73.71260463580175,16.20352631686433],[73.71307525189798,16.203077252903345],[73.71270110530452,16.203074986337487],[73.71289286996026,16.20235308394792],[73.71224222273483,16.201716460472255],[73.71224867596784,16.20072228642275],[73.71271987206812,16.200182843228678],[73.71309401321078,16.200185109368395],[73.71318930705594,16.199914537292695],[73.71281751177216,16.19955075338938],[73.71234749068476,16.199909438012785],[73.71234925035114,16.199638299587818],[73.71253807975178,16.199368294577123],[73.71281868443128,16.19936999440059],[73.71282044339205,16.19909885591149],[73.71263220105035,16.199278481737167],[73.71253983909574,16.199097156117993],[73.71339278653947,16.197385043412517],[73.7133033546842,16.196751820442444],[73.71367748944469,16.19675408508887],[73.71386748554957,16.196303319382185],[73.71368451919598,16.195669530456225],[73.71406040881608,16.19540065556899],[73.713969803955,16.194948191824718],[73.71471982279311,16.194681578819164],[73.71444332230338,16.194047224814575],[73.71472509017407,16.19386816236298],[73.71472684590091,16.19359702353006],[73.71500568731969,16.19386985873927],[73.7148156964794,16.194320625918586],[73.71509746445948,16.194141562981482],[73.71510331516129,16.19323776673489],[73.715292134238,16.192967758408717],[73.71482681506252,16.192603413202086],[73.71483208129214,16.19178999655291],[73.71501797402489,16.191971886550597],[73.71557974783897,16.191884898117394],[73.71576505668229,16.192157167177044],[73.71576330253797,16.192428306157428],[73.71529622883475,16.192335100926158],[73.7152015272102,16.192515294966423],[73.71548153764272,16.19260737022406],[73.71557156051077,16.193150213238596],[73.71594393480596,16.1934236123788],[73.71575628562694,16.19351286200807],[73.71594101137957,16.19387551065357],[73.71603746701955,16.19342417732742],[73.71660041349651,16.19315642711142],[73.7166045039745,16.19252376931441],[73.71623096126517,16.192431130717864],[73.71651389403584,16.19207130621228],[73.71642153124989,16.191889982146833],[73.71604623610416,16.19206848233512],[73.71604798982096,16.191797343315397],[73.7162368061553,16.191527333922966],[73.71717036748068,16.191804118773888],[73.71708034051358,16.191261276098707],[73.71792504019785,16.19081445526],[73.71801565304722,16.191266918002807],[73.71763977650951,16.191535800937793],[73.71763802499636,16.191806940133876],[73.71829274567384,16.19181088831069],[73.71856983973252,16.192354858339453],[73.71922631186585,16.192087664425873],[73.71978283902729,16.192814082978312],[73.71959285990582,16.19326485532556],[73.71996757185617,16.19317672862944],[73.72024525502061,16.193630317065892],[73.72024175860027,16.194172595898937],[73.72061588951989,16.19417484798514],[73.72052119153683,16.194355044649857],[73.72108122376403,16.194539181492875],[73.72108413561546,16.194087282334152],[73.72127178332333,16.19399802787185],[73.72182832320495,16.19472444186259],[73.7222036191421,16.194545931493987],[73.72144545740659,16.196077889368595],[73.72134668276301,16.19689074511432],[73.72162844934404,16.19671167339778],[73.72181959209378,16.196080139593814],[73.72238079423529,16.1960835136976],[73.72229133366787,16.19545029241493],[73.72295013842142,16.194821567888397],[73.7234160601091,16.195095516771694],[73.72313894902979,16.19455155197056],[73.72379135556042,16.194917003553005],[73.72340210694618,16.19726463432902],[73.7236827098487,16.197266319596917],[73.72443679381078,16.19636701254441],[73.72490446340754,16.19636981869102],[73.72546334520517,16.196734704580113],[73.72526524580863,16.198450801800224],[73.7243258293405,16.19907784872686],[73.72460411109351,16.199441052615956],[73.72432350501502,16.199439368344656],[73.723852921737,16.199888459824948],[73.72384768970721,16.200701878734932],[73.72422241464444,16.20061374546648],[73.72403359903443,16.20088376188978],[73.72421776509279,16.20133678455592],[73.7239377377105,16.20124471970945],[73.72393541234996,16.201606239198814],[73.72449488729089,16.201880748501917],[73.72449256284922,16.20224226804842],[73.7248638048211,16.202696413222473],[73.7243967014987,16.202603226043063],[73.72430200220971,16.202783424211688],[73.72448733263995,16.203055686981948],[73.72486206190696,16.202967552901843],[73.72514034960807,16.203330756419458],[73.72551682125508,16.202971481464363],[73.72588574481017,16.20378714477384],[73.7253158077419,16.2051394767991],[73.72475516044939,16.205045728744388],[73.72409748739224,16.20549369657334],[73.72372333462185,16.205491449088505],[73.72363328617485,16.20494860813834],[73.72400801934764,16.204860475863285],[73.72410388279813,16.204499518247346],[73.7236379389502,16.204225569459467],[73.72345551700803,16.20350140680375],[73.72224069761305,16.203313337678356],[73.7219618332369,16.20304051053206],[73.72083938992128,16.203033755813355],[73.72055586443086,16.203483964893753],[73.72064415516554,16.2042979457683],[73.72111067728105,16.20448152109215],[73.72120654566935,16.20412056513598],[73.72195484536091,16.20412506794079],[73.7221448315744,16.203674294290863],[73.72251898068649,16.203676544310163],[73.72270256328247,16.204219947916982],[73.72223138219412,16.204759414318954],[73.72362921480286,16.20558126694099],[73.72353218643374,16.206122983845564],[73.722313275231,16.20656757246716],[73.72212736266812,16.20638568763275],[73.72091136184976,16.206378369232652],[73.7210025688688,16.206740451333417],[73.72184325209254,16.206926277912387],[73.72183975701292,16.207468556407772],[73.72146210461294,16.20800858306826],[73.71986843651219,16.208541283564056],[73.71995905884627,16.208993745643443],[73.71939548590964,16.209351881111495],[73.71855537969716,16.209075664693408],[73.71855713192667,16.208804525839433],[73.71874421105066,16.208805654437004],[73.7185623884153,16.20799110923492],[73.71912128837337,16.20835601293297],[73.71949602949739,16.208267889252486],[73.71959131956254,16.207997314155694],[73.71856355648316,16.2078103499808],[73.71819115273948,16.2075369535902],[73.71800349057625,16.207626204201382],[73.71790586125782,16.208258296861136],[73.71734345645143,16.208435667630734],[73.71752878154722,16.208707936026155],[73.71733936409059,16.209068324665946],[73.71705874519337,16.209066629825397],[73.7169675447642,16.208704546548198],[73.71678046586618,16.208703416392865],[73.71678280534356,16.208341898158796],[73.71715754716242,16.20825377867792],[73.71734813321292,16.207712630971766],[73.71678631444843,16.207799620784037],[73.71678397506001,16.208161139037028],[73.71603449126312,16.208337375997],[73.71612510466302,16.20878983908573],[73.71565623660872,16.208967770550494],[73.71593451409626,16.209330985326147],[73.71583863304313,16.209691937859525],[73.71518268270454,16.209868736863505],[73.71527915062963,16.209417405227203],[73.7150920711834,16.20941627353665],[73.7146214431545,16.209865340951062]]]},"id":"181"},{"type":"Feature","properties":{"id":"182","metrics:area":4750,"metrics:perimeter":389.6887381871888},"geometry":{"type":"Polygon","coordinates":[[[73.71894863302029,16.19163407491639],[73.71885743464404,16.191271992200612],[73.71932509121622,16.191274809760134],[73.71932858948014,16.190732530974554],[73.71951565162428,16.190733657670766],[73.71988569642328,16.19136856928927],[73.71960510227464,16.191366879607173],[73.7195098219615,16.191637455697233],[73.71941745650929,16.191456132744197],[73.71894863302029,16.19163407491639]]]},"id":"182"},{"type":"Feature","properties":{"id":"183","metrics:area":5000,"metrics:perimeter":277.13202223643987},"geometry":{"type":"Polygon","coordinates":[[[73.72558995756187,16.191583605918513],[73.72540695618278,16.190949824435624],[73.72596930463945,16.190772427965925],[73.72615520744685,16.190954308903713],[73.72596408438542,16.191585848244845],[73.72558995756187,16.191583605918513]]]},"id":"183"},{"type":"Feature","properties":{"id":"184","metrics:area":2550,"metrics:perimeter":206.53917998890586},"geometry":{"type":"Polygon","coordinates":[[[73.70520249313648,16.191098886890728],[73.70501778992276,16.190736230426587],[73.70557956253143,16.190649268479643],[73.70567014678124,16.191101734451866],[73.70520249313648,16.191098886890728]]]},"id":"184"},{"type":"Feature","properties":{"id":"185","metrics:area":1112000,"metrics:perimeter":10044.02341038149},"geometry":{"type":"Polygon","coordinates":[[[73.70736304416198,16.20403678814537],[73.7072724523804,16.203584322722033],[73.70783426128568,16.203497357483613],[73.70746305925059,16.203043185279128],[73.70680889351812,16.20294882182304],[73.70699891178107,16.202498064073136],[73.7068130178279,16.202316167053223],[73.70709480412613,16.20213711620407],[73.70738071216566,16.20132540997031],[73.70775544337847,16.201237306366775],[73.70784780164306,16.20141863378629],[73.70868903463332,16.201514130681588],[73.7086907994828,16.201242992689426],[73.7080384044433,16.200877495455252],[73.70766779506165,16.20033294451732],[73.70729424331971,16.200240289515214],[73.7072960099286,16.19996915164033],[73.70767191593072,16.1997002893768],[73.70832666007135,16.19970427012505],[73.70869844677591,16.200068061308087],[73.7089802282145,16.199889007566345],[73.70879668722593,16.19934559488148],[73.70804723243421,16.199521805691532],[73.70674069114223,16.199061944151314],[73.70626889338818,16.199691752413305],[73.70598828898054,16.19969004390974],[73.7057041470793,16.20023061045148],[73.70551707700437,16.20022947095635],[73.70579119677465,16.20122535169569],[73.70550705183194,16.20176591769923],[73.70559528009301,16.202579900443702],[73.7052175960218,16.20311989593979],[73.70465932866713,16.202664579215828],[73.70484817120732,16.202394582082512],[73.70456992390496,16.20203135472185],[73.70466700054119,16.20148964986851],[73.70391753496278,16.201665845220596],[73.70401461310117,16.201124140763724],[73.70373400691898,16.201122429136923],[73.70363810920934,16.201483375113952],[73.70317161307582,16.20129976304119],[73.7031787023303,16.200215213380904],[73.70346048840217,16.200036167339853],[73.7030875305273,16.19985312597777],[73.7021510006418,16.200028173687162],[73.70196629617078,16.199665514668013],[73.70224926467377,16.199305712015683],[73.70187749199549,16.19894191048348],[73.70094037409554,16.199207332180148],[73.70056682849597,16.19911466572156],[73.70056919604961,16.198753149481114],[73.7009451078104,16.198484299585417],[73.70047921337087,16.1982103031808],[73.70066924020006,16.1977595516129],[73.70122925931327,16.19794374008349],[73.70123517461694,16.197039949121013],[73.7005828083178,16.196674430853747],[73.7006864007366,16.195138558143437],[73.70153587963303,16.19396877342253],[73.70209766231197,16.193881821481714],[73.70228649886974,16.19361182605388],[73.70275356720222,16.19370505964193],[73.70322535979295,16.19307525861688],[73.70359830555911,16.19325829893322],[73.7034200974192,16.191901469815775],[73.70286068300396,16.191626908906493],[73.70276951451734,16.191264821411668],[73.70351657978833,16.191450144083504],[73.70463128289836,16.19263191598729],[73.70481834574704,16.19263305574246],[73.70472835277286,16.192090210293607],[73.70510247747879,16.19209248939455],[73.705380713286,16.19245571544662],[73.70528482393092,16.192816662975183],[73.70565953942165,16.192728561901077],[73.70603189796837,16.193001977374372],[73.70603602208347,16.192369322208396],[73.70575719585811,16.192096476237968],[73.70585308392069,16.19173552838482],[73.70632132817616,16.19164799529575],[73.70631838318614,16.192099891928528],[73.70650485673461,16.192191409493955],[73.70706839914996,16.191833305822136],[73.70660133238943,16.191740081873856],[73.70632309512534,16.191376857306622],[73.70660839849735,16.190655529763816],[73.70632721787601,16.19074420197109],[73.7062313312783,16.191105150168262],[73.70604485885637,16.191013632437002],[73.70623545424839,16.1904724948396],[73.70679604836357,16.190566288290253],[73.70670016271322,16.190927236772936],[73.7072601698722,16.191111408470235],[73.70716546189824,16.19129159846443],[73.7079131208309,16.191386526602212],[73.70762840921752,16.192017476744155],[73.70781311838878,16.19238013132978],[73.70865431336298,16.19247562566372],[73.70865548927226,16.19229486685212],[73.70931138453903,16.192118083942052],[73.70996375467352,16.192483575645007],[73.70996199256903,16.192754713996703],[73.71052376980828,16.192667739254336],[73.71080377780335,16.192759820532654],[73.71080142981063,16.193121338443973],[73.71164204362596,16.193307200779735],[73.71173029618812,16.194121183157066],[73.7120114798515,16.19403250400033],[73.71182852108323,16.193398713923823],[73.71239088601916,16.193221354793486],[73.71248207300363,16.19358343943376],[73.71266913732998,16.193584572346584],[73.71257326027279,16.193945524046946],[73.71294563143881,16.19421892823069],[73.71255977598851,16.196024253085476],[73.71227800317321,16.196203312268548],[73.71217919119478,16.197016161034767],[73.71180094918806,16.197646550049626],[73.71077148768158,16.19773069070816],[73.71076913886974,16.198092208446113],[73.71021028344538,16.197727285620324],[73.71020793361177,16.19808880327823],[73.71048736154027,16.198271264891535],[73.71029794320542,16.19863164739229],[73.71095151019762,16.1988163786644],[73.71086208592273,16.19818315526596],[73.71132917034434,16.19827637103724],[73.71113857934282,16.198817513280027],[73.7114185961445,16.198909594344467],[73.71141683529008,16.199180732688394],[73.71103741199167,16.199991878602123],[73.71001087631694,16.199624117685133],[73.70944966689508,16.19962071020215],[73.70935495617226,16.19980090088167],[73.70982028023074,16.200165258324784],[73.71019442091192,16.200167529566464],[73.71028501850023,16.200619994254712],[73.71065798538558,16.200803023553647],[73.71065681064874,16.20098378236393],[73.70972204283508,16.200887725410983],[73.70999794789995,16.201612464136602],[73.71065446113035,16.20134529997505],[73.71074623483202,16.201617005730306],[73.71102684249298,16.20161870814899],[73.71093037020343,16.202070037751604],[73.71055505089981,16.202248526327978],[73.71036915365978,16.20206663219695],[73.70952674116606,16.202151900441816],[73.70915436113096,16.201878489728603],[73.70877962911459,16.20196659575209],[73.70943144114015,16.20242247038031],[73.70924142832334,16.20287323071511],[73.7098961833406,16.202877207385058],[73.71017326664283,16.203421187267445],[73.71036034007187,16.20342232288161],[73.71045622699368,16.203061373115055],[73.71092332246641,16.20315459055365],[73.71101450988662,16.203516675630866],[73.71045035137767,16.20396516687118],[73.7101697404619,16.203963463451615],[73.7099850176796,16.203600810206535],[73.70904906177468,16.203685508101035],[73.70886022329843,16.20395550926288],[73.70839548131381,16.20350077002533],[73.70811487128294,16.20349906393966],[73.70736304416198,16.20403678814537]]]},"id":"185"},{"type":"Feature","properties":{"id":"186","metrics:area":2800,"metrics:perimeter":215.9878083047767},"geometry":{"type":"Polygon","coordinates":[[[73.71848622659697,16.190817838575892],[73.71839444589088,16.19054613549106],[73.71867620538565,16.190367067129156],[73.71914211046696,16.190641024320133],[73.71914094423097,16.190821783906802],[73.71848622659697,16.190817838575892]]]},"id":"186"},{"type":"Feature","properties":{"id":"187","metrics:area":4000,"metrics:perimeter":240.7091678547725},"geometry":{"type":"Polygon","coordinates":[[[73.72110451599012,16.1909239876718],[73.72063860723487,16.190650034547247],[73.7208279987613,16.190289640664318],[73.72120212244982,16.190291891194406],[73.72138743806478,16.190564155839333],[73.72138569178009,16.190835295458836],[73.72110451599012,16.1909239876718]]]},"id":"187"},{"type":"Feature","properties":{"id":"188","metrics:area":1900,"metrics:perimeter":181.66039385937876},"geometry":{"type":"Polygon","coordinates":[[[73.69042826341929,16.190466101878606],[73.69033592598326,16.190284768240318],[73.69080536291872,16.190016512010217],[73.69089591281737,16.19046898182269],[73.69042826341929,16.190466101878606]]]},"id":"188"},{"type":"Feature","properties":{"id":"189","metrics:area":1450,"metrics:perimeter":166.59642811429333},"geometry":{"type":"Polygon","coordinates":[[[73.7166173585802,16.19053541598683],[73.7160573424137,16.190351268423786],[73.71615204210637,16.190171073836105],[73.71661911134198,16.19026427686716],[73.7166173585802,16.19053541598683]]]},"id":"189"},{"type":"Feature","properties":{"id":"190","metrics:area":2050,"metrics:perimeter":186.70548092920544},"geometry":{"type":"Polygon","coordinates":[[[73.58062687470199,16.189761436664554],[73.58044305521865,16.189308314779403],[73.58100420543434,16.18931206057317],[73.58090809644908,16.18967293492084],[73.58062687470199,16.189761436664554]]]},"id":"190"},{"type":"Feature","properties":{"id":"191","metrics:area":31450,"metrics:perimeter":1036.7228801274262},"geometry":{"type":"Polygon","coordinates":[[[73.72287637694761,16.191748089210968],[73.72306925383783,16.190845413579307],[73.72381866600563,16.190669146327835],[73.72372687787562,16.190397445023084],[73.72316511023655,16.19048445556105],[73.72316627278354,16.190303695683617],[73.72494510394938,16.19004322030029],[73.72550338869087,16.19049848504581],[73.72494104070712,16.190675880312995],[73.7249387187734,16.191037400302932],[73.72540463505595,16.19131134448206],[73.72540289417218,16.191582484508615],[73.7240010810884,16.19139330877324],[73.72287637694761,16.191748089210968]]]},"id":"191"},{"type":"Feature","properties":{"id":"192","metrics:area":500,"metrics:perimeter":117.0820393249937},"geometry":{"type":"Polygon","coordinates":[[[73.57810687264862,16.18902156779075],[73.57773406832042,16.188838316674595],[73.57820169183168,16.18884144414076],[73.57810687264862,16.18902156779075]]]},"id":"192"},{"type":"Feature","properties":{"id":"193","metrics:area":6650,"metrics:perimeter":412.1029126930567},"geometry":{"type":"Polygon","coordinates":[[[73.61102722007759,16.189329551422958],[73.61093748762286,16.188786685586756],[73.61112580404172,16.188607155853767],[73.6117804856373,16.188611431165803],[73.61205916819374,16.188884390384896],[73.61205600922962,16.18933626963427],[73.6116825359983,16.18924345138994],[73.61159153776435,16.18888133735888],[73.61102722007759,16.189329551422958]]]},"id":"193"},{"type":"Feature","properties":{"id":"194","metrics:area":600,"metrics:perimeter":100},"geometry":{"type":"Polygon","coordinates":[[[73.60579356340824,16.188753018843546],[73.60579483265796,16.18857226761877],[73.60607540977357,16.188574107171345],[73.60607414077909,16.18875485841775],[73.60579356340824,16.188753018843546]]]},"id":"194"},{"type":"Feature","properties":{"id":"195","metrics:area":1100,"metrics:perimeter":153.44059704059384},"geometry":{"type":"Polygon","coordinates":[[[73.70399898390363,16.189193514006885],[73.70409428339285,16.188922946253697],[73.7045613420205,16.18901617516805],[73.70456075232991,16.189106554455417],[73.70399898390363,16.189193514006885]]]},"id":"195"},{"type":"Feature","properties":{"id":"196","metrics:area":1900,"metrics:perimeter":198.7535146989776},"geometry":{"type":"Polygon","coordinates":[[[73.70306132477872,16.18954932808303],[73.7030636863164,16.189187811159165],[73.70325310694129,16.188827435094318],[73.70343603466928,16.18946123052596],[73.70306132477872,16.18954932808303]]]},"id":"196"},{"type":"Feature","properties":{"id":"197","metrics:area":1650,"metrics:perimeter":174.17850021390794},"geometry":{"type":"Polygon","coordinates":[[[73.6274929026426,16.18871343436756],[73.62749540161819,16.188351928588318],[73.62805593594106,16.18844592648332],[73.62796116035862,16.188626075936362],[73.6274929026426,16.18871343436756]]]},"id":"197"},{"type":"Feature","properties":{"id":"198","metrics:area":2100,"metrics:perimeter":186.31376058369824},"geometry":{"type":"Polygon","coordinates":[[[73.58634093125063,16.188534198123243],[73.58634414856263,16.188082323827633],[73.58671889061863,16.187994435747974],[73.5868098423059,16.18835655685501],[73.58634093125063,16.188534198123243]]]},"id":"198"},{"type":"Feature","properties":{"id":"199","metrics:area":600,"metrics:perimeter":108.2842712474619},"geometry":{"type":"Polygon","coordinates":[[[73.70222250956607,16.18909229587815],[73.70222487256049,16.188730779059323],[73.7024119315551,16.188731920664292],[73.70241075023557,16.18891267908871],[73.70222250956607,16.18909229587815]]]},"id":"199"},{"type":"Feature","properties":{"id":"200","metrics:area":9900,"metrics:perimeter":510.28704300729913},"geometry":{"type":"Polygon","coordinates":[[[73.58493548175703,16.18888636570759],[73.58362806620309,16.18860652340052],[73.58372352501242,16.18833602211008],[73.58353776509534,16.18815402664196],[73.58419179299946,16.188248761537455],[73.58410020174979,16.187977014464195],[73.58466263751421,16.18780000071563],[73.58465941643531,16.188251874693865],[73.58493934644544,16.18834411689871],[73.58493548175703,16.18888636570759]]]},"id":"200"},{"type":"Feature","properties":{"id":"201","metrics:area":2550,"metrics:perimeter":242.42640687119285},"geometry":{"type":"Polygon","coordinates":[[[73.6249664333808,16.188877871938622],[73.62468585358714,16.188876057276055],[73.62469211374815,16.187972293886077],[73.6249708146419,16.188245237499242],[73.6249664333808,16.188877871938622]]]},"id":"201"},{"type":"Feature","properties":{"id":"202","metrics:area":4000,"metrics:perimeter":269.59161237083487},"geometry":{"type":"Polygon","coordinates":[[[73.58521798877737,16.188617108381273],[73.58484646583827,16.188253119668698],[73.58485033061027,16.18771087084852],[73.58541083352269,16.18780497948206],[73.58521798877737,16.188617108381273]]]},"id":"202"},{"type":"Feature","properties":{"id":"203","metrics:area":19450,"metrics:perimeter":1016.6562858897728},"geometry":{"type":"Polygon","coordinates":[[[73.7070801715172,16.19002571859032],[73.70689605424117,16.189572684179343],[73.70717840999114,16.189303252314524],[73.70661546406743,16.18957097754031],[73.70661310893716,16.18993249496075],[73.70633310720227,16.18984040856763],[73.7064289928286,16.18947946022498],[73.70624311070713,16.18929756341251],[73.7060542838208,16.189567563152096],[73.70568075292984,16.189474906747357],[73.70559252596239,16.188660923459764],[73.70578076337519,16.188481303427373],[73.70596369911074,16.189115097267326],[73.70615075874505,16.18911623560996],[73.70624723315416,16.188664907973543],[73.7066201741487,16.188847942661607],[73.70727547066926,16.188761544669653],[73.70736488146737,16.189394768986958],[73.70783253149943,16.189397611501697],[73.70792370879934,16.18975969749528],[73.7070801715172,16.19002571859032]]]},"id":"203"},{"type":"Feature","properties":{"id":"204","metrics:area":10550,"metrics:perimeter":526.0264796753452},"geometry":{"type":"Polygon","coordinates":[[[73.7231726665284,16.189309516301435],[73.72261264632272,16.18912538580034],[73.72270966529761,16.18858366805681],[73.72364496728345,16.18858928429716],[73.72364380530203,16.18877004423753],[73.72448499755693,16.18886547539665],[73.72429619469132,16.18913549316937],[73.72392323448405,16.188952488284734],[73.72392149184509,16.18922362821437],[73.7231726665284,16.189309516301435]]]},"id":"204"},{"type":"Feature","properties":{"id":"205","metrics:area":1050,"metrics:perimeter":137.6782893563237},"geometry":{"type":"Polygon","coordinates":[[[73.70521663950471,16.188929783629778],[73.70493663993916,16.188837695538457],[73.70493899795339,16.188476178321217],[73.70521840764931,16.188658645690246],[73.70521663950471,16.188929783629778]]]},"id":"205"}]}